{"type": "FeatureCollection", "crs": {"type": "name", "properties": {"name": "urn:ogc:def:crs:OGC:1.3:CRS84"}}, "properties": {"event": "HurricaneHelene-Oct24", "area": "old_fort", "model": "fusion:cmu-classifier + change-detection (OSM footprints)", "pre_image": {"date": "2022-01-07", "source": "Maxar Open Data", "catalog_id": null, "gsd": null, "url": null}, "post_image": {"date": "2024-10-05", "source": "Maxar Open Data", "catalog_id": null, "gsd": null, "url": null}, "generated": "2026-08-30T00:08:56+00:00", "schema_version": "1.1", "tile_size": 1024, "notes": "Damage class from the xView2 CMU baseline classifier (ResNet50-v1 + CNN head, trained on xBD); a per-building confidence tier is fused from that model's softmax margin and agreement with an independent change-detection pass. 'review'-tier buildings are routed to the human review queue. Footprints are OpenStreetMap.", "counts": {"0": 345, "1": 275, "2": 78, "3": 68}, "n_buildings": 766, "review": {"total_review": 199, "total_high": 567, "model_agreement_pct": 35.6}, "runtime_sec": 44.5}, "features": [{"type": "Feature", "geometry": {"type": "Polygon", "coordinates": [[[-82.1820505, 35.6290013], [-82.1816507, 35.6290164], [-82.181644, 35.6288995], [-82.1820439, 35.62888439999999], [-82.1820505, 35.6290013]]]}, "properties": {"id": "old_fort-000000", "damage_class": 0, "damage_label": "no-damage", "confidence": 0.85, "area_m2": 470.64, "centroid": [-82.181847, 35.62895], "confidence_tier": "high", "sources": {"heuristic": 1, "cnn": 0, "margin": 1.0}, "footprint_source": "osm"}}, {"type": "Feature", "geometry": {"type": "Polygon", "coordinates": [[[-82.1820694, 35.628954], [-82.1820682, 35.628929899999996], [-82.1821986, 35.6289258], [-82.1821998, 35.6289499], [-82.1820694, 35.628954]]]}, "properties": {"id": "old_fort-000001", "damage_class": 0, "damage_label": "no-damage", "confidence": 0.85, "area_m2": 31.62, "centroid": [-82.182134, 35.62894], "confidence_tier": "high", "sources": {"heuristic": 1, "cnn": 0, "margin": 1.0}, "footprint_source": "osm"}}, {"type": "Feature", "geometry": {"type": "Polygon", "coordinates": [[[-82.16169032079718, 35.64463885029456], [-82.1617406, 35.6446075], [-82.16177067476454, 35.64463807517685], [-82.16169032079718, 35.64463885029456]]]}, "properties": {"id": "old_fort-000002", "damage_class": 2, "damage_label": "major-damage", "confidence": 0.7, "area_m2": 12.47, "centroid": [-82.161734, 35.644628], "confidence_tier": "review", "sources": {"heuristic": 0, "cnn": 2, "margin": 1.0}, "footprint_source": "osm"}}, {"type": "Feature", "geometry": {"type": "Polygon", "coordinates": [[[-82.1610301, 35.64429809999999], [-82.1612249, 35.64417339999999], [-82.1612875, 35.6442381], [-82.161299, 35.6442308], [-82.1616929, 35.6446372], [-82.16136334510826, 35.64464200384397], [-82.1610301, 35.64429809999999]]]}, "properties": {"id": "old_fort-000003", "damage_class": 1, "damage_label": "minor-damage", "confidence": 0.85, "area_m2": 1358.25, "centroid": [-82.161338, 35.644436], "confidence_tier": "high", "sources": {"heuristic": 0, "cnn": 1, "margin": 1.0}, "footprint_source": "osm"}}, {"type": "Feature", "geometry": {"type": "Polygon", "coordinates": [[[-82.1620908, 35.64433840000001], [-82.161924, 35.6441673], [-82.1619624, 35.6441426], [-82.1617746, 35.6439501], [-82.1617499, 35.643966], [-82.1616766, 35.64389080000001], [-82.1618332, 35.643789999999996], [-82.1619009, 35.6438595], [-82.1618732, 35.6438774], [-82.1620652, 35.6440743], [-82.1621076, 35.64404700000001], [-82.1622756, 35.644219400000004], [-82.1620908, 35.64433840000001]]]}, "properties": {"id": "old_fort-000004", "damage_class": 0, "damage_label": "no-damage", "confidence": 1.0, "area_m2": 1035.34, "centroid": [-82.161986, 35.644078], "confidence_tier": "high", "sources": {"heuristic": 0, "cnn": 0, "margin": 1.0}, "footprint_source": "osm"}}, {"type": "Feature", "geometry": {"type": "Polygon", "coordinates": [[[-82.1624787, 35.6444958], [-82.1623618, 35.6443749], [-82.1624776, 35.64430099999999], [-82.16259440000002, 35.64442180000001], [-82.1624787, 35.6444958]]]}, "properties": {"id": "old_fort-000005", "damage_class": 0, "damage_label": "no-damage", "confidence": 1.0, "area_m2": 227.27, "centroid": [-82.162478, 35.644398], "confidence_tier": "high", "sources": {"heuristic": 0, "cnn": 0, "margin": 1.0}, "footprint_source": "osm"}}, {"type": "Feature", "geometry": {"type": "Polygon", "coordinates": [[[-82.1623425, 35.644598699999996], [-82.1622155, 35.64446869999999], [-82.16233080000002, 35.644394299999995], [-82.1624579, 35.6445243], [-82.1623425, 35.644598699999996]]]}, "properties": {"id": "old_fort-000006", "damage_class": 1, "damage_label": "minor-damage", "confidence": 0.85, "area_m2": 245.54, "centroid": [-82.162337, 35.644497], "confidence_tier": "high", "sources": {"heuristic": 0, "cnn": 1, "margin": 1.0}, "footprint_source": "osm"}}, {"type": "Feature", "geometry": {"type": "Polygon", "coordinates": [[[-82.1620768, 35.6445551], [-82.1621921, 35.6444807], [-82.1623192, 35.6446107], [-82.16228445847254, 35.6446331178025], [-82.16215430534359, 35.644634373825795], [-82.1620768, 35.6445551]]]}, "properties": {"id": "old_fort-000007", "damage_class": 1, "damage_label": "minor-damage", "confidence": 0.85, "area_m2": 212.04, "centroid": [-82.162195, 35.644572], "confidence_tier": "high", "sources": {"heuristic": 0, "cnn": 1, "margin": 1.0}, "footprint_source": "osm"}}, {"type": "Feature", "geometry": {"type": "Polygon", "coordinates": [[[-82.1608903, 35.643636199999996], [-82.1608241, 35.64356910000001], [-82.1609529, 35.64348519999999], [-82.1610191, 35.643552299999996], [-82.1608903, 35.643636199999996]]]}, "properties": {"id": "old_fort-000008", "damage_class": 0, "damage_label": "no-damage", "confidence": 1.0, "area_m2": 142.58, "centroid": [-82.160922, 35.643561], "confidence_tier": "high", "sources": {"heuristic": 0, "cnn": 0, "margin": 1.0}, "footprint_source": "osm"}}, {"type": "Feature", "geometry": {"type": "Polygon", "coordinates": [[[-82.1623994, 35.6432525], [-82.1623706, 35.643222300000005], [-82.1625525, 35.6431078], [-82.1625812, 35.64313799999999], [-82.1623994, 35.6432525]]]}, "properties": {"id": "old_fort-000009", "damage_class": 0, "damage_label": "no-damage", "confidence": 0.85, "area_m2": 88.22, "centroid": [-82.162476, 35.64318], "confidence_tier": "high", "sources": {"heuristic": 1, "cnn": 0, "margin": 1.0}, "footprint_source": "osm"}}, {"type": "Feature", "geometry": {"type": "Polygon", "coordinates": [[[-82.1627396, 35.6429957], [-82.1627115, 35.642965999999994], [-82.1629034, 35.6428464], [-82.1629314, 35.6428761], [-82.1627396, 35.6429957]]]}, "properties": {"id": "old_fort-000010", "damage_class": 0, "damage_label": "no-damage", "confidence": 0.7, "area_m2": 90.92, "centroid": [-82.162821, 35.642921], "confidence_tier": "review", "sources": {"heuristic": 2, "cnn": 0, "margin": 1.0}, "footprint_source": "osm"}}, {"type": "Feature", "geometry": {"type": "Polygon", "coordinates": [[[-82.162803, 35.643086199999985], [-82.1627758, 35.643055200000006], [-82.1629857, 35.64293339999998], [-82.1630129, 35.6429644], [-82.162803, 35.643086199999985]]]}, "properties": {"id": "old_fort-000011", "damage_class": 0, "damage_label": "no-damage", "confidence": 0.7, "area_m2": 98.63, "centroid": [-82.162894, 35.64301], "confidence_tier": "review", "sources": {"heuristic": 2, "cnn": 0, "margin": 1.0}, "footprint_source": "osm"}}, {"type": "Feature", "geometry": {"type": "Polygon", "coordinates": [[[-82.1628627, 35.64318029999999], [-82.1628391, 35.6431479], [-82.1630315, 35.6430554], [-82.1630551, 35.6430878], [-82.1628627, 35.64318029999999]]]}, "properties": {"id": "old_fort-000012", "damage_class": 0, "damage_label": "no-damage", "confidence": 0.7, "area_m2": 84.53, "centroid": [-82.162947, 35.643118], "confidence_tier": "review", "sources": {"heuristic": 2, "cnn": 0, "margin": 1.0}, "footprint_source": "osm"}}, {"type": "Feature", "geometry": {"type": "Polygon", "coordinates": [[[-82.1624497, 35.643350199999986], [-82.1624205, 35.6433167], [-82.1626199, 35.6432017], [-82.1626491, 35.6432352], [-82.1624497, 35.643350199999986]]]}, "properties": {"id": "old_fort-000013", "damage_class": 0, "damage_label": "no-damage", "confidence": 0.7, "area_m2": 100.82, "centroid": [-82.162535, 35.643276], "confidence_tier": "review", "sources": {"heuristic": 2, "cnn": 0, "margin": 1.0}, "footprint_source": "osm"}}, {"type": "Feature", "geometry": {"type": "Polygon", "coordinates": [[[-82.1624981, 35.6434173], [-82.1627039, 35.64329570000001], [-82.1627289, 35.64332370000001], [-82.1625232, 35.6434453], [-82.1624981, 35.6434173]]]}, "properties": {"id": "old_fort-000014", "damage_class": 0, "damage_label": "no-damage", "confidence": 0.7, "area_m2": 88.45, "centroid": [-82.162614, 35.643371], "confidence_tier": "review", "sources": {"heuristic": 2, "cnn": 0, "margin": 1.0}, "footprint_source": "osm"}}, {"type": "Feature", "geometry": {"type": "Polygon", "coordinates": [[[-82.1629761, 35.64324349999998], [-82.1629537, 35.64321009999999], [-82.1630957, 35.64314709999999], [-82.1631181, 35.6431805], [-82.1629761, 35.64324349999998]]]}, "properties": {"id": "old_fort-000015", "damage_class": 0, "damage_label": "no-damage", "confidence": 0.7, "area_m2": 61.81, "centroid": [-82.163036, 35.643195], "confidence_tier": "review", "sources": {"heuristic": 2, "cnn": 0, "margin": 1.0}, "footprint_source": "osm"}}, {"type": "Feature", "geometry": {"type": "Polygon", "coordinates": [[[-82.16302720000002, 35.64334759999999], [-82.1630029, 35.6433129], [-82.1631677, 35.6432366], [-82.163192, 35.6432714], [-82.16302720000002, 35.64334759999999]]]}, "properties": {"id": "old_fort-000016", "damage_class": 0, "damage_label": "no-damage", "confidence": 0.85, "area_m2": 76.13, "centroid": [-82.163097, 35.643292], "confidence_tier": "high", "sources": {"heuristic": 1, "cnn": 0, "margin": 1.0}, "footprint_source": "osm"}}, {"type": "Feature", "geometry": {"type": "Polygon", "coordinates": [[[-82.163055, 35.64342], [-82.1632395, 35.643328200000006], [-82.1632649, 35.643361799999994], [-82.1630803, 35.6434537], [-82.163055, 35.64342]]]}, "properties": {"id": "old_fort-000017", "damage_class": 0, "damage_label": "no-damage", "confidence": 0.85, "area_m2": 85.76, "centroid": [-82.16316, 35.643391], "confidence_tier": "high", "sources": {"heuristic": 1, "cnn": 0, "margin": 1.0}, "footprint_source": "osm"}}, {"type": "Feature", "geometry": {"type": "Polygon", "coordinates": [[[-82.1625824, 35.64353599999999], [-82.1625569, 35.643505299999994], [-82.16277160000001, 35.6433876], [-82.1627971, 35.6434184], [-82.1625824, 35.64353599999999]]]}, "properties": {"id": "old_fort-000018", "damage_class": 0, "damage_label": "no-damage", "confidence": 0.7, "area_m2": 96.44, "centroid": [-82.162677, 35.643462], "confidence_tier": "review", "sources": {"heuristic": 2, "cnn": 0, "margin": 1.0}, "footprint_source": "osm"}}, {"type": "Feature", "geometry": {"type": "Polygon", "coordinates": [[[-82.1628093, 35.64381819999999], [-82.1627804, 35.6437885], [-82.1629332, 35.64369040000001], [-82.16296210000002, 35.643720200000004], [-82.1628093, 35.64381819999999]]]}, "properties": {"id": "old_fort-000019", "damage_class": 0, "damage_label": "no-damage", "confidence": 0.85, "area_m2": 74.11, "centroid": [-82.162871, 35.643754], "confidence_tier": "high", "sources": {"heuristic": 1, "cnn": 0, "margin": 1.0}, "footprint_source": "osm"}}, {"type": "Feature", "geometry": {"type": "Polygon", "coordinates": [[[-82.1631826, 35.643655200000005], [-82.1631571, 35.64362289999999], [-82.1633465, 35.6435242], [-82.163372, 35.6435565], [-82.1631826, 35.643655200000005]]]}, "properties": {"id": "old_fort-000020", "damage_class": 0, "damage_label": "no-damage", "confidence": 0.7, "area_m2": 86.72, "centroid": [-82.163265, 35.64359], "confidence_tier": "review", "sources": {"heuristic": 2, "cnn": 0, "margin": 1.0}, "footprint_source": "osm"}}, {"type": "Feature", "geometry": {"type": "Polygon", "coordinates": [[[-82.16322690000001, 35.64371599999999], [-82.1634178, 35.6436123], [-82.1634454, 35.64364580000001], [-82.1632545, 35.6437496], [-82.16322690000001, 35.64371599999999]]]}, "properties": {"id": "old_fort-000021", "damage_class": 0, "damage_label": "no-damage", "confidence": 0.7, "area_m2": 93.08, "centroid": [-82.163336, 35.643681], "confidence_tier": "review", "sources": {"heuristic": 3, "cnn": 0, "margin": 1.0}, "footprint_source": "osm"}}, {"type": "Feature", "geometry": {"type": "Polygon", "coordinates": [[[-82.1632847, 35.64382159999999], [-82.1634878, 35.643713299999995], [-82.1635133, 35.6437449], [-82.1633102, 35.6438532], [-82.1632847, 35.64382159999999]]]}, "properties": {"id": "old_fort-000022", "damage_class": 0, "damage_label": "no-damage", "confidence": 0.7, "area_m2": 92.19, "centroid": [-82.163399, 35.643783], "confidence_tier": "review", "sources": {"heuristic": 3, "cnn": 0, "margin": 1.0}, "footprint_source": "osm"}}, {"type": "Feature", "geometry": {"type": "Polygon", "coordinates": [[[-82.1628521, 35.64393019999999], [-82.1628227, 35.64389920000001], [-82.163027, 35.64377139999999], [-82.1630563, 35.64380239999999], [-82.1628521, 35.64393019999999]]]}, "properties": {"id": "old_fort-000023", "damage_class": 0, "damage_label": "no-damage", "confidence": 0.7, "area_m2": 101.26, "centroid": [-82.16294, 35.643851], "confidence_tier": "review", "sources": {"heuristic": 2, "cnn": 0, "margin": 1.0}, "footprint_source": "osm"}}, {"type": "Feature", "geometry": {"type": "Polygon", "coordinates": [[[-82.1629057, 35.6440039], [-82.16308, 35.64388670000001], [-82.16311360000002, 35.6439197], [-82.1629393, 35.644036899999996], [-82.1629057, 35.6440039]]]}, "properties": {"id": "old_fort-000024", "damage_class": 0, "damage_label": "no-damage", "confidence": 0.7, "area_m2": 97.32, "centroid": [-82.16301, 35.643962], "confidence_tier": "review", "sources": {"heuristic": 3, "cnn": 0, "margin": 1.0}, "footprint_source": "osm"}}, {"type": "Feature", "geometry": {"type": "Polygon", "coordinates": [[[-82.1630008, 35.6440749], [-82.1631119, 35.6439929], [-82.1631424, 35.64402020000001], [-82.1630313, 35.6441022], [-82.1630008, 35.6440749]]]}, "properties": {"id": "old_fort-000025", "damage_class": 0, "damage_label": "no-damage", "confidence": 0.7, "area_m2": 55.58, "centroid": [-82.163072, 35.644048], "confidence_tier": "review", "sources": {"heuristic": 3, "cnn": 0, "margin": 1.0}, "footprint_source": "osm"}}, {"type": "Feature", "geometry": {"type": "Polygon", "coordinates": [[[-82.163273, 35.644509600000006], [-82.1633549, 35.644305700000004], [-82.1634012, 35.644317900000004], [-82.1633192, 35.6445219], [-82.163273, 35.644509600000006]]]}, "properties": {"id": "old_fort-000026", "damage_class": 2, "damage_label": "major-damage", "confidence": 0.85, "area_m2": 104.82, "centroid": [-82.163337, 35.644414], "confidence_tier": "high", "sources": {"heuristic": 1, "cnn": 2, "margin": 1.0}, "footprint_source": "osm"}}, {"type": "Feature", "geometry": {"type": "Polygon", "coordinates": [[[-82.1631233, 35.64431600000001], [-82.1631682, 35.6442115], [-82.1632571, 35.644236699999986], [-82.1632123, 35.64434119999999], [-82.1631233, 35.64431600000001]]]}, "properties": {"id": "old_fort-000027", "damage_class": 2, "damage_label": "major-damage", "confidence": 0.7, "area_m2": 104.71, "centroid": [-82.16319, 35.644276], "confidence_tier": "review", "sources": {"heuristic": 0, "cnn": 2, "margin": 1.0}, "footprint_source": "osm"}}, {"type": "Feature", "geometry": {"type": "Polygon", "coordinates": [[[-82.1633737, 35.644604799999996], [-82.1635095, 35.6444363], [-82.1635481, 35.644456800000015], [-82.16341469645701, 35.64462220469485], [-82.1633737, 35.644604799999996]]]}, "properties": {"id": "old_fort-000028", "damage_class": 2, "damage_label": "major-damage", "confidence": 0.7, "area_m2": 93.08, "centroid": [-82.163461, 35.64453], "confidence_tier": "review", "sources": {"heuristic": 0, "cnn": 2, "margin": 1.0}, "footprint_source": "osm"}}, {"type": "Feature", "geometry": {"type": "Polygon", "coordinates": [[[-82.1633193, 35.6432192], [-82.1631042, 35.6429462], [-82.1632436, 35.6428737], [-82.1634587, 35.6431466], [-82.1633193, 35.6432192]]]}, "properties": {"id": "old_fort-000029", "damage_class": 0, "damage_label": "no-damage", "confidence": 0.85, "area_m2": 538.88, "centroid": [-82.163281, 35.643046], "confidence_tier": "high", "sources": {"heuristic": 1, "cnn": 0, "margin": 1.0}, "footprint_source": "osm"}}, {"type": "Feature", "geometry": {"type": "Polygon", "coordinates": [[[-82.1635168, 35.64280320000001], [-82.1636724, 35.6427], [-82.163756, 35.6427832], [-82.1636004, 35.6428864], [-82.1635168, 35.64280320000001]]]}, "properties": {"id": "old_fort-000030", "damage_class": 0, "damage_label": "no-damage", "confidence": 0.85, "area_m2": 216.67, "centroid": [-82.163636, 35.642793], "confidence_tier": "high", "sources": {"heuristic": 1, "cnn": 0, "margin": 1.0}, "footprint_source": "osm"}}, {"type": "Feature", "geometry": {"type": "Polygon", "coordinates": [[[-82.1637609, 35.642450800000006], [-82.1636561, 35.6423607], [-82.1638234, 35.642232100000015], [-82.1639282, 35.64232229999999], [-82.1637609, 35.642450800000006]]]}, "properties": {"id": "old_fort-000031", "damage_class": 1, "damage_label": "minor-damage", "confidence": 1.0, "area_m2": 286.79, "centroid": [-82.163792, 35.642341], "confidence_tier": "high", "sources": {"heuristic": 1, "cnn": 1, "margin": 1.0}, "footprint_source": "osm"}}, {"type": "Feature", "geometry": {"type": "Polygon", "coordinates": [[[-82.1635344, 35.6424706], [-82.1634853, 35.642423400000006], [-82.1635904, 35.64235120000001], [-82.1636395, 35.64239839999999], [-82.1635344, 35.6424706]]]}, "properties": {"id": "old_fort-000032", "damage_class": 0, "damage_label": "no-damage", "confidence": 0.7, "area_m2": 85.43, "centroid": [-82.163562, 35.642411], "confidence_tier": "review", "sources": {"heuristic": 2, "cnn": 0, "margin": 1.0}, "footprint_source": "osm"}}, {"type": "Feature", "geometry": {"type": "Polygon", "coordinates": [[[-82.1640262, 35.64226320000001], [-82.16399, 35.64223300000001], [-82.1640157, 35.64221259999999], [-82.163964, 35.64216950000001], [-82.1640277, 35.642119], [-82.1641157, 35.64219229999999], [-82.1640262, 35.64226320000001]]]}, "properties": {"id": "old_fort-000033", "damage_class": 1, "damage_label": "minor-damage", "confidence": 0.85, "area_m2": 106.77, "centroid": [-82.164037, 35.642189], "confidence_tier": "high", "sources": {"heuristic": 0, "cnn": 1, "margin": 1.0}, "footprint_source": "osm"}}, {"type": "Feature", "geometry": {"type": "Polygon", "coordinates": [[[-82.1783414, 35.6302795], [-82.17821810000001, 35.630117000000006], [-82.1783907, 35.630030399999995], [-82.178514, 35.6301929], [-82.1783414, 35.6302795]]]}, "properties": {"id": "old_fort-000034", "damage_class": 0, "damage_label": "no-damage", "confidence": 1.0, "area_m2": 389.0, "centroid": [-82.178366, 35.630155], "confidence_tier": "high", "sources": {"heuristic": 0, "cnn": 0, "margin": 1.0}, "footprint_source": "osm"}}, {"type": "Feature", "geometry": {"type": "Polygon", "coordinates": [[[-82.17587090000002, 35.63491470000001], [-82.175828, 35.6349213], [-82.1757925, 35.6347698], [-82.1758354, 35.63476320000001], [-82.1758441, 35.6348005], [-82.1758808, 35.6347948], [-82.1758877, 35.6348243], [-82.1758511, 35.63483000000001], [-82.17587090000002, 35.63491470000001]]]}, "properties": {"id": "old_fort-000035", "damage_class": 3, "damage_label": "destroyed", "confidence": 0.6996, "area_m2": 78.91, "centroid": [-82.175837, 35.634838], "confidence_tier": "review", "sources": {"heuristic": 0, "cnn": 3, "margin": 0.9989}, "footprint_source": "osm"}}, {"type": "Feature", "geometry": {"type": "Polygon", "coordinates": [[[-82.1760818, 35.6350343], [-82.175878, 35.6350676], [-82.1758702, 35.6350363], [-82.1760741, 35.6350031], [-82.1760818, 35.6350343]]]}, "properties": {"id": "old_fort-000036", "damage_class": 1, "damage_label": "minor-damage", "confidence": 0.85, "area_m2": 66.58, "centroid": [-82.175976, 35.635035], "confidence_tier": "high", "sources": {"heuristic": 0, "cnn": 1, "margin": 1.0}, "footprint_source": "osm"}}, {"type": "Feature", "geometry": {"type": "Polygon", "coordinates": [[[-82.1756845, 35.6351237], [-82.1755882, 35.6351445], [-82.1755748, 35.6351032], [-82.175562, 35.63510599999999], [-82.1755307, 35.6350101], [-82.1756393, 35.63498669999999], [-82.1756609, 35.635053199999994], [-82.1756837, 35.635048299999994], [-82.1756947, 35.635082], [-82.1756724, 35.635086799999996], [-82.1756845, 35.6351237]]]}, "properties": {"id": "old_fort-000037", "damage_class": 1, "damage_label": "minor-damage", "confidence": 1.0, "area_m2": 162.79, "centroid": [-82.175612, 35.635065], "confidence_tier": "high", "sources": {"heuristic": 1, "cnn": 1, "margin": 1.0}, "footprint_source": "osm"}}, {"type": "Feature", "geometry": {"type": "Polygon", "coordinates": [[[-82.1755111, 35.6348494], [-82.1754796, 35.6346979], [-82.1755765, 35.6346845], [-82.1756081, 35.63483599999999], [-82.1755111, 35.6348494]]]}, "properties": {"id": "old_fort-000038", "damage_class": 1, "damage_label": "minor-damage", "confidence": 1.0, "area_m2": 151.78, "centroid": [-82.175544, 35.634767], "confidence_tier": "high", "sources": {"heuristic": 1, "cnn": 1, "margin": 1.0}, "footprint_source": "osm"}}, {"type": "Feature", "geometry": {"type": "Polygon", "coordinates": [[[-82.1754058, 35.63388930000001], [-82.1755221, 35.63388930000001], [-82.175517, 35.63401300000002], [-82.1754223, 35.6340105], [-82.1754252, 35.633940599999995], [-82.1754037, 35.63393999999999], [-82.1754058, 35.63388930000001]]]}, "properties": {"id": "old_fort-000039", "damage_class": 0, "damage_label": "no-damage", "confidence": 0.85, "area_m2": 128.78, "centroid": [-82.175467, 35.633947], "confidence_tier": "high", "sources": {"heuristic": 1, "cnn": 0, "margin": 1.0}, "footprint_source": "osm"}}, {"type": "Feature", "geometry": {"type": "Polygon", "coordinates": [[[-82.1748498, 35.63368049999999], [-82.1748223, 35.63353819999998], [-82.1749103, 35.633526999999994], [-82.1749378, 35.6336692], [-82.1748498, 35.63368049999999]]]}, "properties": {"id": "old_fort-000040", "damage_class": 0, "damage_label": "no-damage", "confidence": 1.0, "area_m2": 128.85, "centroid": [-82.17488, 35.633604], "confidence_tier": "high", "sources": {"heuristic": 0, "cnn": 0, "margin": 1.0}, "footprint_source": "osm"}}, {"type": "Feature", "geometry": {"type": "Polygon", "coordinates": [[[-82.1748919, 35.63389209999999], [-82.1748638, 35.633749299999984], [-82.1749512, 35.6337379], [-82.1749794, 35.63388069999999], [-82.1748919, 35.63389209999999]]]}, "properties": {"id": "old_fort-000041", "damage_class": 0, "damage_label": "no-damage", "confidence": 1.0, "area_m2": 128.66, "centroid": [-82.174922, 35.633815], "confidence_tier": "high", "sources": {"heuristic": 0, "cnn": 0, "margin": 1.0}, "footprint_source": "osm"}}, {"type": "Feature", "geometry": {"type": "Polygon", "coordinates": [[[-82.1749326, 35.6341008], [-82.1749038, 35.633955799999995], [-82.1749901, 35.63394439999999], [-82.175019, 35.6340894], [-82.1749326, 35.6341008]]]}, "properties": {"id": "old_fort-000042", "damage_class": 0, "damage_label": "no-damage", "confidence": 0.85, "area_m2": 129.07, "centroid": [-82.174961, 35.634023], "confidence_tier": "high", "sources": {"heuristic": 1, "cnn": 0, "margin": 1.0}, "footprint_source": "osm"}}, {"type": "Feature", "geometry": {"type": "Polygon", "coordinates": [[[-82.1749731, 35.634311], [-82.1749443, 35.634167100000006], [-82.175029, 35.634155899999996], [-82.1750579, 35.6342998], [-82.1749731, 35.634311]]]}, "properties": {"id": "old_fort-000043", "damage_class": 0, "damage_label": "no-damage", "confidence": 1.0, "area_m2": 125.75, "centroid": [-82.175001, 35.634233], "confidence_tier": "high", "sources": {"heuristic": 0, "cnn": 0, "margin": 1.0}, "footprint_source": "osm"}}, {"type": "Feature", "geometry": {"type": "Polygon", "coordinates": [[[-82.1750781, 35.6344186], [-82.1750863, 35.6344573], [-82.1750983, 35.6344557], [-82.1751044, 35.63448459999999], [-82.1750923, 35.63448629999999], [-82.1750972, 35.634508999999994], [-82.1750109, 35.63452109999999], [-82.1749805, 35.6343772], [-82.1750669, 35.6343651], [-82.17507200000001, 35.6343889], [-82.1750855, 35.63438699999999], [-82.1750917, 35.634416699999996], [-82.1750781, 35.6344186]]]}, "properties": {"id": "old_fort-000044", "damage_class": 0, "damage_label": "no-damage", "confidence": 0.85, "area_m2": 136.23, "centroid": [-82.175042, 35.634443], "confidence_tier": "high", "sources": {"heuristic": 1, "cnn": 0, "margin": 1.0}, "footprint_source": "osm"}}, {"type": "Feature", "geometry": {"type": "Polygon", "coordinates": [[[-82.1751197, 35.6346279], [-82.1751279, 35.634666599999996], [-82.1751398, 35.6346649], [-82.1751459, 35.63469389999999], [-82.17513390000002, 35.6346955], [-82.1751387, 35.63471829999999], [-82.1750524, 35.6347303], [-82.175022, 35.63458649999998], [-82.1751085, 35.634574399999984], [-82.1751135, 35.634598100000005], [-82.175127, 35.63459629999999], [-82.1751333, 35.634626], [-82.1751197, 35.6346279]]]}, "properties": {"id": "old_fort-000045", "damage_class": 0, "damage_label": "no-damage", "confidence": 0.85, "area_m2": 136.26, "centroid": [-82.175083, 35.634652], "confidence_tier": "high", "sources": {"heuristic": 1, "cnn": 0, "margin": 1.0}, "footprint_source": "osm"}}, {"type": "Feature", "geometry": {"type": "Polygon", "coordinates": [[[-82.1750937, 35.63494479999999], [-82.1750655, 35.6347977], [-82.1751501, 35.634787], [-82.1751782, 35.6349341], [-82.1750937, 35.63494479999999]]]}, "properties": {"id": "old_fort-000046", "damage_class": 0, "damage_label": "no-damage", "confidence": 1.0, "area_m2": 127.95, "centroid": [-82.175122, 35.634866], "confidence_tier": "high", "sources": {"heuristic": 0, "cnn": 0, "margin": 1.0}, "footprint_source": "osm"}}, {"type": "Feature", "geometry": {"type": "Polygon", "coordinates": [[[-82.1763765, 35.63545129999999], [-82.176384, 35.63549629999999], [-82.1763095, 35.63550440000001], [-82.1763021, 35.6354595], [-82.1763765, 35.63545129999999]]]}, "properties": {"id": "old_fort-000047", "damage_class": 0, "damage_label": "no-damage", "confidence": 0.7, "area_m2": 34.22, "centroid": [-82.176343, 35.635478], "confidence_tier": "review", "sources": {"heuristic": 2, "cnn": 0, "margin": 1.0}, "footprint_source": "osm"}}, {"type": "Feature", "geometry": {"type": "Polygon", "coordinates": [[[-82.176058, 35.63545], [-82.1760597, 35.6353473], [-82.1761552, 35.6353483], [-82.1761535, 35.63545109999999], [-82.176058, 35.63545]]]}, "properties": {"id": "old_fort-000048", "damage_class": 0, "damage_label": "no-damage", "confidence": 0.85, "area_m2": 98.58, "centroid": [-82.176107, 35.635399], "confidence_tier": "high", "sources": {"heuristic": 1, "cnn": 0, "margin": 1.0}, "footprint_source": "osm"}}, {"type": "Feature", "geometry": {"type": "Polygon", "coordinates": [[[-82.1761827, 35.63536990000001], [-82.1761829, 35.63534529999999], [-82.1762376, 35.635345599999994], [-82.17623740000002, 35.63537010000001], [-82.1761827, 35.63536990000001]]]}, "properties": {"id": "old_fort-000049", "damage_class": 2, "damage_label": "major-damage", "confidence": 0.7, "area_m2": 13.49, "centroid": [-82.17621, 35.635358], "confidence_tier": "review", "sources": {"heuristic": 0, "cnn": 2, "margin": 1.0}, "footprint_source": "osm"}}, {"type": "Feature", "geometry": {"type": "Polygon", "coordinates": [[[-82.1764677, 35.6361568], [-82.1764316, 35.6362315], [-82.176282, 35.6361837], [-82.1762745, 35.636199299999994], [-82.1762034, 35.636176600000006], [-82.176211, 35.63616089999999], [-82.1761472, 35.6361406], [-82.1761833, 35.6360658], [-82.1762574, 35.6360895], [-82.1762672, 35.636069299999996], [-82.1764151, 35.636116400000006], [-82.1764053, 35.6361369], [-82.1764677, 35.6361568]]]}, "properties": {"id": "old_fort-000050", "damage_class": 1, "damage_label": "minor-damage", "confidence": 0.85, "area_m2": 294.18, "centroid": [-82.176308, 35.636145], "confidence_tier": "high", "sources": {"heuristic": 0, "cnn": 1, "margin": 1.0}, "footprint_source": "osm"}}, {"type": "Feature", "geometry": {"type": "Polygon", "coordinates": [[[-82.1764755, 35.635968000000005], [-82.176447, 35.635881299999994], [-82.1765123, 35.635867199999986], [-82.1765408, 35.635953799999996], [-82.1764755, 35.635968000000005]]]}, "properties": {"id": "old_fort-000051", "damage_class": 3, "damage_label": "destroyed", "confidence": 0.7, "area_m2": 60.88, "centroid": [-82.176494, 35.635918], "confidence_tier": "review", "sources": {"heuristic": 0, "cnn": 3, "margin": 1.0}, "footprint_source": "osm"}}, {"type": "Feature", "geometry": {"type": "Polygon", "coordinates": [[[-82.1764805, 35.635812200000004], [-82.1764155, 35.6358285], [-82.1763993, 35.635785999999996], [-82.1764643, 35.6357696], [-82.1764805, 35.635812200000004]]]}, "properties": {"id": "old_fort-000052", "damage_class": 1, "damage_label": "minor-damage", "confidence": 0.7, "area_m2": 30.44, "centroid": [-82.17644, 35.635799], "confidence_tier": "review", "sources": {"heuristic": 3, "cnn": 1, "margin": 1.0}, "footprint_source": "osm"}}, {"type": "Feature", "geometry": {"type": "Polygon", "coordinates": [[[-82.1764547, 35.63574590000001], [-82.1764333, 35.6357209], [-82.176457, 35.63570749999999], [-82.1764784, 35.6357325], [-82.1764547, 35.63574590000001]]]}, "properties": {"id": "old_fort-000053", "damage_class": 0, "damage_label": "no-damage", "confidence": 0.7, "area_m2": 8.83, "centroid": [-82.176456, 35.635727], "confidence_tier": "review", "sources": {"heuristic": 2, "cnn": 0, "margin": 1.0}, "footprint_source": "osm"}}, {"type": "Feature", "geometry": {"type": "Polygon", "coordinates": [[[-82.1764468, 35.635686299999996], [-82.1763449, 35.63554890000001], [-82.1763805, 35.635531400000005], [-82.1764825, 35.6356688], [-82.1764468, 35.635686299999996]]]}, "properties": {"id": "old_fort-000054", "damage_class": 0, "damage_label": "no-damage", "confidence": 0.85, "area_m2": 67.12, "centroid": [-82.176414, 35.635609], "confidence_tier": "high", "sources": {"heuristic": 1, "cnn": 0, "margin": 1.0}, "footprint_source": "osm"}}, {"type": "Feature", "geometry": {"type": "Polygon", "coordinates": [[[-82.1761069, 35.6357522], [-82.1760971, 35.63572920000001], [-82.1762795, 35.6356774], [-82.1762893, 35.635700400000005], [-82.1761069, 35.6357522]]]}, "properties": {"id": "old_fort-000055", "damage_class": 0, "damage_label": "no-damage", "confidence": 1.0, "area_m2": 47.24, "centroid": [-82.176193, 35.635715], "confidence_tier": "high", "sources": {"heuristic": 0, "cnn": 0, "margin": 1.0}, "footprint_source": "osm"}}, {"type": "Feature", "geometry": {"type": "Polygon", "coordinates": [[[-82.1756604, 35.6357598], [-82.1756574, 35.63568269999999], [-82.1759169, 35.63567609999999], [-82.17591990000001, 35.63575329999998], [-82.1756604, 35.6357598]]]}, "properties": {"id": "old_fort-000056", "damage_class": 2, "damage_label": "major-damage", "confidence": 0.7, "area_m2": 201.29, "centroid": [-82.175789, 35.635718], "confidence_tier": "review", "sources": {"heuristic": 0, "cnn": 2, "margin": 1.0}, "footprint_source": "osm"}}, {"type": "Feature", "geometry": {"type": "Polygon", "coordinates": [[[-82.1756909, 35.63605110000001], [-82.1756885, 35.6360121], [-82.1757163, 35.636011], [-82.1757187, 35.636050000000004], [-82.1756909, 35.63605110000001]]]}, "properties": {"id": "old_fort-000057", "damage_class": 1, "damage_label": "minor-damage", "confidence": 1.0, "area_m2": 10.92, "centroid": [-82.175704, 35.636031], "confidence_tier": "review", "sources": {"heuristic": 1, "cnn": 1, "margin": 1.0}, "footprint_source": "osm"}}, {"type": "Feature", "geometry": {"type": "Polygon", "coordinates": [[[-82.17559160000002, 35.636095600000004], [-82.1755852, 35.6359896], [-82.1756848, 35.635985700000006], [-82.1756912, 35.6360917], [-82.17559160000002, 35.636095600000004]]]}, "properties": {"id": "old_fort-000058", "damage_class": 0, "damage_label": "no-damage", "confidence": 1.0, "area_m2": 106.3, "centroid": [-82.175638, 35.636041], "confidence_tier": "high", "sources": {"heuristic": 0, "cnn": 0, "margin": 1.0}, "footprint_source": "osm"}}, {"type": "Feature", "geometry": {"type": "Polygon", "coordinates": [[[-82.1760005, 35.6360849], [-82.1759324, 35.63608599999999], [-82.1759313, 35.6360391], [-82.1759993, 35.636038000000006], [-82.1760005, 35.6360849]]]}, "properties": {"id": "old_fort-000059", "damage_class": 1, "damage_label": "minor-damage", "confidence": 0.85, "area_m2": 32.07, "centroid": [-82.175966, 35.636062], "confidence_tier": "high", "sources": {"heuristic": 2, "cnn": 1, "margin": 1.0}, "footprint_source": "osm"}}, {"type": "Feature", "geometry": {"type": "Polygon", "coordinates": [[[-82.1753796, 35.63595959999999], [-82.1751889, 35.6359451], [-82.1751926, 35.6359121], [-82.1753834, 35.635926600000005], [-82.1753796, 35.63595959999999]]]}, "properties": {"id": "old_fort-000060", "damage_class": 1, "damage_label": "minor-damage", "confidence": 0.7, "area_m2": 63.77, "centroid": [-82.175286, 35.635936], "confidence_tier": "review", "sources": {"heuristic": 3, "cnn": 1, "margin": 1.0}, "footprint_source": "osm"}}, {"type": "Feature", "geometry": {"type": "Polygon", "coordinates": [[[-82.1747924, 35.635626], [-82.1747408, 35.63564559999999], [-82.1747202, 35.63560989999999], [-82.1747719, 35.63559029999999], [-82.1747924, 35.635626]]]}, "properties": {"id": "old_fort-000061", "damage_class": 0, "damage_label": "no-damage", "confidence": 1.0, "area_m2": 22.57, "centroid": [-82.174756, 35.635618], "confidence_tier": "high", "sources": {"heuristic": 0, "cnn": 0, "margin": 1.0}, "footprint_source": "osm"}}, {"type": "Feature", "geometry": {"type": "Polygon", "coordinates": [[[-82.17464040000002, 35.63574059999999], [-82.174621, 35.6357063], [-82.1746498, 35.63569549999999], [-82.1746693, 35.63572979999999], [-82.17464040000002, 35.63574059999999]]]}, "properties": {"id": "old_fort-000062", "damage_class": 0, "damage_label": "no-damage", "confidence": 1.0, "area_m2": 12.05, "centroid": [-82.174645, 35.635718], "confidence_tier": "high", "sources": {"heuristic": 0, "cnn": 0, "margin": 1.0}, "footprint_source": "osm"}}, {"type": "Feature", "geometry": {"type": "Polygon", "coordinates": [[[-82.1746941, 35.6357652], [-82.1746497, 35.63568379999999], [-82.1747965, 35.6356309], [-82.1748409, 35.6357124], [-82.1746941, 35.6357652]]]}, "properties": {"id": "old_fort-000063", "damage_class": 0, "damage_label": "no-damage", "confidence": 1.0, "area_m2": 143.67, "centroid": [-82.174745, 35.635698], "confidence_tier": "high", "sources": {"heuristic": 0, "cnn": 0, "margin": 1.0}, "footprint_source": "osm"}}, {"type": "Feature", "geometry": {"type": "Polygon", "coordinates": [[[-82.1748046, 35.63563409999999], [-82.1747798, 35.63559109999999], [-82.1748376, 35.635569099999984], [-82.1748624, 35.6356121], [-82.1748046, 35.63563409999999]]]}, "properties": {"id": "old_fort-000064", "damage_class": 0, "damage_label": "no-damage", "confidence": 1.0, "area_m2": 30.44, "centroid": [-82.174821, 35.635602], "confidence_tier": "high", "sources": {"heuristic": 0, "cnn": 0, "margin": 1.0}, "footprint_source": "osm"}}, {"type": "Feature", "geometry": {"type": "Polygon", "coordinates": [[[-82.1749254, 35.6357288], [-82.17492410000001, 35.63567429999999], [-82.17496430000001, 35.635673700000005], [-82.1749657, 35.635728199999996], [-82.1749254, 35.6357288]]]}, "properties": {"id": "old_fort-000065", "damage_class": 0, "damage_label": "no-damage", "confidence": 0.85, "area_m2": 22.04, "centroid": [-82.174945, 35.635701], "confidence_tier": "high", "sources": {"heuristic": 1, "cnn": 0, "margin": 1.0}, "footprint_source": "osm"}}, {"type": "Feature", "geometry": {"type": "Polygon", "coordinates": [[[-82.17375, 35.6354644], [-82.1737188, 35.63546470000001], [-82.1737184, 35.63543690000001], [-82.1737496, 35.635436600000006], [-82.17375, 35.6354644]]]}, "properties": {"id": "old_fort-000066", "damage_class": 0, "damage_label": "no-damage", "confidence": 0.7, "area_m2": 8.71, "centroid": [-82.173734, 35.635451], "confidence_tier": "review", "sources": {"heuristic": 2, "cnn": 0, "margin": 1.0}, "footprint_source": "osm"}}, {"type": "Feature", "geometry": {"type": "Polygon", "coordinates": [[[-82.173585, 35.6353985], [-82.1735846, 35.63534339999999], [-82.173625, 35.635343200000015], [-82.1736246, 35.635283900000005], [-82.1737124, 35.63528350000001], [-82.1737138, 35.63547040000001], [-82.1736259, 35.6354708], [-82.1736254, 35.635398300000006], [-82.173585, 35.6353985]]]}, "properties": {"id": "old_fort-000067", "damage_class": 1, "damage_label": "minor-damage", "confidence": 1.0, "area_m2": 187.29, "centroid": [-82.173662, 35.635376], "confidence_tier": "high", "sources": {"heuristic": 1, "cnn": 1, "margin": 1.0}, "footprint_source": "osm"}}, {"type": "Feature", "geometry": {"type": "Polygon", "coordinates": [[[-82.1734874, 35.6355562], [-82.173488, 35.6355244], [-82.1736339, 35.635526299999995], [-82.1736338, 35.635531099999994], [-82.1736606, 35.63553149999999], [-82.1736594, 35.6355942], [-82.1736322, 35.6355939], [-82.1736317, 35.63562], [-82.1734858, 35.6356181], [-82.1734859, 35.63561119999999], [-82.1734485, 35.63561070000001], [-82.1734496, 35.63555569999999], [-82.1734874, 35.6355562]]]}, "properties": {"id": "old_fort-000068", "damage_class": 0, "damage_label": "no-damage", "confidence": 0.85, "area_m2": 175.07, "centroid": [-82.173557, 35.635573], "confidence_tier": "high", "sources": {"heuristic": 1, "cnn": 0, "margin": 1.0}, "footprint_source": "osm"}}, {"type": "Feature", "geometry": {"type": "Polygon", "coordinates": [[[-82.1737144, 35.6355507], [-82.1737141, 35.635505699999996], [-82.1737516, 35.635505599999995], [-82.173752, 35.63555050000001], [-82.1737144, 35.6355507]]]}, "properties": {"id": "old_fort-000069", "damage_class": 1, "damage_label": "minor-damage", "confidence": 1.0, "area_m2": 16.95, "centroid": [-82.173733, 35.635528], "confidence_tier": "high", "sources": {"heuristic": 1, "cnn": 1, "margin": 1.0}, "footprint_source": "osm"}}, {"type": "Feature", "geometry": {"type": "Polygon", "coordinates": [[[-82.1735299, 35.635891099999995], [-82.17353410000001, 35.635847899999995], [-82.1734521, 35.63584259999999], [-82.1734609, 35.6357518], [-82.1736211, 35.635762099999994], [-82.1736081, 35.6358961], [-82.1735299, 35.635891099999995]]]}, "properties": {"id": "old_fort-000070", "damage_class": 1, "damage_label": "minor-damage", "confidence": 0.85, "area_m2": 181.18, "centroid": [-82.173543, 35.635815], "confidence_tier": "high", "sources": {"heuristic": 0, "cnn": 1, "margin": 1.0}, "footprint_source": "osm"}}, {"type": "Feature", "geometry": {"type": "Polygon", "coordinates": [[[-82.1736769, 35.635812400000006], [-82.1736548, 35.6357975], [-82.173684, 35.6357689], [-82.173706, 35.635783800000006], [-82.1736769, 35.635812400000006]]]}, "properties": {"id": "old_fort-000071", "damage_class": 3, "damage_label": "destroyed", "confidence": 0.7, "area_m2": 10.7, "centroid": [-82.17368, 35.635791], "confidence_tier": "review", "sources": {"heuristic": 0, "cnn": 3, "margin": 1.0}, "footprint_source": "osm"}}, {"type": "Feature", "geometry": {"type": "Polygon", "coordinates": [[[-82.1737357, 35.6359083], [-82.1736536, 35.635906199999994], [-82.1736564, 35.6358355], [-82.1737386, 35.635837699999996], [-82.1737357, 35.6359083]]]}, "properties": {"id": "old_fort-000072", "damage_class": 1, "damage_label": "minor-damage", "confidence": 0.85, "area_m2": 58.36, "centroid": [-82.173696, 35.635872], "confidence_tier": "high", "sources": {"heuristic": 0, "cnn": 1, "margin": 1.0}, "footprint_source": "osm"}}, {"type": "Feature", "geometry": {"type": "Polygon", "coordinates": [[[-82.1730186, 35.635985100000006], [-82.173031, 35.6359456], [-82.1730586, 35.635951399999996], [-82.1730462, 35.635990899999996], [-82.1730186, 35.635985100000006]]]}, "properties": {"id": "old_fort-000073", "damage_class": 3, "damage_label": "destroyed", "confidence": 0.7, "area_m2": 11.67, "centroid": [-82.173039, 35.635968], "confidence_tier": "review", "sources": {"heuristic": 0, "cnn": 3, "margin": 1.0}, "footprint_source": "osm"}}, {"type": "Feature", "geometry": {"type": "Polygon", "coordinates": [[[-82.1730073, 35.636013299999995], [-82.17301730000001, 35.6359863], [-82.1730459, 35.6359933], [-82.1730358, 35.6360203], [-82.1730073, 35.636013299999995]]]}, "properties": {"id": "old_fort-000074", "damage_class": 1, "damage_label": "minor-damage", "confidence": 0.85, "area_m2": 8.45, "centroid": [-82.173027, 35.636003], "confidence_tier": "review", "sources": {"heuristic": 0, "cnn": 1, "margin": 1.0}, "footprint_source": "osm"}}, {"type": "Feature", "geometry": {"type": "Polygon", "coordinates": [[[-82.1730771, 35.6358162], [-82.1729998, 35.63579789999999], [-82.1730243, 35.63572979999999], [-82.1731015, 35.6357481], [-82.1730771, 35.6358162]]]}, "properties": {"id": "old_fort-000075", "damage_class": 0, "damage_label": "no-damage", "confidence": 1.0, "area_m2": 57.34, "centroid": [-82.173051, 35.635773], "confidence_tier": "high", "sources": {"heuristic": 0, "cnn": 0, "margin": 1.0}, "footprint_source": "osm"}}, {"type": "Feature", "geometry": {"type": "Polygon", "coordinates": [[[-82.1727401, 35.636171099999984], [-82.1728742, 35.6357732], [-82.173066, 35.6358159], [-82.1729319, 35.6362138], [-82.1727401, 35.636171099999984]]]}, "properties": {"id": "old_fort-000076", "damage_class": 0, "damage_label": "no-damage", "confidence": 1.0, "area_m2": 824.07, "centroid": [-82.172903, 35.635994], "confidence_tier": "high", "sources": {"heuristic": 0, "cnn": 0, "margin": 1.0}, "footprint_source": "osm"}}, {"type": "Feature", "geometry": {"type": "Polygon", "coordinates": [[[-82.1726608, 35.63625119999999], [-82.1723108, 35.63616830000001], [-82.1724062, 35.63590199999999], [-82.1727562, 35.635984900000004], [-82.1726608, 35.63625119999999]]]}, "properties": {"id": "old_fort-000077", "damage_class": 0, "damage_label": "no-damage", "confidence": 1.0, "area_m2": 1015.62, "centroid": [-82.172534, 35.636077], "confidence_tier": "high", "sources": {"heuristic": 0, "cnn": 0, "margin": 1.0}, "footprint_source": "osm"}}, {"type": "Feature", "geometry": {"type": "Polygon", "coordinates": [[[-82.17091320000002, 35.637729799999995], [-82.1709036, 35.637720699999996], [-82.1708964, 35.6377257], [-82.1707729, 35.6376082], [-82.17087140000001, 35.63753969999999], [-82.1709951, 35.6376573], [-82.1709811, 35.63766699999999], [-82.1709904, 35.6376759], [-82.1709661, 35.6376928], [-82.17098030000001, 35.6377063], [-82.1709473, 35.637729199999995], [-82.17093330000002, 35.637715899999996], [-82.17091320000002, 35.637729799999995]]]}, "properties": {"id": "old_fort-000078", "damage_class": 1, "damage_label": "minor-damage", "confidence": 0.85, "area_m2": 221.19, "centroid": [-82.17089, 35.637639], "confidence_tier": "high", "sources": {"heuristic": 0, "cnn": 1, "margin": 1.0}, "footprint_source": "osm"}}, {"type": "Feature", "geometry": {"type": "Polygon", "coordinates": [[[-82.1709285, 35.6378125], [-82.1708953, 35.63778309999999], [-82.1709206, 35.63776419999999], [-82.17095380000002, 35.63779360000001], [-82.1709285, 35.6378125]]]}, "properties": {"id": "old_fort-000079", "damage_class": 0, "damage_label": "no-damage", "confidence": 1.0, "area_m2": 13.77, "centroid": [-82.170925, 35.637788], "confidence_tier": "high", "sources": {"heuristic": 0, "cnn": 0, "margin": 1.0}, "footprint_source": "osm"}}, {"type": "Feature", "geometry": {"type": "Polygon", "coordinates": [[[-82.1709853, 35.63770840000001], [-82.1710389, 35.6377609], [-82.1709736, 35.637805], [-82.1709199, 35.6377525], [-82.1709853, 35.63770840000001]]]}, "properties": {"id": "old_fort-000080", "damage_class": 0, "damage_label": "no-damage", "confidence": 0.85, "area_m2": 58.22, "centroid": [-82.170979, 35.637757], "confidence_tier": "high", "sources": {"heuristic": 1, "cnn": 0, "margin": 1.0}, "footprint_source": "osm"}}, {"type": "Feature", "geometry": {"type": "Polygon", "coordinates": [[[-82.1704519, 35.638034700000006], [-82.1704645, 35.6380261], [-82.1704433, 35.638005699999994], [-82.1705307, 35.6379459], [-82.17052420000002, 35.63793960000001], [-82.1705916, 35.63789349999999], [-82.170776, 35.63807140000001], [-82.1707103, 35.6381164], [-82.1706693, 35.6380768], [-82.1705807, 35.6381374], [-82.1705553, 35.63811290000001], [-82.1705068, 35.63814609999999], [-82.1704314, 35.6380733], [-82.1704668, 35.638049], [-82.1704519, 35.638034700000006]]]}, "properties": {"id": "old_fort-000081", "damage_class": 1, "damage_label": "minor-damage", "confidence": 0.85, "area_m2": 465.71, "centroid": [-82.170588, 35.638032], "confidence_tier": "high", "sources": {"heuristic": 0, "cnn": 1, "margin": 1.0}, "footprint_source": "osm"}}, {"type": "Feature", "geometry": {"type": "Polygon", "coordinates": [[[-82.17130140000002, 35.638052], [-82.17134720000001, 35.63809880000001], [-82.1712869, 35.638137799999996], [-82.1712411, 35.638090899999995], [-82.17130140000002, 35.638052]]]}, "properties": {"id": "old_fort-000082", "damage_class": 1, "damage_label": "minor-damage", "confidence": 0.85, "area_m2": 46.29, "centroid": [-82.171294, 35.638095], "confidence_tier": "high", "sources": {"heuristic": 2, "cnn": 1, "margin": 1.0}, "footprint_source": "osm"}}, {"type": "Feature", "geometry": {"type": "Polygon", "coordinates": [[[-82.171128, 35.637902499999996], [-82.1710898, 35.6379352], [-82.1710614, 35.6379133], [-82.1710996, 35.637880599999995], [-82.171128, 35.637902499999996]]]}, "properties": {"id": "old_fort-000083", "damage_class": 0, "damage_label": "no-damage", "confidence": 0.85, "area_m2": 17.73, "centroid": [-82.171095, 35.637908], "confidence_tier": "high", "sources": {"heuristic": 1, "cnn": 0, "margin": 1.0}, "footprint_source": "osm"}}, {"type": "Feature", "geometry": {"type": "Polygon", "coordinates": [[[-82.1720253, 35.6373255], [-82.1717484, 35.637489], [-82.1715935, 35.63731570000001], [-82.1718704, 35.6371522], [-82.1720253, 35.6373255]]]}, "properties": {"id": "old_fort-000084", "damage_class": 1, "damage_label": "minor-damage", "confidence": 0.85, "area_m2": 736.37, "centroid": [-82.171809, 35.637321], "confidence_tier": "high", "sources": {"heuristic": 0, "cnn": 1, "margin": 1.0}, "footprint_source": "osm"}}, {"type": "Feature", "geometry": {"type": "Polygon", "coordinates": [[[-82.1734269, 35.6379052], [-82.1733068, 35.6378501], [-82.1733687, 35.6377609], [-82.1734888, 35.637816], [-82.1734269, 35.6379052]]]}, "properties": {"id": "old_fort-000085", "damage_class": 3, "damage_label": "destroyed", "confidence": 0.85, "area_m2": 141.86, "centroid": [-82.173398, 35.637833], "confidence_tier": "high", "sources": {"heuristic": 2, "cnn": 3, "margin": 1.0}, "footprint_source": "osm"}}, {"type": "Feature", "geometry": {"type": "Polygon", "coordinates": [[[-82.1733795, 35.637351699999996], [-82.1735069, 35.637430800000004], [-82.1734072, 35.6375369], [-82.1734257, 35.63754840000001], [-82.1733486, 35.637630299999984], [-82.1733303, 35.63761889999999], [-82.1732977, 35.63765360000001], [-82.1731703, 35.63757449999999], [-82.1732031, 35.6375397], [-82.1731823, 35.6375268], [-82.1732594, 35.6374448], [-82.17328, 35.63745759999998], [-82.1733795, 35.637351699999996]]]}, "properties": {"id": "old_fort-000086", "damage_class": 1, "damage_label": "minor-damage", "confidence": 0.85, "area_m2": 502.24, "centroid": [-82.173335, 35.637506], "confidence_tier": "high", "sources": {"heuristic": 0, "cnn": 1, "margin": 1.0}, "footprint_source": "osm"}}, {"type": "Feature", "geometry": {"type": "Polygon", "coordinates": [[[-82.184587, 35.6274173], [-82.1846078, 35.62736499999999], [-82.1846669, 35.6273805], [-82.1846461, 35.6274328], [-82.184587, 35.6274173]]]}, "properties": {"id": "old_fort-000087", "damage_class": 3, "damage_label": "destroyed", "confidence": 0.85, "area_m2": 34.29, "centroid": [-82.184627, 35.627399], "confidence_tier": "high", "sources": {"heuristic": 2, "cnn": 3, "margin": 1.0}, "footprint_source": "osm"}}, {"type": "Feature", "geometry": {"type": "Polygon", "coordinates": [[[-82.18417, 35.6267851], [-82.1842102, 35.62679249999999], [-82.1841951, 35.626846199999996], [-82.1841549, 35.62683869999999], [-82.18417, 35.6267851]]]}, "properties": {"id": "old_fort-000088", "damage_class": 3, "damage_label": "destroyed", "confidence": 0.7, "area_m2": 22.8, "centroid": [-82.184183, 35.626816], "confidence_tier": "review", "sources": {"heuristic": 0, "cnn": 3, "margin": 1.0}, "footprint_source": "osm"}}, {"type": "Feature", "geometry": {"type": "Polygon", "coordinates": [[[-82.1836581, 35.62665389999999], [-82.1835576, 35.6266506], [-82.1835605, 35.62659159999999], [-82.1836611, 35.6265948], [-82.1836581, 35.62665389999999]]]}, "properties": {"id": "old_fort-000089", "damage_class": 0, "damage_label": "no-damage", "confidence": 1.0, "area_m2": 59.74, "centroid": [-82.183609, 35.626623], "confidence_tier": "high", "sources": {"heuristic": 0, "cnn": 0, "margin": 1.0}, "footprint_source": "osm"}}, {"type": "Feature", "geometry": {"type": "Polygon", "coordinates": [[[-82.1831255, 35.6264902], [-82.1830545, 35.62648740000001], [-82.1830572, 35.626439999999995], [-82.1831283, 35.62644279999999], [-82.1831255, 35.6264902]]]}, "properties": {"id": "old_fort-000090", "damage_class": 0, "damage_label": "no-damage", "confidence": 1.0, "area_m2": 33.91, "centroid": [-82.183091, 35.626465], "confidence_tier": "high", "sources": {"heuristic": 0, "cnn": 0, "margin": 1.0}, "footprint_source": "osm"}}, {"type": "Feature", "geometry": {"type": "Polygon", "coordinates": [[[-82.1827298, 35.62632430000001], [-82.18265980000001, 35.62632519999998], [-82.1826589, 35.62627729999999], [-82.182729, 35.62627650000001], [-82.1827298, 35.62632430000001]]]}, "properties": {"id": "old_fort-000091", "damage_class": 3, "damage_label": "destroyed", "confidence": 0.7, "area_m2": 33.68, "centroid": [-82.182694, 35.626301], "confidence_tier": "review", "sources": {"heuristic": 0, "cnn": 3, "margin": 1.0}, "footprint_source": "osm"}}, {"type": "Feature", "geometry": {"type": "Polygon", "coordinates": [[[-82.1829132, 35.626577999999995], [-82.1826557, 35.6265785], [-82.1826556, 35.6265409], [-82.1829131, 35.6265403], [-82.1829132, 35.626577999999995]]]}, "properties": {"id": "old_fort-000092", "damage_class": 1, "damage_label": "minor-damage", "confidence": 0.85, "area_m2": 97.39, "centroid": [-82.182784, 35.626559], "confidence_tier": "high", "sources": {"heuristic": 0, "cnn": 1, "margin": 1.0}, "footprint_source": "osm"}}, {"type": "Feature", "geometry": {"type": "Polygon", "coordinates": [[[-82.1836028, 35.6270667], [-82.1835397, 35.627059899999985], [-82.1835477, 35.62701099999999], [-82.1836108, 35.6270178], [-82.1836028, 35.6270667]]]}, "properties": {"id": "old_fort-000093", "damage_class": 0, "damage_label": "no-damage", "confidence": 1.0, "area_m2": 31.54, "centroid": [-82.183575, 35.627039], "confidence_tier": "high", "sources": {"heuristic": 0, "cnn": 0, "margin": 1.0}, "footprint_source": "osm"}}, {"type": "Feature", "geometry": {"type": "Polygon", "coordinates": [[[-82.1836034, 35.6270859], [-82.1836192, 35.62699809999999], [-82.1837224, 35.627010399999996], [-82.1837066, 35.62709819999999], [-82.1836034, 35.6270859]]]}, "properties": {"id": "old_fort-000094", "damage_class": 0, "damage_label": "no-damage", "confidence": 1.0, "area_m2": 92.97, "centroid": [-82.183663, 35.627048], "confidence_tier": "high", "sources": {"heuristic": 0, "cnn": 0, "margin": 1.0}, "footprint_source": "osm"}}, {"type": "Feature", "geometry": {"type": "Polygon", "coordinates": [[[-82.1840577, 35.62714739999999], [-82.1840276, 35.627228], [-82.1838998, 35.6271965], [-82.1838942, 35.6272117], [-82.183789, 35.627185700000005], [-82.1838247, 35.6270899], [-82.1840577, 35.62714739999999]]]}, "properties": {"id": "old_fort-000095", "damage_class": 1, "damage_label": "minor-damage", "confidence": 0.85, "area_m2": 223.58, "centroid": [-82.18392, 35.627161], "confidence_tier": "high", "sources": {"heuristic": 0, "cnn": 1, "margin": 1.0}, "footprint_source": "osm"}}, {"type": "Feature", "geometry": {"type": "Polygon", "coordinates": [[[-82.184323, 35.62726239999999], [-82.1842412, 35.6272395], [-82.1842696, 35.6271726], [-82.1843514, 35.6271955], [-82.184323, 35.62726239999999]]]}, "properties": {"id": "old_fort-000096", "damage_class": 0, "damage_label": "no-damage", "confidence": 1.0, "area_m2": 61.51, "centroid": [-82.184296, 35.627218], "confidence_tier": "high", "sources": {"heuristic": 0, "cnn": 0, "margin": 1.0}, "footprint_source": "osm"}}, {"type": "Feature", "geometry": {"type": "Polygon", "coordinates": [[[-82.1864599, 35.6263759], [-82.1862909, 35.6263411], [-82.18631070000002, 35.62627759999999], [-82.1864797, 35.62631249999999], [-82.1864599, 35.6263759]]]}, "properties": {"id": "old_fort-000097", "damage_class": 1, "damage_label": "minor-damage", "confidence": 1.0, "area_m2": 114.65, "centroid": [-82.186385, 35.626327], "confidence_tier": "high", "sources": {"heuristic": 1, "cnn": 1, "margin": 1.0}, "footprint_source": "osm"}}, {"type": "Feature", "geometry": {"type": "Polygon", "coordinates": [[[-82.1873464, 35.6261116], [-82.1873458, 35.626047], [-82.1873823, 35.6260468], [-82.187383, 35.62611139999999], [-82.1873464, 35.6261116]]]}, "properties": {"id": "old_fort-000098", "damage_class": 3, "damage_label": "destroyed", "confidence": 0.7, "area_m2": 23.72, "centroid": [-82.187364, 35.626079], "confidence_tier": "review", "sources": {"heuristic": 0, "cnn": 3, "margin": 1.0}, "footprint_source": "osm"}}, {"type": "Feature", "geometry": {"type": "Polygon", "coordinates": [[[-82.186714, 35.62605409999999], [-82.1866879, 35.62601509999999], [-82.1867332, 35.625995], [-82.1867593, 35.62603399999999], [-82.186714, 35.62605409999999]]]}, "properties": {"id": "old_fort-000099", "damage_class": 0, "damage_label": "no-damage", "confidence": 1.0, "area_m2": 23.02, "centroid": [-82.186724, 35.626025], "confidence_tier": "high", "sources": {"heuristic": 0, "cnn": 0, "margin": 1.0}, "footprint_source": "osm"}}, {"type": "Feature", "geometry": {"type": "Polygon", "coordinates": [[[-82.1868089, 35.62600009999999], [-82.1866829, 35.6258219], [-82.1867667, 35.62578270000001], [-82.1868928, 35.6259609], [-82.1868089, 35.62600009999999]]]}, "properties": {"id": "old_fort-000100", "damage_class": 1, "damage_label": "minor-damage", "confidence": 0.85, "area_m2": 199.74, "centroid": [-82.186788, 35.625891], "confidence_tier": "high", "sources": {"heuristic": 0, "cnn": 1, "margin": 1.0}, "footprint_source": "osm"}}, {"type": "Feature", "geometry": {"type": "Polygon", "coordinates": [[[-82.1872863, 35.625902799999984], [-82.1872279, 35.6258943], [-82.1872378, 35.6258495], [-82.1872961, 35.62585789999999], [-82.1872863, 35.625902799999984]]]}, "properties": {"id": "old_fort-000101", "damage_class": 0, "damage_label": "no-damage", "confidence": 1.0, "area_m2": 27.13, "centroid": [-82.187262, 35.625876], "confidence_tier": "high", "sources": {"heuristic": 0, "cnn": 0, "margin": 1.0}, "footprint_source": "osm"}}, {"type": "Feature", "geometry": {"type": "Polygon", "coordinates": [[[-82.1872135, 35.625882299999994], [-82.1871478, 35.6258553], [-82.1871667, 35.625825], [-82.1872324, 35.6258519], [-82.1872135, 35.625882299999994]]]}, "properties": {"id": "old_fort-000102", "damage_class": 0, "damage_label": "no-damage", "confidence": 1.0, "area_m2": 25.15, "centroid": [-82.18719, 35.625854], "confidence_tier": "high", "sources": {"heuristic": 0, "cnn": 0, "margin": 1.0}, "footprint_source": "osm"}}, {"type": "Feature", "geometry": {"type": "Polygon", "coordinates": [[[-82.1867691, 35.6247314], [-82.1867416, 35.62465559999999], [-82.1868123, 35.62463859999999], [-82.1868398, 35.62471440000001], [-82.1867691, 35.6247314]]]}, "properties": {"id": "old_fort-000103", "damage_class": 1, "damage_label": "minor-damage", "confidence": 0.85, "area_m2": 58.53, "centroid": [-82.186791, 35.624685], "confidence_tier": "high", "sources": {"heuristic": 0, "cnn": 1, "margin": 1.0}, "footprint_source": "osm"}}, {"type": "Feature", "geometry": {"type": "Polygon", "coordinates": [[[-82.1875767, 35.6243584], [-82.1875244, 35.62436720000001], [-82.1875144, 35.6243274], [-82.1875667, 35.624318699999996], [-82.1875767, 35.6243584]]]}, "properties": {"id": "old_fort-000104", "damage_class": 1, "damage_label": "minor-damage", "confidence": 0.7, "area_m2": 21.76, "centroid": [-82.187546, 35.624343], "confidence_tier": "review", "sources": {"heuristic": 3, "cnn": 1, "margin": 1.0}, "footprint_source": "osm"}}, {"type": "Feature", "geometry": {"type": "Polygon", "coordinates": [[[-82.1878588, 35.624085], [-82.1877918, 35.624105199999995], [-82.1877752, 35.6240688], [-82.1878423, 35.62404860000001], [-82.1878588, 35.624085]]]}, "properties": {"id": "old_fort-000105", "damage_class": 2, "damage_label": "major-damage", "confidence": 0.85, "area_m2": 27.88, "centroid": [-82.187817, 35.624077], "confidence_tier": "high", "sources": {"heuristic": 1, "cnn": 2, "margin": 1.0}, "footprint_source": "osm"}}, {"type": "Feature", "geometry": {"type": "Polygon", "coordinates": [[[-82.18791770000001, 35.623993], [-82.1878778, 35.62395389999999], [-82.1879308, 35.6239182], [-82.1879707, 35.62395730000001], [-82.18791770000001, 35.623993]]]}, "properties": {"id": "old_fort-000106", "damage_class": 1, "damage_label": "minor-damage", "confidence": 1.0, "area_m2": 35.13, "centroid": [-82.187924, 35.623956], "confidence_tier": "high", "sources": {"heuristic": 1, "cnn": 1, "margin": 1.0}, "footprint_source": "osm"}}, {"type": "Feature", "geometry": {"type": "Polygon", "coordinates": [[[-82.1869879, 35.62373209999999], [-82.1869785, 35.62369019999999], [-82.1870074, 35.6236859], [-82.1870168, 35.623727800000005], [-82.1869879, 35.62373209999999]]]}, "properties": {"id": "old_fort-000107", "damage_class": 0, "damage_label": "no-damage", "confidence": 0.85, "area_m2": 12.57, "centroid": [-82.186998, 35.623709], "confidence_tier": "high", "sources": {"heuristic": 1, "cnn": 0, "margin": 1.0}, "footprint_source": "osm"}}, {"type": "Feature", "geometry": {"type": "Polygon", "coordinates": [[[-82.1872581, 35.62370709999999], [-82.1872326, 35.6236182], [-82.1873387, 35.6235981], [-82.1873642, 35.62368699999999], [-82.1872581, 35.62370709999999]]]}, "properties": {"id": "old_fort-000108", "damage_class": 0, "damage_label": "no-damage", "confidence": 0.7, "area_m2": 99.91, "centroid": [-82.187298, 35.623653], "confidence_tier": "review", "sources": {"heuristic": 2, "cnn": 0, "margin": 1.0}, "footprint_source": "osm"}}, {"type": "Feature", "geometry": {"type": "Polygon", "coordinates": [[[-82.187276, 35.623595300000005], [-82.1872242, 35.6236048], [-82.1872177, 35.62359649999999], [-82.1871832, 35.623472], [-82.1872947, 35.6234516], [-82.1873291, 35.62357589999999], [-82.1872734, 35.623586100000004], [-82.187276, 35.623595300000005]]]}, "properties": {"id": "old_fort-000109", "damage_class": 0, "damage_label": "no-damage", "confidence": 1.0, "area_m2": 151.31, "centroid": [-82.187256, 35.623526], "confidence_tier": "high", "sources": {"heuristic": 0, "cnn": 0, "margin": 1.0}, "footprint_source": "osm"}}, {"type": "Feature", "geometry": {"type": "Polygon", "coordinates": [[[-82.1870229, 35.62316739999999], [-82.1869971, 35.62308449999999], [-82.1870255, 35.6230787], [-82.1870514, 35.6231615], [-82.1870229, 35.62316739999999]]]}, "properties": {"id": "old_fort-000110", "damage_class": 3, "damage_label": "destroyed", "confidence": 0.7, "area_m2": 25.2, "centroid": [-82.187024, 35.623123], "confidence_tier": "review", "sources": {"heuristic": 0, "cnn": 3, "margin": 1.0}, "footprint_source": "osm"}}, {"type": "Feature", "geometry": {"type": "Polygon", "coordinates": [[[-82.1870168, 35.62304570000001], [-82.1869987, 35.6229753], [-82.1870577, 35.62296529999999], [-82.1870758, 35.623035599999994], [-82.1870168, 35.62304570000001]]]}, "properties": {"id": "old_fort-000111", "damage_class": 3, "damage_label": "destroyed", "confidence": 0.7, "area_m2": 43.53, "centroid": [-82.187037, 35.623005], "confidence_tier": "review", "sources": {"heuristic": 1, "cnn": 3, "margin": 1.0}, "footprint_source": "osm"}}, {"type": "Feature", "geometry": {"type": "Polygon", "coordinates": [[[-82.1867998, 35.6228221], [-82.1865745, 35.62284770000001], [-82.1865615, 35.622772299999994], [-82.1867868, 35.62274669999999], [-82.1867998, 35.6228221]]]}, "properties": {"id": "old_fort-000112", "damage_class": 0, "damage_label": "no-damage", "confidence": 0.85, "area_m2": 174.0, "centroid": [-82.186681, 35.622797], "confidence_tier": "high", "sources": {"heuristic": 1, "cnn": 0, "margin": 1.0}, "footprint_source": "osm"}}, {"type": "Feature", "geometry": {"type": "Polygon", "coordinates": [[[-82.1862949, 35.6229047], [-82.1862804, 35.622833299999996], [-82.1863392, 35.6228255], [-82.1863537, 35.622896899999986], [-82.1862949, 35.6229047]]]}, "properties": {"id": "old_fort-000113", "damage_class": 0, "damage_label": "no-damage", "confidence": 0.85, "area_m2": 43.31, "centroid": [-82.186317, 35.622865], "confidence_tier": "high", "sources": {"heuristic": 1, "cnn": 0, "margin": 1.0}, "footprint_source": "osm"}}, {"type": "Feature", "geometry": {"type": "Polygon", "coordinates": [[[-82.1863647, 35.622895899999996], [-82.1863546, 35.6228392], [-82.1864137, 35.6228323], [-82.1864237, 35.622888999999994], [-82.1863647, 35.622895899999996]]]}, "properties": {"id": "old_fort-000114", "damage_class": 0, "damage_label": "no-damage", "confidence": 0.7, "area_m2": 34.33, "centroid": [-82.186389, 35.622864], "confidence_tier": "review", "sources": {"heuristic": 3, "cnn": 0, "margin": 1.0}, "footprint_source": "osm"}}, {"type": "Feature", "geometry": {"type": "Polygon", "coordinates": [[[-82.186086, 35.62286929999999], [-82.18608160000001, 35.6228374], [-82.18611660000002, 35.62283419999999], [-82.18612100000001, 35.62286610000001], [-82.186086, 35.62286929999999]]]}, "properties": {"id": "old_fort-000115", "damage_class": 0, "damage_label": "no-damage", "confidence": 1.0, "area_m2": 11.36, "centroid": [-82.186101, 35.622852], "confidence_tier": "review", "sources": {"heuristic": 0, "cnn": 0, "margin": 1.0}, "footprint_source": "osm"}}, {"type": "Feature", "geometry": {"type": "Polygon", "coordinates": [[[-82.1864501, 35.623129299999995], [-82.1862892, 35.62315459999999], [-82.1862729, 35.623086], [-82.1864338, 35.62306069999999], [-82.1864501, 35.623129299999995]]]}, "properties": {"id": "old_fort-000116", "damage_class": 0, "damage_label": "no-damage", "confidence": 1.0, "area_m2": 115.03, "centroid": [-82.186362, 35.623108], "confidence_tier": "high", "sources": {"heuristic": 0, "cnn": 0, "margin": 1.0}, "footprint_source": "osm"}}, {"type": "Feature", "geometry": {"type": "Polygon", "coordinates": [[[-82.1866728, 35.623388899999995], [-82.1866566, 35.62331150000001], [-82.1867606, 35.623297099999995], [-82.1867767, 35.6233742], [-82.18676920000001, 35.62337529999999], [-82.18677240000001, 35.6233909], [-82.1866925, 35.623402], [-82.1866893, 35.623386599999996], [-82.1866728, 35.623388899999995]]]}, "properties": {"id": "old_fort-000117", "damage_class": 0, "damage_label": "no-damage", "confidence": 1.0, "area_m2": 95.87, "centroid": [-82.186719, 35.623349], "confidence_tier": "high", "sources": {"heuristic": 0, "cnn": 0, "margin": 1.0}, "footprint_source": "osm"}}, {"type": "Feature", "geometry": {"type": "Polygon", "coordinates": [[[-82.18678970000002, 35.6233916], [-82.1867749, 35.62333169999999], [-82.1868308, 35.6233226], [-82.1868455, 35.623382500000005], [-82.18678970000002, 35.6233916]]]}, "properties": {"id": "old_fort-000118", "damage_class": 0, "damage_label": "no-damage", "confidence": 0.85, "area_m2": 34.96, "centroid": [-82.18681, 35.623357], "confidence_tier": "high", "sources": {"heuristic": 1, "cnn": 0, "margin": 1.0}, "footprint_source": "osm"}}, {"type": "Feature", "geometry": {"type": "Polygon", "coordinates": [[[-82.1866058, 35.6231695], [-82.1865904, 35.6231139], [-82.1866219, 35.6231081], [-82.1866373, 35.6231637], [-82.1866058, 35.6231695]]]}, "properties": {"id": "old_fort-000119", "damage_class": 2, "damage_label": "major-damage", "confidence": 0.85, "area_m2": 18.49, "centroid": [-82.186614, 35.623139], "confidence_tier": "high", "sources": {"heuristic": 1, "cnn": 2, "margin": 1.0}, "footprint_source": "osm"}}, {"type": "Feature", "geometry": {"type": "Polygon", "coordinates": [[[-82.1866939, 35.6231356], [-82.1866396, 35.6231446], [-82.1866323, 35.623115199999994], [-82.1866866, 35.6231062], [-82.1866939, 35.6231356]]]}, "properties": {"id": "old_fort-000120", "damage_class": 2, "damage_label": "major-damage", "confidence": 1.0, "area_m2": 16.7, "centroid": [-82.186663, 35.623125], "confidence_tier": "high", "sources": {"heuristic": 2, "cnn": 2, "margin": 1.0}, "footprint_source": "osm"}}, {"type": "Feature", "geometry": {"type": "Polygon", "coordinates": [[[-82.1867233, 35.6231367], [-82.1867119, 35.6230989], [-82.1867436, 35.6230926], [-82.186755, 35.623130499999995], [-82.1867233, 35.6231367]]]}, "properties": {"id": "old_fort-000121", "damage_class": 2, "damage_label": "major-damage", "confidence": 0.7, "area_m2": 12.77, "centroid": [-82.186733, 35.623115], "confidence_tier": "review", "sources": {"heuristic": 0, "cnn": 2, "margin": 1.0}, "footprint_source": "osm"}}, {"type": "Feature", "geometry": {"type": "Polygon", "coordinates": [[[-82.1869522, 35.6231713], [-82.18681740000001, 35.6231893], [-82.1868063, 35.62313429999999], [-82.1869411, 35.6231163], [-82.1869522, 35.6231713]]]}, "properties": {"id": "old_fort-000122", "damage_class": 0, "damage_label": "no-damage", "confidence": 1.0, "area_m2": 76.49, "centroid": [-82.186879, 35.623153], "confidence_tier": "high", "sources": {"heuristic": 0, "cnn": 0, "margin": 1.0}, "footprint_source": "osm"}}, {"type": "Feature", "geometry": {"type": "Polygon", "coordinates": [[[-82.1872382, 35.623111900000005], [-82.1872227, 35.6230544], [-82.18727030000001, 35.62304599999999], [-82.1872857, 35.623103500000006], [-82.1872382, 35.623111900000005]]]}, "properties": {"id": "old_fort-000123", "damage_class": 0, "damage_label": "no-damage", "confidence": 1.0, "area_m2": 28.77, "centroid": [-82.187254, 35.623079], "confidence_tier": "high", "sources": {"heuristic": 0, "cnn": 0, "margin": 1.0}, "footprint_source": "osm"}}, {"type": "Feature", "geometry": {"type": "Polygon", "coordinates": [[[-82.1874262, 35.623035900000005], [-82.1874129, 35.6229804], [-82.1875162, 35.62296399999999], [-82.18752950000001, 35.6230195], [-82.1874262, 35.623035900000005]]]}, "properties": {"id": "old_fort-000124", "damage_class": 2, "damage_label": "major-damage", "confidence": 0.85, "area_m2": 59.79, "centroid": [-82.187471, 35.623], "confidence_tier": "high", "sources": {"heuristic": 1, "cnn": 2, "margin": 1.0}, "footprint_source": "osm"}}, {"type": "Feature", "geometry": {"type": "Polygon", "coordinates": [[[-82.1876575, 35.6230326], [-82.1876415, 35.6229691], [-82.18772, 35.622955999999995], [-82.187736, 35.62301949999999], [-82.1876575, 35.6230326]]]}, "properties": {"id": "old_fort-000125", "damage_class": 1, "damage_label": "minor-damage", "confidence": 0.7, "area_m2": 52.18, "centroid": [-82.187689, 35.622994], "confidence_tier": "review", "sources": {"heuristic": 3, "cnn": 1, "margin": 1.0}, "footprint_source": "osm"}}, {"type": "Feature", "geometry": {"type": "Polygon", "coordinates": [[[-82.1878443, 35.62359920000001], [-82.1878328, 35.6235592], [-82.1879273, 35.62354119999999], [-82.1879388, 35.6235812], [-82.1878443, 35.62359920000001]]]}, "properties": {"id": "old_fort-000126", "damage_class": 2, "damage_label": "major-damage", "confidence": 0.85, "area_m2": 40.05, "centroid": [-82.187886, 35.62357], "confidence_tier": "high", "sources": {"heuristic": 1, "cnn": 2, "margin": 1.0}, "footprint_source": "osm"}}, {"type": "Feature", "geometry": {"type": "Polygon", "coordinates": [[[-82.1879573, 35.623371899999995], [-82.1880374, 35.623357899999995], [-82.18806720000002, 35.6234704], [-82.1879871, 35.623484499999996], [-82.1879573, 35.623371899999995]]]}, "properties": {"id": "old_fort-000127", "damage_class": 0, "damage_label": "no-damage", "confidence": 0.7, "area_m2": 94.77, "centroid": [-82.188012, 35.623421], "confidence_tier": "review", "sources": {"heuristic": 2, "cnn": 0, "margin": 1.0}, "footprint_source": "osm"}}, {"type": "Feature", "geometry": {"type": "Polygon", "coordinates": [[[-82.1883687, 35.6232981], [-82.1883608, 35.62326710000001], [-82.1885545, 35.6232344], [-82.1885625, 35.6232654], [-82.1883687, 35.6232981]]]}, "properties": {"id": "old_fort-000128", "damage_class": 0, "damage_label": "no-damage", "confidence": 0.7, "area_m2": 62.95, "centroid": [-82.188462, 35.623266], "confidence_tier": "review", "sources": {"heuristic": 2, "cnn": 0, "margin": 1.0}, "footprint_source": "osm"}}, {"type": "Feature", "geometry": {"type": "Polygon", "coordinates": [[[-82.188661, 35.6231847], [-82.1886936, 35.6231789], [-82.188708, 35.62323229999999], [-82.1886754, 35.62323809999999], [-82.188661, 35.6231847]]]}, "properties": {"id": "old_fort-000129", "damage_class": 1, "damage_label": "minor-damage", "confidence": 0.7, "area_m2": 18.33, "centroid": [-82.188684, 35.623208], "confidence_tier": "review", "sources": {"heuristic": 3, "cnn": 1, "margin": 1.0}, "footprint_source": "osm"}}, {"type": "Feature", "geometry": {"type": "Polygon", "coordinates": [[[-82.1885992, 35.6232566], [-82.1885841, 35.62320619999999], [-82.1886211, 35.62319889999999], [-82.1886362, 35.6232493], [-82.1885992, 35.6232566]]]}, "properties": {"id": "old_fort-000130", "damage_class": 0, "damage_label": "no-damage", "confidence": 0.7, "area_m2": 19.84, "centroid": [-82.18861, 35.623228], "confidence_tier": "review", "sources": {"heuristic": 3, "cnn": 0, "margin": 1.0}, "footprint_source": "osm"}}, {"type": "Feature", "geometry": {"type": "Polygon", "coordinates": [[[-82.1887971, 35.62339939999998], [-82.1886962, 35.6234256], [-82.1886768, 35.623376], [-82.1887777, 35.62334979999999], [-82.1887971, 35.62339939999998]]]}, "properties": {"id": "old_fort-000131", "damage_class": 1, "damage_label": "minor-damage", "confidence": 0.85, "area_m2": 55.38, "centroid": [-82.188737, 35.623388], "confidence_tier": "high", "sources": {"heuristic": 2, "cnn": 1, "margin": 1.0}, "footprint_source": "osm"}}, {"type": "Feature", "geometry": {"type": "Polygon", "coordinates": [[[-82.1891365, 35.623446], [-82.1889145, 35.623496700000004], [-82.1888883, 35.62342100000001], [-82.1891103, 35.6233703], [-82.1891365, 35.623446]]]}, "properties": {"id": "old_fort-000132", "damage_class": 1, "damage_label": "minor-damage", "confidence": 0.85, "area_m2": 182.17, "centroid": [-82.189012, 35.623434], "confidence_tier": "high", "sources": {"heuristic": 2, "cnn": 1, "margin": 1.0}, "footprint_source": "osm"}}, {"type": "Feature", "geometry": {"type": "Polygon", "coordinates": [[[-82.188588, 35.6235792], [-82.1886186, 35.62361260000001], [-82.1884139, 35.6237368], [-82.188383, 35.6237031], [-82.1884497, 35.6236627], [-82.18843, 35.62364120000001], [-82.1884569, 35.6236249], [-82.1884768, 35.62364659999999], [-82.188588, 35.6235792]]]}, "properties": {"id": "old_fort-000133", "damage_class": 1, "damage_label": "minor-damage", "confidence": 0.85, "area_m2": 116.35, "centroid": [-82.188497, 35.623657], "confidence_tier": "high", "sources": {"heuristic": 0, "cnn": 1, "margin": 1.0}, "footprint_source": "osm"}}, {"type": "Feature", "geometry": {"type": "Polygon", "coordinates": [[[-82.1889376, 35.6238514], [-82.188939, 35.623822700000005], [-82.1889789, 35.623823999999985], [-82.1889775, 35.62385270000001], [-82.1889376, 35.6238514]]]}, "properties": {"id": "old_fort-000134", "damage_class": 0, "damage_label": "no-damage", "confidence": 1.0, "area_m2": 11.52, "centroid": [-82.188958, 35.623838], "confidence_tier": "review", "sources": {"heuristic": 0, "cnn": 0, "margin": 1.0}, "footprint_source": "osm"}}, {"type": "Feature", "geometry": {"type": "Polygon", "coordinates": [[[-82.1891661, 35.6238443], [-82.1890005, 35.6238519], [-82.188995, 35.6237725], [-82.1891606, 35.6237649], [-82.1891661, 35.6238443]]]}, "properties": {"id": "old_fort-000135", "damage_class": 0, "damage_label": "no-damage", "confidence": 0.85, "area_m2": 132.51, "centroid": [-82.189081, 35.623808], "confidence_tier": "high", "sources": {"heuristic": 1, "cnn": 0, "margin": 1.0}, "footprint_source": "osm"}}, {"type": "Feature", "geometry": {"type": "Polygon", "coordinates": [[[-82.1897859, 35.6230986], [-82.1898725, 35.6230736], [-82.18990770000002, 35.62315430000001], [-82.1898211, 35.623179199999996], [-82.1897859, 35.6230986]]]}, "properties": {"id": "old_fort-000136", "damage_class": 3, "damage_label": "destroyed", "confidence": 0.7, "area_m2": 78.99, "centroid": [-82.189847, 35.623126], "confidence_tier": "review", "sources": {"heuristic": 1, "cnn": 3, "margin": 1.0}, "footprint_source": "osm"}}, {"type": "Feature", "geometry": {"type": "Polygon", "coordinates": [[[-82.1900654, 35.62332390000001], [-82.1901088, 35.62338359999999], [-82.189977, 35.6234467], [-82.1899339, 35.62338720000001], [-82.1899824, 35.62336400000001], [-82.1899696, 35.6233464], [-82.1900031, 35.62333029999999], [-82.1900157, 35.62334769999999], [-82.1900654, 35.62332390000001]]]}, "properties": {"id": "old_fort-000137", "damage_class": 0, "damage_label": "no-damage", "confidence": 1.0, "area_m2": 114.21, "centroid": [-82.190019, 35.623383], "confidence_tier": "high", "sources": {"heuristic": 0, "cnn": 0, "margin": 1.0}, "footprint_source": "osm"}}, {"type": "Feature", "geometry": {"type": "Polygon", "coordinates": [[[-82.190195, 35.62362699999999], [-82.1900931, 35.62346449999999], [-82.1901731, 35.62343129999999], [-82.190275, 35.62359380000001], [-82.190195, 35.62362699999999]]]}, "properties": {"id": "old_fort-000138", "damage_class": 0, "damage_label": "no-damage", "confidence": 0.7, "area_m2": 164.58, "centroid": [-82.190184, 35.623529], "confidence_tier": "review", "sources": {"heuristic": 2, "cnn": 0, "margin": 1.0}, "footprint_source": "osm"}}, {"type": "Feature", "geometry": {"type": "Polygon", "coordinates": [[[-82.1906586, 35.62363], [-82.1906875, 35.62362869999998], [-82.19069050000002, 35.623672], [-82.1906616, 35.6236733], [-82.1906586, 35.62363]]]}, "properties": {"id": "old_fort-000139", "damage_class": 1, "damage_label": "minor-damage", "confidence": 0.85, "area_m2": 12.61, "centroid": [-82.190675, 35.623651], "confidence_tier": "high", "sources": {"heuristic": 0, "cnn": 1, "margin": 1.0}, "footprint_source": "osm"}}, {"type": "Feature", "geometry": {"type": "Polygon", "coordinates": [[[-82.1905955, 35.6235811], [-82.1905673, 35.6235473], [-82.1905909, 35.6235344], [-82.190619, 35.6235681], [-82.1905955, 35.6235811]]]}, "properties": {"id": "old_fort-000140", "damage_class": 1, "damage_label": "minor-damage", "confidence": 0.85, "area_m2": 11.65, "centroid": [-82.190593, 35.623558], "confidence_tier": "review", "sources": {"heuristic": 0, "cnn": 1, "margin": 1.0}, "footprint_source": "osm"}}, {"type": "Feature", "geometry": {"type": "Polygon", "coordinates": [[[-82.1902489, 35.6237159], [-82.1902407, 35.623686799999994], [-82.1904258, 35.623652500000006], [-82.190434, 35.62368150000001], [-82.1902489, 35.6237159]]]}, "properties": {"id": "old_fort-000141", "damage_class": 0, "damage_label": "no-damage", "confidence": 0.85, "area_m2": 56.85, "centroid": [-82.190337, 35.623684], "confidence_tier": "high", "sources": {"heuristic": 1, "cnn": 0, "margin": 1.0}, "footprint_source": "osm"}}, {"type": "Feature", "geometry": {"type": "Polygon", "coordinates": [[[-82.1903893, 35.6239625], [-82.1903564, 35.6238638], [-82.1904541, 35.62384230000001], [-82.1904869, 35.623941], [-82.1903893, 35.6239625]]]}, "properties": {"id": "old_fort-000142", "damage_class": 2, "damage_label": "major-damage", "confidence": 0.6651, "area_m2": 103.92, "centroid": [-82.190422, 35.623902], "confidence_tier": "review", "sources": {"heuristic": 0, "cnn": 2, "margin": 0.9003}, "footprint_source": "osm"}}, {"type": "Feature", "geometry": {"type": "Polygon", "coordinates": [[[-82.1901371, 35.625276299999996], [-82.1900577, 35.6252643], [-82.1900702, 35.6252095], [-82.1901497, 35.6252214], [-82.1901371, 35.625276299999996]]]}, "properties": {"id": "old_fort-000143", "damage_class": 2, "damage_label": "major-damage", "confidence": 0.7, "area_m2": 45.28, "centroid": [-82.190104, 35.625243], "confidence_tier": "review", "sources": {"heuristic": 0, "cnn": 2, "margin": 1.0}, "footprint_source": "osm"}}, {"type": "Feature", "geometry": {"type": "Polygon", "coordinates": [[[-82.1880819, 35.62528699999999], [-82.1880289, 35.6250755], [-82.188083, 35.62506650000002], [-82.188136, 35.625278], [-82.1880819, 35.62528699999999]]]}, "properties": {"id": "old_fort-000144", "damage_class": 1, "damage_label": "minor-damage", "confidence": 0.85, "area_m2": 119.74, "centroid": [-82.188082, 35.625177], "confidence_tier": "high", "sources": {"heuristic": 2, "cnn": 1, "margin": 1.0}, "footprint_source": "osm"}}, {"type": "Feature", "geometry": {"type": "Polygon", "coordinates": [[[-82.1880776, 35.625568], [-82.1881608, 35.625572500000004], [-82.1881481, 35.62572779999999], [-82.1880649, 35.6257233], [-82.1880776, 35.625568]]]}, "properties": {"id": "old_fort-000145", "damage_class": 1, "damage_label": "minor-damage", "confidence": 0.85, "area_m2": 130.37, "centroid": [-82.188113, 35.625648], "confidence_tier": "high", "sources": {"heuristic": 0, "cnn": 1, "margin": 1.0}, "footprint_source": "osm"}}, {"type": "Feature", "geometry": {"type": "Polygon", "coordinates": [[[-82.1876379, 35.62577290000001], [-82.1876079, 35.6258006], [-82.1875627, 35.6258045], [-82.1875397, 35.625795000000004], [-82.1875234, 35.62577879999999], [-82.1875165, 35.62575859999998], [-82.1875202, 35.62573780000001], [-82.1875338, 35.62572], [-82.1875539, 35.62570859999999], [-82.1875778, 35.6257044], [-82.1876019, 35.62570790000001], [-82.1876226, 35.6257186], [-82.1876366, 35.6257349], [-82.1876418, 35.62575439999999], [-82.1876379, 35.62577290000001]]]}, "properties": {"id": "old_fort-000146", "damage_class": 0, "damage_label": "no-damage", "confidence": 0.85, "area_m2": 98.3, "centroid": [-82.187579, 35.625755], "confidence_tier": "high", "sources": {"heuristic": 1, "cnn": 0, "margin": 1.0}, "footprint_source": "osm"}}, {"type": "Feature", "geometry": {"type": "Polygon", "coordinates": [[[-82.1879791, 35.626337799999995], [-82.18804350000002, 35.626159], [-82.1881206, 35.626177299999995], [-82.1880562, 35.6263561], [-82.1879791, 35.626337799999995]]]}, "properties": {"id": "old_fort-000147", "damage_class": 1, "damage_label": "minor-damage", "confidence": 0.85, "area_m2": 150.32, "centroid": [-82.18805, 35.626258], "confidence_tier": "high", "sources": {"heuristic": 0, "cnn": 1, "margin": 1.0}, "footprint_source": "osm"}}, {"type": "Feature", "geometry": {"type": "Polygon", "coordinates": [[[-82.1881344, 35.626892399999996], [-82.1880821, 35.62689780000001], [-82.1880756, 35.6268567], [-82.1881279, 35.626851300000006], [-82.1881344, 35.626892399999996]]]}, "properties": {"id": "old_fort-000148", "damage_class": 3, "damage_label": "destroyed", "confidence": 0.85, "area_m2": 21.95, "centroid": [-82.188105, 35.626875], "confidence_tier": "high", "sources": {"heuristic": 2, "cnn": 3, "margin": 1.0}, "footprint_source": "osm"}}, {"type": "Feature", "geometry": {"type": "Polygon", "coordinates": [[[-82.1878778, 35.627359], [-82.1878302, 35.62734180000001], [-82.1878537, 35.6272988], [-82.1879013, 35.6273159], [-82.1878778, 35.627359]]]}, "properties": {"id": "old_fort-000149", "damage_class": 0, "damage_label": "no-damage", "confidence": 1.0, "area_m2": 24.63, "centroid": [-82.187866, 35.627329], "confidence_tier": "high", "sources": {"heuristic": 0, "cnn": 0, "margin": 1.0}, "footprint_source": "osm"}}, {"type": "Feature", "geometry": {"type": "Polygon", "coordinates": [[[-82.1867486, 35.6274661], [-82.1867004, 35.6274502], [-82.1867198, 35.6274112], [-82.1867681, 35.62742709999999], [-82.1867486, 35.6274661]]]}, "properties": {"id": "old_fort-000150", "damage_class": 3, "damage_label": "destroyed", "confidence": 0.7, "area_m2": 22.01, "centroid": [-82.186734, 35.627439], "confidence_tier": "review", "sources": {"heuristic": 0, "cnn": 3, "margin": 1.0}, "footprint_source": "osm"}}, {"type": "Feature", "geometry": {"type": "Polygon", "coordinates": [[[-82.1857176, 35.627633900000006], [-82.1856435, 35.627615599999984], [-82.1856509, 35.627596000000004], [-82.1856399, 35.6275933], [-82.185677, 35.6274946], [-82.1857728, 35.62751829999999], [-82.1857358, 35.6276167], [-82.185725, 35.62761409999999], [-82.1857176, 35.627633900000006]]]}, "properties": {"id": "old_fort-000151", "damage_class": 3, "damage_label": "destroyed", "confidence": 0.7, "area_m2": 119.69, "centroid": [-82.185703, 35.627564], "confidence_tier": "review", "sources": {"heuristic": 0, "cnn": 3, "margin": 1.0}, "footprint_source": "osm"}}, {"type": "Feature", "geometry": {"type": "Polygon", "coordinates": [[[-82.1855017, 35.6274834], [-82.1855526, 35.62734600000001], [-82.1855966, 35.6273568], [-82.1855456, 35.62749419999999], [-82.1855017, 35.6274834]]]}, "properties": {"id": "old_fort-000152", "damage_class": 0, "damage_label": "no-damage", "confidence": 1.0, "area_m2": 66.19, "centroid": [-82.185549, 35.62742], "confidence_tier": "high", "sources": {"heuristic": 0, "cnn": 0, "margin": 1.0}, "footprint_source": "osm"}}, {"type": "Feature", "geometry": {"type": "Polygon", "coordinates": [[[-82.1853214, 35.627309100000005], [-82.1853391, 35.6272617], [-82.1853757, 35.62727069999999], [-82.1853579, 35.6273181], [-82.1853214, 35.627309100000005]]]}, "properties": {"id": "old_fort-000153", "damage_class": 1, "damage_label": "minor-damage", "confidence": 0.85, "area_m2": 19.01, "centroid": [-82.185349, 35.62729], "confidence_tier": "high", "sources": {"heuristic": 0, "cnn": 1, "margin": 1.0}, "footprint_source": "osm"}}, {"type": "Feature", "geometry": {"type": "Polygon", "coordinates": [[[-82.1846427, 35.62679569999999], [-82.1846813, 35.6268046], [-82.1846599, 35.626866200000016], [-82.18462130000002, 35.62685729999999], [-82.1846427, 35.62679569999999]]]}, "properties": {"id": "old_fort-000154", "damage_class": 1, "damage_label": "minor-damage", "confidence": 0.85, "area_m2": 25.8, "centroid": [-82.184651, 35.626831], "confidence_tier": "high", "sources": {"heuristic": 0, "cnn": 1, "margin": 1.0}, "footprint_source": "osm"}}, {"type": "Feature", "geometry": {"type": "Polygon", "coordinates": [[[-82.18481980000001, 35.62711040000001], [-82.184834, 35.62707240000001], [-82.184889, 35.627086], [-82.1848748, 35.6271241], [-82.18481980000001, 35.62711040000001]]]}, "properties": {"id": "old_fort-000155", "damage_class": 3, "damage_label": "destroyed", "confidence": 0.7, "area_m2": 22.97, "centroid": [-82.184854, 35.627098], "confidence_tier": "review", "sources": {"heuristic": 0, "cnn": 3, "margin": 1.0}, "footprint_source": "osm"}}, {"type": "Feature", "geometry": {"type": "Polygon", "coordinates": [[[-82.1845013, 35.627053999999994], [-82.1845377, 35.6270594], [-82.1845307, 35.6270912], [-82.1844942, 35.627085900000004], [-82.1845013, 35.627053999999994]]]}, "properties": {"id": "old_fort-000156", "damage_class": 1, "damage_label": "minor-damage", "confidence": 0.85, "area_m2": 12.04, "centroid": [-82.184516, 35.627073], "confidence_tier": "high", "sources": {"heuristic": 0, "cnn": 1, "margin": 1.0}, "footprint_source": "osm"}}, {"type": "Feature", "geometry": {"type": "Polygon", "coordinates": [[[-82.18460560000001, 35.6271529], [-82.1845426, 35.627134700000006], [-82.1845536, 35.62710959999999], [-82.1846166, 35.6271279], [-82.18460560000001, 35.6271529]]]}, "properties": {"id": "old_fort-000157", "damage_class": 0, "damage_label": "no-damage", "confidence": 1.0, "area_m2": 17.87, "centroid": [-82.18458, 35.627131], "confidence_tier": "high", "sources": {"heuristic": 0, "cnn": 0, "margin": 1.0}, "footprint_source": "osm"}}, {"type": "Feature", "geometry": {"type": "Polygon", "coordinates": [[[-82.1855406, 35.6268413], [-82.1853408, 35.626762799999995], [-82.1853612, 35.6267284], [-82.1855611, 35.6268069], [-82.1855406, 35.6268413]]]}, "properties": {"id": "old_fort-000158", "damage_class": 1, "damage_label": "minor-damage", "confidence": 1.0, "area_m2": 85.19, "centroid": [-82.185451, 35.626785], "confidence_tier": "high", "sources": {"heuristic": 1, "cnn": 1, "margin": 1.0}, "footprint_source": "osm"}}, {"type": "Feature", "geometry": {"type": "Polygon", "coordinates": [[[-82.1852821, 35.626955099999996], [-82.1853069, 35.6268905], [-82.1854464, 35.62692599999998], [-82.1854216, 35.62699049999999], [-82.1852821, 35.626955099999996]]]}, "properties": {"id": "old_fort-000159", "damage_class": 0, "damage_label": "no-damage", "confidence": 1.0, "area_m2": 99.29, "centroid": [-82.185364, 35.626941], "confidence_tier": "high", "sources": {"heuristic": 0, "cnn": 0, "margin": 1.0}, "footprint_source": "osm"}}, {"type": "Feature", "geometry": {"type": "Polygon", "coordinates": [[[-82.1854484, 35.6270941], [-82.1854768, 35.627020800000004], [-82.185562, 35.6270426], [-82.1855336, 35.62711590000001], [-82.1854484, 35.6270941]]]}, "properties": {"id": "old_fort-000160", "damage_class": 0, "damage_label": "no-damage", "confidence": 1.0, "area_m2": 68.96, "centroid": [-82.185505, 35.627068], "confidence_tier": "high", "sources": {"heuristic": 0, "cnn": 0, "margin": 1.0}, "footprint_source": "osm"}}, {"type": "Feature", "geometry": {"type": "Polygon", "coordinates": [[[-82.1858982, 35.6280522], [-82.1858419, 35.6280375], [-82.1858561, 35.6280016], [-82.1859124, 35.6280163], [-82.1858982, 35.6280522]]]}, "properties": {"id": "old_fort-000161", "damage_class": 0, "damage_label": "no-damage", "confidence": 1.0, "area_m2": 22.4, "centroid": [-82.185877, 35.628027], "confidence_tier": "high", "sources": {"heuristic": 0, "cnn": 0, "margin": 1.0}, "footprint_source": "osm"}}, {"type": "Feature", "geometry": {"type": "Polygon", "coordinates": [[[-82.1859503, 35.62759779999999], [-82.1859154, 35.62768859999999], [-82.1858071, 35.62766109999998], [-82.1858155, 35.627639299999984], [-82.1858015, 35.6276358], [-82.1858658, 35.62746849999999], [-82.185952, 35.627490400000006], [-82.1859143, 35.6275886], [-82.1859503, 35.62759779999999]]]}, "properties": {"id": "old_fort-000162", "damage_class": 1, "damage_label": "minor-damage", "confidence": 1.0, "area_m2": 212.46, "centroid": [-82.185881, 35.627584], "confidence_tier": "high", "sources": {"heuristic": 1, "cnn": 1, "margin": 1.0}, "footprint_source": "osm"}}, {"type": "Feature", "geometry": {"type": "Polygon", "coordinates": [[[-82.1860958, 35.62772469999999], [-82.1860532, 35.627700499999996], [-82.1861001, 35.627646000000006], [-82.1861428, 35.62767019999999], [-82.1860958, 35.62772469999999]]]}, "properties": {"id": "old_fort-000163", "damage_class": 3, "damage_label": "destroyed", "confidence": 0.85, "area_m2": 34.76, "centroid": [-82.186098, 35.627685], "confidence_tier": "high", "sources": {"heuristic": 2, "cnn": 3, "margin": 1.0}, "footprint_source": "osm"}}, {"type": "Feature", "geometry": {"type": "Polygon", "coordinates": [[[-82.1854799, 35.627763599999994], [-82.1856112, 35.62780099999999], [-82.1855767, 35.627881], [-82.185446, 35.62784380000001], [-82.18544790000001, 35.6278394], [-82.1854216, 35.62783199999999], [-82.1854385, 35.6277929], [-82.1854641, 35.6278003], [-82.1854799, 35.627763599999994]]]}, "properties": {"id": "old_fort-000164", "damage_class": 1, "damage_label": "minor-damage", "confidence": 0.85, "area_m2": 129.75, "centroid": [-82.185521, 35.627822], "confidence_tier": "high", "sources": {"heuristic": 0, "cnn": 1, "margin": 1.0}, "footprint_source": "osm"}}, {"type": "Feature", "geometry": {"type": "Polygon", "coordinates": [[[-82.1858668, 35.627941199999995], [-82.1857293, 35.62791339999999], [-82.1857532, 35.6278354], [-82.1858906, 35.6278631], [-82.1858668, 35.627941199999995]]]}, "properties": {"id": "old_fort-000165", "damage_class": 1, "damage_label": "minor-damage", "confidence": 0.85, "area_m2": 114.42, "centroid": [-82.18581, 35.627888], "confidence_tier": "high", "sources": {"heuristic": 0, "cnn": 1, "margin": 1.0}, "footprint_source": "osm"}}, {"type": "Feature", "geometry": {"type": "Polygon", "coordinates": [[[-82.1821734, 35.6286872], [-82.1821572, 35.6284106], [-82.183167, 35.62837140000001], [-82.1831833, 35.628648000000005], [-82.1821734, 35.6286872]]]}, "properties": {"id": "old_fort-000166", "damage_class": 0, "damage_label": "no-damage", "confidence": 1.0, "area_m2": 2812.31, "centroid": [-82.18267, 35.628529], "confidence_tier": "high", "sources": {"heuristic": 0, "cnn": 0, "margin": 1.0}, "footprint_source": "osm"}}, {"type": "Feature", "geometry": {"type": "Polygon", "coordinates": [[[-82.194851, 35.62090719999999], [-82.1948255, 35.620827299999995], [-82.1949557, 35.62079980000001], [-82.1949811, 35.6208794], [-82.1949455, 35.620887], [-82.1949522, 35.62090789999999], [-82.1948906, 35.6209209], [-82.194884, 35.62090019999999], [-82.194851, 35.62090719999999]]]}, "properties": {"id": "old_fort-000167", "damage_class": 0, "damage_label": "no-damage", "confidence": 1.0, "area_m2": 125.1, "centroid": [-82.194905, 35.620859], "confidence_tier": "high", "sources": {"heuristic": 0, "cnn": 0, "margin": 1.0}, "footprint_source": "osm"}}, {"type": "Feature", "geometry": {"type": "Polygon", "coordinates": [[[-82.1945658, 35.6209228], [-82.19448, 35.6209446], [-82.1944707, 35.62092049999999], [-82.1943508, 35.62095109999999], [-82.1943381, 35.6209183], [-82.1945439, 35.62086579999999], [-82.1945658, 35.6209228]]]}, "properties": {"id": "old_fort-000168", "damage_class": 0, "damage_label": "no-damage", "confidence": 1.0, "area_m2": 97.33, "centroid": [-82.194464, 35.620912], "confidence_tier": "high", "sources": {"heuristic": 0, "cnn": 0, "margin": 1.0}, "footprint_source": "osm"}}, {"type": "Feature", "geometry": {"type": "Polygon", "coordinates": [[[-82.19477980000002, 35.62089699999999], [-82.1948359, 35.6209066], [-82.1948218, 35.620961099999995], [-82.1947657, 35.6209515], [-82.19477980000002, 35.62089699999999]]]}, "properties": {"id": "old_fort-000169", "damage_class": 0, "damage_label": "no-damage", "confidence": 0.85, "area_m2": 32.08, "centroid": [-82.194801, 35.620929], "confidence_tier": "high", "sources": {"heuristic": 1, "cnn": 0, "margin": 1.0}, "footprint_source": "osm"}}, {"type": "Feature", "geometry": {"type": "Polygon", "coordinates": [[[-82.1947915, 35.62074179999998], [-82.1947774, 35.62070359999999], [-82.194817, 35.62069399999999], [-82.1948311, 35.6207321], [-82.1947915, 35.62074179999998]]]}, "properties": {"id": "old_fort-000170", "damage_class": 1, "damage_label": "minor-damage", "confidence": 1.0, "area_m2": 16.54, "centroid": [-82.194804, 35.620718], "confidence_tier": "high", "sources": {"heuristic": 1, "cnn": 1, "margin": 1.0}, "footprint_source": "osm"}}, {"type": "Feature", "geometry": {"type": "Polygon", "coordinates": [[[-82.1951939, 35.62047639999999], [-82.1951347, 35.6204882], [-82.195144, 35.62051910000001], [-82.1950437, 35.620538999999994], [-82.1950107, 35.6204295], [-82.1951703, 35.62039779999999], [-82.1951939, 35.62047639999999]]]}, "properties": {"id": "old_fort-000171", "damage_class": 1, "damage_label": "minor-damage", "confidence": 1.0, "area_m2": 166.55, "centroid": [-82.1951, 35.620465], "confidence_tier": "high", "sources": {"heuristic": 1, "cnn": 1, "margin": 1.0}, "footprint_source": "osm"}}, {"type": "Feature", "geometry": {"type": "Polygon", "coordinates": [[[-82.1948832, 35.620599500000004], [-82.19487180000002, 35.62056919999999], [-82.1949072, 35.6205604], [-82.1949186, 35.620590699999994], [-82.1948832, 35.620599500000004]]]}, "properties": {"id": "old_fort-000172", "damage_class": 0, "damage_label": "no-damage", "confidence": 0.7, "area_m2": 11.78, "centroid": [-82.194895, 35.62058], "confidence_tier": "review", "sources": {"heuristic": 3, "cnn": 0, "margin": 1.0}, "footprint_source": "osm"}}, {"type": "Feature", "geometry": {"type": "Polygon", "coordinates": [[[-82.1946715, 35.62066509999999], [-82.19465640000001, 35.62062530000001], [-82.194867, 35.6205724], [-82.1948821, 35.6206122], [-82.1946715, 35.62066509999999]]]}, "properties": {"id": "old_fort-000173", "damage_class": 1, "damage_label": "minor-damage", "confidence": 1.0, "area_m2": 92.23, "centroid": [-82.194769, 35.620619], "confidence_tier": "high", "sources": {"heuristic": 1, "cnn": 1, "margin": 1.0}, "footprint_source": "osm"}}, {"type": "Feature", "geometry": {"type": "Polygon", "coordinates": [[[-82.1949566, 35.62060759999999], [-82.1949405, 35.620557399999996], [-82.194988, 35.6205473], [-82.1950041, 35.6205975], [-82.1949566, 35.62060759999999]]]}, "properties": {"id": "old_fort-000174", "damage_class": 0, "damage_label": "no-damage", "confidence": 0.7, "area_m2": 25.59, "centroid": [-82.194972, 35.620577], "confidence_tier": "review", "sources": {"heuristic": 3, "cnn": 0, "margin": 1.0}, "footprint_source": "osm"}}, {"type": "Feature", "geometry": {"type": "Polygon", "coordinates": [[[-82.19515350000002, 35.62058280000001], [-82.1950955, 35.62059339999999], [-82.1950849, 35.6205552], [-82.1951429, 35.6205446], [-82.19515350000002, 35.62058280000001]]]}, "properties": {"id": "old_fort-000175", "damage_class": 1, "damage_label": "minor-damage", "confidence": 0.7, "area_m2": 23.39, "centroid": [-82.195119, 35.620569], "confidence_tier": "review", "sources": {"heuristic": 3, "cnn": 1, "margin": 1.0}, "footprint_source": "osm"}}, {"type": "Feature", "geometry": {"type": "Polygon", "coordinates": [[[-82.198126, 35.6198781], [-82.1981225, 35.619861], [-82.1979317, 35.61988740000001], [-82.1979159, 35.6198116], [-82.1981976, 35.61977259999999], [-82.198217, 35.6198655], [-82.198126, 35.6198781]]]}, "properties": {"id": "old_fort-000176", "damage_class": 1, "damage_label": "minor-damage", "confidence": 0.85, "area_m2": 236.82, "centroid": [-82.198072, 35.619832], "confidence_tier": "high", "sources": {"heuristic": 2, "cnn": 1, "margin": 1.0}, "footprint_source": "osm"}}, {"type": "Feature", "geometry": {"type": "Polygon", "coordinates": [[[-82.2025492, 35.6193357], [-82.2025378, 35.619272999999986], [-82.2025679, 35.61926940000001], [-82.2025793, 35.61933209999999], [-82.2025492, 35.6193357]]]}, "properties": {"id": "old_fort-000177", "damage_class": 0, "damage_label": "no-damage", "confidence": 0.85, "area_m2": 19.37, "centroid": [-82.202559, 35.619303], "confidence_tier": "high", "sources": {"heuristic": 1, "cnn": 0, "margin": 1.0}, "footprint_source": "osm"}}, {"type": "Feature", "geometry": {"type": "Polygon", "coordinates": [[[-82.2024744, 35.6192756], [-82.20253, 35.6192684], [-82.2025438, 35.6193385], [-82.2024881, 35.61934569999999], [-82.2024744, 35.6192756]]]}, "properties": {"id": "old_fort-000178", "damage_class": 0, "damage_label": "no-damage", "confidence": 0.85, "area_m2": 40.19, "centroid": [-82.202509, 35.619307], "confidence_tier": "high", "sources": {"heuristic": 1, "cnn": 0, "margin": 1.0}, "footprint_source": "osm"}}, {"type": "Feature", "geometry": {"type": "Polygon", "coordinates": [[[-82.2027099, 35.6196335], [-82.202673, 35.61960179999999], [-82.20269030000001, 35.61958850000001], [-82.2027272, 35.61962009999999], [-82.2027099, 35.6196335]]]}, "properties": {"id": "old_fort-000179", "damage_class": 2, "damage_label": "major-damage", "confidence": 1.0, "area_m2": 10.45, "centroid": [-82.2027, 35.619611], "confidence_tier": "review", "sources": {"heuristic": 2, "cnn": 2, "margin": 1.0}, "footprint_source": "osm"}}, {"type": "Feature", "geometry": {"type": "Polygon", "coordinates": [[[-82.2026618, 35.6196067], [-82.2026028, 35.619558199999986], [-82.2026709, 35.6195035], [-82.2027299, 35.61955199999999], [-82.2026618, 35.6196067]]]}, "properties": {"id": "old_fort-000180", "damage_class": 1, "damage_label": "minor-damage", "confidence": 0.85, "area_m2": 65.61, "centroid": [-82.202666, 35.619555], "confidence_tier": "high", "sources": {"heuristic": 0, "cnn": 1, "margin": 1.0}, "footprint_source": "osm"}}, {"type": "Feature", "geometry": {"type": "Polygon", "coordinates": [[[-82.2022689, 35.619766199999994], [-82.2020904, 35.61975270000001], [-82.2020949, 35.61971309999999], [-82.2021143, 35.6197146], [-82.2021149, 35.6196773], [-82.202219, 35.619685200000006], [-82.2022155, 35.61971580000001], [-82.2021357, 35.6197098], [-82.2021348, 35.61971719999999], [-82.2022734, 35.619727600000004], [-82.2022689, 35.619766199999994]]]}, "properties": {"id": "old_fort-000181", "damage_class": 0, "damage_label": "no-damage", "confidence": 1.0, "area_m2": 103.87, "centroid": [-82.202176, 35.619726], "confidence_tier": "high", "sources": {"heuristic": 0, "cnn": 0, "margin": 1.0}, "footprint_source": "osm"}}, {"type": "Feature", "geometry": {"type": "Polygon", "coordinates": [[[-82.2004951, 35.62029510000001], [-82.20047, 35.6202532], [-82.200512, 35.62023940000001], [-82.2005334, 35.6202824], [-82.2004951, 35.62029510000001]]]}, "properties": {"id": "old_fort-000182", "damage_class": 2, "damage_label": "major-damage", "confidence": 0.7, "area_m2": 21.14, "centroid": [-82.200502, 35.620267], "confidence_tier": "review", "sources": {"heuristic": 0, "cnn": 2, "margin": 1.0}, "footprint_source": "osm"}}, {"type": "Feature", "geometry": {"type": "Polygon", "coordinates": [[[-82.2003095, 35.6202375], [-82.2002291, 35.6202631], [-82.2002112, 35.620226100000004], [-82.2002916, 35.620200399999995], [-82.2003095, 35.6202375]]]}, "properties": {"id": "old_fort-000183", "damage_class": 0, "damage_label": "no-damage", "confidence": 1.0, "area_m2": 34.54, "centroid": [-82.20026, 35.620232], "confidence_tier": "high", "sources": {"heuristic": 0, "cnn": 0, "margin": 1.0}, "footprint_source": "osm"}}, {"type": "Feature", "geometry": {"type": "Polygon", "coordinates": [[[-82.2001875, 35.62041760000001], [-82.2001005, 35.6204453], [-82.2000603, 35.62036189999999], [-82.2001472, 35.6203342], [-82.2001875, 35.62041760000001]]]}, "properties": {"id": "old_fort-000184", "damage_class": 0, "damage_label": "no-damage", "confidence": 0.7, "area_m2": 84.05, "centroid": [-82.200124, 35.62039], "confidence_tier": "review", "sources": {"heuristic": 2, "cnn": 0, "margin": 1.0}, "footprint_source": "osm"}}, {"type": "Feature", "geometry": {"type": "Polygon", "coordinates": [[[-82.1968274, 35.6200746], [-82.19686, 35.62014529999999], [-82.1968318, 35.62015389999999], [-82.1968405, 35.62017259999999], [-82.1967404, 35.6202031], [-82.1966991, 35.6201137], [-82.1968274, 35.6200746]]]}, "properties": {"id": "old_fort-000185", "damage_class": 0, "damage_label": "no-damage", "confidence": 0.7, "area_m2": 125.38, "centroid": [-82.196781, 35.620138], "confidence_tier": "review", "sources": {"heuristic": 2, "cnn": 0, "margin": 1.0}, "footprint_source": "osm"}}, {"type": "Feature", "geometry": {"type": "Polygon", "coordinates": [[[-82.19651820000001, 35.62025919999999], [-82.1964016, 35.6202857], [-82.1963757, 35.6202104], [-82.1964924, 35.620183899999994], [-82.1964952, 35.620192199999984], [-82.1965264, 35.62018510000001], [-82.1965473, 35.62024600000001], [-82.1965161, 35.62025309999999], [-82.19651820000001, 35.62025919999999]]]}, "properties": {"id": "old_fort-000186", "damage_class": 0, "damage_label": "no-damage", "confidence": 0.7, "area_m2": 115.69, "centroid": [-82.19646, 35.620232], "confidence_tier": "review", "sources": {"heuristic": 2, "cnn": 0, "margin": 1.0}, "footprint_source": "osm"}}, {"type": "Feature", "geometry": {"type": "Polygon", "coordinates": [[[-82.1960803, 35.62035769999999], [-82.19605, 35.62027809999999], [-82.19612360000002, 35.6202596], [-82.1961176, 35.6202439], [-82.1961702, 35.6202307], [-82.196176, 35.6202461], [-82.1961843, 35.620244], [-82.1961917, 35.6202634], [-82.1962317, 35.6202534], [-82.1962587, 35.6203244], [-82.1961604, 35.620349100000006], [-82.1961564, 35.62033859999999], [-82.1960803, 35.62035769999999]]]}, "properties": {"id": "old_fort-000187", "damage_class": 1, "damage_label": "minor-damage", "confidence": 0.7, "area_m2": 164.92, "centroid": [-82.196153, 35.620298], "confidence_tier": "review", "sources": {"heuristic": 3, "cnn": 1, "margin": 1.0}, "footprint_source": "osm"}}, {"type": "Feature", "geometry": {"type": "Polygon", "coordinates": [[[-82.1957785, 35.6203895], [-82.1957595, 35.6203227], [-82.1959104, 35.620294499999986], [-82.1959331, 35.62037459999999], [-82.1958635, 35.62038770000001], [-82.1958597, 35.62037429999999], [-82.1957785, 35.6203895]]]}, "properties": {"id": "old_fort-000188", "damage_class": 0, "damage_label": "no-damage", "confidence": 0.85, "area_m2": 116.44, "centroid": [-82.195849, 35.620345], "confidence_tier": "high", "sources": {"heuristic": 1, "cnn": 0, "margin": 1.0}, "footprint_source": "osm"}}, {"type": "Feature", "geometry": {"type": "Polygon", "coordinates": [[[-82.1958233, 35.62014239999999], [-82.1957991, 35.620056299999995], [-82.1958701, 35.62004309999999], [-82.1958943, 35.6201292], [-82.1958233, 35.62014239999999]]]}, "properties": {"id": "old_fort-000189", "damage_class": 2, "damage_label": "major-damage", "confidence": 0.7, "area_m2": 64.62, "centroid": [-82.195847, 35.620093], "confidence_tier": "review", "sources": {"heuristic": 0, "cnn": 2, "margin": 1.0}, "footprint_source": "osm"}}, {"type": "Feature", "geometry": {"type": "Polygon", "coordinates": [[[-82.1961646, 35.6201416], [-82.1961006, 35.6201525], [-82.1960887, 35.62010660000001], [-82.1961528, 35.6200957], [-82.1961646, 35.6201416]]]}, "properties": {"id": "old_fort-000190", "damage_class": 2, "damage_label": "major-damage", "confidence": 1.0, "area_m2": 30.83, "centroid": [-82.196127, 35.620124], "confidence_tier": "high", "sources": {"heuristic": 2, "cnn": 2, "margin": 1.0}, "footprint_source": "osm"}}, {"type": "Feature", "geometry": {"type": "Polygon", "coordinates": [[[-82.1962309, 35.6200826], [-82.1961572, 35.62009520000001], [-82.1961484, 35.620061099999994], [-82.1962222, 35.620048600000004], [-82.1962309, 35.6200826]]]}, "properties": {"id": "old_fort-000191", "damage_class": 3, "damage_label": "destroyed", "confidence": 0.85, "area_m2": 26.33, "centroid": [-82.19619, 35.620072], "confidence_tier": "high", "sources": {"heuristic": 2, "cnn": 3, "margin": 1.0}, "footprint_source": "osm"}}, {"type": "Feature", "geometry": {"type": "Polygon", "coordinates": [[[-82.1967594, 35.620087399999996], [-82.1966987, 35.62010669999999], [-82.1966775, 35.6200627], [-82.1967382, 35.62004339999999], [-82.1967594, 35.620087399999996]]]}, "properties": {"id": "old_fort-000192", "damage_class": 0, "damage_label": "no-damage", "confidence": 1.0, "area_m2": 30.94, "centroid": [-82.196718, 35.620075], "confidence_tier": "high", "sources": {"heuristic": 0, "cnn": 0, "margin": 1.0}, "footprint_source": "osm"}}, {"type": "Feature", "geometry": {"type": "Polygon", "coordinates": [[[-82.1974014, 35.61946990000001], [-82.1973799, 35.619419699999995], [-82.1974211, 35.6194081], [-82.1974426, 35.6194582], [-82.1974014, 35.61946990000001]]]}, "properties": {"id": "old_fort-000193", "damage_class": 2, "damage_label": "major-damage", "confidence": 0.7, "area_m2": 23.27, "centroid": [-82.197411, 35.619439], "confidence_tier": "review", "sources": {"heuristic": 0, "cnn": 2, "margin": 1.0}, "footprint_source": "osm"}}, {"type": "Feature", "geometry": {"type": "Polygon", "coordinates": [[[-82.1980563, 35.6193431], [-82.1979511, 35.6193671], [-82.1979287, 35.61930230000001], [-82.198034, 35.61927839999999], [-82.1980563, 35.6193431]]]}, "properties": {"id": "old_fort-000194", "damage_class": 0, "damage_label": "no-damage", "confidence": 1.0, "area_m2": 73.84, "centroid": [-82.197993, 35.619323], "confidence_tier": "high", "sources": {"heuristic": 0, "cnn": 0, "margin": 1.0}, "footprint_source": "osm"}}, {"type": "Feature", "geometry": {"type": "Polygon", "coordinates": [[[-82.1974799, 35.6198046], [-82.1974169, 35.6196329], [-82.1974607, 35.619622299999996], [-82.1975237, 35.61979399999999], [-82.1974799, 35.6198046]]]}, "properties": {"id": "old_fort-000195", "damage_class": 1, "damage_label": "minor-damage", "confidence": 0.85, "area_m2": 82.26, "centroid": [-82.19747, 35.619713], "confidence_tier": "high", "sources": {"heuristic": 0, "cnn": 1, "margin": 1.0}, "footprint_source": "osm"}}, {"type": "Feature", "geometry": {"type": "Polygon", "coordinates": [[[-82.1967867, 35.6199268], [-82.1967418, 35.61981890000001], [-82.1968183, 35.6197978], [-82.1968632, 35.61990579999999], [-82.1967867, 35.6199268]]]}, "properties": {"id": "old_fort-000196", "damage_class": 1, "damage_label": "minor-damage", "confidence": 0.85, "area_m2": 92.46, "centroid": [-82.196803, 35.619862], "confidence_tier": "high", "sources": {"heuristic": 0, "cnn": 1, "margin": 1.0}, "footprint_source": "osm"}}, {"type": "Feature", "geometry": {"type": "Polygon", "coordinates": [[[-82.196345, 35.6209539], [-82.1963162, 35.6208687], [-82.1964971, 35.6208283], [-82.1965389, 35.620952200000005], [-82.1964446, 35.62097320000001], [-82.1964316, 35.620934600000005], [-82.196345, 35.6209539]]]}, "properties": {"id": "old_fort-000197", "damage_class": 1, "damage_label": "minor-damage", "confidence": 0.85, "area_m2": 205.9, "centroid": [-82.196433, 35.620901], "confidence_tier": "high", "sources": {"heuristic": 2, "cnn": 1, "margin": 1.0}, "footprint_source": "osm"}}, {"type": "Feature", "geometry": {"type": "Polygon", "coordinates": [[[-82.1961686, 35.620897799999995], [-82.1961759, 35.620945299999995], [-82.1961431, 35.620948600000006], [-82.1961459, 35.62096749999999], [-82.1960059, 35.62098159999999], [-82.195993, 35.62089649999999], [-82.1961327, 35.62088249999999], [-82.1961356, 35.620901199999984], [-82.1961686, 35.620897799999995]]]}, "properties": {"id": "old_fort-000198", "damage_class": 0, "damage_label": "no-damage", "confidence": 1.0, "area_m2": 137.31, "centroid": [-82.196079, 35.620931], "confidence_tier": "high", "sources": {"heuristic": 0, "cnn": 0, "margin": 1.0}, "footprint_source": "osm"}}, {"type": "Feature", "geometry": {"type": "Polygon", "coordinates": [[[-82.1962352, 35.621005999999994], [-82.1962196, 35.6209766], [-82.1962692, 35.6209592], [-82.1962849, 35.62098859999999], [-82.1962352, 35.621005999999994]]]}, "properties": {"id": "old_fort-000199", "damage_class": 0, "damage_label": "no-damage", "confidence": 0.7, "area_m2": 17.4, "centroid": [-82.196252, 35.620983], "confidence_tier": "review", "sources": {"heuristic": 3, "cnn": 0, "margin": 1.0}, "footprint_source": "osm"}}, {"type": "Feature", "geometry": {"type": "Polygon", "coordinates": [[[-82.1962012, 35.620965399999996], [-82.1961858, 35.6209117], [-82.1962416, 35.6209011], [-82.19625700000002, 35.62095480000001], [-82.1962012, 35.620965399999996]]]}, "properties": {"id": "old_fort-000200", "damage_class": 0, "damage_label": "no-damage", "confidence": 0.7, "area_m2": 31.74, "centroid": [-82.196221, 35.620933], "confidence_tier": "review", "sources": {"heuristic": 3, "cnn": 0, "margin": 1.0}, "footprint_source": "osm"}}, {"type": "Feature", "geometry": {"type": "Polygon", "coordinates": [[[-82.1970471, 35.620653100000006], [-82.1969519, 35.62067649999999], [-82.1969396, 35.62064350000001], [-82.1968964, 35.6206541], [-82.1968683, 35.620578399999985], [-82.1970068, 35.6205445], [-82.1970471, 35.620653100000006]]]}, "properties": {"id": "old_fort-000201", "damage_class": 1, "damage_label": "minor-damage", "confidence": 1.0, "area_m2": 149.28, "centroid": [-82.196961, 35.620611], "confidence_tier": "high", "sources": {"heuristic": 1, "cnn": 1, "margin": 1.0}, "footprint_source": "osm"}}, {"type": "Feature", "geometry": {"type": "Polygon", "coordinates": [[[-82.197081, 35.620829099999995], [-82.1970659, 35.620787099999994], [-82.1971036, 35.620778200000004], [-82.1971187, 35.62082010000001], [-82.197081, 35.620829099999995]]]}, "properties": {"id": "old_fort-000202", "damage_class": 2, "damage_label": "major-damage", "confidence": 0.85, "area_m2": 17.25, "centroid": [-82.197092, 35.620804], "confidence_tier": "high", "sources": {"heuristic": 3, "cnn": 2, "margin": 1.0}, "footprint_source": "osm"}}, {"type": "Feature", "geometry": {"type": "Polygon", "coordinates": [[[-82.1967069, 35.62098339999999], [-82.1966935, 35.620942299999996], [-82.1967278, 35.6209349], [-82.1967412, 35.620976000000006], [-82.1967069, 35.62098339999999]]]}, "properties": {"id": "old_fort-000203", "damage_class": 0, "damage_label": "no-damage", "confidence": 1.0, "area_m2": 15.16, "centroid": [-82.196717, 35.620959], "confidence_tier": "high", "sources": {"heuristic": 0, "cnn": 0, "margin": 1.0}, "footprint_source": "osm"}}, {"type": "Feature", "geometry": {"type": "Polygon", "coordinates": [[[-82.1966114, 35.6210281], [-82.196592, 35.6209583], [-82.1966688, 35.62094419999999], [-82.1966882, 35.621013899999994], [-82.1966114, 35.6210281]]]}, "properties": {"id": "old_fort-000204", "damage_class": 2, "damage_label": "major-damage", "confidence": 0.7, "area_m2": 56.57, "centroid": [-82.19664, 35.620986], "confidence_tier": "review", "sources": {"heuristic": 0, "cnn": 2, "margin": 1.0}, "footprint_source": "osm"}}, {"type": "Feature", "geometry": {"type": "Polygon", "coordinates": [[[-82.1966541, 35.621510699999995], [-82.1966055, 35.62159109999999], [-82.196538, 35.621564199999995], [-82.1965866, 35.6214838], [-82.1966541, 35.621510699999995]]]}, "properties": {"id": "old_fort-000205", "damage_class": 1, "damage_label": "minor-damage", "confidence": 0.7, "area_m2": 67.66, "centroid": [-82.196596, 35.621537], "confidence_tier": "review", "sources": {"heuristic": 3, "cnn": 1, "margin": 1.0}, "footprint_source": "osm"}}, {"type": "Feature", "geometry": {"type": "Polygon", "coordinates": [[[-82.1969732, 35.621513799999995], [-82.1969819, 35.621470599999995], [-82.19723470000001, 35.621504099999996], [-82.197226, 35.6215473], [-82.1969732, 35.621513799999995]]]}, "properties": {"id": "old_fort-000206", "damage_class": 1, "damage_label": "minor-damage", "confidence": 0.85, "area_m2": 112.64, "centroid": [-82.197104, 35.621509], "confidence_tier": "high", "sources": {"heuristic": 2, "cnn": 1, "margin": 1.0}, "footprint_source": "osm"}}, {"type": "Feature", "geometry": {"type": "Polygon", "coordinates": [[[-82.1972994, 35.621587], [-82.1972461, 35.62158349999999], [-82.1972485, 35.62156039999999], [-82.1973018, 35.6215639], [-82.1972994, 35.621587]]]}, "properties": {"id": "old_fort-000207", "damage_class": 3, "damage_label": "destroyed", "confidence": 0.7, "area_m2": 12.45, "centroid": [-82.197274, 35.621574], "confidence_tier": "review", "sources": {"heuristic": 0, "cnn": 3, "margin": 1.0}, "footprint_source": "osm"}}, {"type": "Feature", "geometry": {"type": "Polygon", "coordinates": [[[-82.1959117, 35.622454], [-82.1959045, 35.62237619999999], [-82.1960553, 35.6223669], [-82.1960626, 35.6224448], [-82.1959117, 35.622454]]]}, "properties": {"id": "old_fort-000208", "damage_class": 0, "damage_label": "no-damage", "confidence": 1.0, "area_m2": 118.65, "centroid": [-82.195984, 35.62241], "confidence_tier": "high", "sources": {"heuristic": 0, "cnn": 0, "margin": 1.0}, "footprint_source": "osm"}}, {"type": "Feature", "geometry": {"type": "Polygon", "coordinates": [[[-82.1960684, 35.622437199999986], [-82.1960651, 35.6223895], [-82.1961078, 35.622387499999995], [-82.1961112, 35.622435200000005], [-82.1960684, 35.622437199999986]]]}, "properties": {"id": "old_fort-000209", "damage_class": 0, "damage_label": "no-damage", "confidence": 1.0, "area_m2": 20.55, "centroid": [-82.196088, 35.622412], "confidence_tier": "high", "sources": {"heuristic": 0, "cnn": 0, "margin": 1.0}, "footprint_source": "osm"}}, {"type": "Feature", "geometry": {"type": "Polygon", "coordinates": [[[-82.1964522, 35.6223276], [-82.1964234, 35.622275900000005], [-82.1964871, 35.6222525], [-82.1965159, 35.622304099999994], [-82.1964522, 35.6223276]]]}, "properties": {"id": "old_fort-000210", "damage_class": 0, "damage_label": "no-damage", "confidence": 1.0, "area_m2": 39.84, "centroid": [-82.19647, 35.62229], "confidence_tier": "high", "sources": {"heuristic": 0, "cnn": 0, "margin": 1.0}, "footprint_source": "osm"}}, {"type": "Feature", "geometry": {"type": "Polygon", "coordinates": [[[-82.1963182, 35.62226069999999], [-82.19628, 35.6221923], [-82.1963181, 35.6221782], [-82.1963563, 35.62224659999999], [-82.1963182, 35.62226069999999]]]}, "properties": {"id": "old_fort-000211", "damage_class": 0, "damage_label": "no-damage", "confidence": 0.85, "area_m2": 31.59, "centroid": [-82.196318, 35.622219], "confidence_tier": "high", "sources": {"heuristic": 1, "cnn": 0, "margin": 1.0}, "footprint_source": "osm"}}, {"type": "Feature", "geometry": {"type": "Polygon", "coordinates": [[[-82.1964702, 35.6221926], [-82.1964997, 35.62224609999999], [-82.1963831, 35.6222886], [-82.1963167, 35.6221681], [-82.1964111, 35.6221337], [-82.196448, 35.6222007], [-82.1964702, 35.6221926]]]}, "properties": {"id": "old_fort-000212", "damage_class": 1, "damage_label": "minor-damage", "confidence": 0.85, "area_m2": 151.54, "centroid": [-82.196404, 35.622212], "confidence_tier": "high", "sources": {"heuristic": 2, "cnn": 1, "margin": 1.0}, "footprint_source": "osm"}}, {"type": "Feature", "geometry": {"type": "Polygon", "coordinates": [[[-82.19590820000002, 35.621780799999996], [-82.1959322, 35.62186049999999], [-82.1958329, 35.6218802], [-82.1958379, 35.621896800000016], [-82.1957909, 35.6219062], [-82.1957619, 35.6218099], [-82.19590820000002, 35.621780799999996]]]}, "properties": {"id": "old_fort-000213", "damage_class": 1, "damage_label": "minor-damage", "confidence": 0.7, "area_m2": 132.43, "centroid": [-82.195845, 35.621839], "confidence_tier": "review", "sources": {"heuristic": 3, "cnn": 1, "margin": 1.0}, "footprint_source": "osm"}}, {"type": "Feature", "geometry": {"type": "Polygon", "coordinates": [[[-82.1958557, 35.6219885], [-82.1958377, 35.62193829999999], [-82.1959101, 35.621921099999994], [-82.1959281, 35.6219714], [-82.1958557, 35.6219885]]]}, "properties": {"id": "old_fort-000214", "damage_class": 2, "damage_label": "major-damage", "confidence": 0.7, "area_m2": 39.65, "centroid": [-82.195883, 35.621955], "confidence_tier": "review", "sources": {"heuristic": 0, "cnn": 2, "margin": 1.0}, "footprint_source": "osm"}}, {"type": "Feature", "geometry": {"type": "Polygon", "coordinates": [[[-82.1954484, 35.62235479999999], [-82.1954463, 35.62228929999999], [-82.1955402, 35.6222874], [-82.1955422, 35.6223529], [-82.1954484, 35.62235479999999]]]}, "properties": {"id": "old_fort-000215", "damage_class": 1, "damage_label": "minor-damage", "confidence": 0.85, "area_m2": 61.79, "centroid": [-82.195494, 35.622321], "confidence_tier": "high", "sources": {"heuristic": 0, "cnn": 1, "margin": 1.0}, "footprint_source": "osm"}}, {"type": "Feature", "geometry": {"type": "Polygon", "coordinates": [[[-82.1974973, 35.6252213], [-82.1974832, 35.6251777], [-82.1975227, 35.6251693], [-82.1975368, 35.6252129], [-82.1974973, 35.6252213]]]}, "properties": {"id": "old_fort-000216", "damage_class": 2, "damage_label": "major-damage", "confidence": 0.7, "area_m2": 18.49, "centroid": [-82.19751, 35.625195], "confidence_tier": "review", "sources": {"heuristic": 0, "cnn": 2, "margin": 1.0}, "footprint_source": "osm"}}, {"type": "Feature", "geometry": {"type": "Polygon", "coordinates": [[[-82.1979254, 35.625120499999994], [-82.1979233, 35.625073], [-82.1979789, 35.62507130000001], [-82.197981, 35.6251188], [-82.1979254, 35.625120499999994]]]}, "properties": {"id": "old_fort-000217", "damage_class": 2, "damage_label": "major-damage", "confidence": 0.85, "area_m2": 26.57, "centroid": [-82.197952, 35.625096], "confidence_tier": "high", "sources": {"heuristic": 1, "cnn": 2, "margin": 1.0}, "footprint_source": "osm"}}, {"type": "Feature", "geometry": {"type": "Polygon", "coordinates": [[[-82.1977841, 35.6250103], [-82.197809, 35.625059399999984], [-82.1976263, 35.62512069999999], [-82.1975904, 35.6250499], [-82.1977574, 35.62499389999999], [-82.1977684, 35.625015499999996], [-82.1977841, 35.6250103]]]}, "properties": {"id": "old_fort-000218", "damage_class": 1, "damage_label": "minor-damage", "confidence": 0.85, "area_m2": 148.03, "centroid": [-82.197698, 35.625056], "confidence_tier": "high", "sources": {"heuristic": 0, "cnn": 1, "margin": 1.0}, "footprint_source": "osm"}}, {"type": "Feature", "geometry": {"type": "Polygon", "coordinates": [[[-82.1955876, 35.6246906], [-82.1956142, 35.624567500000005], [-82.1959653, 35.6246187], [-82.1959509, 35.62468410000001], [-82.1957917, 35.6246609], [-82.195779, 35.62471849999999], [-82.1955876, 35.6246906]]]}, "properties": {"id": "old_fort-000219", "damage_class": 1, "damage_label": "minor-damage", "confidence": 1.0, "area_m2": 352.43, "centroid": [-82.195752, 35.624642], "confidence_tier": "high", "sources": {"heuristic": 1, "cnn": 1, "margin": 1.0}, "footprint_source": "osm"}}, {"type": "Feature", "geometry": {"type": "Polygon", "coordinates": [[[-82.1950497, 35.62520580000001], [-82.1950179, 35.6251908], [-82.1950427, 35.6251559], [-82.1950745, 35.62517089999999], [-82.1950497, 35.62520580000001]]]}, "properties": {"id": "old_fort-000220", "damage_class": 2, "damage_label": "major-damage", "confidence": 0.7, "area_m2": 14.89, "centroid": [-82.195046, 35.625181], "confidence_tier": "review", "sources": {"heuristic": 0, "cnn": 2, "margin": 1.0}, "footprint_source": "osm"}}, {"type": "Feature", "geometry": {"type": "Polygon", "coordinates": [[[-82.1948831, 35.625361899999994], [-82.1948807, 35.6253297], [-82.194937, 35.625326900000005], [-82.1949394, 35.62535919999999], [-82.1948831, 35.625361899999994]]]}, "properties": {"id": "old_fort-000221", "damage_class": 1, "damage_label": "minor-damage", "confidence": 0.85, "area_m2": 18.31, "centroid": [-82.19491, 35.625344], "confidence_tier": "high", "sources": {"heuristic": 0, "cnn": 1, "margin": 1.0}, "footprint_source": "osm"}}, {"type": "Feature", "geometry": {"type": "Polygon", "coordinates": [[[-82.1935199, 35.62564799999999], [-82.1935618, 35.6256631], [-82.1935277, 35.6257256], [-82.1935356, 35.6257285], [-82.1935142, 35.625767599999996], [-82.1934314, 35.6257377], [-82.1934528, 35.6256985], [-82.1934859, 35.6257105], [-82.1935199, 35.62564799999999]]]}, "properties": {"id": "old_fort-000222", "damage_class": 0, "damage_label": "no-damage", "confidence": 1.0, "area_m2": 70.45, "centroid": [-82.193501, 35.625712], "confidence_tier": "high", "sources": {"heuristic": 0, "cnn": 0, "margin": 1.0}, "footprint_source": "osm"}}, {"type": "Feature", "geometry": {"type": "Polygon", "coordinates": [[[-82.1937328, 35.625476600000006], [-82.193593, 35.625380099999994], [-82.19365500000002, 35.6253208], [-82.1937948, 35.6254173], [-82.1937328, 35.625476600000006]]]}, "properties": {"id": "old_fort-000223", "damage_class": 1, "damage_label": "minor-damage", "confidence": 0.85, "area_m2": 143.39, "centroid": [-82.193694, 35.625399], "confidence_tier": "high", "sources": {"heuristic": 0, "cnn": 1, "margin": 1.0}, "footprint_source": "osm"}}, {"type": "Feature", "geometry": {"type": "Polygon", "coordinates": [[[-82.192807, 35.625222799999996], [-82.1928097, 35.6251837], [-82.1928591, 35.625185800000004], [-82.1928565, 35.625225], [-82.192807, 35.625222799999996]]]}, "properties": {"id": "old_fort-000224", "damage_class": 0, "damage_label": "no-damage", "confidence": 0.85, "area_m2": 19.51, "centroid": [-82.192833, 35.625204], "confidence_tier": "high", "sources": {"heuristic": 1, "cnn": 0, "margin": 1.0}, "footprint_source": "osm"}}, {"type": "Feature", "geometry": {"type": "Polygon", "coordinates": [[[-82.1927927, 35.6251326], [-82.1928044, 35.6250775], [-82.1928406, 35.6250826], [-82.1928288, 35.625137599999995], [-82.1927927, 35.6251326]]]}, "properties": {"id": "old_fort-000225", "damage_class": 0, "damage_label": "no-damage", "confidence": 1.0, "area_m2": 20.59, "centroid": [-82.192817, 35.625108], "confidence_tier": "high", "sources": {"heuristic": 0, "cnn": 0, "margin": 1.0}, "footprint_source": "osm"}}, {"type": "Feature", "geometry": {"type": "Polygon", "coordinates": [[[-82.1922942, 35.6255851], [-82.1922942, 35.625563099999994], [-82.1923427, 35.6255631], [-82.1923427, 35.6255851], [-82.1922942, 35.6255851]]]}, "properties": {"id": "old_fort-000226", "damage_class": 2, "damage_label": "major-damage", "confidence": 0.85, "area_m2": 10.72, "centroid": [-82.192318, 35.625574], "confidence_tier": "review", "sources": {"heuristic": 3, "cnn": 2, "margin": 1.0}, "footprint_source": "osm"}}, {"type": "Feature", "geometry": {"type": "Polygon", "coordinates": [[[-82.19240320000002, 35.6260504], [-82.1923065, 35.626055999999984], [-82.1922916, 35.6258854], [-82.192388, 35.6258798], [-82.1923916, 35.62592070000001], [-82.1924308, 35.625918399999996], [-82.1924338, 35.625952], [-82.1923948, 35.6259543], [-82.19240320000002, 35.6260504]]]}, "properties": {"id": "old_fort-000227", "damage_class": 0, "damage_label": "no-damage", "confidence": 1.0, "area_m2": 179.67, "centroid": [-82.192352, 35.625966], "confidence_tier": "high", "sources": {"heuristic": 0, "cnn": 0, "margin": 1.0}, "footprint_source": "osm"}}, {"type": "Feature", "geometry": {"type": "Polygon", "coordinates": [[[-82.1925237, 35.6260879], [-82.1925488, 35.626089400000005], [-82.1925451, 35.626131900000004], [-82.1925201, 35.62613050000001], [-82.1925237, 35.6260879]]]}, "properties": {"id": "old_fort-000228", "damage_class": 0, "damage_label": "no-damage", "confidence": 0.85, "area_m2": 10.76, "centroid": [-82.192534, 35.62611], "confidence_tier": "review", "sources": {"heuristic": 1, "cnn": 0, "margin": 1.0}, "footprint_source": "osm"}}, {"type": "Feature", "geometry": {"type": "Polygon", "coordinates": [[[-82.1924811, 35.6262035], [-82.1924969, 35.6261338], [-82.1925623, 35.6261435], [-82.1925465, 35.6262133], [-82.1924811, 35.6262035]]]}, "properties": {"id": "old_fort-000229", "damage_class": 0, "damage_label": "no-damage", "confidence": 0.7, "area_m2": 47.37, "centroid": [-82.192522, 35.626174], "confidence_tier": "review", "sources": {"heuristic": 2, "cnn": 0, "margin": 1.0}, "footprint_source": "osm"}}, {"type": "Feature", "geometry": {"type": "Polygon", "coordinates": [[[-82.1923219, 35.6265597], [-82.1922782, 35.6265434], [-82.1923708, 35.62637939999999], [-82.1924144, 35.626395599999995], [-82.1923219, 35.6265597]]]}, "properties": {"id": "old_fort-000230", "damage_class": 2, "damage_label": "major-damage", "confidence": 0.85, "area_m2": 87.04, "centroid": [-82.192346, 35.62647], "confidence_tier": "high", "sources": {"heuristic": 1, "cnn": 2, "margin": 1.0}, "footprint_source": "osm"}}, {"type": "Feature", "geometry": {"type": "Polygon", "coordinates": [[[-82.192158, 35.6267044], [-82.19223480000001, 35.626736699999995], [-82.1921808, 35.62682149999999], [-82.192104, 35.62678910000001], [-82.192158, 35.6267044]]]}, "properties": {"id": "old_fort-000231", "damage_class": 2, "damage_label": "major-damage", "confidence": 0.7, "area_m2": 82.93, "centroid": [-82.192169, 35.626763], "confidence_tier": "review", "sources": {"heuristic": 0, "cnn": 2, "margin": 1.0}, "footprint_source": "osm"}}, {"type": "Feature", "geometry": {"type": "Polygon", "coordinates": [[[-82.19167, 35.6266457], [-82.1917559, 35.6267011], [-82.1916541, 35.626805499999996], [-82.1915681, 35.6267501], [-82.19160350000001, 35.6267139], [-82.1915755, 35.6266959], [-82.1916132, 35.62665729999999], [-82.1916412, 35.626675299999995], [-82.19167, 35.6266457]]]}, "properties": {"id": "old_fort-000232", "damage_class": 1, "damage_label": "minor-damage", "confidence": 0.85, "area_m2": 164.44, "centroid": [-82.191656, 35.626721], "confidence_tier": "high", "sources": {"heuristic": 0, "cnn": 1, "margin": 1.0}, "footprint_source": "osm"}}, {"type": "Feature", "geometry": {"type": "Polygon", "coordinates": [[[-82.1908645, 35.62688750000001], [-82.1909378, 35.6269299], [-82.1908693, 35.6270082], [-82.19079580000002, 35.626965799999994], [-82.1908095, 35.626950099999995], [-82.1907366, 35.626908], [-82.1907828, 35.626855099999986], [-82.190856, 35.6268973], [-82.1908645, 35.62688750000001]]]}, "properties": {"id": "old_fort-000233", "damage_class": 1, "damage_label": "minor-damage", "confidence": 1.0, "area_m2": 145.36, "centroid": [-82.190838, 35.62693], "confidence_tier": "high", "sources": {"heuristic": 1, "cnn": 1, "margin": 1.0}, "footprint_source": "osm"}}, {"type": "Feature", "geometry": {"type": "Polygon", "coordinates": [[[-82.1909305, 35.62698779999999], [-82.1909048, 35.6269725], [-82.1909337, 35.6269406], [-82.1909593, 35.6269559], [-82.1909305, 35.62698779999999]]]}, "properties": {"id": "old_fort-000234", "damage_class": 1, "damage_label": "minor-damage", "confidence": 0.85, "area_m2": 12.65, "centroid": [-82.190932, 35.626964], "confidence_tier": "high", "sources": {"heuristic": 2, "cnn": 1, "margin": 1.0}, "footprint_source": "osm"}}, {"type": "Feature", "geometry": {"type": "Polygon", "coordinates": [[[-82.1908674, 35.62740610000001], [-82.1908226, 35.627407600000005], [-82.1908193, 35.6273413], [-82.1907932, 35.62734210000001], [-82.1907902, 35.6272822], [-82.1908162, 35.6272813], [-82.190812, 35.62719779999998], [-82.1908568, 35.6271963], [-82.1908588, 35.62723729999999], [-82.1908863, 35.62723639999999], [-82.1908885, 35.62727999999999], [-82.1908611, 35.62728090000001], [-82.1908674, 35.62740610000001]]]}, "properties": {"id": "old_fort-000235", "damage_class": 0, "damage_label": "no-damage", "confidence": 1.0, "area_m2": 122.31, "centroid": [-82.190839, 35.627299], "confidence_tier": "high", "sources": {"heuristic": 0, "cnn": 0, "margin": 1.0}, "footprint_source": "osm"}}, {"type": "Feature", "geometry": {"type": "Polygon", "coordinates": [[[-82.19092480000002, 35.6272445], [-82.1909398, 35.62722070000001], [-82.190979, 35.6272371], [-82.190964, 35.6272609], [-82.19092480000002, 35.6272445]]]}, "properties": {"id": "old_fort-000236", "damage_class": 2, "damage_label": "major-damage", "confidence": 1.0, "area_m2": 11.84, "centroid": [-82.190952, 35.627241], "confidence_tier": "review", "sources": {"heuristic": 2, "cnn": 2, "margin": 1.0}, "footprint_source": "osm"}}, {"type": "Feature", "geometry": {"type": "Polygon", "coordinates": [[[-82.1910219, 35.62714900000001], [-82.1909653, 35.6271136], [-82.1910046, 35.62707199999999], [-82.1910613, 35.6271075], [-82.1910219, 35.62714900000001]]]}, "properties": {"id": "old_fort-000237", "damage_class": 2, "damage_label": "major-damage", "confidence": 0.7, "area_m2": 37.66, "centroid": [-82.191013, 35.627111], "confidence_tier": "review", "sources": {"heuristic": 0, "cnn": 2, "margin": 1.0}, "footprint_source": "osm"}}, {"type": "Feature", "geometry": {"type": "Polygon", "coordinates": [[[-82.1912698, 35.6267875], [-82.1911894, 35.626745899999996], [-82.1912749, 35.62663679999999], [-82.1913553, 35.6266785], [-82.1912698, 35.6267875]]]}, "properties": {"id": "old_fort-000238", "damage_class": 0, "damage_label": "no-damage", "confidence": 1.0, "area_m2": 123.85, "centroid": [-82.191272, 35.626712], "confidence_tier": "high", "sources": {"heuristic": 0, "cnn": 0, "margin": 1.0}, "footprint_source": "osm"}}, {"type": "Feature", "geometry": {"type": "Polygon", "coordinates": [[[-82.1912324, 35.628748599999994], [-82.191224, 35.6287285], [-82.1912728, 35.62871499999999], [-82.1912812, 35.62873509999999], [-82.1912324, 35.628748599999994]]]}, "properties": {"id": "old_fort-000239", "damage_class": 2, "damage_label": "major-damage", "confidence": 0.85, "area_m2": 10.99, "centroid": [-82.191253, 35.628732], "confidence_tier": "review", "sources": {"heuristic": 1, "cnn": 2, "margin": 1.0}, "footprint_source": "osm"}}, {"type": "Feature", "geometry": {"type": "Polygon", "coordinates": [[[-82.191131, 35.62859780000001], [-82.1910653, 35.6286016], [-82.19106060000001, 35.6285483], [-82.1911263, 35.628544399999996], [-82.191131, 35.62859780000001]]]}, "properties": {"id": "old_fort-000240", "damage_class": 0, "damage_label": "no-damage", "confidence": 1.0, "area_m2": 35.39, "centroid": [-82.191096, 35.628573], "confidence_tier": "high", "sources": {"heuristic": 0, "cnn": 0, "margin": 1.0}, "footprint_source": "osm"}}, {"type": "Feature", "geometry": {"type": "Polygon", "coordinates": [[[-82.1913253, 35.6284962], [-82.191332, 35.62858940000001], [-82.1911355, 35.628598700000005], [-82.191132, 35.6284953], [-82.1912908, 35.6284878], [-82.1912916, 35.62849779999999], [-82.1913253, 35.6284962]]]}, "properties": {"id": "old_fort-000241", "damage_class": 0, "damage_label": "no-damage", "confidence": 0.85, "area_m2": 200.62, "centroid": [-82.19123, 35.628543], "confidence_tier": "high", "sources": {"heuristic": 1, "cnn": 0, "margin": 1.0}, "footprint_source": "osm"}}, {"type": "Feature", "geometry": {"type": "Polygon", "coordinates": [[[-82.1902255, 35.628307899999996], [-82.1903586, 35.6283313], [-82.1903428, 35.6283907], [-82.1902097, 35.6283673], [-82.1902255, 35.628307899999996]]]}, "properties": {"id": "old_fort-000242", "damage_class": 1, "damage_label": "minor-damage", "confidence": 0.85, "area_m2": 83.13, "centroid": [-82.190284, 35.628349], "confidence_tier": "high", "sources": {"heuristic": 0, "cnn": 1, "margin": 1.0}, "footprint_source": "osm"}}, {"type": "Feature", "geometry": {"type": "Polygon", "coordinates": [[[-82.1902357, 35.62827750000001], [-82.1902482, 35.628235499999995], [-82.1902737, 35.628240399999996], [-82.1902809, 35.6282159], [-82.1903857, 35.62823649999999], [-82.1903841, 35.62824169999999], [-82.1904251, 35.6282498], [-82.1904043, 35.6283199], [-82.1903716, 35.6283135], [-82.1903668, 35.628329699999995], [-82.190254, 35.62830759999999], [-82.1902614, 35.628282599999984], [-82.1902357, 35.62827750000001]]]}, "properties": {"id": "old_fort-000243", "damage_class": 1, "damage_label": "minor-damage", "confidence": 1.0, "area_m2": 145.32, "centroid": [-82.190331, 35.628273], "confidence_tier": "high", "sources": {"heuristic": 1, "cnn": 1, "margin": 1.0}, "footprint_source": "osm"}}, {"type": "Feature", "geometry": {"type": "Polygon", "coordinates": [[[-82.1901152, 35.62801999999999], [-82.1901219, 35.62798239999999], [-82.1901644, 35.627987399999995], [-82.1901577, 35.628025], [-82.1901152, 35.62801999999999]]]}, "properties": {"id": "old_fort-000244", "damage_class": 1, "damage_label": "minor-damage", "confidence": 0.85, "area_m2": 16.39, "centroid": [-82.19014, 35.628004], "confidence_tier": "high", "sources": {"heuristic": 0, "cnn": 1, "margin": 1.0}, "footprint_source": "osm"}}, {"type": "Feature", "geometry": {"type": "Polygon", "coordinates": [[[-82.1902851, 35.62810230000001], [-82.1901544, 35.6280923], [-82.1901624, 35.62802369999999], [-82.1902931, 35.628033699999996], [-82.1902851, 35.62810230000001]]]}, "properties": {"id": "old_fort-000245", "damage_class": 0, "damage_label": "no-damage", "confidence": 1.0, "area_m2": 90.87, "centroid": [-82.190224, 35.628063], "confidence_tier": "high", "sources": {"heuristic": 0, "cnn": 0, "margin": 1.0}, "footprint_source": "osm"}}, {"type": "Feature", "geometry": {"type": "Polygon", "coordinates": [[[-82.1893285, 35.62827029999999], [-82.1893349, 35.6282335], [-82.1893778, 35.6282384], [-82.1893715, 35.6282752], [-82.1893285, 35.62827029999999]]]}, "properties": {"id": "old_fort-000246", "damage_class": 3, "damage_label": "destroyed", "confidence": 0.7, "area_m2": 16.19, "centroid": [-82.189353, 35.628254], "confidence_tier": "review", "sources": {"heuristic": 0, "cnn": 3, "margin": 1.0}, "footprint_source": "osm"}}, {"type": "Feature", "geometry": {"type": "Polygon", "coordinates": [[[-82.18950260000001, 35.62816320000001], [-82.1894824, 35.62827059999999], [-82.1893983, 35.62825959999999], [-82.189411, 35.6281681], [-82.1894175, 35.628169], [-82.1894208, 35.628152500000006], [-82.18950260000001, 35.62816320000001]]]}, "properties": {"id": "old_fort-000247", "damage_class": 1, "damage_label": "minor-damage", "confidence": 0.85, "area_m2": 98.84, "centroid": [-82.18945, 35.628211], "confidence_tier": "high", "sources": {"heuristic": 0, "cnn": 1, "margin": 1.0}, "footprint_source": "osm"}}, {"type": "Feature", "geometry": {"type": "Polygon", "coordinates": [[[-82.1895698, 35.6276199], [-82.1896051, 35.6276349], [-82.1895385, 35.62774219999999], [-82.1894909, 35.627721900000004], [-82.1895372, 35.6276501], [-82.1895475, 35.627654499999984], [-82.1895698, 35.6276199]]]}, "properties": {"id": "old_fort-000248", "damage_class": 0, "damage_label": "no-damage", "confidence": 1.0, "area_m2": 59.41, "centroid": [-82.189548, 35.627682], "confidence_tier": "high", "sources": {"heuristic": 0, "cnn": 0, "margin": 1.0}, "footprint_source": "osm"}}, {"type": "Feature", "geometry": {"type": "Polygon", "coordinates": [[[-82.1899421, 35.6275546], [-82.1899092, 35.6276386], [-82.1898211, 35.62761579999999], [-82.18986510000002, 35.62751549999999], [-82.1899428, 35.6275356], [-82.189936, 35.627553], [-82.1899421, 35.6275546]]]}, "properties": {"id": "old_fort-000249", "damage_class": 3, "damage_label": "destroyed", "confidence": 0.7, "area_m2": 96.84, "centroid": [-82.189885, 35.627578], "confidence_tier": "review", "sources": {"heuristic": 0, "cnn": 3, "margin": 1.0}, "footprint_source": "osm"}}, {"type": "Feature", "geometry": {"type": "Polygon", "coordinates": [[[-82.1896189, 35.627578099999994], [-82.1895764, 35.62756110000001], [-82.1896757, 35.6273971], [-82.1897181, 35.627414], [-82.1896189, 35.627578099999994]]]}, "properties": {"id": "old_fort-000250", "damage_class": 0, "damage_label": "no-damage", "confidence": 1.0, "area_m2": 86.86, "centroid": [-82.189647, 35.627488], "confidence_tier": "high", "sources": {"heuristic": 0, "cnn": 0, "margin": 1.0}, "footprint_source": "osm"}}, {"type": "Feature", "geometry": {"type": "Polygon", "coordinates": [[[-82.1897111, 35.627403199999996], [-82.18975, 35.627340499999995], [-82.189811, 35.6273655], [-82.1897721, 35.6274282], [-82.1897111, 35.627403199999996]]]}, "properties": {"id": "old_fort-000251", "damage_class": 0, "damage_label": "no-damage", "confidence": 0.85, "area_m2": 48.19, "centroid": [-82.189761, 35.627384], "confidence_tier": "high", "sources": {"heuristic": 1, "cnn": 0, "margin": 1.0}, "footprint_source": "osm"}}, {"type": "Feature", "geometry": {"type": "Polygon", "coordinates": [[[-82.1901692, 35.6271889], [-82.1902453, 35.6272287], [-82.1901526, 35.6273459], [-82.1900019, 35.6272671], [-82.1900281, 35.6272339], [-82.1901027, 35.627272899999994], [-82.1901692, 35.6271889]]]}, "properties": {"id": "old_fort-000252", "damage_class": 1, "damage_label": "minor-damage", "confidence": 1.0, "area_m2": 161.84, "centroid": [-82.190137, 35.627268], "confidence_tier": "high", "sources": {"heuristic": 1, "cnn": 1, "margin": 1.0}, "footprint_source": "osm"}}, {"type": "Feature", "geometry": {"type": "Polygon", "coordinates": [[[-82.1903173, 35.6272979], [-82.190277, 35.62726990000001], [-82.1903156, 35.62723330000001], [-82.1903558, 35.6272614], [-82.1903173, 35.6272979]]]}, "properties": {"id": "old_fort-000253", "damage_class": 2, "damage_label": "major-damage", "confidence": 0.7, "area_m2": 25.64, "centroid": [-82.190316, 35.627266], "confidence_tier": "review", "sources": {"heuristic": 0, "cnn": 2, "margin": 1.0}, "footprint_source": "osm"}}, {"type": "Feature", "geometry": {"type": "Polygon", "coordinates": [[[-82.1902909, 35.62752619999999], [-82.1903415, 35.62758619999999], [-82.1902997, 35.6276081], [-82.1902549, 35.627545], [-82.1902909, 35.62752619999999]]]}, "properties": {"id": "old_fort-000254", "damage_class": 1, "damage_label": "minor-damage", "confidence": 0.85, "area_m2": 34.67, "centroid": [-82.190297, 35.627567], "confidence_tier": "high", "sources": {"heuristic": 2, "cnn": 1, "margin": 1.0}, "footprint_source": "osm"}}, {"type": "Feature", "geometry": {"type": "Polygon", "coordinates": [[[-82.1903562, 35.6277478], [-82.1905494, 35.627761899999996], [-82.1905395, 35.627850599999995], [-82.1903179, 35.62783439999999], [-82.1903243, 35.6277768], [-82.1903528, 35.6277789], [-82.1903562, 35.6277478]]]}, "properties": {"id": "old_fort-000255", "damage_class": 1, "damage_label": "minor-damage", "confidence": 0.85, "area_m2": 190.09, "centroid": [-82.190438, 35.6278], "confidence_tier": "high", "sources": {"heuristic": 0, "cnn": 1, "margin": 1.0}, "footprint_source": "osm"}}, {"type": "Feature", "geometry": {"type": "Polygon", "coordinates": [[[-82.1906152, 35.627690400000006], [-82.1906882, 35.62770849999998], [-82.1906588, 35.627786900000004], [-82.19058600000001, 35.6277688], [-82.1905951, 35.62774449999999], [-82.1905666, 35.6277374], [-82.19058480000001, 35.62768899999999], [-82.1906131, 35.627696], [-82.1906152, 35.627690400000006]]]}, "properties": {"id": "old_fort-000256", "damage_class": 0, "damage_label": "no-damage", "confidence": 0.7, "area_m2": 77.83, "centroid": [-82.190628, 35.627734], "confidence_tier": "review", "sources": {"heuristic": 2, "cnn": 0, "margin": 1.0}, "footprint_source": "osm"}}, {"type": "Feature", "geometry": {"type": "Polygon", "coordinates": [[[-82.1906619, 35.6277917], [-82.1906867, 35.627725799999986], [-82.1907481, 35.62774110000001], [-82.1907233, 35.62780699999999], [-82.1906619, 35.6277917]]]}, "properties": {"id": "old_fort-000257", "damage_class": 0, "damage_label": "no-damage", "confidence": 1.0, "area_m2": 44.46, "centroid": [-82.190705, 35.627766], "confidence_tier": "high", "sources": {"heuristic": 0, "cnn": 0, "margin": 1.0}, "footprint_source": "osm"}}, {"type": "Feature", "geometry": {"type": "Polygon", "coordinates": [[[-82.190907, 35.627925100000006], [-82.1908728, 35.62790849999999], [-82.1908873, 35.6278888], [-82.1909215, 35.6279054], [-82.190907, 35.627925100000006]]]}, "properties": {"id": "old_fort-000258", "damage_class": 1, "damage_label": "minor-damage", "confidence": 0.85, "area_m2": 9.19, "centroid": [-82.190897, 35.627907], "confidence_tier": "review", "sources": {"heuristic": 0, "cnn": 1, "margin": 1.0}, "footprint_source": "osm"}}, {"type": "Feature", "geometry": {"type": "Polygon", "coordinates": [[[-82.1909937, 35.628182699999996], [-82.1908744, 35.6281271], [-82.1909221, 35.6280594], [-82.1910415, 35.628115], [-82.1909937, 35.628182699999996]]]}, "properties": {"id": "old_fort-000259", "damage_class": 3, "damage_label": "destroyed", "confidence": 0.7, "area_m2": 107.84, "centroid": [-82.190958, 35.628121], "confidence_tier": "review", "sources": {"heuristic": 1, "cnn": 3, "margin": 1.0}, "footprint_source": "osm"}}, {"type": "Feature", "geometry": {"type": "Polygon", "coordinates": [[[-82.1907737, 35.6283424], [-82.1907275, 35.6284162], [-82.1906354, 35.628378100000006], [-82.1906161, 35.628408999999984], [-82.1905555, 35.6283839], [-82.1906292, 35.62826629999999], [-82.1907277, 35.628307], [-82.1907196, 35.62832], [-82.1907737, 35.6283424]]]}, "properties": {"id": "old_fort-000260", "damage_class": 1, "damage_label": "minor-damage", "confidence": 0.85, "area_m2": 182.35, "centroid": [-82.190664, 35.628347], "confidence_tier": "high", "sources": {"heuristic": 0, "cnn": 1, "margin": 1.0}, "footprint_source": "osm"}}, {"type": "Feature", "geometry": {"type": "Polygon", "coordinates": [[[-82.1906686, 35.6284317], [-82.1906432, 35.628453699999994], [-82.1906227, 35.6284382], [-82.1906482, 35.6284161], [-82.1906686, 35.6284317]]]}, "properties": {"id": "old_fort-000261", "damage_class": 2, "damage_label": "major-damage", "confidence": 0.7, "area_m2": 8.51, "centroid": [-82.190646, 35.628435], "confidence_tier": "review", "sources": {"heuristic": 0, "cnn": 2, "margin": 1.0}, "footprint_source": "osm"}}, {"type": "Feature", "geometry": {"type": "Polygon", "coordinates": [[[-82.1905399, 35.62858369999999], [-82.1905675, 35.6285077], [-82.1906856, 35.62853599999998], [-82.1906579, 35.62861199999999], [-82.1905399, 35.62858369999999]]]}, "properties": {"id": "old_fort-000262", "damage_class": 1, "damage_label": "minor-damage", "confidence": 0.85, "area_m2": 97.99, "centroid": [-82.190613, 35.62856], "confidence_tier": "high", "sources": {"heuristic": 0, "cnn": 1, "margin": 1.0}, "footprint_source": "osm"}}, {"type": "Feature", "geometry": {"type": "Polygon", "coordinates": [[[-82.1910699, 35.62876089999999], [-82.191019, 35.6287874], [-82.190987, 35.6287467], [-82.1910722, 35.6287038], [-82.1910987, 35.62873729999999], [-82.1910651, 35.6287549], [-82.1910699, 35.62876089999999]]]}, "properties": {"id": "old_fort-000263", "damage_class": 0, "damage_label": "no-damage", "confidence": 0.7, "area_m2": 45.28, "centroid": [-82.191043, 35.628745], "confidence_tier": "review", "sources": {"heuristic": 2, "cnn": 0, "margin": 1.0}, "footprint_source": "osm"}}, {"type": "Feature", "geometry": {"type": "Polygon", "coordinates": [[[-82.1920662, 35.6290575], [-82.1919368, 35.6290815], [-82.1919246, 35.629037999999994], [-82.192054, 35.629014], [-82.1920662, 35.6290575]]]}, "properties": {"id": "old_fort-000264", "damage_class": 0, "damage_label": "no-damage", "confidence": 1.0, "area_m2": 59.49, "centroid": [-82.191995, 35.629048], "confidence_tier": "high", "sources": {"heuristic": 0, "cnn": 0, "margin": 1.0}, "footprint_source": "osm"}}, {"type": "Feature", "geometry": {"type": "Polygon", "coordinates": [[[-82.1915684, 35.6291601], [-82.1914939, 35.6291048], [-82.19159910000002, 35.62901110000001], [-82.1916284, 35.629032900000006], [-82.1916466, 35.62901670000001], [-82.191706, 35.6290607], [-82.1916571, 35.629104299999995], [-82.19164290000002, 35.6290938], [-82.1915684, 35.6291601]]]}, "properties": {"id": "old_fort-000265", "damage_class": 0, "damage_label": "no-damage", "confidence": 0.85, "area_m2": 153.44, "centroid": [-82.191597, 35.629081], "confidence_tier": "high", "sources": {"heuristic": 1, "cnn": 0, "margin": 1.0}, "footprint_source": "osm"}}, {"type": "Feature", "geometry": {"type": "Polygon", "coordinates": [[[-82.1905227, 35.62978999999999], [-82.1904697, 35.6298527], [-82.1902767, 35.6297449], [-82.1903291, 35.6296829], [-82.1904375, 35.6297434], [-82.190465, 35.6297108], [-82.1905262, 35.629745], [-82.1904992, 35.6297769], [-82.1905227, 35.62978999999999]]]}, "properties": {"id": "old_fort-000266", "damage_class": 1, "damage_label": "minor-damage", "confidence": 0.85, "area_m2": 206.71, "centroid": [-82.190411, 35.629764], "confidence_tier": "high", "sources": {"heuristic": 0, "cnn": 1, "margin": 1.0}, "footprint_source": "osm"}}, {"type": "Feature", "geometry": {"type": "Polygon", "coordinates": [[[-82.1891697, 35.6284937], [-82.189314, 35.62852089999999], [-82.1892913, 35.62860059999999], [-82.1891993, 35.628583299999995], [-82.1891891, 35.6286189], [-82.1891368, 35.628609000000004], [-82.1891697, 35.6284937]]]}, "properties": {"id": "old_fort-000267", "damage_class": 0, "damage_label": "no-damage", "confidence": 1.0, "area_m2": 141.52, "centroid": [-82.189222, 35.628554], "confidence_tier": "high", "sources": {"heuristic": 0, "cnn": 0, "margin": 1.0}, "footprint_source": "osm"}}, {"type": "Feature", "geometry": {"type": "Polygon", "coordinates": [[[-82.1888957, 35.62858719999999], [-82.1889208, 35.6285171], [-82.18900030000002, 35.628535899999996], [-82.1889752, 35.628606000000005], [-82.1888957, 35.62858719999999]]]}, "properties": {"id": "old_fort-000268", "damage_class": 0, "damage_label": "no-damage", "confidence": 1.0, "area_m2": 60.72, "centroid": [-82.188948, 35.628562], "confidence_tier": "high", "sources": {"heuristic": 0, "cnn": 0, "margin": 1.0}, "footprint_source": "osm"}}, {"type": "Feature", "geometry": {"type": "Polygon", "coordinates": [[[-82.18907, 35.62863089999999], [-82.1889831, 35.6286113], [-82.1890087, 35.62853650000001], [-82.1890955, 35.628556200000006], [-82.18907, 35.62863089999999]]]}, "properties": {"id": "old_fort-000269", "damage_class": 0, "damage_label": "no-damage", "confidence": 0.85, "area_m2": 70.26, "centroid": [-82.189039, 35.628584], "confidence_tier": "high", "sources": {"heuristic": 1, "cnn": 0, "margin": 1.0}, "footprint_source": "osm"}}, {"type": "Feature", "geometry": {"type": "Polygon", "coordinates": [[[-82.18845740000002, 35.628538999999996], [-82.1884779, 35.6285444], [-82.1884627, 35.628582599999994], [-82.1884427, 35.6285773], [-82.1884062, 35.628648], [-82.1883333, 35.6286288], [-82.1883483, 35.6285913], [-82.1883221, 35.6285801], [-82.1883424, 35.6285289], [-82.188365, 35.6285349], [-82.1883838, 35.62848760000001], [-82.1883728, 35.62848469999999], [-82.18838990000002, 35.62844160000001], [-82.18850000000002, 35.6284706], [-82.1884827, 35.628514100000004], [-82.1884687, 35.6285104], [-82.18845740000002, 35.628538999999996]]]}, "properties": {"id": "old_fort-000270", "damage_class": 2, "damage_label": "major-damage", "confidence": 0.85, "area_m2": 201.33, "centroid": [-82.188408, 35.628543], "confidence_tier": "high", "sources": {"heuristic": 1, "cnn": 2, "margin": 1.0}, "footprint_source": "osm"}}, {"type": "Feature", "geometry": {"type": "Polygon", "coordinates": [[[-82.1888159, 35.6289946], [-82.1888945, 35.6290128], [-82.1888413, 35.6291643], [-82.1887629, 35.62914610000001], [-82.1887736, 35.6291157], [-82.1886349, 35.6290835], [-82.1886701, 35.6289833], [-82.1888086, 35.6290155], [-82.1888159, 35.6289946]]]}, "properties": {"id": "old_fort-000271", "damage_class": 0, "damage_label": "no-damage", "confidence": 1.0, "area_m2": 279.98, "centroid": [-82.188771, 35.629063], "confidence_tier": "high", "sources": {"heuristic": 0, "cnn": 0, "margin": 1.0}, "footprint_source": "osm"}}, {"type": "Feature", "geometry": {"type": "Polygon", "coordinates": [[[-82.1888447, 35.6287934], [-82.1889017, 35.6286277], [-82.1890412, 35.6286594], [-82.18898420000001, 35.62882510000001], [-82.1888447, 35.6287934]]]}, "properties": {"id": "old_fort-000272", "damage_class": 0, "damage_label": "no-damage", "confidence": 1.0, "area_m2": 250.35, "centroid": [-82.188943, 35.628726], "confidence_tier": "high", "sources": {"heuristic": 0, "cnn": 0, "margin": 1.0}, "footprint_source": "osm"}}, {"type": "Feature", "geometry": {"type": "Polygon", "coordinates": [[[-82.1888115, 35.6289875], [-82.1888692, 35.628823499999996], [-82.1889795, 35.628849100000004], [-82.1889219, 35.629013199999996], [-82.1888115, 35.6289875]]]}, "properties": {"id": "old_fort-000273", "damage_class": 0, "damage_label": "no-damage", "confidence": 0.85, "area_m2": 196.7, "centroid": [-82.188896, 35.628918], "confidence_tier": "high", "sources": {"heuristic": 1, "cnn": 0, "margin": 1.0}, "footprint_source": "osm"}}, {"type": "Feature", "geometry": {"type": "Polygon", "coordinates": [[[-82.1894536, 35.628936], [-82.1895556, 35.62896599999999], [-82.1895147, 35.6290581], [-82.1894127, 35.62902819999999], [-82.1894536, 35.628936]]]}, "properties": {"id": "old_fort-000274", "damage_class": 1, "damage_label": "minor-damage", "confidence": 0.85, "area_m2": 106.72, "centroid": [-82.189484, 35.628997], "confidence_tier": "high", "sources": {"heuristic": 0, "cnn": 1, "margin": 1.0}, "footprint_source": "osm"}}, {"type": "Feature", "geometry": {"type": "Polygon", "coordinates": [[[-82.1889168, 35.6290848], [-82.1888827, 35.6290776], [-82.1888961, 35.62903589999999], [-82.1889303, 35.6290431], [-82.1889168, 35.6290848]]]}, "properties": {"id": "old_fort-000275", "damage_class": 1, "damage_label": "minor-damage", "confidence": 0.9946, "area_m2": 15.28, "centroid": [-82.188906, 35.62906], "confidence_tier": "high", "sources": {"heuristic": 1, "cnn": 1, "margin": 0.9879}, "footprint_source": "osm"}}, {"type": "Feature", "geometry": {"type": "Polygon", "coordinates": [[[-82.1885416, 35.629362300000004], [-82.1886321, 35.6293818], [-82.1886041, 35.6294674], [-82.1886249, 35.6294718], [-82.1886076, 35.6295245], [-82.1884962, 35.6295005], [-82.1884995, 35.6294903], [-82.1884806, 35.6294862], [-82.1885065, 35.6294072], [-82.1885256, 35.629411399999995], [-82.1885416, 35.629362300000004]]]}, "properties": {"id": "old_fort-000276", "damage_class": 0, "damage_label": "no-damage", "confidence": 1.0, "area_m2": 162.51, "centroid": [-82.188561, 35.629446], "confidence_tier": "high", "sources": {"heuristic": 0, "cnn": 0, "margin": 1.0}, "footprint_source": "osm"}}, {"type": "Feature", "geometry": {"type": "Polygon", "coordinates": [[[-82.1886087, 35.62962629999999], [-82.18857270000001, 35.629618], [-82.1885881, 35.629573900000004], [-82.1886241, 35.6295822], [-82.1886087, 35.62962629999999]]]}, "properties": {"id": "old_fort-000277", "damage_class": 3, "damage_label": "destroyed", "confidence": 0.85, "area_m2": 17.23, "centroid": [-82.188598, 35.6296], "confidence_tier": "high", "sources": {"heuristic": 2, "cnn": 3, "margin": 1.0}, "footprint_source": "osm"}}, {"type": "Feature", "geometry": {"type": "Polygon", "coordinates": [[[-82.188668, 35.62959039999999], [-82.1885865, 35.629571799999994], [-82.1885992, 35.6295349], [-82.1886239, 35.629540599999984], [-82.1886332, 35.6295137], [-82.18869, 35.62952670000001], [-82.188668, 35.62959039999999]]]}, "properties": {"id": "old_fort-000278", "damage_class": 0, "damage_label": "no-damage", "confidence": 1.0, "area_m2": 49.1, "centroid": [-82.188641, 35.629553], "confidence_tier": "high", "sources": {"heuristic": 0, "cnn": 0, "margin": 1.0}, "footprint_source": "osm"}}, {"type": "Feature", "geometry": {"type": "Polygon", "coordinates": [[[-82.188521, 35.629553300000005], [-82.188452, 35.629536099999996], [-82.1884659, 35.62949909999999], [-82.188535, 35.62951619999999], [-82.188521, 35.629553300000005]]]}, "properties": {"id": "old_fort-000279", "damage_class": 2, "damage_label": "major-damage", "confidence": 0.7, "area_m2": 28.1, "centroid": [-82.188493, 35.629526], "confidence_tier": "review", "sources": {"heuristic": 0, "cnn": 2, "margin": 1.0}, "footprint_source": "osm"}}, {"type": "Feature", "geometry": {"type": "Polygon", "coordinates": [[[-82.1877865, 35.629621300000004], [-82.1878026, 35.6295766], [-82.1878547, 35.629588999999996], [-82.1878386, 35.62963369999999], [-82.1877865, 35.629621300000004]]]}, "properties": {"id": "old_fort-000280", "damage_class": 2, "damage_label": "major-damage", "confidence": 0.7, "area_m2": 25.4, "centroid": [-82.187821, 35.629605], "confidence_tier": "review", "sources": {"heuristic": 0, "cnn": 2, "margin": 1.0}, "footprint_source": "osm"}}, {"type": "Feature", "geometry": {"type": "Polygon", "coordinates": [[[-82.1879301, 35.62939029999999], [-82.1879538, 35.629316599999996], [-82.1881389, 35.62935579999999], [-82.1881152, 35.629429599999995], [-82.1879301, 35.62939029999999]]]}, "properties": {"id": "old_fort-000281", "damage_class": 0, "damage_label": "no-damage", "confidence": 1.0, "area_m2": 146.47, "centroid": [-82.188035, 35.629373], "confidence_tier": "high", "sources": {"heuristic": 0, "cnn": 0, "margin": 1.0}, "footprint_source": "osm"}}, {"type": "Feature", "geometry": {"type": "Polygon", "coordinates": [[[-82.188456, 35.6296833], [-82.1885498, 35.6297032], [-82.18848190000001, 35.6299141], [-82.1883882, 35.6298942], [-82.1884066, 35.6298371], [-82.1883822, 35.62983189999999], [-82.188398, 35.62978280000001], [-82.1884223, 35.62978789999999], [-82.188456, 35.6296833]]]}, "properties": {"id": "old_fort-000282", "damage_class": 1, "damage_label": "minor-damage", "confidence": 1.0, "area_m2": 225.05, "centroid": [-82.188465, 35.629799], "confidence_tier": "high", "sources": {"heuristic": 1, "cnn": 1, "margin": 1.0}, "footprint_source": "osm"}}, {"type": "Feature", "geometry": {"type": "Polygon", "coordinates": [[[-82.1887464, 35.6298932], [-82.1887336, 35.6299323], [-82.1886959, 35.6299241], [-82.1886885, 35.6299469], [-82.1886031, 35.62992849999999], [-82.1886339, 35.6298342], [-82.188719, 35.62985259999999], [-82.1887084, 35.62988510000001], [-82.1887464, 35.6298932]]]}, "properties": {"id": "old_fort-000283", "damage_class": 0, "damage_label": "no-damage", "confidence": 0.85, "area_m2": 102.28, "centroid": [-82.18867, 35.629893], "confidence_tier": "high", "sources": {"heuristic": 1, "cnn": 0, "margin": 1.0}, "footprint_source": "osm"}}, {"type": "Feature", "geometry": {"type": "Polygon", "coordinates": [[[-82.1885101, 35.6301012], [-82.1884447, 35.63008619999999], [-82.1884521, 35.63006479999999], [-82.1885175, 35.630079800000004], [-82.1885101, 35.6301012]]]}, "properties": {"id": "old_fort-000284", "damage_class": 1, "damage_label": "minor-damage", "confidence": 0.85, "area_m2": 15.17, "centroid": [-82.188481, 35.630083], "confidence_tier": "high", "sources": {"heuristic": 2, "cnn": 1, "margin": 1.0}, "footprint_source": "osm"}}, {"type": "Feature", "geometry": {"type": "Polygon", "coordinates": [[[-82.1885191, 35.6300758], [-82.188395, 35.6300467], [-82.1884153, 35.62998989999999], [-82.1885393, 35.63001899999999], [-82.1885191, 35.6300758]]]}, "properties": {"id": "old_fort-000285", "damage_class": 1, "damage_label": "minor-damage", "confidence": 0.85, "area_m2": 76.7, "centroid": [-82.188467, 35.630033], "confidence_tier": "high", "sources": {"heuristic": 0, "cnn": 1, "margin": 1.0}, "footprint_source": "osm"}}, {"type": "Feature", "geometry": {"type": "Polygon", "coordinates": [[[-82.1888813, 35.630204], [-82.1889038, 35.6301334], [-82.1889906, 35.6301517], [-82.1889681, 35.63022230000001], [-82.1888813, 35.630204]]]}, "properties": {"id": "old_fort-000286", "damage_class": 3, "damage_label": "destroyed", "confidence": 0.7, "area_m2": 65.69, "centroid": [-82.188936, 35.630178], "confidence_tier": "review", "sources": {"heuristic": 0, "cnn": 3, "margin": 1.0}, "footprint_source": "osm"}}, {"type": "Feature", "geometry": {"type": "Polygon", "coordinates": [[[-82.1889775, 35.63035639999998], [-82.1889499, 35.6303492], [-82.1889606, 35.6303219], [-82.1889883, 35.630329099999976], [-82.1889775, 35.63035639999998]]]}, "properties": {"id": "old_fort-000287", "damage_class": 2, "damage_label": "major-damage", "confidence": 1.0, "area_m2": 8.36, "centroid": [-82.188969, 35.630339], "confidence_tier": "review", "sources": {"heuristic": 2, "cnn": 2, "margin": 1.0}, "footprint_source": "osm"}}, {"type": "Feature", "geometry": {"type": "Polygon", "coordinates": [[[-82.18870290000001, 35.6302872], [-82.188715, 35.6302501], [-82.1888994, 35.63028989999999], [-82.1888873, 35.63032689999999], [-82.18870290000001, 35.6302872]]]}, "properties": {"id": "old_fort-000288", "damage_class": 0, "damage_label": "no-damage", "confidence": 0.85, "area_m2": 73.46, "centroid": [-82.188801, 35.630289], "confidence_tier": "high", "sources": {"heuristic": 1, "cnn": 0, "margin": 1.0}, "footprint_source": "osm"}}, {"type": "Feature", "geometry": {"type": "Polygon", "coordinates": [[[-82.18865, 35.63044630000001], [-82.1886635, 35.63040449999999], [-82.1888848, 35.63045189999999], [-82.1888712, 35.6304937], [-82.18865, 35.63044630000001]]]}, "properties": {"id": "old_fort-000289", "damage_class": 1, "damage_label": "minor-damage", "confidence": 0.85, "area_m2": 99.35, "centroid": [-82.188767, 35.630449], "confidence_tier": "high", "sources": {"heuristic": 0, "cnn": 1, "margin": 1.0}, "footprint_source": "osm"}}, {"type": "Feature", "geometry": {"type": "Polygon", "coordinates": [[[-82.1886222, 35.6304758], [-82.1885769, 35.63046729999999], [-82.1885832, 35.6304449], [-82.1886285, 35.63045340000001], [-82.1886222, 35.6304758]]]}, "properties": {"id": "old_fort-000290", "damage_class": 2, "damage_label": "major-damage", "confidence": 0.7, "area_m2": 10.73, "centroid": [-82.188603, 35.63046], "confidence_tier": "review", "sources": {"heuristic": 0, "cnn": 2, "margin": 1.0}, "footprint_source": "osm"}}, {"type": "Feature", "geometry": {"type": "Polygon", "coordinates": [[[-82.1885049, 35.63038679999999], [-82.1885165, 35.6303446], [-82.1885447, 35.6303497], [-82.1885331, 35.6303919], [-82.1885049, 35.63038679999999]]]}, "properties": {"id": "old_fort-000291", "damage_class": 0, "damage_label": "no-damage", "confidence": 1.0, "area_m2": 12.55, "centroid": [-82.188525, 35.630368], "confidence_tier": "high", "sources": {"heuristic": 0, "cnn": 0, "margin": 1.0}, "footprint_source": "osm"}}, {"type": "Feature", "geometry": {"type": "Polygon", "coordinates": [[[-82.1884209, 35.6303796], [-82.1884065, 35.63043379999999], [-82.1884289, 35.6304377], [-82.1884159, 35.6304865], [-82.1882885, 35.63046409999998], [-82.1883159, 35.6303611], [-82.1884209, 35.6303796]]]}, "properties": {"id": "old_fort-000292", "damage_class": 1, "damage_label": "minor-damage", "confidence": 1.0, "area_m2": 125.2, "centroid": [-82.18836, 35.630425], "confidence_tier": "high", "sources": {"heuristic": 1, "cnn": 1, "margin": 1.0}, "footprint_source": "osm"}}, {"type": "Feature", "geometry": {"type": "Polygon", "coordinates": [[[-82.1884109, 35.63043249999999], [-82.1884223, 35.6303848], [-82.1884548, 35.63038989999999], [-82.1884434, 35.6304376], [-82.1884109, 35.63043249999999]]]}, "properties": {"id": "old_fort-000293", "damage_class": 0, "damage_label": "no-damage", "confidence": 0.7, "area_m2": 16.16, "centroid": [-82.188433, 35.630411], "confidence_tier": "review", "sources": {"heuristic": 3, "cnn": 0, "margin": 1.0}, "footprint_source": "osm"}}, {"type": "Feature", "geometry": {"type": "Polygon", "coordinates": [[[-82.1875429, 35.6306051], [-82.1875064, 35.6306068], [-82.18750740000002, 35.6306206], [-82.1874366, 35.63062379999999], [-82.1874357, 35.63060960000001], [-82.187362, 35.6306129], [-82.187356, 35.6305241], [-82.187451, 35.6305199], [-82.1874504, 35.630511], [-82.1875219, 35.630507800000004], [-82.1875225, 35.630516600000014], [-82.1875535, 35.6305152], [-82.1875591, 35.63059859999999], [-82.1875425, 35.630599399999994], [-82.1875429, 35.6306051]]]}, "properties": {"id": "old_fort-000294", "damage_class": 0, "damage_label": "no-damage", "confidence": 1.0, "area_m2": 192.38, "centroid": [-82.187459, 35.630565], "confidence_tier": "high", "sources": {"heuristic": 0, "cnn": 0, "margin": 1.0}, "footprint_source": "osm"}}, {"type": "Feature", "geometry": {"type": "Polygon", "coordinates": [[[-82.1848471, 35.63052859999998], [-82.1848541, 35.6307096], [-82.184707, 35.63071339999998], [-82.1847004, 35.6305424], [-82.1847461, 35.6305413], [-82.1847457, 35.6305308], [-82.184792, 35.6305296], [-82.1847914, 35.63051279999999], [-82.1848322, 35.630511799999994], [-82.1848329, 35.6305289], [-82.1848471, 35.63052859999998]]]}, "properties": {"id": "old_fort-000295", "damage_class": 0, "damage_label": "no-damage", "confidence": 0.85, "area_m2": 270.36, "centroid": [-82.184779, 35.63062], "confidence_tier": "high", "sources": {"heuristic": 1, "cnn": 0, "margin": 1.0}, "footprint_source": "osm"}}, {"type": "Feature", "geometry": {"type": "Polygon", "coordinates": [[[-82.1847618, 35.63050580000001], [-82.1847601, 35.6304184], [-82.1848764, 35.63041689999999], [-82.1848781, 35.63050440000001], [-82.1847618, 35.63050580000001]]]}, "properties": {"id": "old_fort-000296", "damage_class": 3, "damage_label": "destroyed", "confidence": 0.7, "area_m2": 102.19, "centroid": [-82.184819, 35.630461], "confidence_tier": "review", "sources": {"heuristic": 1, "cnn": 3, "margin": 1.0}, "footprint_source": "osm"}}, {"type": "Feature", "geometry": {"type": "Polygon", "coordinates": [[[-82.1844302, 35.6305095], [-82.1844026, 35.63045639999999], [-82.1844767, 35.630431], [-82.1845043, 35.630484199999984], [-82.1844302, 35.6305095]]]}, "properties": {"id": "old_fort-000297", "damage_class": 1, "damage_label": "minor-damage", "confidence": 0.7, "area_m2": 46.59, "centroid": [-82.184453, 35.63047], "confidence_tier": "review", "sources": {"heuristic": 3, "cnn": 1, "margin": 1.0}, "footprint_source": "osm"}}, {"type": "Feature", "geometry": {"type": "Polygon", "coordinates": [[[-82.1840128, 35.63113579999999], [-82.1839779, 35.63111870000001], [-82.18401810000002, 35.63106439999999], [-82.184053, 35.63108149999999], [-82.1840128, 35.63113579999999]]]}, "properties": {"id": "old_fort-000298", "damage_class": 1, "damage_label": "minor-damage", "confidence": 0.85, "area_m2": 25.94, "centroid": [-82.184015, 35.6311], "confidence_tier": "high", "sources": {"heuristic": 0, "cnn": 1, "margin": 1.0}, "footprint_source": "osm"}}, {"type": "Feature", "geometry": {"type": "Polygon", "coordinates": [[[-82.1834877, 35.6310559], [-82.1835481, 35.6310356], [-82.1835746, 35.6310876], [-82.1835142, 35.631108], [-82.1834877, 35.6310559]]]}, "properties": {"id": "old_fort-000299", "damage_class": 2, "damage_label": "major-damage", "confidence": 1.0, "area_m2": 37.0, "centroid": [-82.183531, 35.631072], "confidence_tier": "high", "sources": {"heuristic": 2, "cnn": 2, "margin": 1.0}, "footprint_source": "osm"}}, {"type": "Feature", "geometry": {"type": "Polygon", "coordinates": [[[-82.1833774, 35.6307098], [-82.183418, 35.63069119999999], [-82.1834489, 35.63073559999999], [-82.1834083, 35.6307542], [-82.1833774, 35.6307098]]]}, "properties": {"id": "old_fort-000300", "damage_class": 3, "damage_label": "destroyed", "confidence": 0.7, "area_m2": 23.88, "centroid": [-82.183413, 35.630723], "confidence_tier": "review", "sources": {"heuristic": 1, "cnn": 3, "margin": 1.0}, "footprint_source": "osm"}}, {"type": "Feature", "geometry": {"type": "Polygon", "coordinates": [[[-82.1827023, 35.631290199999995], [-82.1827539, 35.631271399999996], [-82.1827726, 35.63130530000001], [-82.1827209, 35.63132409999999], [-82.1827023, 35.631290199999995]]]}, "properties": {"id": "old_fort-000301", "damage_class": 2, "damage_label": "major-damage", "confidence": 0.85, "area_m2": 21.11, "centroid": [-82.182737, 35.631298], "confidence_tier": "high", "sources": {"heuristic": 1, "cnn": 2, "margin": 1.0}, "footprint_source": "osm"}}, {"type": "Feature", "geometry": {"type": "Polygon", "coordinates": [[[-82.1827822, 35.6309367], [-82.18274060000002, 35.63091870000001], [-82.1827582, 35.630891899999995], [-82.1827997, 35.6309098], [-82.1827822, 35.6309367]]]}, "properties": {"id": "old_fort-000302", "damage_class": 1, "damage_label": "minor-damage", "confidence": 1.0, "area_m2": 14.37, "centroid": [-82.18277, 35.630914], "confidence_tier": "high", "sources": {"heuristic": 1, "cnn": 1, "margin": 1.0}, "footprint_source": "osm"}}, {"type": "Feature", "geometry": {"type": "Polygon", "coordinates": [[[-82.1828149, 35.631035000000004], [-82.1828193, 35.630978299999995], [-82.1828777, 35.630981199999994], [-82.1828733, 35.631037899999995], [-82.1828149, 35.631035000000004]]]}, "properties": {"id": "old_fort-000303", "damage_class": 0, "damage_label": "no-damage", "confidence": 0.7, "area_m2": 33.39, "centroid": [-82.182846, 35.631008], "confidence_tier": "review", "sources": {"heuristic": 2, "cnn": 0, "margin": 1.0}, "footprint_source": "osm"}}, {"type": "Feature", "geometry": {"type": "Polygon", "coordinates": [[[-82.1829039, 35.6309286], [-82.182994, 35.630934700000005], [-82.182992, 35.63095409999998], [-82.1830747, 35.630959699999984], [-82.1830665, 35.63103889999999], [-82.182877, 35.631026000000006], [-82.1828852, 35.6309463], [-82.182902, 35.6309474], [-82.1829039, 35.6309286]]]}, "properties": {"id": "old_fort-000304", "damage_class": 0, "damage_label": "no-damage", "confidence": 0.7, "area_m2": 169.55, "centroid": [-82.182973, 35.630987], "confidence_tier": "review", "sources": {"heuristic": 2, "cnn": 0, "margin": 1.0}, "footprint_source": "osm"}}, {"type": "Feature", "geometry": {"type": "Polygon", "coordinates": [[[-82.1830901, 35.63103550000001], [-82.1830898, 35.6309905], [-82.1831528, 35.63099030000001], [-82.1831531, 35.63103519999999], [-82.1830901, 35.63103550000001]]]}, "properties": {"id": "old_fort-000305", "damage_class": 3, "damage_label": "destroyed", "confidence": 0.7, "area_m2": 28.45, "centroid": [-82.183121, 35.631013], "confidence_tier": "review", "sources": {"heuristic": 1, "cnn": 3, "margin": 1.0}, "footprint_source": "osm"}}, {"type": "Feature", "geometry": {"type": "Polygon", "coordinates": [[[-82.1831516, 35.6310641], [-82.1831687, 35.6309965], [-82.1832094, 35.6310033], [-82.1831923, 35.63107089999998], [-82.1831516, 35.6310641]]]}, "properties": {"id": "old_fort-000306", "damage_class": 3, "damage_label": "destroyed", "confidence": 0.7, "area_m2": 28.81, "centroid": [-82.18318, 35.631034], "confidence_tier": "review", "sources": {"heuristic": 1, "cnn": 3, "margin": 1.0}, "footprint_source": "osm"}}, {"type": "Feature", "geometry": {"type": "Polygon", "coordinates": [[[-82.1833456, 35.6309376], [-82.1833162, 35.63084889999998], [-82.1834859, 35.6308119], [-82.1835152, 35.630900600000004], [-82.1833456, 35.6309376]]]}, "properties": {"id": "old_fort-000307", "damage_class": 1, "damage_label": "minor-damage", "confidence": 1.0, "area_m2": 162.07, "centroid": [-82.183416, 35.630875], "confidence_tier": "high", "sources": {"heuristic": 1, "cnn": 1, "margin": 1.0}, "footprint_source": "osm"}}, {"type": "Feature", "geometry": {"type": "Polygon", "coordinates": [[[-82.1834449, 35.6312096], [-82.1832763, 35.63127589999999], [-82.18323530000002, 35.6312069], [-82.1834039, 35.6311407], [-82.1834449, 35.6312096]]]}, "properties": {"id": "old_fort-000308", "damage_class": 1, "damage_label": "minor-damage", "confidence": 0.85, "area_m2": 144.06, "centroid": [-82.18334, 35.631208], "confidence_tier": "high", "sources": {"heuristic": 2, "cnn": 1, "margin": 1.0}, "footprint_source": "osm"}}, {"type": "Feature", "geometry": {"type": "Polygon", "coordinates": [[[-82.1826861, 35.631273400000005], [-82.1825845, 35.63131150000001], [-82.1825372, 35.6312282], [-82.1825243, 35.631233], [-82.1825032, 35.631196], [-82.1825162, 35.63119119999999], [-82.1824893, 35.631143699999996], [-82.1825908, 35.6311056], [-82.1826226, 35.6311615], [-82.1826585, 35.631147999999996], [-82.1826889, 35.6312016], [-82.18265300000002, 35.63121509999999], [-82.1826861, 35.631273400000005]]]}, "properties": {"id": "old_fort-000309", "damage_class": 1, "damage_label": "minor-damage", "confidence": 1.0, "area_m2": 236.98, "centroid": [-82.182593, 35.631206], "confidence_tier": "high", "sources": {"heuristic": 1, "cnn": 1, "margin": 1.0}, "footprint_source": "osm"}}, {"type": "Feature", "geometry": {"type": "Polygon", "coordinates": [[[-82.182821, 35.6318446], [-82.1828064, 35.631926099999994], [-82.1826026, 35.631902], [-82.1826171, 35.63182059999999], [-82.1826482, 35.6318243], [-82.1826511, 35.6318081], [-82.1827249, 35.63181689999999], [-82.1827221, 35.63183289999999], [-82.182821, 35.6318446]]]}, "properties": {"id": "old_fort-000310", "damage_class": 1, "damage_label": "minor-damage", "confidence": 0.85, "area_m2": 182.52, "centroid": [-82.18271, 35.63187], "confidence_tier": "high", "sources": {"heuristic": 0, "cnn": 1, "margin": 1.0}, "footprint_source": "osm"}}, {"type": "Feature", "geometry": {"type": "Polygon", "coordinates": [[[-82.1828407, 35.6317887], [-82.18274180000002, 35.6317435], [-82.1827813, 35.631686499999994], [-82.1828802, 35.631731699999996], [-82.1828407, 35.6317887]]]}, "properties": {"id": "old_fort-000311", "damage_class": 1, "damage_label": "minor-damage", "confidence": 0.85, "area_m2": 74.56, "centroid": [-82.182811, 35.631738], "confidence_tier": "high", "sources": {"heuristic": 0, "cnn": 1, "margin": 1.0}, "footprint_source": "osm"}}, {"type": "Feature", "geometry": {"type": "Polygon", "coordinates": [[[-82.1810053, 35.633201], [-82.1809416, 35.6331315], [-82.1810053, 35.633092899999994], [-82.181069, 35.63316240000001], [-82.1810053, 35.633201]]]}, "properties": {"id": "old_fort-000312", "damage_class": 3, "damage_label": "destroyed", "confidence": 0.85, "area_m2": 69.17, "centroid": [-82.181005, 35.633147], "confidence_tier": "high", "sources": {"heuristic": 2, "cnn": 3, "margin": 1.0}, "footprint_source": "osm"}}, {"type": "Feature", "geometry": {"type": "Polygon", "coordinates": [[[-82.1810865, 35.63318340000001], [-82.1811733, 35.6331158], [-82.1812323, 35.6331659], [-82.1811455, 35.633233499999996], [-82.1810865, 35.63318340000001]]]}, "properties": {"id": "old_fort-000313", "damage_class": 3, "damage_label": "destroyed", "confidence": 1.0, "area_m2": 83.74, "centroid": [-82.181159, 35.633175], "confidence_tier": "high", "sources": {"heuristic": 3, "cnn": 3, "margin": 1.0}, "footprint_source": "osm"}}, {"type": "Feature", "geometry": {"type": "Polygon", "coordinates": [[[-82.1809047, 35.63422969999999], [-82.1808383, 35.6342273], [-82.18084, 35.634196], [-82.1809064, 35.634198399999995], [-82.1809047, 35.63422969999999]]]}, "properties": {"id": "old_fort-000314", "damage_class": 1, "damage_label": "minor-damage", "confidence": 0.85, "area_m2": 20.92, "centroid": [-82.180872, 35.634213], "confidence_tier": "high", "sources": {"heuristic": 0, "cnn": 1, "margin": 1.0}, "footprint_source": "osm"}}, {"type": "Feature", "geometry": {"type": "Polygon", "coordinates": [[[-82.1806493, 35.634065699999994], [-82.1806499, 35.63402829999999], [-82.180847, 35.634030499999994], [-82.1808464, 35.63406790000001], [-82.1806493, 35.634065699999994]]]}, "properties": {"id": "old_fort-000315", "damage_class": 1, "damage_label": "minor-damage", "confidence": 1.0, "area_m2": 74.06, "centroid": [-82.180748, 35.634048], "confidence_tier": "high", "sources": {"heuristic": 1, "cnn": 1, "margin": 1.0}, "footprint_source": "osm"}}, {"type": "Feature", "geometry": {"type": "Polygon", "coordinates": [[[-82.1816088, 35.634481699999995], [-82.1815624, 35.6344833], [-82.1815598, 35.63443469999999], [-82.1815357, 35.6344356], [-82.1815338, 35.63440069999999], [-82.1815586, 35.6343998], [-82.1815532, 35.63430079999999], [-82.1815997, 35.63429910000001], [-82.1816011, 35.6343258], [-82.1816271, 35.634324899999996], [-82.1816292, 35.6343636], [-82.1816025, 35.6343645], [-82.1816088, 35.634481699999995]]]}, "properties": {"id": "old_fort-000316", "damage_class": 0, "damage_label": "no-damage", "confidence": 1.0, "area_m2": 103.62, "centroid": [-82.181582, 35.634389], "confidence_tier": "high", "sources": {"heuristic": 0, "cnn": 0, "margin": 1.0}, "footprint_source": "osm"}}, {"type": "Feature", "geometry": {"type": "Polygon", "coordinates": [[[-82.1831588, 35.6358568], [-82.1832049, 35.6358035], [-82.1832679, 35.635839399999995], [-82.1832218, 35.6358928], [-82.1831588, 35.6358568]]]}, "properties": {"id": "old_fort-000317", "damage_class": 1, "damage_label": "minor-damage", "confidence": 0.85, "area_m2": 50.41, "centroid": [-82.183213, 35.635848], "confidence_tier": "high", "sources": {"heuristic": 0, "cnn": 1, "margin": 1.0}, "footprint_source": "osm"}}, {"type": "Feature", "geometry": {"type": "Polygon", "coordinates": [[[-82.1833513, 35.6360232], [-82.1833848, 35.6360182], [-82.1834076, 35.636120999999996], [-82.1833741, 35.6361259], [-82.1833513, 35.6360232]]]}, "properties": {"id": "old_fort-000318", "damage_class": 3, "damage_label": "destroyed", "confidence": 0.7, "area_m2": 35.71, "centroid": [-82.183379, 35.636072], "confidence_tier": "review", "sources": {"heuristic": 0, "cnn": 3, "margin": 1.0}, "footprint_source": "osm"}}, {"type": "Feature", "geometry": {"type": "Polygon", "coordinates": [[[-82.1831928, 35.63612260000001], [-82.1830895, 35.636015199999996], [-82.1831793, 35.6359582], [-82.1832825, 35.6360655], [-82.1831928, 35.63612260000001]]]}, "properties": {"id": "old_fort-000319", "damage_class": 0, "damage_label": "no-damage", "confidence": 0.7, "area_m2": 155.94, "centroid": [-82.183186, 35.63604], "confidence_tier": "review", "sources": {"heuristic": 3, "cnn": 0, "margin": 1.0}, "footprint_source": "osm"}}, {"type": "Feature", "geometry": {"type": "Polygon", "coordinates": [[[-82.1828066, 35.635334], [-82.1827597, 35.6353449], [-82.1827531, 35.63532630000001], [-82.1828001, 35.6353154], [-82.1828066, 35.635334]]]}, "properties": {"id": "old_fort-000320", "damage_class": 0, "damage_label": "no-damage", "confidence": 0.7, "area_m2": 9.49, "centroid": [-82.18278, 35.63533], "confidence_tier": "review", "sources": {"heuristic": 3, "cnn": 0, "margin": 1.0}, "footprint_source": "osm"}}, {"type": "Feature", "geometry": {"type": "Polygon", "coordinates": [[[-82.1827605, 35.635347200000005], [-82.1828084, 35.6353365], [-82.1828319, 35.6354054], [-82.18278400000001, 35.635416199999995], [-82.1827605, 35.635347200000005]]]}, "properties": {"id": "old_fort-000321", "damage_class": 1, "damage_label": "minor-damage", "confidence": 0.7, "area_m2": 35.71, "centroid": [-82.182796, 35.635376], "confidence_tier": "review", "sources": {"heuristic": 3, "cnn": 1, "margin": 1.0}, "footprint_source": "osm"}}, {"type": "Feature", "geometry": {"type": "Polygon", "coordinates": [[[-82.1822995, 35.6352726], [-82.1822726, 35.63524399999999], [-82.1823893, 35.6351715], [-82.1824162, 35.6352001], [-82.1822995, 35.6352726]]]}, "properties": {"id": "old_fort-000322", "damage_class": 3, "damage_label": "destroyed", "confidence": 0.7, "area_m2": 53.11, "centroid": [-82.182344, 35.635222], "confidence_tier": "review", "sources": {"heuristic": 1, "cnn": 3, "margin": 1.0}, "footprint_source": "osm"}}, {"type": "Feature", "geometry": {"type": "Polygon", "coordinates": [[[-82.1824632, 35.6351321], [-82.1824035, 35.6350373], [-82.1824812, 35.635005], [-82.18254090000002, 35.63509979999999], [-82.1824632, 35.6351321]]]}, "properties": {"id": "old_fort-000323", "damage_class": 1, "damage_label": "minor-damage", "confidence": 0.85, "area_m2": 93.36, "centroid": [-82.182472, 35.635069], "confidence_tier": "high", "sources": {"heuristic": 2, "cnn": 1, "margin": 0.9999}, "footprint_source": "osm"}}, {"type": "Feature", "geometry": {"type": "Polygon", "coordinates": [[[-82.1818707, 35.6352328], [-82.18185, 35.6351988], [-82.1820501, 35.635118199999994], [-82.1820708, 35.635152100000006], [-82.1818707, 35.6352328]]]}, "properties": {"id": "old_fort-000324", "damage_class": 2, "damage_label": "major-damage", "confidence": 0.85, "area_m2": 85.01, "centroid": [-82.18196, 35.635175], "confidence_tier": "high", "sources": {"heuristic": 1, "cnn": 2, "margin": 1.0}, "footprint_source": "osm"}}, {"type": "Feature", "geometry": {"type": "Polygon", "coordinates": [[[-82.181221, 35.6348721], [-82.1812703, 35.63496460000001], [-82.1810992, 35.6350249], [-82.1810495, 35.634931900000005], [-82.1810758, 35.6349226], [-82.1810632, 35.63489909999999], [-82.1810984, 35.63488670000001], [-82.1811112, 35.6349108], [-82.181221, 35.6348721]]]}, "properties": {"id": "old_fort-000325", "damage_class": 1, "damage_label": "minor-damage", "confidence": 0.85, "area_m2": 199.17, "centroid": [-82.181156, 35.634946], "confidence_tier": "high", "sources": {"heuristic": 0, "cnn": 1, "margin": 1.0}, "footprint_source": "osm"}}, {"type": "Feature", "geometry": {"type": "Polygon", "coordinates": [[[-82.1808981, 35.6349229], [-82.1809343, 35.6349087], [-82.1809634, 35.6349579], [-82.1809266, 35.6349724], [-82.1809212, 35.634963299999995], [-82.18090330000001, 35.634970300000006], [-82.1808891, 35.6349464], [-82.1809077, 35.634939100000004], [-82.1808981, 35.6349229]]]}, "properties": {"id": "old_fort-000326", "damage_class": 1, "damage_label": "minor-damage", "confidence": 0.85, "area_m2": 27.62, "centroid": [-82.180926, 35.634943], "confidence_tier": "high", "sources": {"heuristic": 0, "cnn": 1, "margin": 1.0}, "footprint_source": "osm"}}, {"type": "Feature", "geometry": {"type": "Polygon", "coordinates": [[[-82.1816488, 35.63369649999999], [-82.1816583, 35.6336959], [-82.1816566, 35.633677399999996], [-82.1817298, 35.633672999999995], [-82.1817315, 35.6336914], [-82.1817383, 35.63369099999999], [-82.1817426, 35.63373839999999], [-82.18176250000002, 35.6337372], [-82.1817675, 35.63379249999999], [-82.1816581, 35.6337991], [-82.1816488, 35.63369649999999]]]}, "properties": {"id": "old_fort-000327", "damage_class": 1, "damage_label": "minor-damage", "confidence": 0.85, "area_m2": 117.57, "centroid": [-82.181703, 35.63374], "confidence_tier": "high", "sources": {"heuristic": 2, "cnn": 1, "margin": 1.0}, "footprint_source": "osm"}}, {"type": "Feature", "geometry": {"type": "Polygon", "coordinates": [[[-82.1812065, 35.633745], [-82.1811611, 35.6337531], [-82.1811149, 35.63358190000001], [-82.1811602, 35.63357379999999], [-82.1811687, 35.6336053], [-82.1812018, 35.6335994], [-82.1812132, 35.63364190000001], [-82.1811803, 35.63364779999999], [-82.1812065, 35.633745]]]}, "properties": {"id": "old_fort-000328", "damage_class": 1, "damage_label": "minor-damage", "confidence": 0.85, "area_m2": 96.57, "centroid": [-82.181165, 35.633657], "confidence_tier": "high", "sources": {"heuristic": 2, "cnn": 1, "margin": 1.0}, "footprint_source": "osm"}}, {"type": "Feature", "geometry": {"type": "Polygon", "coordinates": [[[-82.1806451, 35.6333923], [-82.180668, 35.633317399999996], [-82.1808109, 35.63334630000001], [-82.1807989, 35.63338530000001], [-82.1808136, 35.6333883], [-82.1807887, 35.6334695], [-82.1806722, 35.6334459], [-82.1806861, 35.6334006], [-82.1806451, 35.6333923]]]}, "properties": {"id": "old_fort-000329", "damage_class": 2, "damage_label": "major-damage", "confidence": 1.0, "area_m2": 176.08, "centroid": [-82.180733, 35.633391], "confidence_tier": "high", "sources": {"heuristic": 2, "cnn": 2, "margin": 1.0}, "footprint_source": "osm"}}, {"type": "Feature", "geometry": {"type": "Polygon", "coordinates": [[[-82.1806865, 35.63352179999998], [-82.1807716, 35.6335367], [-82.1807522, 35.633610000000004], [-82.180667, 35.6335951], [-82.1806865, 35.63352179999998]]]}, "properties": {"id": "old_fort-000330", "damage_class": 3, "damage_label": "destroyed", "confidence": 0.85, "area_m2": 65.61, "centroid": [-82.180719, 35.633566], "confidence_tier": "high", "sources": {"heuristic": 2, "cnn": 3, "margin": 1.0}, "footprint_source": "osm"}}, {"type": "Feature", "geometry": {"type": "Polygon", "coordinates": [[[-82.1787426, 35.629954999999995], [-82.1786956, 35.62989539999999], [-82.1788411, 35.62981959999999], [-82.1788881, 35.62987919999999], [-82.1787426, 35.629954999999995]]]}, "properties": {"id": "old_fort-000331", "damage_class": 0, "damage_label": "no-damage", "confidence": 0.85, "area_m2": 122.9, "centroid": [-82.178792, 35.629887], "confidence_tier": "high", "sources": {"heuristic": 1, "cnn": 0, "margin": 1.0}, "footprint_source": "osm"}}, {"type": "Feature", "geometry": {"type": "Polygon", "coordinates": [[[-82.1785427, 35.6296767], [-82.1786519, 35.629621], [-82.178707, 35.6296925], [-82.1785978, 35.6297482], [-82.178576, 35.62971999999999], [-82.1785641, 35.62972609999999], [-82.1785478, 35.629704999999994], [-82.1785598, 35.6296989], [-82.1785427, 35.6296767]]]}, "properties": {"id": "old_fort-000332", "damage_class": 0, "damage_label": "no-damage", "confidence": 1.0, "area_m2": 112.81, "centroid": [-82.178623, 35.629685], "confidence_tier": "high", "sources": {"heuristic": 0, "cnn": 0, "margin": 1.0}, "footprint_source": "osm"}}, {"type": "Feature", "geometry": {"type": "Polygon", "coordinates": [[[-82.1785612, 35.63125539999999], [-82.1785215, 35.631202499999986], [-82.1787844, 35.63107229999999], [-82.178824, 35.6311251], [-82.1785612, 35.63125539999999]]]}, "properties": {"id": "old_fort-000333", "damage_class": 0, "damage_label": "no-damage", "confidence": 1.0, "area_m2": 191.42, "centroid": [-82.178673, 35.631164], "confidence_tier": "high", "sources": {"heuristic": 0, "cnn": 0, "margin": 1.0}, "footprint_source": "osm"}}, {"type": "Feature", "geometry": {"type": "Polygon", "coordinates": [[[-82.1786088, 35.63086899999999], [-82.1787664, 35.6310783], [-82.178575, 35.631173399999994], [-82.1784174, 35.6309641], [-82.1784632, 35.6309414], [-82.1784415, 35.630913400000004], [-82.17854000000001, 35.63086270000001], [-82.1785627, 35.6308919], [-82.1786088, 35.63086899999999]]]}, "properties": {"id": "old_fort-000334", "damage_class": 1, "damage_label": "minor-damage", "confidence": 0.85, "area_m2": 592.53, "centroid": [-82.178586, 35.631013], "confidence_tier": "high", "sources": {"heuristic": 0, "cnn": 1, "margin": 1.0}, "footprint_source": "osm"}}, {"type": "Feature", "geometry": {"type": "Polygon", "coordinates": [[[-82.1779189, 35.63166029999999], [-82.1779817, 35.6317413], [-82.1779009, 35.631782900000005], [-82.1778833, 35.63176030000001], [-82.1778353, 35.6317845], [-82.1778433, 35.63179480000001], [-82.1778153, 35.6318091], [-82.1777906, 35.63177730000001], [-82.1778103, 35.631767299999986], [-82.1777822, 35.631731099999996], [-82.177817, 35.63171320000001], [-82.1778039, 35.6316963], [-82.1778702, 35.631662299999995], [-82.177883, 35.6316787], [-82.1779189, 35.63166029999999]]]}, "properties": {"id": "old_fort-000335", "damage_class": 1, "damage_label": "minor-damage", "confidence": 0.7, "area_m2": 164.68, "centroid": [-82.177876, 35.631729], "confidence_tier": "review", "sources": {"heuristic": 3, "cnn": 1, "margin": 1.0}, "footprint_source": "osm"}}, {"type": "Feature", "geometry": {"type": "Polygon", "coordinates": [[[-82.1773294, 35.632108900000006], [-82.1772982, 35.6321234], [-82.1772807, 35.632098500000005], [-82.1773119, 35.6320841], [-82.1773294, 35.632108900000006]]]}, "properties": {"id": "old_fort-000336", "damage_class": 1, "damage_label": "minor-damage", "confidence": 0.85, "area_m2": 10.33, "centroid": [-82.177305, 35.632104], "confidence_tier": "review", "sources": {"heuristic": 0, "cnn": 1, "margin": 1.0}, "footprint_source": "osm"}}, {"type": "Feature", "geometry": {"type": "Polygon", "coordinates": [[[-82.1773528, 35.632197999999995], [-82.1773482, 35.632200100000006], [-82.1773579, 35.6322143], [-82.1773334, 35.6322253], [-82.1773238, 35.632211099999985], [-82.1772881, 35.63222709999999], [-82.17723680000002, 35.6321544], [-82.1773327, 35.6321113], [-82.1773732, 35.63217079999999], [-82.1773434, 35.6321842], [-82.1773528, 35.632197999999995]]]}, "properties": {"id": "old_fort-000337", "damage_class": 1, "damage_label": "minor-damage", "confidence": 0.85, "area_m2": 91.16, "centroid": [-82.177308, 35.632171], "confidence_tier": "high", "sources": {"heuristic": 0, "cnn": 1, "margin": 1.0}, "footprint_source": "osm"}}, {"type": "Feature", "geometry": {"type": "Polygon", "coordinates": [[[-82.1776886, 35.63209520000001], [-82.1776823, 35.6320869], [-82.1776149, 35.632120799999996], [-82.177622, 35.63213009999999], [-82.1775956, 35.632143400000004], [-82.1775885, 35.632134099999995], [-82.1775504, 35.632153299999985], [-82.177499, 35.63208590000001], [-82.1777218, 35.6319738], [-82.177773, 35.6320411], [-82.1777019, 35.632076899999994], [-82.1777082, 35.6320853], [-82.1776886, 35.63209520000001]]]}, "properties": {"id": "old_fort-000338", "damage_class": 1, "damage_label": "minor-damage", "confidence": 0.85, "area_m2": 214.17, "centroid": [-82.177636, 35.632065], "confidence_tier": "high", "sources": {"heuristic": 0, "cnn": 1, "margin": 1.0}, "footprint_source": "osm"}}, {"type": "Feature", "geometry": {"type": "Polygon", "coordinates": [[[-82.1777803, 35.632671000000016], [-82.1777536, 35.63268829999999], [-82.1777023, 35.632636], [-82.177729, 35.6326187], [-82.1777803, 35.632671000000016]]]}, "properties": {"id": "old_fort-000339", "damage_class": 3, "damage_label": "destroyed", "confidence": 1.0, "area_m2": 22.94, "centroid": [-82.177741, 35.632654], "confidence_tier": "high", "sources": {"heuristic": 3, "cnn": 3, "margin": 1.0}, "footprint_source": "osm"}}, {"type": "Feature", "geometry": {"type": "Polygon", "coordinates": [[[-82.1777846, 35.632669699999994], [-82.177732, 35.6326152], [-82.1777961, 35.63257430000001], [-82.1778487, 35.632628800000006], [-82.1777846, 35.632669699999994]]]}, "properties": {"id": "old_fort-000340", "damage_class": 0, "damage_label": "no-damage", "confidence": 0.85, "area_m2": 56.7, "centroid": [-82.17779, 35.632622], "confidence_tier": "high", "sources": {"heuristic": 1, "cnn": 0, "margin": 1.0}, "footprint_source": "osm"}}, {"type": "Feature", "geometry": {"type": "Polygon", "coordinates": [[[-82.1782948, 35.63152099999999], [-82.1783772, 35.6314838], [-82.1784828, 35.6316381], [-82.1783996, 35.631675699999995], [-82.1783702, 35.6316327], [-82.178352, 35.63164089999999], [-82.1783067, 35.6315748], [-82.1783257, 35.6315662], [-82.1782948, 35.63152099999999]]]}, "properties": {"id": "old_fort-000341", "damage_class": 1, "damage_label": "minor-damage", "confidence": 0.85, "area_m2": 184.19, "centroid": [-82.178384, 35.631582], "confidence_tier": "high", "sources": {"heuristic": 0, "cnn": 1, "margin": 1.0}, "footprint_source": "osm"}}, {"type": "Feature", "geometry": {"type": "Polygon", "coordinates": [[[-82.17886630000001, 35.6314401], [-82.1787856, 35.63131700000001], [-82.1789218, 35.63125809999999], [-82.1790024, 35.6313813], [-82.17886630000001, 35.6314401]]]}, "properties": {"id": "old_fort-000342", "damage_class": 1, "damage_label": "minor-damage", "confidence": 0.85, "area_m2": 216.1, "centroid": [-82.178894, 35.631349], "confidence_tier": "high", "sources": {"heuristic": 0, "cnn": 1, "margin": 1.0}, "footprint_source": "osm"}}, {"type": "Feature", "geometry": {"type": "Polygon", "coordinates": [[[-82.1790323, 35.631370499999996], [-82.1788795, 35.6311476], [-82.1789796, 35.631102199999994], [-82.1791325, 35.63132509999999], [-82.1790323, 35.631370499999996]]]}, "properties": {"id": "old_fort-000343", "damage_class": 0, "damage_label": "no-damage", "confidence": 0.85, "area_m2": 293.95, "centroid": [-82.179006, 35.631236], "confidence_tier": "high", "sources": {"heuristic": 1, "cnn": 0, "margin": 1.0}, "footprint_source": "osm"}}, {"type": "Feature", "geometry": {"type": "Polygon", "coordinates": [[[-82.1793428, 35.630461299999986], [-82.1794441, 35.63041379999999], [-82.1794798, 35.6304643], [-82.1793786, 35.63051169999999], [-82.1793428, 35.630461299999986]]]}, "properties": {"id": "old_fort-000344", "damage_class": 2, "damage_label": "major-damage", "confidence": 0.7, "area_m2": 68.35, "centroid": [-82.179411, 35.630463], "confidence_tier": "review", "sources": {"heuristic": 0, "cnn": 2, "margin": 1.0}, "footprint_source": "osm"}}, {"type": "Feature", "geometry": {"type": "Polygon", "coordinates": [[[-82.1793456, 35.6303303], [-82.1793509, 35.6303276], [-82.1793577, 35.6303366], [-82.1793956, 35.63031780000001], [-82.1794567, 35.63039930000001], [-82.17932520000001, 35.63046450000001], [-82.1793097, 35.6304439], [-82.1792956, 35.6304509], [-82.179243, 35.6303808], [-82.1792968, 35.6303541], [-82.1792911, 35.63034639999999], [-82.17933970000001, 35.6303223], [-82.1793456, 35.6303303]]]}, "properties": {"id": "old_fort-000345", "damage_class": 1, "damage_label": "minor-damage", "confidence": 0.85, "area_m2": 178.4, "centroid": [-82.179349, 35.630389], "confidence_tier": "high", "sources": {"heuristic": 0, "cnn": 1, "margin": 1.0}, "footprint_source": "osm"}}, {"type": "Feature", "geometry": {"type": "Polygon", "coordinates": [[[-82.1795616, 35.6296571], [-82.1796367, 35.62975409999999], [-82.1794037, 35.6298734], [-82.1793284, 35.6297761], [-82.1794097, 35.6297345], [-82.1793819, 35.629698700000006], [-82.1794401, 35.62966889999999], [-82.1794681, 35.62970500000001], [-82.1795616, 35.6296571]]]}, "properties": {"id": "old_fort-000346", "damage_class": 0, "damage_label": "no-damage", "confidence": 1.0, "area_m2": 346.77, "centroid": [-82.179478, 35.62976], "confidence_tier": "high", "sources": {"heuristic": 0, "cnn": 0, "margin": 1.0}, "footprint_source": "osm"}}, {"type": "Feature", "geometry": {"type": "Polygon", "coordinates": [[[-82.18055450000001, 35.63000469999999], [-82.1804341, 35.6300629], [-82.1802999, 35.6298793], [-82.1804204, 35.62982110000001], [-82.1804764, 35.629897699999994], [-82.1805226, 35.6298754], [-82.1805574, 35.629922900000004], [-82.1805111, 35.6299453], [-82.18055450000001, 35.63000469999999]]]}, "properties": {"id": "old_fort-000347", "damage_class": 1, "damage_label": "minor-damage", "confidence": 0.85, "area_m2": 330.49, "centroid": [-82.180435, 35.629939], "confidence_tier": "high", "sources": {"heuristic": 0, "cnn": 1, "margin": 1.0}, "footprint_source": "osm"}}, {"type": "Feature", "geometry": {"type": "Polygon", "coordinates": [[[-82.1823149, 35.63071039999999], [-82.1823377, 35.63063429999999], [-82.182452, 35.630656899999984], [-82.1824292, 35.630733], [-82.1823149, 35.63071039999999]]]}, "properties": {"id": "old_fort-000348", "damage_class": 2, "damage_label": "major-damage", "confidence": 0.7, "area_m2": 92.55, "centroid": [-82.182383, 35.630684], "confidence_tier": "review", "sources": {"heuristic": 0, "cnn": 2, "margin": 1.0}, "footprint_source": "osm"}}, {"type": "Feature", "geometry": {"type": "Polygon", "coordinates": [[[-82.1808366, 35.63043299999999], [-82.1807508, 35.6304767], [-82.1806637, 35.630363599999995], [-82.1806722, 35.63035930000001], [-82.180619, 35.630290200000005], [-82.1806082, 35.6302957], [-82.1805496, 35.6302197], [-82.1806424, 35.630172399999985], [-82.1806999, 35.630247], [-82.1807085, 35.63024260000001], [-82.1807636, 35.6303142], [-82.1807503, 35.630320999999995], [-82.1808366, 35.63043299999999]]]}, "properties": {"id": "old_fort-000349", "damage_class": 1, "damage_label": "minor-damage", "confidence": 0.85, "area_m2": 322.28, "centroid": [-82.180696, 35.630322], "confidence_tier": "high", "sources": {"heuristic": 0, "cnn": 1, "margin": 1.0}, "footprint_source": "osm"}}, {"type": "Feature", "geometry": {"type": "Polygon", "coordinates": [[[-82.179769, 35.63054369999999], [-82.179584, 35.630300600000005], [-82.1797239, 35.6302302], [-82.179909, 35.6304733], [-82.179769, 35.63054369999999]]]}, "properties": {"id": "old_fort-000350", "damage_class": 1, "damage_label": "minor-damage", "confidence": 1.0, "area_m2": 472.62, "centroid": [-82.179746, 35.630387], "confidence_tier": "high", "sources": {"heuristic": 1, "cnn": 1, "margin": 1.0}, "footprint_source": "osm"}}, {"type": "Feature", "geometry": {"type": "Polygon", "coordinates": [[[-82.1797946, 35.6301305], [-82.179752, 35.6300767], [-82.1798371, 35.630032], [-82.1798798, 35.6300858], [-82.1797946, 35.6301305]]]}, "properties": {"id": "old_fort-000351", "damage_class": 0, "damage_label": "no-damage", "confidence": 0.85, "area_m2": 65.17, "centroid": [-82.179816, 35.630081], "confidence_tier": "high", "sources": {"heuristic": 1, "cnn": 0, "margin": 1.0}, "footprint_source": "osm"}}, {"type": "Feature", "geometry": {"type": "Polygon", "coordinates": [[[-82.1798309, 35.6302765], [-82.1797801, 35.6302123], [-82.1799149, 35.630142], [-82.1799656, 35.630206199999996], [-82.1798309, 35.6302765]]]}, "properties": {"id": "old_fort-000352", "damage_class": 0, "damage_label": "no-damage", "confidence": 0.85, "area_m2": 122.74, "centroid": [-82.179873, 35.630209], "confidence_tier": "high", "sources": {"heuristic": 1, "cnn": 0, "margin": 1.0}, "footprint_source": "osm"}}, {"type": "Feature", "geometry": {"type": "Polygon", "coordinates": [[[-82.1798979, 35.630402999999994], [-82.1798534, 35.6303437], [-82.1800686, 35.6302369], [-82.1801132, 35.63029619999999], [-82.1798979, 35.630402999999994]]]}, "properties": {"id": "old_fort-000353", "damage_class": 0, "damage_label": "no-damage", "confidence": 0.85, "area_m2": 176.01, "centroid": [-82.179983, 35.63032], "confidence_tier": "high", "sources": {"heuristic": 1, "cnn": 0, "margin": 1.0}, "footprint_source": "osm"}}, {"type": "Feature", "geometry": {"type": "Polygon", "coordinates": [[[-82.1792184, 35.630533699999994], [-82.1791654, 35.63046829999999], [-82.1792441, 35.6304261], [-82.17929710000001, 35.6304915], [-82.1792184, 35.630533699999994]]]}, "properties": {"id": "old_fort-000354", "damage_class": 2, "damage_label": "major-damage", "confidence": 0.85, "area_m2": 74.17, "centroid": [-82.179231, 35.63048], "confidence_tier": "high", "sources": {"heuristic": 1, "cnn": 2, "margin": 1.0}, "footprint_source": "osm"}}, {"type": "Feature", "geometry": {"type": "Polygon", "coordinates": [[[-82.1793631, 35.6306358], [-82.17941, 35.6306133], [-82.1794311, 35.6306423], [-82.1794407, 35.630637699999994], [-82.1794712, 35.6306796], [-82.1794213, 35.6307035], [-82.1794296, 35.63071500000001], [-82.1793425, 35.63075669999999], [-82.1792868, 35.6306799], [-82.1793671, 35.6306414], [-82.1793631, 35.6306358]]]}, "properties": {"id": "old_fort-000355", "damage_class": 1, "damage_label": "minor-damage", "confidence": 1.0, "area_m2": 135.17, "centroid": [-82.179378, 35.630685], "confidence_tier": "high", "sources": {"heuristic": 1, "cnn": 1, "margin": 1.0}, "footprint_source": "osm"}}, {"type": "Feature", "geometry": {"type": "Polygon", "coordinates": [[[-82.17962020000002, 35.6309559], [-82.1795907, 35.630969900000004], [-82.1795202, 35.6308633], [-82.1795374, 35.6308552], [-82.1795325, 35.63084829999999], [-82.1796547, 35.6307903], [-82.1796934, 35.6308442], [-82.1796776, 35.630851700000015], [-82.1797043, 35.630888899999995], [-82.1796663, 35.630907], [-82.17968850000001, 35.6309379], [-82.1796261, 35.6309641], [-82.17962020000002, 35.6309559]]]}, "properties": {"id": "old_fort-000356", "damage_class": 0, "damage_label": "no-damage", "confidence": 1.0, "area_m2": 197.13, "centroid": [-82.179617, 35.630881], "confidence_tier": "high", "sources": {"heuristic": 0, "cnn": 0, "margin": 1.0}, "footprint_source": "osm"}}, {"type": "Feature", "geometry": {"type": "Polygon", "coordinates": [[[-82.1799834, 35.63069870000001], [-82.1799631, 35.630667900000006], [-82.1800339, 35.6306371], [-82.18005420000001, 35.63066789999999], [-82.1799834, 35.63069870000001]]]}, "properties": {"id": "old_fort-000357", "damage_class": 1, "damage_label": "minor-damage", "confidence": 0.85, "area_m2": 28.19, "centroid": [-82.180009, 35.630668], "confidence_tier": "high", "sources": {"heuristic": 0, "cnn": 1, "margin": 1.0}, "footprint_source": "osm"}}, {"type": "Feature", "geometry": {"type": "Polygon", "coordinates": [[[-82.18007670000001, 35.630727099999994], [-82.1800157, 35.630753], [-82.1799961, 35.630722600000006], [-82.1800572, 35.6306967], [-82.18007670000001, 35.630727099999994]]]}, "properties": {"id": "old_fort-000358", "damage_class": 1, "damage_label": "minor-damage", "confidence": 0.85, "area_m2": 23.73, "centroid": [-82.180036, 35.630725], "confidence_tier": "high", "sources": {"heuristic": 0, "cnn": 1, "margin": 1.0}, "footprint_source": "osm"}}, {"type": "Feature", "geometry": {"type": "Polygon", "coordinates": [[[-82.17988380000001, 35.63093409999999], [-82.1797852, 35.63080279999999], [-82.1798892, 35.63075119999999], [-82.1799878, 35.63088260000001], [-82.17988380000001, 35.63093409999999]]]}, "properties": {"id": "old_fort-000359", "damage_class": 1, "damage_label": "minor-damage", "confidence": 0.85, "area_m2": 188.28, "centroid": [-82.179887, 35.630843], "confidence_tier": "high", "sources": {"heuristic": 0, "cnn": 1, "margin": 1.0}, "footprint_source": "osm"}}, {"type": "Feature", "geometry": {"type": "Polygon", "coordinates": [[[-82.1796714, 35.63107240000001], [-82.1796278, 35.631013599999996], [-82.1797028, 35.63097689999999], [-82.1797464, 35.631035700000005], [-82.1796714, 35.63107240000001]]]}, "properties": {"id": "old_fort-000360", "damage_class": 0, "damage_label": "no-damage", "confidence": 1.0, "area_m2": 60.37, "centroid": [-82.179687, 35.631025], "confidence_tier": "high", "sources": {"heuristic": 0, "cnn": 0, "margin": 1.0}, "footprint_source": "osm"}}, {"type": "Feature", "geometry": {"type": "Polygon", "coordinates": [[[-82.1803117, 35.63113010000001], [-82.1803165, 35.631137], [-82.1803405, 35.63112629999999], [-82.1804172, 35.6312347], [-82.180378, 35.631253], [-82.1803659, 35.63123579999999], [-82.1803305, 35.6312524], [-82.1803079, 35.631220500000005], [-82.18026960000002, 35.63123850000001], [-82.1802183, 35.63117509999999], [-82.1802271, 35.631171], [-82.180222, 35.6311639], [-82.1802538, 35.63114899999999], [-82.1802582, 35.631155099999994], [-82.1803117, 35.63113010000001]]]}, "properties": {"id": "old_fort-000361", "damage_class": 0, "damage_label": "no-damage", "confidence": 1.0, "area_m2": 142.76, "centroid": [-82.180318, 35.631192], "confidence_tier": "high", "sources": {"heuristic": 0, "cnn": 0, "margin": 1.0}, "footprint_source": "osm"}}, {"type": "Feature", "geometry": {"type": "Polygon", "coordinates": [[[-82.1806131, 35.6310815], [-82.18059910000001, 35.63106049999999], [-82.1807131, 35.6310104], [-82.180727, 35.6310314], [-82.1806131, 35.6310815]]]}, "properties": {"id": "old_fort-000362", "damage_class": 0, "damage_label": "no-damage", "confidence": 1.0, "area_m2": 31.06, "centroid": [-82.180663, 35.631046], "confidence_tier": "high", "sources": {"heuristic": 0, "cnn": 0, "margin": 1.0}, "footprint_source": "osm"}}, {"type": "Feature", "geometry": {"type": "Polygon", "coordinates": [[[-82.1805879, 35.63117690000001], [-82.1805474, 35.6311212], [-82.1806154, 35.63108849999999], [-82.180656, 35.631144199999994], [-82.1805879, 35.63117690000001]]]}, "properties": {"id": "old_fort-000363", "damage_class": 0, "damage_label": "no-damage", "confidence": 0.7, "area_m2": 51.39, "centroid": [-82.180602, 35.631133], "confidence_tier": "review", "sources": {"heuristic": 2, "cnn": 0, "margin": 1.0}, "footprint_source": "osm"}}, {"type": "Feature", "geometry": {"type": "Polygon", "coordinates": [[[-82.1804747, 35.6311604], [-82.1804189, 35.6310811], [-82.1804854, 35.6310501], [-82.1804763, 35.631037099999986], [-82.1805479, 35.631003799999995], [-82.1806034, 35.63109260000001], [-82.1805168, 35.6311329], [-82.180521, 35.631138799999995], [-82.1804747, 35.6311604]]]}, "properties": {"id": "old_fort-000364", "damage_class": 0, "damage_label": "no-damage", "confidence": 0.85, "area_m2": 148.81, "centroid": [-82.180512, 35.631083], "confidence_tier": "high", "sources": {"heuristic": 1, "cnn": 0, "margin": 1.0}, "footprint_source": "osm"}}, {"type": "Feature", "geometry": {"type": "Polygon", "coordinates": [[[-82.1808183, 35.630820699999994], [-82.1808223, 35.63067079999998], [-82.1809155, 35.6306725], [-82.1809115, 35.63082240000001], [-82.1808183, 35.630820699999994]]]}, "properties": {"id": "old_fort-000365", "damage_class": 1, "damage_label": "minor-damage", "confidence": 0.85, "area_m2": 140.4, "centroid": [-82.180867, 35.630747], "confidence_tier": "high", "sources": {"heuristic": 0, "cnn": 1, "margin": 1.0}, "footprint_source": "osm"}}, {"type": "Feature", "geometry": {"type": "Polygon", "coordinates": [[[-82.1812806, 35.6310085], [-82.1813051, 35.6310442], [-82.1812481, 35.63107], [-82.1812236, 35.63103439999999], [-82.1812806, 35.6310085]]]}, "properties": {"id": "old_fort-000366", "damage_class": 1, "damage_label": "minor-damage", "confidence": 0.85, "area_m2": 26.77, "centroid": [-82.181264, 35.631039], "confidence_tier": "high", "sources": {"heuristic": 2, "cnn": 1, "margin": 1.0}, "footprint_source": "osm"}}, {"type": "Feature", "geometry": {"type": "Polygon", "coordinates": [[[-82.18127020000001, 35.631221599999996], [-82.1811931, 35.631116399999996], [-82.181291, 35.63106899999998], [-82.1813681, 35.6311742], [-82.18127020000001, 35.631221599999996]]]}, "properties": {"id": "old_fort-000367", "damage_class": 1, "damage_label": "minor-damage", "confidence": 1.0, "area_m2": 140.16, "centroid": [-82.181281, 35.631145], "confidence_tier": "high", "sources": {"heuristic": 1, "cnn": 1, "margin": 1.0}, "footprint_source": "osm"}}, {"type": "Feature", "geometry": {"type": "Polygon", "coordinates": [[[-82.1813635, 35.6312664], [-82.1813276, 35.6312165], [-82.1813772, 35.63119300000001], [-82.181413, 35.6312428], [-82.1813635, 35.6312664]]]}, "properties": {"id": "old_fort-000368", "damage_class": 1, "damage_label": "minor-damage", "confidence": 0.85, "area_m2": 33.29, "centroid": [-82.18137, 35.63123], "confidence_tier": "high", "sources": {"heuristic": 0, "cnn": 1, "margin": 1.0}, "footprint_source": "osm"}}, {"type": "Feature", "geometry": {"type": "Polygon", "coordinates": [[[-82.1808395, 35.631339399999995], [-82.18081, 35.631354599999995], [-82.1807848, 35.6313221], [-82.1807607, 35.63133439999999], [-82.1807222, 35.631284900000004], [-82.1808416, 35.6312235], [-82.1809056, 35.63130590000001], [-82.1808747, 35.6313217], [-82.18089, 35.6313414], [-82.180855, 35.6313593], [-82.1808395, 35.631339399999995]]]}, "properties": {"id": "old_fort-000369", "damage_class": 1, "damage_label": "minor-damage", "confidence": 1.0, "area_m2": 136.65, "centroid": [-82.18082, 35.631295], "confidence_tier": "high", "sources": {"heuristic": 1, "cnn": 1, "margin": 1.0}, "footprint_source": "osm"}}, {"type": "Feature", "geometry": {"type": "Polygon", "coordinates": [[[-82.180634, 35.63121929999999], [-82.1805998, 35.631238899999985], [-82.1805755, 35.63121099999999], [-82.1806097, 35.6311913], [-82.180634, 35.63121929999999]]]}, "properties": {"id": "old_fort-000370", "damage_class": 2, "damage_label": "major-damage", "confidence": 0.7, "area_m2": 14.4, "centroid": [-82.180605, 35.631215], "confidence_tier": "review", "sources": {"heuristic": 0, "cnn": 2, "margin": 1.0}, "footprint_source": "osm"}}, {"type": "Feature", "geometry": {"type": "Polygon", "coordinates": [[[-82.1808116, 35.6314407], [-82.1807425, 35.6314756], [-82.180719, 35.6314448], [-82.1807881, 35.631409899999994], [-82.1808116, 35.6314407]]]}, "properties": {"id": "old_fort-000371", "damage_class": 3, "damage_label": "destroyed", "confidence": 0.7, "area_m2": 29.62, "centroid": [-82.180765, 35.631443], "confidence_tier": "review", "sources": {"heuristic": 1, "cnn": 3, "margin": 1.0}, "footprint_source": "osm"}}, {"type": "Feature", "geometry": {"type": "Polygon", "coordinates": [[[-82.180667, 35.6314525], [-82.1806446, 35.63142639999999], [-82.1806707, 35.631411499999984], [-82.1806932, 35.631437700000006], [-82.180667, 35.6314525]]]}, "properties": {"id": "old_fort-000372", "damage_class": 3, "damage_label": "destroyed", "confidence": 0.7, "area_m2": 10.22, "centroid": [-82.180669, 35.631432], "confidence_tier": "review", "sources": {"heuristic": 0, "cnn": 3, "margin": 1.0}, "footprint_source": "osm"}}, {"type": "Feature", "geometry": {"type": "Polygon", "coordinates": [[[-82.1809581, 35.631585399999985], [-82.1809393, 35.631559700000004], [-82.181006, 35.6315275], [-82.1810248, 35.6315532], [-82.1809581, 35.631585399999985]]]}, "properties": {"id": "old_fort-000373", "damage_class": 1, "damage_label": "minor-damage", "confidence": 1.0, "area_m2": 23.3, "centroid": [-82.180982, 35.631556], "confidence_tier": "high", "sources": {"heuristic": 1, "cnn": 1, "margin": 1.0}, "footprint_source": "osm"}}, {"type": "Feature", "geometry": {"type": "Polygon", "coordinates": [[[-82.1809921, 35.631467099999995], [-82.18102670000002, 35.6315122], [-82.1809307, 35.63156099999999], [-82.1808545, 35.63146190000001], [-82.1809374, 35.6314198], [-82.1809789, 35.6314738], [-82.1809921, 35.631467099999995]]]}, "properties": {"id": "old_fort-000374", "damage_class": 1, "damage_label": "minor-damage", "confidence": 0.85, "area_m2": 123.01, "centroid": [-82.180939, 35.631491], "confidence_tier": "high", "sources": {"heuristic": 0, "cnn": 1, "margin": 1.0}, "footprint_source": "osm"}}, {"type": "Feature", "geometry": {"type": "Polygon", "coordinates": [[[-82.1811244, 35.6316673], [-82.1811283, 35.6316724], [-82.18101060000001, 35.6317319], [-82.18100660000002, 35.631726699999994], [-82.1809839, 35.631738199999994], [-82.1809286, 35.631665700000006], [-82.1809508, 35.63165459999999], [-82.1809458, 35.63164809999999], [-82.1810635, 35.6315886], [-82.181068, 35.63159439999999], [-82.1810873, 35.6315846], [-82.18114320000001, 35.631657799999985], [-82.1811244, 35.6316673]]]}, "properties": {"id": "old_fort-000375", "damage_class": 1, "damage_label": "minor-damage", "confidence": 0.85, "area_m2": 179.86, "centroid": [-82.181036, 35.631661], "confidence_tier": "high", "sources": {"heuristic": 0, "cnn": 1, "margin": 1.0}, "footprint_source": "osm"}}, {"type": "Feature", "geometry": {"type": "Polygon", "coordinates": [[[-82.1810539, 35.63175499999999], [-82.1809989, 35.631782], [-82.1809772, 35.63175269999999], [-82.1810322, 35.6317257], [-82.1810539, 35.63175499999999]]]}, "properties": {"id": "old_fort-000376", "damage_class": 2, "damage_label": "major-damage", "confidence": 1.0, "area_m2": 22.07, "centroid": [-82.181016, 35.631754], "confidence_tier": "high", "sources": {"heuristic": 2, "cnn": 2, "margin": 1.0}, "footprint_source": "osm"}}, {"type": "Feature", "geometry": {"type": "Polygon", "coordinates": [[[-82.1812988, 35.631447], [-82.1813513, 35.63141559999999], [-82.1814006, 35.63147009999999], [-82.1813342, 35.631509799999996], [-82.1813053, 35.631477899999986], [-82.1813192, 35.6314696], [-82.1812988, 35.631447]]]}, "properties": {"id": "old_fort-000377", "damage_class": 1, "damage_label": "minor-damage", "confidence": 0.85, "area_m2": 51.16, "centroid": [-82.181347, 35.631463], "confidence_tier": "high", "sources": {"heuristic": 2, "cnn": 1, "margin": 1.0}, "footprint_source": "osm"}}, {"type": "Feature", "geometry": {"type": "Polygon", "coordinates": [[[-82.1814184, 35.631604499999995], [-82.1813877, 35.63155759999999], [-82.1814494, 35.6315309], [-82.1814801, 35.63157780000001], [-82.1814184, 35.631604499999995]]]}, "properties": {"id": "old_fort-000378", "damage_class": 1, "damage_label": "minor-damage", "confidence": 0.85, "area_m2": 37.3, "centroid": [-82.181434, 35.631568], "confidence_tier": "high", "sources": {"heuristic": 0, "cnn": 1, "margin": 1.0}, "footprint_source": "osm"}}, {"type": "Feature", "geometry": {"type": "Polygon", "coordinates": [[[-82.1804503, 35.63206550000001], [-82.1804309, 35.632039499999976], [-82.1804163, 35.6320467], [-82.18040300000001, 35.6320288], [-82.1804173, 35.6320217], [-82.1803985, 35.631996400000006], [-82.1804726, 35.6319599], [-82.1804916, 35.631985300000004], [-82.180547, 35.6319579], [-82.1806113, 35.632043900000006], [-82.18055130000002, 35.63207349999999], [-82.1805197, 35.63203119999999], [-82.1804503, 35.63206550000001]]]}, "properties": {"id": "old_fort-000379", "damage_class": 1, "damage_label": "minor-damage", "confidence": 0.85, "area_m2": 142.09, "centroid": [-82.180503, 35.632015], "confidence_tier": "high", "sources": {"heuristic": 2, "cnn": 1, "margin": 1.0}, "footprint_source": "osm"}}, {"type": "Feature", "geometry": {"type": "Polygon", "coordinates": [[[-82.1803745, 35.631763899999996], [-82.180348, 35.63177639999999], [-82.1803356, 35.63175919999999], [-82.1803271, 35.6317633], [-82.1803091, 35.6317382], [-82.1803811, 35.6317041], [-82.1803996, 35.63173], [-82.1803627, 35.631747399999995], [-82.1803745, 35.631763899999996]]]}, "properties": {"id": "old_fort-000380", "damage_class": 0, "damage_label": "no-damage", "confidence": 0.85, "area_m2": 30.81, "centroid": [-82.180355, 35.631739], "confidence_tier": "high", "sources": {"heuristic": 1, "cnn": 0, "margin": 1.0}, "footprint_source": "osm"}}, {"type": "Feature", "geometry": {"type": "Polygon", "coordinates": [[[-82.1804327, 35.63183409999999], [-82.1802859, 35.6319091], [-82.1802318, 35.63183909999999], [-82.1803787, 35.631764200000006], [-82.1804327, 35.63183409999999]]]}, "properties": {"id": "old_fort-000381", "damage_class": 0, "damage_label": "no-damage", "confidence": 0.85, "area_m2": 143.88, "centroid": [-82.180332, 35.631837], "confidence_tier": "high", "sources": {"heuristic": 1, "cnn": 0, "margin": 1.0}, "footprint_source": "osm"}}, {"type": "Feature", "geometry": {"type": "Polygon", "coordinates": [[[-82.1802609, 35.6317487], [-82.1802535, 35.6317384], [-82.1802769, 35.6317272], [-82.1802699, 35.63171760000001], [-82.1802938, 35.6317062], [-82.1803136, 35.63173349999999], [-82.1802899, 35.63174479999999], [-82.1802846, 35.63173739999999], [-82.1802609, 35.6317487]]]}, "properties": {"id": "old_fort-000382", "damage_class": 0, "damage_label": "no-damage", "confidence": 0.85, "area_m2": 12.05, "centroid": [-82.180286, 35.631729], "confidence_tier": "high", "sources": {"heuristic": 1, "cnn": 0, "margin": 1.0}, "footprint_source": "osm"}}, {"type": "Feature", "geometry": {"type": "Polygon", "coordinates": [[[-82.1803586, 35.6317067], [-82.1803458, 35.63168859999999], [-82.1803847, 35.6316704], [-82.1803975, 35.6316884], [-82.1803586, 35.6317067]]]}, "properties": {"id": "old_fort-000383", "damage_class": 1, "damage_label": "minor-damage", "confidence": 0.85, "area_m2": 9.4, "centroid": [-82.180372, 35.631689], "confidence_tier": "review", "sources": {"heuristic": 2, "cnn": 1, "margin": 1.0}, "footprint_source": "osm"}}, {"type": "Feature", "geometry": {"type": "Polygon", "coordinates": [[[-82.18014380000001, 35.6317313], [-82.1803097, 35.63165169999999], [-82.1803338, 35.6316849], [-82.1801678, 35.6317644], [-82.18014380000001, 35.6317313]]]}, "properties": {"id": "old_fort-000384", "damage_class": 1, "damage_label": "minor-damage", "confidence": 1.0, "area_m2": 74.48, "centroid": [-82.180239, 35.631708], "confidence_tier": "high", "sources": {"heuristic": 1, "cnn": 1, "margin": 1.0}, "footprint_source": "osm"}}, {"type": "Feature", "geometry": {"type": "Polygon", "coordinates": [[[-82.1801469, 35.6317474], [-82.1800925, 35.63177079999999], [-82.1800763, 35.6317459], [-82.1801306, 35.6317225], [-82.1801469, 35.6317474]]]}, "properties": {"id": "old_fort-000385", "damage_class": 1, "damage_label": "minor-damage", "confidence": 0.85, "area_m2": 17.41, "centroid": [-82.180112, 35.631747], "confidence_tier": "high", "sources": {"heuristic": 0, "cnn": 1, "margin": 1.0}, "footprint_source": "osm"}}, {"type": "Feature", "geometry": {"type": "Polygon", "coordinates": [[[-82.1801912, 35.63147739999999], [-82.1802465, 35.63144770000001], [-82.1802681, 35.63147419999999], [-82.1802127, 35.6315039], [-82.1801912, 35.63147739999999]]]}, "properties": {"id": "old_fort-000386", "damage_class": 0, "damage_label": "no-damage", "confidence": 0.85, "area_m2": 21.16, "centroid": [-82.18023, 35.631476], "confidence_tier": "high", "sources": {"heuristic": 1, "cnn": 0, "margin": 1.0}, "footprint_source": "osm"}}, {"type": "Feature", "geometry": {"type": "Polygon", "coordinates": [[[-82.1802825, 35.6315828], [-82.18013620000002, 35.63165819999999], [-82.1801322, 35.63165310000001], [-82.1801106, 35.6316642], [-82.180066, 35.631607100000004], [-82.1800875, 35.631596], [-82.1800822, 35.6315893], [-82.1802255, 35.6315097], [-82.1802333, 35.6315197], [-82.1802528, 35.63150960000001], [-82.1802733, 35.631535899999996], [-82.1802538, 35.631546], [-82.1802825, 35.6315828]]]}, "properties": {"id": "old_fort-000387", "damage_class": 1, "damage_label": "minor-damage", "confidence": 1.0, "area_m2": 170.5, "centroid": [-82.180177, 35.631587], "confidence_tier": "high", "sources": {"heuristic": 1, "cnn": 1, "margin": 1.0}, "footprint_source": "osm"}}, {"type": "Feature", "geometry": {"type": "Polygon", "coordinates": [[[-82.180073, 35.6315589], [-82.1800157, 35.6315843], [-82.1800002, 35.63156109999999], [-82.1800575, 35.6315358], [-82.180073, 35.6315589]]]}, "properties": {"id": "old_fort-000388", "damage_class": 0, "damage_label": "no-damage", "confidence": 0.85, "area_m2": 17.27, "centroid": [-82.180037, 35.63156], "confidence_tier": "high", "sources": {"heuristic": 1, "cnn": 0, "margin": 1.0}, "footprint_source": "osm"}}, {"type": "Feature", "geometry": {"type": "Polygon", "coordinates": [[[-82.1803395, 35.631280999999994], [-82.1803731, 35.63131949999999], [-82.18031540000001, 35.6313528], [-82.1802818, 35.6313142], [-82.1803395, 35.631280999999994]]]}, "properties": {"id": "old_fort-000389", "damage_class": 0, "damage_label": "no-damage", "confidence": 1.0, "area_m2": 33.57, "centroid": [-82.180327, 35.631317], "confidence_tier": "high", "sources": {"heuristic": 0, "cnn": 0, "margin": 1.0}, "footprint_source": "osm"}}, {"type": "Feature", "geometry": {"type": "Polygon", "coordinates": [[[-82.1801732, 35.631333299999994], [-82.1802523, 35.6312916], [-82.1803106, 35.6313646], [-82.1802315, 35.63140640000001], [-82.1801732, 35.631333299999994]]]}, "properties": {"id": "old_fort-000390", "damage_class": 3, "damage_label": "destroyed", "confidence": 0.7, "area_m2": 82.49, "centroid": [-82.180242, 35.631349], "confidence_tier": "review", "sources": {"heuristic": 0, "cnn": 3, "margin": 1.0}, "footprint_source": "osm"}}, {"type": "Feature", "geometry": {"type": "Polygon", "coordinates": [[[-82.18003050000002, 35.63124580000001], [-82.1800847, 35.63132120000001], [-82.1799126, 35.63140289999999], [-82.1798587, 35.6313279], [-82.17990070000002, 35.6313079], [-82.1798904, 35.6312936], [-82.1799594, 35.631260899999994], [-82.1799693, 35.631274800000014], [-82.18003050000002, 35.63124580000001]]]}, "properties": {"id": "old_fort-000391", "damage_class": 1, "damage_label": "minor-damage", "confidence": 0.85, "area_m2": 187.56, "centroid": [-82.179969, 35.631322], "confidence_tier": "high", "sources": {"heuristic": 2, "cnn": 1, "margin": 1.0}, "footprint_source": "osm"}}, {"type": "Feature", "geometry": {"type": "Polygon", "coordinates": [[[-82.1795116, 35.631595], [-82.17944420000002, 35.63162959999998], [-82.1793871, 35.6315559], [-82.1794718, 35.6315125], [-82.1794611, 35.631498699999995], [-82.1795346, 35.631461099999996], [-82.1796374, 35.631593599999995], [-82.1795466, 35.631640100000006], [-82.1795116, 35.631595]]]}, "properties": {"id": "old_fort-000392", "damage_class": 1, "damage_label": "minor-damage", "confidence": 1.0, "area_m2": 235.24, "centroid": [-82.179515, 35.631559], "confidence_tier": "high", "sources": {"heuristic": 1, "cnn": 1, "margin": 1.0}, "footprint_source": "osm"}}, {"type": "Feature", "geometry": {"type": "Polygon", "coordinates": [[[-82.1796465, 35.631594400000004], [-82.1796126, 35.63154990000001], [-82.1796716, 35.631520200000004], [-82.1797055, 35.6315647], [-82.1796465, 35.631594400000004]]]}, "properties": {"id": "old_fort-000393", "damage_class": 0, "damage_label": "no-damage", "confidence": 1.0, "area_m2": 36.49, "centroid": [-82.179659, 35.631557], "confidence_tier": "high", "sources": {"heuristic": 0, "cnn": 0, "margin": 1.0}, "footprint_source": "osm"}}, {"type": "Feature", "geometry": {"type": "Polygon", "coordinates": [[[-82.179507, 35.6317585], [-82.17949240000002, 35.6317627], [-82.1794796, 35.631757], [-82.1794756, 35.631745699999996], [-82.1794828, 35.6317354], [-82.17949560000001, 35.6317324], [-82.1795076, 35.6317369], [-82.1795128, 35.6317468], [-82.179507, 35.6317585]]]}, "properties": {"id": "old_fort-000394", "damage_class": 1, "damage_label": "minor-damage", "confidence": 1.0, "area_m2": 8.06, "centroid": [-82.179494, 35.631747], "confidence_tier": "review", "sources": {"heuristic": 1, "cnn": 1, "margin": 1.0}, "footprint_source": "osm"}}, {"type": "Feature", "geometry": {"type": "Polygon", "coordinates": [[[-82.1796743, 35.6316829], [-82.1796131, 35.63172089999999], [-82.1795928, 35.6316965], [-82.1796482, 35.6316661], [-82.1796531, 35.631671999999995], [-82.1796615, 35.6316674], [-82.1796743, 35.6316829]]]}, "properties": {"id": "old_fort-000395", "damage_class": 1, "damage_label": "minor-damage", "confidence": 0.7, "area_m2": 21.67, "centroid": [-82.179633, 35.631692], "confidence_tier": "review", "sources": {"heuristic": 3, "cnn": 1, "margin": 1.0}, "footprint_source": "osm"}}, {"type": "Feature", "geometry": {"type": "Polygon", "coordinates": [[[-82.1795234, 35.631834999999995], [-82.179507, 35.631813], [-82.1795496, 35.6317921], [-82.179566, 35.631814], [-82.1795234, 35.631834999999995]]]}, "properties": {"id": "old_fort-000396", "damage_class": 3, "damage_label": "destroyed", "confidence": 0.85, "area_m2": 12.84, "centroid": [-82.179536, 35.631814], "confidence_tier": "high", "sources": {"heuristic": 2, "cnn": 3, "margin": 1.0}, "footprint_source": "osm"}}, {"type": "Feature", "geometry": {"type": "Polygon", "coordinates": [[[-82.1797357, 35.63182299999999], [-82.1796324, 35.63187789999999], [-82.1795812, 35.631814299999995], [-82.1797399, 35.63172999999999], [-82.179786, 35.63178719999999], [-82.1797331, 35.6318198], [-82.1797357, 35.63182299999999]]]}, "properties": {"id": "old_fort-000397", "damage_class": 0, "damage_label": "no-damage", "confidence": 0.85, "area_m2": 141.31, "centroid": [-82.179684, 35.631804], "confidence_tier": "high", "sources": {"heuristic": 1, "cnn": 0, "margin": 1.0}, "footprint_source": "osm"}}, {"type": "Feature", "geometry": {"type": "Polygon", "coordinates": [[[-82.1797517, 35.631868], [-82.17988020000001, 35.631797], [-82.1799551, 35.63188650000001], [-82.179805, 35.6319695], [-82.1797608, 35.6319167], [-82.1797825, 35.6319048], [-82.1797517, 35.631868]]]}, "properties": {"id": "old_fort-000398", "damage_class": 2, "damage_label": "major-damage", "confidence": 0.7, "area_m2": 185.75, "centroid": [-82.179848, 35.631883], "confidence_tier": "review", "sources": {"heuristic": 0, "cnn": 2, "margin": 1.0}, "footprint_source": "osm"}}, {"type": "Feature", "geometry": {"type": "Polygon", "coordinates": [[[-82.180201, 35.632293699999984], [-82.1801208, 35.6323279], [-82.180114, 35.6323174], [-82.1800726, 35.632335], [-82.18003, 35.63226899999999], [-82.1802003, 35.6321964], [-82.1802429, 35.6322625], [-82.1801943, 35.63228329999999], [-82.180201, 35.632293699999984]]]}, "properties": {"id": "old_fort-000399", "damage_class": 1, "damage_label": "minor-damage", "confidence": 0.85, "area_m2": 154.86, "centroid": [-82.180138, 35.632268], "confidence_tier": "high", "sources": {"heuristic": 0, "cnn": 1, "margin": 1.0}, "footprint_source": "osm"}}, {"type": "Feature", "geometry": {"type": "Polygon", "coordinates": [[[-82.1799545, 35.63241240000001], [-82.17994970000001, 35.6324046], [-82.1798842, 35.63243159999999], [-82.1798329, 35.6323493], [-82.1799303, 35.6323092], [-82.1799865, 35.632399299999996], [-82.1799545, 35.63241240000001]]]}, "properties": {"id": "old_fort-000400", "damage_class": 1, "damage_label": "minor-damage", "confidence": 0.85, "area_m2": 104.32, "centroid": [-82.179909, 35.632371], "confidence_tier": "high", "sources": {"heuristic": 0, "cnn": 1, "margin": 1.0}, "footprint_source": "osm"}}, {"type": "Feature", "geometry": {"type": "Polygon", "coordinates": [[[-82.179459, 35.6325673], [-82.1794867, 35.6325384], [-82.1796351, 35.6326326], [-82.1796073, 35.632661500000005], [-82.1795661, 35.6326354], [-82.1795541, 35.63264790000001], [-82.1795415, 35.63263990000001], [-82.1795536, 35.6326273], [-82.179459, 35.6325673]]]}, "properties": {"id": "old_fort-000401", "damage_class": 1, "damage_label": "minor-damage", "confidence": 1.0, "area_m2": 71.85, "centroid": [-82.179547, 35.632601], "confidence_tier": "high", "sources": {"heuristic": 1, "cnn": 1, "margin": 1.0}, "footprint_source": "osm"}}, {"type": "Feature", "geometry": {"type": "Polygon", "coordinates": [[[-82.1794503, 35.6320576], [-82.1795152, 35.632027699999995], [-82.1795715, 35.63210840000001], [-82.1795066, 35.632138299999994], [-82.1794503, 35.6320576]]]}, "properties": {"id": "old_fort-000402", "damage_class": 2, "damage_label": "major-damage", "confidence": 0.7, "area_m2": 69.52, "centroid": [-82.179511, 35.632083], "confidence_tier": "review", "sources": {"heuristic": 0, "cnn": 2, "margin": 1.0}, "footprint_source": "osm"}}, {"type": "Feature", "geometry": {"type": "Polygon", "coordinates": [[[-82.1789486, 35.63196140000001], [-82.1789581, 35.6319567], [-82.1789148, 35.6318984], [-82.1790441, 35.631835], [-82.1791225, 35.6319404], [-82.1790979, 35.6319525], [-82.1791244, 35.6319881], [-82.1790188, 35.632039899999995], [-82.1789938, 35.6320061], [-82.178985, 35.6320104], [-82.1789486, 35.63196140000001]]]}, "properties": {"id": "old_fort-000403", "damage_class": 1, "damage_label": "minor-damage", "confidence": 0.85, "area_m2": 244.84, "centroid": [-82.179026, 35.631937], "confidence_tier": "high", "sources": {"heuristic": 0, "cnn": 1, "margin": 1.0}, "footprint_source": "osm"}}, {"type": "Feature", "geometry": {"type": "Polygon", "coordinates": [[[-82.1783211, 35.63230130000001], [-82.1783136, 35.632291599999995], [-82.1782475, 35.632324999999994], [-82.17818920000002, 35.6322488], [-82.1783241, 35.632178], [-82.1784094, 35.6322895], [-82.178361, 35.63231390000001], [-82.178351, 35.6323009], [-82.1783351, 35.6323089], [-82.17832700000001, 35.6322983], [-82.1783211, 35.63230130000001]]]}, "properties": {"id": "old_fort-000404", "damage_class": 1, "damage_label": "minor-damage", "confidence": 1.0, "area_m2": 173.8, "centroid": [-82.178299, 35.632257], "confidence_tier": "high", "sources": {"heuristic": 1, "cnn": 1, "margin": 1.0}, "footprint_source": "osm"}}, {"type": "Feature", "geometry": {"type": "Polygon", "coordinates": [[[-82.1783905, 35.63244], [-82.1783765, 35.63242029999999], [-82.1784539, 35.6323838], [-82.178468, 35.6324034], [-82.1783905, 35.63244]]]}, "properties": {"id": "old_fort-000405", "damage_class": 0, "damage_label": "no-damage", "confidence": 0.7, "area_m2": 20.45, "centroid": [-82.178422, 35.632412], "confidence_tier": "review", "sources": {"heuristic": 3, "cnn": 0, "margin": 1.0}, "footprint_source": "osm"}}, {"type": "Feature", "geometry": {"type": "Polygon", "coordinates": [[[-82.1787001, 35.632848599999996], [-82.1786379, 35.6327879], [-82.1787036, 35.632743299999994], [-82.1786879, 35.63272799999999], [-82.178749, 35.6326866], [-82.1787713, 35.632708400000006], [-82.1787559, 35.6327188], [-82.1788124, 35.6327739], [-82.1788046, 35.63277920000001], [-82.1788264, 35.6328005], [-82.1787621, 35.6328439], [-82.1787439, 35.63282619999998], [-82.1787143, 35.63284620000001], [-82.17871, 35.632842], [-82.1787001, 35.632848599999996]]]}, "properties": {"id": "old_fort-000406", "damage_class": 1, "damage_label": "minor-damage", "confidence": 0.85, "area_m2": 159.2, "centroid": [-82.178734, 35.632779], "confidence_tier": "high", "sources": {"heuristic": 0, "cnn": 1, "margin": 1.0}, "footprint_source": "osm"}}, {"type": "Feature", "geometry": {"type": "Polygon", "coordinates": [[[-82.17882370000001, 35.6329648], [-82.1787579, 35.63290200000001], [-82.178837, 35.63284730000001], [-82.1789028, 35.63290999999999], [-82.17882370000001, 35.6329648]]]}, "properties": {"id": "old_fort-000407", "damage_class": 0, "damage_label": "no-damage", "confidence": 1.0, "area_m2": 86.04, "centroid": [-82.17883, 35.632906], "confidence_tier": "high", "sources": {"heuristic": 0, "cnn": 0, "margin": 1.0}, "footprint_source": "osm"}}, {"type": "Feature", "geometry": {"type": "Polygon", "coordinates": [[[-82.1791891, 35.63275769999999], [-82.179225, 35.63276979999999], [-82.1791378, 35.63293989999998], [-82.179102, 35.632927699999996], [-82.1791891, 35.63275769999999]]]}, "properties": {"id": "old_fort-000408", "damage_class": 1, "damage_label": "minor-damage", "confidence": 0.85, "area_m2": 71.87, "centroid": [-82.179163, 35.632849], "confidence_tier": "high", "sources": {"heuristic": 0, "cnn": 1, "margin": 1.0}, "footprint_source": "osm"}}, {"type": "Feature", "geometry": {"type": "Polygon", "coordinates": [[[-82.179195, 35.63297090000001], [-82.1792154, 35.6329164], [-82.17925690000001, 35.63292669999999], [-82.17923640000001, 35.632981199999996], [-82.179195, 35.63297090000001]]]}, "properties": {"id": "old_fort-000409", "damage_class": 2, "damage_label": "major-damage", "confidence": 0.7, "area_m2": 24.81, "centroid": [-82.179226, 35.632949], "confidence_tier": "review", "sources": {"heuristic": 0, "cnn": 2, "margin": 1.0}, "footprint_source": "osm"}}, {"type": "Feature", "geometry": {"type": "Polygon", "coordinates": [[[-82.179446, 35.632922300000004], [-82.1794828, 35.6329121], [-82.1795053, 35.6329655], [-82.1794684, 35.6329757], [-82.179446, 35.632922300000004]]]}, "properties": {"id": "old_fort-000410", "damage_class": 0, "damage_label": "no-damage", "confidence": 0.7, "area_m2": 22.07, "centroid": [-82.179476, 35.632944], "confidence_tier": "review", "sources": {"heuristic": 2, "cnn": 0, "margin": 1.0}, "footprint_source": "osm"}}, {"type": "Feature", "geometry": {"type": "Polygon", "coordinates": [[[-82.1792538, 35.6330277], [-82.1792826, 35.632950099999995], [-82.17946430000002, 35.6329946], [-82.1794356, 35.633072199999994], [-82.1792538, 35.6330277]]]}, "properties": {"id": "old_fort-000411", "damage_class": 0, "damage_label": "no-damage", "confidence": 0.7, "area_m2": 154.52, "centroid": [-82.179359, 35.633011], "confidence_tier": "review", "sources": {"heuristic": 2, "cnn": 0, "margin": 1.0}, "footprint_source": "osm"}}, {"type": "Feature", "geometry": {"type": "Polygon", "coordinates": [[[-82.1802007, 35.63299550000001], [-82.1802237, 35.6330188], [-82.1802443, 35.6330055], [-82.1802736, 35.6330352], [-82.1802625, 35.63304240000001], [-82.1803302, 35.63311130000001], [-82.1802705, 35.63315], [-82.180202, 35.63308030000001], [-82.1801159, 35.63313620000001], [-82.1800646, 35.6330839], [-82.1802007, 35.63299550000001]]]}, "properties": {"id": "old_fort-000412", "damage_class": 0, "damage_label": "no-damage", "confidence": 0.85, "area_m2": 195.54, "centroid": [-82.180201, 35.633074], "confidence_tier": "high", "sources": {"heuristic": 1, "cnn": 0, "margin": 1.0}, "footprint_source": "osm"}}, {"type": "Feature", "geometry": {"type": "Polygon", "coordinates": [[[-82.1804604, 35.6332187], [-82.1804098, 35.63321080000001], [-82.1804169, 35.6331806], [-82.1804675, 35.6331885], [-82.1804604, 35.6332187]]]}, "properties": {"id": "old_fort-000413", "damage_class": 2, "damage_label": "major-damage", "confidence": 0.85, "area_m2": 15.91, "centroid": [-82.180439, 35.6332], "confidence_tier": "high", "sources": {"heuristic": 1, "cnn": 2, "margin": 1.0}, "footprint_source": "osm"}}, {"type": "Feature", "geometry": {"type": "Polygon", "coordinates": [[[-82.1804622, 35.6330664], [-82.1804734, 35.6330885], [-82.1804328, 35.6331021], [-82.1804216, 35.6330801], [-82.1804622, 35.6330664]]]}, "properties": {"id": "old_fort-000414", "damage_class": 2, "damage_label": "major-damage", "confidence": 0.7, "area_m2": 10.53, "centroid": [-82.180448, 35.633084], "confidence_tier": "review", "sources": {"heuristic": 0, "cnn": 2, "margin": 1.0}, "footprint_source": "osm"}}, {"type": "Feature", "geometry": {"type": "Polygon", "coordinates": [[[-82.1804052, 35.6330643], [-82.1803865, 35.63303859999999], [-82.1804291, 35.6330182], [-82.1804478, 35.633043799999996], [-82.1804052, 35.6330643]]]}, "properties": {"id": "old_fort-000415", "damage_class": 0, "damage_label": "no-damage", "confidence": 1.0, "area_m2": 14.82, "centroid": [-82.180417, 35.633041], "confidence_tier": "high", "sources": {"heuristic": 0, "cnn": 0, "margin": 1.0}, "footprint_source": "osm"}}, {"type": "Feature", "geometry": {"type": "Polygon", "coordinates": [[[-82.1798188, 35.632918999999994], [-82.1797988, 35.632889299999995], [-82.1799785, 35.63280939999999], [-82.1799985, 35.63283919999999], [-82.1798188, 35.632918999999994]]]}, "properties": {"id": "old_fort-000416", "damage_class": 3, "damage_label": "destroyed", "confidence": 0.7, "area_m2": 69.74, "centroid": [-82.179899, 35.632864], "confidence_tier": "review", "sources": {"heuristic": 0, "cnn": 3, "margin": 1.0}, "footprint_source": "osm"}}, {"type": "Feature", "geometry": {"type": "Polygon", "coordinates": [[[-82.17998910000001, 35.63279670000001], [-82.1800293, 35.632779000000006], [-82.1800608, 35.632826400000006], [-82.1800206, 35.63284409999999], [-82.17998910000001, 35.63279670000001]]]}, "properties": {"id": "old_fort-000417", "damage_class": 2, "damage_label": "major-damage", "confidence": 0.7, "area_m2": 24.74, "centroid": [-82.180025, 35.632812], "confidence_tier": "review", "sources": {"heuristic": 0, "cnn": 2, "margin": 1.0}, "footprint_source": "osm"}}, {"type": "Feature", "geometry": {"type": "Polygon", "coordinates": [[[-82.1809309, 35.63277540000001], [-82.1809451, 35.632702], [-82.1810451, 35.6327148], [-82.1810308, 35.63278820000001], [-82.1809309, 35.63277540000001]]]}, "properties": {"id": "old_fort-000418", "damage_class": 3, "damage_label": "destroyed", "confidence": 0.7, "area_m2": 75.52, "centroid": [-82.180988, 35.632745], "confidence_tier": "review", "sources": {"heuristic": 0, "cnn": 3, "margin": 1.0}, "footprint_source": "osm"}}, {"type": "Feature", "geometry": {"type": "Polygon", "coordinates": [[[-82.1810174, 35.632601799999996], [-82.18098730000001, 35.6325699], [-82.181043, 35.632535300000015], [-82.1810731, 35.63256719999999], [-82.1810174, 35.632601799999996]]]}, "properties": {"id": "old_fort-000419", "damage_class": 2, "damage_label": "major-damage", "confidence": 0.7, "area_m2": 28.31, "centroid": [-82.18103, 35.632569], "confidence_tier": "review", "sources": {"heuristic": 0, "cnn": 2, "margin": 1.0}, "footprint_source": "osm"}}, {"type": "Feature", "geometry": {"type": "Polygon", "coordinates": [[[-82.1809068, 35.6324965], [-82.180988, 35.632447600000006], [-82.1810462, 35.6325115], [-82.1809649, 35.6325605], [-82.1809572, 35.632552], [-82.1809386, 35.63256319999999], [-82.1809006, 35.6325215], [-82.1809193, 35.632510200000006], [-82.1809068, 35.6324965]]]}, "properties": {"id": "old_fort-000420", "damage_class": 0, "damage_label": "no-damage", "confidence": 1.0, "area_m2": 92.87, "centroid": [-82.18097, 35.632508], "confidence_tier": "high", "sources": {"heuristic": 0, "cnn": 0, "margin": 1.0}, "footprint_source": "osm"}}, {"type": "Feature", "geometry": {"type": "Polygon", "coordinates": [[[-82.1807389, 35.632313999999994], [-82.1806973, 35.6322601], [-82.1807465, 35.63223500000001], [-82.1807881, 35.632289], [-82.1807389, 35.632313999999994]]]}, "properties": {"id": "old_fort-000421", "damage_class": 0, "damage_label": "no-damage", "confidence": 0.85, "area_m2": 37.13, "centroid": [-82.180743, 35.632275], "confidence_tier": "high", "sources": {"heuristic": 1, "cnn": 0, "margin": 1.0}, "footprint_source": "osm"}}, {"type": "Feature", "geometry": {"type": "Polygon", "coordinates": [[[-82.1806943, 35.6324072], [-82.1806074, 35.6322939], [-82.1806882, 35.632253000000006], [-82.180775, 35.63236640000001], [-82.1806943, 35.6324072]]]}, "properties": {"id": "old_fort-000422", "damage_class": 1, "damage_label": "minor-damage", "confidence": 1.0, "area_m2": 127.58, "centroid": [-82.180691, 35.63233], "confidence_tier": "high", "sources": {"heuristic": 1, "cnn": 1, "margin": 1.0}, "footprint_source": "osm"}}, {"type": "Feature", "geometry": {"type": "Polygon", "coordinates": [[[-82.1806315, 35.6321816], [-82.1806023, 35.632138999999995], [-82.1806522, 35.632116399999994], [-82.18068150000002, 35.632159], [-82.1806315, 35.6321816]]]}, "properties": {"id": "old_fort-000423", "damage_class": 1, "damage_label": "minor-damage", "confidence": 0.85, "area_m2": 28.01, "centroid": [-82.180642, 35.632149], "confidence_tier": "high", "sources": {"heuristic": 0, "cnn": 1, "margin": 1.0}, "footprint_source": "osm"}}, {"type": "Feature", "geometry": {"type": "Polygon", "coordinates": [[[-82.1808746, 35.632001], [-82.1809157, 35.6319798], [-82.1809422, 35.632013900000004], [-82.1809011, 35.63203500000001], [-82.1808746, 35.632001]]]}, "properties": {"id": "old_fort-000424", "damage_class": 2, "damage_label": "major-damage", "confidence": 0.7, "area_m2": 19.69, "centroid": [-82.180908, 35.632007], "confidence_tier": "review", "sources": {"heuristic": 0, "cnn": 2, "margin": 1.0}, "footprint_source": "osm"}}, {"type": "Feature", "geometry": {"type": "Polygon", "coordinates": [[[-82.1813654, 35.63183140000001], [-82.181304, 35.6318627], [-82.1812762, 35.6318268], [-82.1813376, 35.631795499999996], [-82.1813654, 35.63183140000001]]]}, "properties": {"id": "old_fort-000425", "damage_class": 1, "damage_label": "minor-damage", "confidence": 0.7, "area_m2": 30.88, "centroid": [-82.181321, 35.631829], "confidence_tier": "review", "sources": {"heuristic": 3, "cnn": 1, "margin": 1.0}, "footprint_source": "osm"}}, {"type": "Feature", "geometry": {"type": "Polygon", "coordinates": [[[-82.1813287, 35.631902099999984], [-82.1811929, 35.63196969999999], [-82.1811391, 35.631898199999995], [-82.1812749, 35.6318306], [-82.1813287, 35.631902099999984]]]}, "properties": {"id": "old_fort-000426", "damage_class": 1, "damage_label": "minor-damage", "confidence": 0.85, "area_m2": 134.07, "centroid": [-82.181234, 35.6319], "confidence_tier": "high", "sources": {"heuristic": 0, "cnn": 1, "margin": 1.0}, "footprint_source": "osm"}}, {"type": "Feature", "geometry": {"type": "Polygon", "coordinates": [[[-82.1814039, 35.6319677], [-82.1814362, 35.63201289999999], [-82.1814215, 35.6320198], [-82.1814295, 35.63203099999999], [-82.1813268, 35.632079399999995], [-82.1812804, 35.632014399999996], [-82.181383, 35.63196599999999], [-82.1813892, 35.631974699999994], [-82.1814039, 35.6319677]]]}, "properties": {"id": "old_fort-000427", "damage_class": 1, "damage_label": "minor-damage", "confidence": 0.85, "area_m2": 98.52, "centroid": [-82.18136, 35.63202], "confidence_tier": "high", "sources": {"heuristic": 0, "cnn": 1, "margin": 1.0}, "footprint_source": "osm"}}, {"type": "Feature", "geometry": {"type": "Polygon", "coordinates": [[[-82.1816474, 35.63181780000001], [-82.1817258, 35.63178280000001], [-82.1818123, 35.631910899999994], [-82.1817339, 35.631945899999984], [-82.1816474, 35.63181780000001]]]}, "properties": {"id": "old_fort-000428", "damage_class": 1, "damage_label": "minor-damage", "confidence": 0.85, "area_m2": 131.29, "centroid": [-82.18173, 35.631864], "confidence_tier": "high", "sources": {"heuristic": 0, "cnn": 1, "margin": 1.0}, "footprint_source": "osm"}}, {"type": "Feature", "geometry": {"type": "Polygon", "coordinates": [[[-82.18203050000001, 35.6322908], [-82.1819476, 35.6323296], [-82.1818985, 35.6322601], [-82.1818817, 35.632267999999996], [-82.1818557, 35.63223120000001], [-82.18187220000002, 35.632223499999995], [-82.1818566, 35.6322014], [-82.1819394, 35.6321627], [-82.1819435, 35.6321684], [-82.1819793, 35.63215169999999], [-82.182037, 35.6322332], [-82.1820015, 35.63224969999999], [-82.18203050000001, 35.6322908]]]}, "properties": {"id": "old_fort-000429", "damage_class": 1, "damage_label": "minor-damage", "confidence": 0.85, "area_m2": 189.13, "centroid": [-82.18195, 35.632237], "confidence_tier": "high", "sources": {"heuristic": 2, "cnn": 1, "margin": 1.0}, "footprint_source": "osm"}}, {"type": "Feature", "geometry": {"type": "Polygon", "coordinates": [[[-82.1814695, 35.6322613], [-82.1815754, 35.6322188], [-82.1816215, 35.632294699999996], [-82.181515, 35.6323374], [-82.1815109, 35.6323307], [-82.1814916, 35.6323385], [-82.181454, 35.632276499999996], [-82.1814739, 35.632268499999995], [-82.1814695, 35.6322613]]]}, "properties": {"id": "old_fort-000430", "damage_class": 1, "damage_label": "minor-damage", "confidence": 0.85, "area_m2": 115.86, "centroid": [-82.181537, 35.632281], "confidence_tier": "high", "sources": {"heuristic": 2, "cnn": 1, "margin": 1.0}, "footprint_source": "osm"}}, {"type": "Feature", "geometry": {"type": "Polygon", "coordinates": [[[-82.1813862, 35.632375800000005], [-82.1814349, 35.63235970000001], [-82.1814435, 35.63237699999999], [-82.1813949, 35.6323931], [-82.1813862, 35.632375800000005]]]}, "properties": {"id": "old_fort-000431", "damage_class": 2, "damage_label": "major-damage", "confidence": 0.85, "area_m2": 9.85, "centroid": [-82.181415, 35.632376], "confidence_tier": "review", "sources": {"heuristic": 1, "cnn": 2, "margin": 1.0}, "footprint_source": "osm"}}, {"type": "Feature", "geometry": {"type": "Polygon", "coordinates": [[[-82.181472, 35.632469300000004], [-82.18152580000002, 35.6324485], [-82.1815141, 35.6324285], [-82.181585, 35.632401], [-82.1816483, 35.63250889999999], [-82.181535, 35.63255279999999], [-82.1815023, 35.632497099999995], [-82.1814909, 35.6325015], [-82.181472, 35.632469300000004]]]}, "properties": {"id": "old_fort-000432", "damage_class": 2, "damage_label": "major-damage", "confidence": 0.7, "area_m2": 144.78, "centroid": [-82.181562, 35.632479], "confidence_tier": "review", "sources": {"heuristic": 0, "cnn": 2, "margin": 1.0}, "footprint_source": "osm"}}, {"type": "Feature", "geometry": {"type": "Polygon", "coordinates": [[[-82.1814117, 35.63253339999999], [-82.181376, 35.63247559999999], [-82.1814507, 35.6324451], [-82.1814865, 35.6325029], [-82.1814117, 35.63253339999999]]]}, "properties": {"id": "old_fort-000433", "damage_class": 2, "damage_label": "major-damage", "confidence": 0.85, "area_m2": 54.35, "centroid": [-82.181431, 35.632489], "confidence_tier": "high", "sources": {"heuristic": 1, "cnn": 2, "margin": 1.0}, "footprint_source": "osm"}}, {"type": "Feature", "geometry": {"type": "Polygon", "coordinates": [[[-82.1814603, 35.6327702], [-82.181418, 35.6327168], [-82.1814877, 35.6326803], [-82.18153, 35.6327337], [-82.1814603, 35.6327702]]]}, "properties": {"id": "old_fort-000434", "damage_class": 3, "damage_label": "destroyed", "confidence": 1.0, "area_m2": 52.9, "centroid": [-82.181474, 35.632725], "confidence_tier": "high", "sources": {"heuristic": 3, "cnn": 3, "margin": 1.0}, "footprint_source": "osm"}}, {"type": "Feature", "geometry": {"type": "Polygon", "coordinates": [[[-82.1817604, 35.63265959999999], [-82.18178820000001, 35.63269460000001], [-82.1818152, 35.6326804], [-82.1818564, 35.632732100000005], [-82.1817485, 35.6327888], [-82.1816567, 35.6326735], [-82.1817046, 35.6326483], [-82.18172750000001, 35.6326769], [-82.1817604, 35.63265959999999]]]}, "properties": {"id": "old_fort-000435", "damage_class": 1, "damage_label": "minor-damage", "confidence": 0.85, "area_m2": 139.35, "centroid": [-82.181755, 35.632716], "confidence_tier": "high", "sources": {"heuristic": 0, "cnn": 1, "margin": 1.0}, "footprint_source": "osm"}}, {"type": "Feature", "geometry": {"type": "Polygon", "coordinates": [[[-82.1819585, 35.632832099999995], [-82.1818861, 35.6328806], [-82.1818694, 35.63286409999999], [-82.1818514, 35.63287619999999], [-82.1818146, 35.6328399], [-82.1818326, 35.632827799999994], [-82.1818231, 35.6328184], [-82.1818955, 35.6327699], [-82.1819031, 35.632777399999995], [-82.1819188, 35.6327669], [-82.1819658, 35.632813199999994], [-82.18195, 35.6328237], [-82.1819585, 35.632832099999995]]]}, "properties": {"id": "old_fort-000436", "damage_class": 0, "damage_label": "no-damage", "confidence": 1.0, "area_m2": 99.24, "centroid": [-82.181891, 35.632825], "confidence_tier": "high", "sources": {"heuristic": 0, "cnn": 0, "margin": 1.0}, "footprint_source": "osm"}}, {"type": "Feature", "geometry": {"type": "Polygon", "coordinates": [[[-82.1821328, 35.63303599999999], [-82.1820187, 35.63310059999999], [-82.1819918, 35.6330692], [-82.1819742, 35.63307929999999], [-82.18195420000002, 35.633055999999996], [-82.1819721, 35.6330459], [-82.18194090000001, 35.6330094], [-82.182055, 35.632944800000004], [-82.182061, 35.6329517], [-82.1820775, 35.6329424], [-82.1821189, 35.6329906], [-82.1821021, 35.633000200000005], [-82.1821328, 35.63303599999999]]]}, "properties": {"id": "old_fort-000437", "damage_class": 1, "damage_label": "minor-damage", "confidence": 0.85, "area_m2": 173.16, "centroid": [-82.182038, 35.633021], "confidence_tier": "high", "sources": {"heuristic": 0, "cnn": 1, "margin": 1.0}, "footprint_source": "osm"}}, {"type": "Feature", "geometry": {"type": "Polygon", "coordinates": [[[-82.18192160000001, 35.6330926], [-82.18195860000002, 35.6330888], [-82.1819663, 35.63313839999999], [-82.1819294, 35.633142199999995], [-82.18192160000001, 35.6330926]]]}, "properties": {"id": "old_fort-000438", "damage_class": 0, "damage_label": "no-damage", "confidence": 1.0, "area_m2": 18.71, "centroid": [-82.181944, 35.633115], "confidence_tier": "high", "sources": {"heuristic": 0, "cnn": 0, "margin": 1.0}, "footprint_source": "osm"}}, {"type": "Feature", "geometry": {"type": "Polygon", "coordinates": [[[-82.18205060000001, 35.6323358], [-82.1820829, 35.63231799999999], [-82.1822077, 35.6324682], [-82.1821758, 35.63248569999999], [-82.18216, 35.6324667], [-82.182138, 35.6324788], [-82.1820709, 35.632398], [-82.18209240000002, 35.63238619999999], [-82.18205060000001, 35.6323358]]]}, "properties": {"id": "old_fort-000439", "damage_class": 1, "damage_label": "minor-damage", "confidence": 0.85, "area_m2": 96.41, "centroid": [-82.182125, 35.63241], "confidence_tier": "high", "sources": {"heuristic": 0, "cnn": 1, "margin": 1.0}, "footprint_source": "osm"}}, {"type": "Feature", "geometry": {"type": "Polygon", "coordinates": [[[-82.1823771, 35.632469799999996], [-82.1824026, 35.6324431], [-82.1824296, 35.6324601], [-82.1824041, 35.63248680000001], [-82.1823771, 35.632469799999996]]]}, "properties": {"id": "old_fort-000440", "damage_class": 3, "damage_label": "destroyed", "confidence": 0.85, "area_m2": 11.6, "centroid": [-82.182403, 35.632465], "confidence_tier": "review", "sources": {"heuristic": 2, "cnn": 3, "margin": 1.0}, "footprint_source": "osm"}}, {"type": "Feature", "geometry": {"type": "Polygon", "coordinates": [[[-82.182436, 35.6325194], [-82.1825028, 35.63257509999999], [-82.1824809, 35.6325925], [-82.1825013, 35.6326095], [-82.1823958, 35.63269309999999], [-82.1822988, 35.6326123], [-82.1824041, 35.632528799999996], [-82.18241390000001, 35.6325369], [-82.182436, 35.6325194]]]}, "properties": {"id": "old_fort-000441", "damage_class": 1, "damage_label": "minor-damage", "confidence": 0.85, "area_m2": 191.05, "centroid": [-82.182407, 35.632604], "confidence_tier": "high", "sources": {"heuristic": 0, "cnn": 1, "margin": 1.0}, "footprint_source": "osm"}}, {"type": "Feature", "geometry": {"type": "Polygon", "coordinates": [[[-82.1826828, 35.6326083], [-82.1826593, 35.6325593], [-82.1826911, 35.63254919999999], [-82.1827146, 35.63259829999999], [-82.1826828, 35.6326083]]]}, "properties": {"id": "old_fort-000442", "damage_class": 3, "damage_label": "destroyed", "confidence": 0.7, "area_m2": 18.04, "centroid": [-82.182687, 35.632579], "confidence_tier": "review", "sources": {"heuristic": 0, "cnn": 3, "margin": 1.0}, "footprint_source": "osm"}}, {"type": "Feature", "geometry": {"type": "Polygon", "coordinates": [[[-82.1826079, 35.6326446], [-82.1825747, 35.632581300000005], [-82.1826519, 35.63255459999999], [-82.1826851, 35.6326179], [-82.1826079, 35.6326446]]]}, "properties": {"id": "old_fort-000443", "damage_class": 3, "damage_label": "destroyed", "confidence": 0.7, "area_m2": 57.99, "centroid": [-82.18263, 35.6326], "confidence_tier": "review", "sources": {"heuristic": 0, "cnn": 3, "margin": 1.0}, "footprint_source": "osm"}}, {"type": "Feature", "geometry": {"type": "Polygon", "coordinates": [[[-82.1825214, 35.632864199999986], [-82.1824653, 35.6327947], [-82.1825706, 35.632738599999996], [-82.1826267, 35.632808100000005], [-82.1825214, 35.632864199999986]]]}, "properties": {"id": "old_fort-000444", "damage_class": 1, "damage_label": "minor-damage", "confidence": 1.0, "area_m2": 105.12, "centroid": [-82.182546, 35.632801], "confidence_tier": "high", "sources": {"heuristic": 1, "cnn": 1, "margin": 1.0}, "footprint_source": "osm"}}, {"type": "Feature", "geometry": {"type": "Polygon", "coordinates": [[[-82.1826462, 35.6327318], [-82.182732, 35.6326874], [-82.1827991, 35.6327729], [-82.1827132, 35.63281739999999], [-82.1826462, 35.6327318]]]}, "properties": {"id": "old_fort-000445", "damage_class": 1, "damage_label": "minor-damage", "confidence": 0.85, "area_m2": 103.71, "centroid": [-82.182723, 35.632752], "confidence_tier": "high", "sources": {"heuristic": 0, "cnn": 1, "margin": 1.0}, "footprint_source": "osm"}}, {"type": "Feature", "geometry": {"type": "Polygon", "coordinates": [[[-82.1741365, 35.6324359], [-82.1742448, 35.6325956], [-82.1739786, 35.632714899999996], [-82.1737929, 35.6324522], [-82.1738825, 35.6324122], [-82.1739538, 35.6325178], [-82.1741365, 35.6324359]]]}, "properties": {"id": "old_fort-000446", "damage_class": 0, "damage_label": "no-damage", "confidence": 0.85, "area_m2": 681.87, "centroid": [-82.174024, 35.632559], "confidence_tier": "high", "sources": {"heuristic": 1, "cnn": 0, "margin": 1.0}, "footprint_source": "osm"}}, {"type": "Feature", "geometry": {"type": "Polygon", "coordinates": [[[-82.1744809, 35.6325056], [-82.1745156, 35.6324887], [-82.1746327, 35.63264790000001], [-82.1745979, 35.632664799999986], [-82.1744809, 35.6325056]]]}, "properties": {"id": "old_fort-000447", "damage_class": 1, "damage_label": "minor-damage", "confidence": 0.85, "area_m2": 75.44, "centroid": [-82.174557, 35.632577], "confidence_tier": "high", "sources": {"heuristic": 0, "cnn": 1, "margin": 1.0}, "footprint_source": "osm"}}, {"type": "Feature", "geometry": {"type": "Polygon", "coordinates": [[[-82.1744551, 35.632643599999994], [-82.1744329, 35.63261689999999], [-82.1744571, 35.6326037], [-82.1744792, 35.632630400000004], [-82.1744551, 35.632643599999994]]]}, "properties": {"id": "old_fort-000448", "damage_class": 0, "damage_label": "no-damage", "confidence": 0.7, "area_m2": 9.41, "centroid": [-82.174456, 35.632624], "confidence_tier": "review", "sources": {"heuristic": 2, "cnn": 0, "margin": 1.0}, "footprint_source": "osm"}}, {"type": "Feature", "geometry": {"type": "Polygon", "coordinates": [[[-82.1741288, 35.632881999999995], [-82.1741061, 35.632849799999995], [-82.1743025, 35.632758], [-82.1743253, 35.63279010000001], [-82.1741288, 35.632881999999995]]]}, "properties": {"id": "old_fort-000449", "damage_class": 1, "damage_label": "minor-damage", "confidence": 1.0, "area_m2": 84.43, "centroid": [-82.174216, 35.63282], "confidence_tier": "high", "sources": {"heuristic": 1, "cnn": 1, "margin": 1.0}, "footprint_source": "osm"}}, {"type": "Feature", "geometry": {"type": "Polygon", "coordinates": [[[-82.1750617, 35.632849099999994], [-82.1749813, 35.632691599999994], [-82.1751206, 35.6326446], [-82.17520100000002, 35.6328021], [-82.1750617, 35.632849099999994]]]}, "properties": {"id": "old_fort-000450", "damage_class": 0, "damage_label": "no-damage", "confidence": 1.0, "area_m2": 258.34, "centroid": [-82.175091, 35.632747], "confidence_tier": "high", "sources": {"heuristic": 0, "cnn": 0, "margin": 1.0}, "footprint_source": "osm"}}, {"type": "Feature", "geometry": {"type": "Polygon", "coordinates": [[[-82.1753573, 35.6327661], [-82.1753251, 35.63272249999999], [-82.1754022, 35.63268490000001], [-82.1754344, 35.63272849999999], [-82.1753573, 35.6327661]]]}, "properties": {"id": "old_fort-000451", "damage_class": 2, "damage_label": "major-damage", "confidence": 0.7, "area_m2": 45.93, "centroid": [-82.17538, 35.632726], "confidence_tier": "review", "sources": {"heuristic": 0, "cnn": 2, "margin": 1.0}, "footprint_source": "osm"}}, {"type": "Feature", "geometry": {"type": "Polygon", "coordinates": [[[-82.1751802, 35.6326353], [-82.1752563, 35.632609200000005], [-82.175308, 35.6327084], [-82.1752319, 35.63273449999999], [-82.1751802, 35.6326353]]]}, "properties": {"id": "old_fort-000452", "damage_class": 0, "damage_label": "no-damage", "confidence": 1.0, "area_m2": 89.38, "centroid": [-82.175244, 35.632672], "confidence_tier": "high", "sources": {"heuristic": 0, "cnn": 0, "margin": 1.0}, "footprint_source": "osm"}}, {"type": "Feature", "geometry": {"type": "Polygon", "coordinates": [[[-82.1750434, 35.6324391], [-82.1750687, 35.6324832], [-82.1750097, 35.63250549999999], [-82.17498440000001, 35.6324615], [-82.1750434, 35.6324391]]]}, "properties": {"id": "old_fort-000453", "damage_class": 1, "damage_label": "minor-damage", "confidence": 0.85, "area_m2": 31.79, "centroid": [-82.175027, 35.632472], "confidence_tier": "high", "sources": {"heuristic": 0, "cnn": 1, "margin": 1.0}, "footprint_source": "osm"}}, {"type": "Feature", "geometry": {"type": "Polygon", "coordinates": [[[-82.1748907, 35.6326069], [-82.1748592, 35.63255729999999], [-82.1749147, 35.632533999999985], [-82.17494620000001, 35.63258359999998], [-82.1748907, 35.6326069]]]}, "properties": {"id": "old_fort-000454", "damage_class": 0, "damage_label": "no-damage", "confidence": 1.0, "area_m2": 35.02, "centroid": [-82.174903, 35.63257], "confidence_tier": "high", "sources": {"heuristic": 0, "cnn": 0, "margin": 1.0}, "footprint_source": "osm"}}, {"type": "Feature", "geometry": {"type": "Polygon", "coordinates": [[[-82.1748269, 35.6324003], [-82.1747659, 35.6322766], [-82.1748959, 35.63223419999999], [-82.1749569, 35.6323579], [-82.1748269, 35.6324003]]]}, "properties": {"id": "old_fort-000455", "damage_class": 1, "damage_label": "minor-damage", "confidence": 0.85, "area_m2": 187.51, "centroid": [-82.174861, 35.632317], "confidence_tier": "high", "sources": {"heuristic": 0, "cnn": 1, "margin": 1.0}, "footprint_source": "osm"}}, {"type": "Feature", "geometry": {"type": "Polygon", "coordinates": [[[-82.1758428, 35.6321465], [-82.1758012, 35.6321562], [-82.1758166, 35.6321994], [-82.1757267, 35.6322206], [-82.175706, 35.63216250000001], [-82.1757283, 35.6321572], [-82.1756966, 35.63206809999999], [-82.1756748, 35.632073199999994], [-82.1756577, 35.63202499999999], [-82.17581220000001, 35.6319887], [-82.1758294, 35.6320369], [-82.1758057, 35.6320425], [-82.1758428, 35.6321465]]]}, "properties": {"id": "old_fort-000456", "damage_class": 1, "damage_label": "minor-damage", "confidence": 0.85, "area_m2": 250.57, "centroid": [-82.17576, 35.632097], "confidence_tier": "high", "sources": {"heuristic": 0, "cnn": 1, "margin": 1.0}, "footprint_source": "osm"}}, {"type": "Feature", "geometry": {"type": "Polygon", "coordinates": [[[-82.175545, 35.6322639], [-82.1755324, 35.6322383], [-82.1755766, 35.632223800000006], [-82.1755893, 35.632249499999986], [-82.175545, 35.6322639]]]}, "properties": {"id": "old_fort-000457", "damage_class": 0, "damage_label": "no-damage", "confidence": 1.0, "area_m2": 13.24, "centroid": [-82.175561, 35.632244], "confidence_tier": "high", "sources": {"heuristic": 0, "cnn": 0, "margin": 1.0}, "footprint_source": "osm"}}, {"type": "Feature", "geometry": {"type": "Polygon", "coordinates": [[[-82.1757418, 35.63226769999999], [-82.1757737, 35.6322574], [-82.1757888, 35.6322882], [-82.1757569, 35.63229849999999], [-82.1757418, 35.63226769999999]]]}, "properties": {"id": "old_fort-000458", "damage_class": 0, "damage_label": "no-damage", "confidence": 1.0, "area_m2": 11.43, "centroid": [-82.175765, 35.632278], "confidence_tier": "review", "sources": {"heuristic": 0, "cnn": 0, "margin": 1.0}, "footprint_source": "osm"}}, {"type": "Feature", "geometry": {"type": "Polygon", "coordinates": [[[-82.1756784, 35.6323467], [-82.1756549, 35.632294399999985], [-82.1757117, 35.6322776], [-82.1757351, 35.632329899999995], [-82.1756784, 35.6323467]]]}, "properties": {"id": "old_fort-000459", "damage_class": 0, "damage_label": "no-damage", "confidence": 0.7, "area_m2": 33.77, "centroid": [-82.175695, 35.632312], "confidence_tier": "review", "sources": {"heuristic": 2, "cnn": 0, "margin": 1.0}, "footprint_source": "osm"}}, {"type": "Feature", "geometry": {"type": "Polygon", "coordinates": [[[-82.1760178, 35.6322522], [-82.1762482, 35.6321962], [-82.1763729, 35.632535199999985], [-82.1761425, 35.6325912], [-82.1760178, 35.6322522]]]}, "properties": {"id": "old_fort-000460", "damage_class": 1, "damage_label": "minor-damage", "confidence": 0.85, "area_m2": 854.7, "centroid": [-82.176195, 35.632394], "confidence_tier": "high", "sources": {"heuristic": 0, "cnn": 1, "margin": 1.0}, "footprint_source": "osm"}}, {"type": "Feature", "geometry": {"type": "Polygon", "coordinates": [[[-82.1766784, 35.632665900000006], [-82.1766294, 35.63260429999999], [-82.1767087, 35.6325627], [-82.1766986, 35.632549999999995], [-82.1767468, 35.6325247], [-82.1768173, 35.6326134], [-82.1767693, 35.6326386], [-82.17675780000002, 35.6326242], [-82.1766784, 35.632665900000006]]]}, "properties": {"id": "old_fort-000461", "damage_class": 1, "damage_label": "minor-damage", "confidence": 0.85, "area_m2": 130.33, "centroid": [-82.176724, 35.632599], "confidence_tier": "high", "sources": {"heuristic": 0, "cnn": 1, "margin": 1.0}, "footprint_source": "osm"}}, {"type": "Feature", "geometry": {"type": "Polygon", "coordinates": [[[-82.1771765, 35.63237809999999], [-82.177154, 35.63235239999999], [-82.1772003, 35.632325699999996], [-82.1772227, 35.6323514], [-82.1771765, 35.63237809999999]]]}, "properties": {"id": "old_fort-000462", "damage_class": 3, "damage_label": "destroyed", "confidence": 0.7, "area_m2": 17.96, "centroid": [-82.177188, 35.632352], "confidence_tier": "review", "sources": {"heuristic": 0, "cnn": 3, "margin": 1.0}, "footprint_source": "osm"}}, {"type": "Feature", "geometry": {"type": "Polygon", "coordinates": [[[-82.1768469, 35.63203750000001], [-82.1768507, 35.63204199999999], [-82.1768557, 35.6320392], [-82.1768983, 35.6320901], [-82.1769083, 35.63208459999999], [-82.1769368, 35.63211859999999], [-82.1768726, 35.6321541], [-82.176855, 35.6321331], [-82.1768235, 35.6321506], [-82.1767696, 35.6320863], [-82.1768469, 35.63203750000001]]]}, "properties": {"id": "old_fort-000463", "damage_class": 1, "damage_label": "minor-damage", "confidence": 0.85, "area_m2": 104.65, "centroid": [-82.176851, 35.6321], "confidence_tier": "high", "sources": {"heuristic": 2, "cnn": 1, "margin": 1.0}, "footprint_source": "osm"}}, {"type": "Feature", "geometry": {"type": "Polygon", "coordinates": [[[-82.1765802, 35.6318506], [-82.1765577, 35.63181749999999], [-82.1765508, 35.631820600000005], [-82.1765241, 35.6317813], [-82.1765305, 35.631778399999995], [-82.176518, 35.63176000000001], [-82.1765854, 35.631726699999994], [-82.1765795, 35.631718], [-82.1766279, 35.63169630000001], [-82.1766561, 35.6317377], [-82.1766644, 35.631734], [-82.176682, 35.6317598], [-82.1766735, 35.6317636], [-82.1766789, 35.6317715], [-82.1766598, 35.63178009999999], [-82.176687, 35.6318201], [-82.176599, 35.6318597], [-82.1765899, 35.63184619999999], [-82.1765802, 35.6318506]]]}, "properties": {"id": "old_fort-000464", "damage_class": 1, "damage_label": "minor-damage", "confidence": 0.85, "area_m2": 163.24, "centroid": [-82.176607, 35.63178], "confidence_tier": "high", "sources": {"heuristic": 0, "cnn": 1, "margin": 1.0}, "footprint_source": "osm"}}, {"type": "Feature", "geometry": {"type": "Polygon", "coordinates": [[[-82.1769266, 35.6317197], [-82.1768669, 35.6316429], [-82.1769317, 35.631609600000004], [-82.1769914, 35.6316865], [-82.1769266, 35.6317197]]]}, "properties": {"id": "old_fort-000465", "damage_class": 0, "damage_label": "no-damage", "confidence": 1.0, "area_m2": 69.96, "centroid": [-82.176929, 35.631665], "confidence_tier": "high", "sources": {"heuristic": 0, "cnn": 0, "margin": 1.0}, "footprint_source": "osm"}}, {"type": "Feature", "geometry": {"type": "Polygon", "coordinates": [[[-82.1771304, 35.6317649], [-82.1770735, 35.63179159999999], [-82.1770585, 35.63177040000001], [-82.1771155, 35.6317437], [-82.1771304, 35.6317649]]]}, "properties": {"id": "old_fort-000466", "damage_class": 0, "damage_label": "no-damage", "confidence": 1.0, "area_m2": 16.14, "centroid": [-82.177094, 35.631768], "confidence_tier": "high", "sources": {"heuristic": 0, "cnn": 0, "margin": 1.0}, "footprint_source": "osm"}}, {"type": "Feature", "geometry": {"type": "Polygon", "coordinates": [[[-82.1771775, 35.6319332], [-82.1770669, 35.6319861], [-82.1770122, 35.63191049999999], [-82.1771228, 35.6318576], [-82.1771775, 35.6319332]]]}, "properties": {"id": "old_fort-000467", "damage_class": 1, "damage_label": "minor-damage", "confidence": 1.0, "area_m2": 113.06, "centroid": [-82.177095, 35.631922], "confidence_tier": "high", "sources": {"heuristic": 1, "cnn": 1, "margin": 1.0}, "footprint_source": "osm"}}, {"type": "Feature", "geometry": {"type": "Polygon", "coordinates": [[[-82.1781313, 35.632067], [-82.1781721, 35.6320527], [-82.1781874, 35.632081299999996], [-82.1782897, 35.632045399999996], [-82.1783064, 35.6320768], [-82.1781333, 35.632137699999994], [-82.1781166, 35.6321064], [-82.17814660000002, 35.63209580000001], [-82.1781313, 35.632067]]]}, "properties": {"id": "old_fort-000468", "damage_class": 0, "damage_label": "no-damage", "confidence": 1.0, "area_m2": 78.83, "centroid": [-82.178202, 35.632088], "confidence_tier": "high", "sources": {"heuristic": 0, "cnn": 0, "margin": 1.0}, "footprint_source": "osm"}}, {"type": "Feature", "geometry": {"type": "Polygon", "coordinates": [[[-82.1774472, 35.63151419999999], [-82.17738910000001, 35.6314389], [-82.1774647, 35.63140589999999], [-82.1774407, 35.63137570000001], [-82.1774931, 35.6313481], [-82.1775874, 35.6314663], [-82.1775399, 35.631491399999994], [-82.1775254, 35.63147320000001], [-82.1775126, 35.6314799], [-82.17752490000001, 35.6314953], [-82.177485, 35.6315163], [-82.1774727, 35.6315008], [-82.1774472, 35.63151419999999]]]}, "properties": {"id": "old_fort-000469", "damage_class": 1, "damage_label": "minor-damage", "confidence": 0.85, "area_m2": 171.88, "centroid": [-82.177487, 35.631441], "confidence_tier": "high", "sources": {"heuristic": 2, "cnn": 1, "margin": 1.0}, "footprint_source": "osm"}}, {"type": "Feature", "geometry": {"type": "Polygon", "coordinates": [[[-82.1777784, 35.6315335], [-82.1777234, 35.63156159999999], [-82.1776915, 35.6315203], [-82.1777464, 35.6314922], [-82.1777784, 35.6315335]]]}, "properties": {"id": "old_fort-000470", "damage_class": 1, "damage_label": "minor-damage", "confidence": 1.0, "area_m2": 31.81, "centroid": [-82.177735, 35.631527], "confidence_tier": "high", "sources": {"heuristic": 1, "cnn": 1, "margin": 1.0}, "footprint_source": "osm"}}, {"type": "Feature", "geometry": {"type": "Polygon", "coordinates": [[[-82.1777223, 35.63145759999999], [-82.1777437, 35.6314861], [-82.177687, 35.6315141], [-82.1776656, 35.6314857], [-82.1777223, 35.63145759999999]]]}, "properties": {"id": "old_fort-000471", "damage_class": 2, "damage_label": "major-damage", "confidence": 0.7, "area_m2": 22.23, "centroid": [-82.177705, 35.631486], "confidence_tier": "review", "sources": {"heuristic": 0, "cnn": 2, "margin": 1.0}, "footprint_source": "osm"}}, {"type": "Feature", "geometry": {"type": "Polygon", "coordinates": [[[-82.1777508, 35.631481300000004], [-82.1777297, 35.63145479999999], [-82.177779, 35.6314289], [-82.1778001, 35.63145539999999], [-82.1777508, 35.631481300000004]]]}, "properties": {"id": "old_fort-000472", "damage_class": 0, "damage_label": "no-damage", "confidence": 1.0, "area_m2": 18.61, "centroid": [-82.177765, 35.631455], "confidence_tier": "high", "sources": {"heuristic": 0, "cnn": 0, "margin": 1.0}, "footprint_source": "osm"}}, {"type": "Feature", "geometry": {"type": "Polygon", "coordinates": [[[-82.1775905, 35.63140769999998], [-82.1775322, 35.6313311], [-82.1776887, 35.631252399999994], [-82.1777595, 35.6313454], [-82.1777117, 35.6313694], [-82.1776992, 35.631353], [-82.1775905, 35.63140769999998]]]}, "properties": {"id": "old_fort-000473", "damage_class": 0, "damage_label": "no-damage", "confidence": 1.0, "area_m2": 177.36, "centroid": [-82.177645, 35.631331], "confidence_tier": "high", "sources": {"heuristic": 0, "cnn": 0, "margin": 1.0}, "footprint_source": "osm"}}, {"type": "Feature", "geometry": {"type": "Polygon", "coordinates": [[[-82.1775627, 35.63166709999999], [-82.1775171, 35.63161130000001], [-82.1776079, 35.6315622], [-82.1776536, 35.63161809999999], [-82.1775627, 35.63166709999999]]]}, "properties": {"id": "old_fort-000474", "damage_class": 1, "damage_label": "minor-damage", "confidence": 0.85, "area_m2": 73.46, "centroid": [-82.177585, 35.631615], "confidence_tier": "high", "sources": {"heuristic": 2, "cnn": 1, "margin": 1.0}, "footprint_source": "osm"}}, {"type": "Feature", "geometry": {"type": "Polygon", "coordinates": [[[-82.1773684, 35.6317955], [-82.1772054, 35.6318735], [-82.1771859, 35.63184649999999], [-82.1773488, 35.63176850000001], [-82.1773684, 35.6317955]]]}, "properties": {"id": "old_fort-000475", "damage_class": 0, "damage_label": "no-damage", "confidence": 0.7, "area_m2": 59.51, "centroid": [-82.177277, 35.631821], "confidence_tier": "review", "sources": {"heuristic": 2, "cnn": 0, "margin": 1.0}, "footprint_source": "osm"}}, {"type": "Feature", "geometry": {"type": "Polygon", "coordinates": [[[-82.1772888, 35.6316895], [-82.1771543, 35.6317549], [-82.1771309, 35.631723], [-82.1772653, 35.63165759999999], [-82.1772888, 35.6316895]]]}, "properties": {"id": "old_fort-000476", "damage_class": 0, "damage_label": "no-damage", "confidence": 0.7, "area_m2": 58.49, "centroid": [-82.17721, 35.631706], "confidence_tier": "review", "sources": {"heuristic": 3, "cnn": 0, "margin": 1.0}, "footprint_source": "osm"}}, {"type": "Feature", "geometry": {"type": "Polygon", "coordinates": [[[-82.1772193, 35.631590599999996], [-82.1770872, 35.63165459999999], [-82.1770682, 35.6316287], [-82.1772003, 35.6315647], [-82.1772193, 35.631590599999996]]]}, "properties": {"id": "old_fort-000477", "damage_class": 0, "damage_label": "no-damage", "confidence": 0.7, "area_m2": 46.58, "centroid": [-82.177144, 35.63161], "confidence_tier": "review", "sources": {"heuristic": 2, "cnn": 0, "margin": 1.0}, "footprint_source": "osm"}}, {"type": "Feature", "geometry": {"type": "Polygon", "coordinates": [[[-82.1771454, 35.6314973], [-82.1770089, 35.631561299999994], [-82.1769867, 35.63153009999999], [-82.1771232, 35.631466], [-82.1771454, 35.6314973]]]}, "properties": {"id": "old_fort-000478", "damage_class": 0, "damage_label": "no-damage", "confidence": 1.0, "area_m2": 57.13, "centroid": [-82.177066, 35.631514], "confidence_tier": "high", "sources": {"heuristic": 0, "cnn": 0, "margin": 1.0}, "footprint_source": "osm"}}, {"type": "Feature", "geometry": {"type": "Polygon", "coordinates": [[[-82.1765441, 35.6306101], [-82.1766255, 35.63057150000001], [-82.1766999, 35.63067499999999], [-82.1766186, 35.630713599999986], [-82.1765441, 35.6306101]]]}, "properties": {"id": "old_fort-000479", "damage_class": 2, "damage_label": "major-damage", "confidence": 0.7, "area_m2": 113.44, "centroid": [-82.176622, 35.630643], "confidence_tier": "review", "sources": {"heuristic": 0, "cnn": 2, "margin": 1.0}, "footprint_source": "osm"}}, {"type": "Feature", "geometry": {"type": "Polygon", "coordinates": [[[-82.1764049, 35.6307797], [-82.1763714, 35.6307376], [-82.1763997, 35.6307227], [-82.1763746, 35.63069110000001], [-82.1764141, 35.630670300000006], [-82.1764972, 35.6307746], [-82.1764565, 35.630796], [-82.1764321, 35.63076530000001], [-82.1764049, 35.6307797]]]}, "properties": {"id": "old_fort-000480", "damage_class": 0, "damage_label": "no-damage", "confidence": 1.0, "area_m2": 76.27, "centroid": [-82.176428, 35.630737], "confidence_tier": "high", "sources": {"heuristic": 0, "cnn": 0, "margin": 1.0}, "footprint_source": "osm"}}, {"type": "Feature", "geometry": {"type": "Polygon", "coordinates": [[[-82.17633500000001, 35.6307598], [-82.1763126, 35.630732800000004], [-82.1763346, 35.630720700000005], [-82.1763571, 35.63074770000001], [-82.17633500000001, 35.6307598]]]}, "properties": {"id": "old_fort-000481", "damage_class": 1, "damage_label": "minor-damage", "confidence": 1.0, "area_m2": 8.71, "centroid": [-82.176335, 35.63074], "confidence_tier": "review", "sources": {"heuristic": 1, "cnn": 1, "margin": 1.0}, "footprint_source": "osm"}}, {"type": "Feature", "geometry": {"type": "Polygon", "coordinates": [[[-82.1761345, 35.6309505], [-82.1760582, 35.6308471], [-82.1762505, 35.63075829999999], [-82.1762779, 35.63079760000001], [-82.17626550000001, 35.63080329999999], [-82.1762883, 35.630835899999994], [-82.17619840000002, 35.6308775], [-82.1762214, 35.63091039999999], [-82.1761345, 35.6309505]]]}, "properties": {"id": "old_fort-000482", "damage_class": 0, "damage_label": "no-damage", "confidence": 1.0, "area_m2": 216.33, "centroid": [-82.176175, 35.630852], "confidence_tier": "high", "sources": {"heuristic": 0, "cnn": 0, "margin": 1.0}, "footprint_source": "osm"}}, {"type": "Feature", "geometry": {"type": "Polygon", "coordinates": [[[-82.1756867, 35.63095849999999], [-82.1757029, 35.630986099999994], [-82.1756372, 35.63101149999999], [-82.1756433, 35.631021799999985], [-82.1756305, 35.6310268], [-82.1756247, 35.6310168], [-82.1755321, 35.6310527], [-82.1754988, 35.6310081], [-82.1755654, 35.6309823], [-82.1755765, 35.6310012], [-82.1756867, 35.63095849999999]]]}, "properties": {"id": "old_fort-000483", "damage_class": 0, "damage_label": "no-damage", "confidence": 1.0, "area_m2": 75.91, "centroid": [-82.175595, 35.631006], "confidence_tier": "high", "sources": {"heuristic": 0, "cnn": 0, "margin": 1.0}, "footprint_source": "osm"}}, {"type": "Feature", "geometry": {"type": "Polygon", "coordinates": [[[-82.1755661, 35.6311197], [-82.1755523, 35.6310962], [-82.1755975, 35.631078499999994], [-82.1756114, 35.63110199999999], [-82.1755661, 35.6311197]]]}, "properties": {"id": "old_fort-000484", "damage_class": 0, "damage_label": "no-damage", "confidence": 1.0, "area_m2": 13.14, "centroid": [-82.175582, 35.631099], "confidence_tier": "high", "sources": {"heuristic": 0, "cnn": 0, "margin": 1.0}, "footprint_source": "osm"}}, {"type": "Feature", "geometry": {"type": "Polygon", "coordinates": [[[-82.1756201, 35.63110520000001], [-82.1755989, 35.6310686], [-82.1757548, 35.6310089], [-82.175776, 35.63104560000001], [-82.1756201, 35.63110520000001]]]}, "properties": {"id": "old_fort-000485", "damage_class": 0, "damage_label": "no-damage", "confidence": 1.0, "area_m2": 70.1, "centroid": [-82.175687, 35.631057], "confidence_tier": "high", "sources": {"heuristic": 0, "cnn": 0, "margin": 1.0}, "footprint_source": "osm"}}, {"type": "Feature", "geometry": {"type": "Polygon", "coordinates": [[[-82.1757106, 35.63109459999999], [-82.1757026, 35.631081], [-82.1757673, 35.6310557], [-82.1757754, 35.63106929999999], [-82.1757106, 35.63109459999999]]]}, "properties": {"id": "old_fort-000486", "damage_class": 0, "damage_label": "no-damage", "confidence": 1.0, "area_m2": 10.89, "centroid": [-82.175739, 35.631075], "confidence_tier": "review", "sources": {"heuristic": 0, "cnn": 0, "margin": 1.0}, "footprint_source": "osm"}}, {"type": "Feature", "geometry": {"type": "Polygon", "coordinates": [[[-82.1756687, 35.631179100000004], [-82.1756507, 35.6311509], [-82.1758029, 35.6310866], [-82.175821, 35.6311148], [-82.1756687, 35.631179100000004]]]}, "properties": {"id": "old_fort-000487", "damage_class": 0, "damage_label": "no-damage", "confidence": 1.0, "area_m2": 54.79, "centroid": [-82.175736, 35.631133], "confidence_tier": "high", "sources": {"heuristic": 0, "cnn": 0, "margin": 1.0}, "footprint_source": "osm"}}, {"type": "Feature", "geometry": {"type": "Polygon", "coordinates": [[[-82.1757412, 35.6312671], [-82.1757187, 35.63123459999999], [-82.1758612, 35.63116970000001], [-82.1758837, 35.6312022], [-82.1757412, 35.6312671]]]}, "properties": {"id": "old_fort-000488", "damage_class": 0, "damage_label": "no-damage", "confidence": 1.0, "area_m2": 61.19, "centroid": [-82.175801, 35.631218], "confidence_tier": "high", "sources": {"heuristic": 0, "cnn": 0, "margin": 1.0}, "footprint_source": "osm"}}, {"type": "Feature", "geometry": {"type": "Polygon", "coordinates": [[[-82.1757593, 35.6313905], [-82.1757364, 35.631359], [-82.1759298, 35.63126630000001], [-82.1759527, 35.6312979], [-82.1757593, 35.6313905]]]}, "properties": {"id": "old_fort-000489", "damage_class": 0, "damage_label": "no-damage", "confidence": 0.85, "area_m2": 82.6, "centroid": [-82.175845, 35.631328], "confidence_tier": "high", "sources": {"heuristic": 1, "cnn": 0, "margin": 1.0}, "footprint_source": "osm"}}, {"type": "Feature", "geometry": {"type": "Polygon", "coordinates": [[[-82.1760759, 35.6314324], [-82.1760899, 35.63147089999999], [-82.1761014, 35.6314681], [-82.1761257, 35.6315347], [-82.1759654, 35.63157329999999], [-82.1759271, 35.6314682], [-82.1760759, 35.6314324]]]}, "properties": {"id": "old_fort-000490", "damage_class": 0, "damage_label": "no-damage", "confidence": 1.0, "area_m2": 179.2, "centroid": [-82.176025, 35.631503], "confidence_tier": "high", "sources": {"heuristic": 0, "cnn": 0, "margin": 1.0}, "footprint_source": "osm"}}, {"type": "Feature", "geometry": {"type": "Polygon", "coordinates": [[[-82.1761698, 35.6316235], [-82.1760696, 35.63164749999999], [-82.1760473, 35.63158589999999], [-82.1761475, 35.631561999999995], [-82.1761698, 35.6316235]]]}, "properties": {"id": "old_fort-000491", "damage_class": 0, "damage_label": "no-damage", "confidence": 0.7, "area_m2": 67.32, "centroid": [-82.176109, 35.631605], "confidence_tier": "review", "sources": {"heuristic": 2, "cnn": 0, "margin": 1.0}, "footprint_source": "osm"}}, {"type": "Feature", "geometry": {"type": "Polygon", "coordinates": [[[-82.1756664, 35.63167370000001], [-82.1755966, 35.631546799999995], [-82.1757237, 35.63150060000001], [-82.1757935, 35.631627599999995], [-82.1756664, 35.63167370000001]]]}, "properties": {"id": "old_fort-000492", "damage_class": 1, "damage_label": "minor-damage", "confidence": 0.85, "area_m2": 194.44, "centroid": [-82.175695, 35.631587], "confidence_tier": "high", "sources": {"heuristic": 2, "cnn": 1, "margin": 1.0}, "footprint_source": "osm"}}, {"type": "Feature", "geometry": {"type": "Polygon", "coordinates": [[[-82.175539, 35.631564399999995], [-82.1755113, 35.631515], [-82.1755784, 35.6314902], [-82.175606, 35.631539599999996], [-82.175539, 35.631564399999995]]]}, "properties": {"id": "old_fort-000493", "damage_class": 1, "damage_label": "minor-damage", "confidence": 1.0, "area_m2": 40.16, "centroid": [-82.175559, 35.631527], "confidence_tier": "high", "sources": {"heuristic": 1, "cnn": 1, "margin": 1.0}, "footprint_source": "osm"}}, {"type": "Feature", "geometry": {"type": "Polygon", "coordinates": [[[-82.1755368, 35.631442199999995], [-82.175566, 35.63148879999999], [-82.1755242, 35.6315061], [-82.1754951, 35.631459500000005], [-82.1755368, 35.631442199999995]]]}, "properties": {"id": "old_fort-000494", "damage_class": 1, "damage_label": "minor-damage", "confidence": 0.85, "area_m2": 24.61, "centroid": [-82.175531, 35.631474], "confidence_tier": "high", "sources": {"heuristic": 0, "cnn": 1, "margin": 1.0}, "footprint_source": "osm"}}, {"type": "Feature", "geometry": {"type": "Polygon", "coordinates": [[[-82.1756384, 35.6313955], [-82.1755942, 35.6313369], [-82.1756282, 35.63132], [-82.1756724, 35.631378600000005], [-82.1756384, 35.6313955]]]}, "properties": {"id": "old_fort-000495", "damage_class": 3, "damage_label": "destroyed", "confidence": 0.7, "area_m2": 27.52, "centroid": [-82.175633, 35.631358], "confidence_tier": "review", "sources": {"heuristic": 0, "cnn": 3, "margin": 1.0}, "footprint_source": "osm"}}, {"type": "Feature", "geometry": {"type": "Polygon", "coordinates": [[[-82.1753464, 35.6314389], [-82.1752538, 35.63131949999999], [-82.1753429, 35.6312739], [-82.1754354, 35.6313933], [-82.1753464, 35.6314389]]]}, "properties": {"id": "old_fort-000496", "damage_class": 0, "damage_label": "no-damage", "confidence": 0.85, "area_m2": 149.2, "centroid": [-82.175345, 35.631356], "confidence_tier": "high", "sources": {"heuristic": 1, "cnn": 0, "margin": 1.0}, "footprint_source": "osm"}}, {"type": "Feature", "geometry": {"type": "Polygon", "coordinates": [[[-82.1749354, 35.631669900000006], [-82.1750229, 35.6316214], [-82.175078, 35.631687], [-82.1749905, 35.63173549999999], [-82.1749354, 35.631669900000006]]]}, "properties": {"id": "old_fort-000497", "damage_class": 1, "damage_label": "minor-damage", "confidence": 1.0, "area_m2": 84.5, "centroid": [-82.175007, 35.631678], "confidence_tier": "high", "sources": {"heuristic": 1, "cnn": 1, "margin": 1.0}, "footprint_source": "osm"}}, {"type": "Feature", "geometry": {"type": "Polygon", "coordinates": [[[-82.1748919, 35.631616199999996], [-82.1748115, 35.6315241], [-82.1748889, 35.631479399999996], [-82.1749694, 35.63157150000001], [-82.1748919, 35.631616199999996]]]}, "properties": {"id": "old_fort-000498", "damage_class": 1, "damage_label": "minor-damage", "confidence": 0.85, "area_m2": 107.77, "centroid": [-82.17489, 35.631548], "confidence_tier": "high", "sources": {"heuristic": 0, "cnn": 1, "margin": 1.0}, "footprint_source": "osm"}}, {"type": "Feature", "geometry": {"type": "Polygon", "coordinates": [[[-82.1746358, 35.6317969], [-82.1747377, 35.631766299999995], [-82.1747941, 35.6318906], [-82.1746921, 35.63192109999999], [-82.1746358, 35.6317969]]]}, "properties": {"id": "old_fort-000499", "damage_class": 3, "damage_label": "destroyed", "confidence": 1.0, "area_m2": 144.53, "centroid": [-82.174715, 35.631844], "confidence_tier": "high", "sources": {"heuristic": 3, "cnn": 3, "margin": 1.0}, "footprint_source": "osm"}}, {"type": "Feature", "geometry": {"type": "Polygon", "coordinates": [[[-82.1745428, 35.6319747], [-82.1744764, 35.63182369999999], [-82.1745707, 35.6317963], [-82.1746371, 35.63194729999999], [-82.1745428, 35.6319747]]]}, "properties": {"id": "old_fort-000500", "damage_class": 1, "damage_label": "minor-damage", "confidence": 0.7, "area_m2": 161.31, "centroid": [-82.174557, 35.631885], "confidence_tier": "review", "sources": {"heuristic": 3, "cnn": 1, "margin": 1.0}, "footprint_source": "osm"}}, {"type": "Feature", "geometry": {"type": "Polygon", "coordinates": [[[-82.1742995, 35.6317241], [-82.174374, 35.63169069999999], [-82.1744243, 35.6317648], [-82.1743498, 35.631798200000006], [-82.1742995, 35.6317241]]]}, "properties": {"id": "old_fort-000501", "damage_class": 0, "damage_label": "no-damage", "confidence": 1.0, "area_m2": 72.33, "centroid": [-82.174362, 35.631744], "confidence_tier": "high", "sources": {"heuristic": 0, "cnn": 0, "margin": 1.0}, "footprint_source": "osm"}}, {"type": "Feature", "geometry": {"type": "Polygon", "coordinates": [[[-82.1740176, 35.6318339], [-82.1739546, 35.63186089999999], [-82.1739427, 35.6318426], [-82.1740058, 35.63181569999999], [-82.1740176, 35.6318339]]]}, "properties": {"id": "old_fort-000502", "damage_class": 1, "damage_label": "minor-damage", "confidence": 0.85, "area_m2": 14.77, "centroid": [-82.17398, 35.631838], "confidence_tier": "high", "sources": {"heuristic": 0, "cnn": 1, "margin": 1.0}, "footprint_source": "osm"}}, {"type": "Feature", "geometry": {"type": "Polygon", "coordinates": [[[-82.1740584, 35.63200690000001], [-82.1740286, 35.6319568], [-82.1740618, 35.6319437], [-82.1740916, 35.63199389999999], [-82.1740584, 35.63200690000001]]]}, "properties": {"id": "old_fort-000503", "damage_class": 3, "damage_label": "destroyed", "confidence": 0.7, "area_m2": 20.63, "centroid": [-82.17406, 35.631975], "confidence_tier": "review", "sources": {"heuristic": 0, "cnn": 3, "margin": 1.0}, "footprint_source": "osm"}}, {"type": "Feature", "geometry": {"type": "Polygon", "coordinates": [[[-82.173981, 35.63212789999999], [-82.173971, 35.6321121], [-82.1740468, 35.63208079999998], [-82.1740567, 35.63209659999999], [-82.173981, 35.63212789999999]]]}, "properties": {"id": "old_fort-000504", "damage_class": 3, "damage_label": "destroyed", "confidence": 1.0, "area_m2": 15.15, "centroid": [-82.174014, 35.632104], "confidence_tier": "high", "sources": {"heuristic": 3, "cnn": 3, "margin": 1.0}, "footprint_source": "osm"}}, {"type": "Feature", "geometry": {"type": "Polygon", "coordinates": [[[-82.1740471, 35.63207599999999], [-82.1739677, 35.6321109], [-82.173887, 35.6319895], [-82.1739224, 35.63197389999999], [-82.1739351, 35.631993], [-82.1740078, 35.63196459999999], [-82.1740473, 35.63202400000001], [-82.1740204, 35.6320358], [-82.1740471, 35.63207599999999]]]}, "properties": {"id": "old_fort-000505", "damage_class": 1, "damage_label": "minor-damage", "confidence": 0.85, "area_m2": 135.0, "centroid": [-82.173976, 35.632033], "confidence_tier": "high", "sources": {"heuristic": 2, "cnn": 1, "margin": 1.0}, "footprint_source": "osm"}}, {"type": "Feature", "geometry": {"type": "Polygon", "coordinates": [[[-82.1738811, 35.6319802], [-82.173849, 35.63191799999999], [-82.1739005, 35.631900400000006], [-82.1739327, 35.6319625], [-82.1738811, 35.6319802]]]}, "properties": {"id": "old_fort-000506", "damage_class": 0, "damage_label": "no-damage", "confidence": 0.7, "area_m2": 37.88, "centroid": [-82.173891, 35.63194], "confidence_tier": "review", "sources": {"heuristic": 2, "cnn": 0, "margin": 1.0}, "footprint_source": "osm"}}, {"type": "Feature", "geometry": {"type": "Polygon", "coordinates": [[[-82.1738743, 35.63208139999999], [-82.1738243, 35.6320057], [-82.1738452, 35.631996599999994], [-82.1738951, 35.6320724], [-82.1738743, 35.63208139999999]]]}, "properties": {"id": "old_fort-000507", "damage_class": 0, "damage_label": "no-damage", "confidence": 1.0, "area_m2": 20.41, "centroid": [-82.17386, 35.632039], "confidence_tier": "high", "sources": {"heuristic": 0, "cnn": 0, "margin": 1.0}, "footprint_source": "osm"}}, {"type": "Feature", "geometry": {"type": "Polygon", "coordinates": [[[-82.1737617, 35.63203179999999], [-82.1738222, 35.6320055], [-82.1738802, 35.6320938], [-82.1738197, 35.63211999999999], [-82.1737617, 35.63203179999999]]]}, "properties": {"id": "old_fort-000508", "damage_class": 2, "damage_label": "major-damage", "confidence": 0.85, "area_m2": 68.92, "centroid": [-82.173821, 35.632063], "confidence_tier": "high", "sources": {"heuristic": 1, "cnn": 2, "margin": 1.0}, "footprint_source": "osm"}}, {"type": "Feature", "geometry": {"type": "Polygon", "coordinates": [[[-82.173586, 35.632185199999995], [-82.1735463, 35.6321228], [-82.1737595, 35.632033099999994], [-82.1737992, 35.6320955], [-82.173586, 35.632185199999995]]]}, "properties": {"id": "old_fort-000509", "damage_class": 2, "damage_label": "major-damage", "confidence": 0.7, "area_m2": 169.4, "centroid": [-82.173673, 35.632109], "confidence_tier": "review", "sources": {"heuristic": 0, "cnn": 2, "margin": 1.0}, "footprint_source": "osm"}}, {"type": "Feature", "geometry": {"type": "Polygon", "coordinates": [[[-82.17338180000002, 35.63221], [-82.1734041, 35.6321801], [-82.17353210000002, 35.63224329999999], [-82.17350960000002, 35.632273399999995], [-82.1734831, 35.6322603], [-82.1734691, 35.632279000000004], [-82.1734264, 35.63225799999999], [-82.1734406, 35.63223909999999], [-82.17338180000002, 35.63221]]]}, "properties": {"id": "old_fort-000510", "damage_class": 3, "damage_label": "destroyed", "confidence": 0.7, "area_m2": 63.8, "centroid": [-82.173457, 35.632232], "confidence_tier": "review", "sources": {"heuristic": 1, "cnn": 3, "margin": 1.0}, "footprint_source": "osm"}}, {"type": "Feature", "geometry": {"type": "Polygon", "coordinates": [[[-82.1732149, 35.63232549999999], [-82.1731852, 35.6322922], [-82.1732312, 35.6322652], [-82.1732608, 35.6322985], [-82.1732149, 35.63232549999999]]]}, "properties": {"id": "old_fort-000511", "damage_class": 3, "damage_label": "destroyed", "confidence": 0.7, "area_m2": 23.41, "centroid": [-82.173223, 35.632295], "confidence_tier": "review", "sources": {"heuristic": 1, "cnn": 3, "margin": 1.0}, "footprint_source": "osm"}}, {"type": "Feature", "geometry": {"type": "Polygon", "coordinates": [[[-82.1732658, 35.63238], [-82.1732286, 35.63233159999999], [-82.1733118, 35.6322894], [-82.173349, 35.632337799999995], [-82.1732658, 35.63238]]]}, "properties": {"id": "old_fort-000512", "damage_class": 1, "damage_label": "minor-damage", "confidence": 0.85, "area_m2": 56.22, "centroid": [-82.173289, 35.632335], "confidence_tier": "high", "sources": {"heuristic": 2, "cnn": 1, "margin": 1.0}, "footprint_source": "osm"}}, {"type": "Feature", "geometry": {"type": "Polygon", "coordinates": [[[-82.1730968, 35.63241769999999], [-82.1730626, 35.63236839999999], [-82.1731062, 35.6323484], [-82.1731404, 35.6323977], [-82.1730968, 35.63241769999999]]]}, "properties": {"id": "old_fort-000513", "damage_class": 2, "damage_label": "major-damage", "confidence": 0.7, "area_m2": 28.46, "centroid": [-82.173102, 35.632383], "confidence_tier": "review", "sources": {"heuristic": 0, "cnn": 2, "margin": 1.0}, "footprint_source": "osm"}}, {"type": "Feature", "geometry": {"type": "Polygon", "coordinates": [[[-82.1728534, 35.63262720000001], [-82.1727674, 35.63254140000001], [-82.1729632, 35.632411699999984], [-82.1730492, 35.632497499999985], [-82.1728534, 35.63262720000001]]]}, "properties": {"id": "old_fort-000514", "damage_class": 1, "damage_label": "minor-damage", "confidence": 0.85, "area_m2": 280.79, "centroid": [-82.172908, 35.632519], "confidence_tier": "high", "sources": {"heuristic": 0, "cnn": 1, "margin": 1.0}, "footprint_source": "osm"}}, {"type": "Feature", "geometry": {"type": "Polygon", "coordinates": [[[-82.1726813, 35.6326066], [-82.1727106, 35.6326361], [-82.1727246, 35.63262689999999], [-82.1727558, 35.6326583], [-82.172718, 35.6326832], [-82.1727274, 35.63269259999999], [-82.1726823, 35.6327223], [-82.1726742, 35.63271410000001], [-82.1726295, 35.63274340000001], [-82.17256, 35.632673499999996], [-82.1726167, 35.632636299999994], [-82.1726243, 35.632644], [-82.1726813, 35.6326066]]]}, "properties": {"id": "old_fort-000515", "damage_class": 1, "damage_label": "minor-damage", "confidence": 0.85, "area_m2": 137.49, "centroid": [-82.172658, 35.632674], "confidence_tier": "high", "sources": {"heuristic": 2, "cnn": 1, "margin": 1.0}, "footprint_source": "osm"}}, {"type": "Feature", "geometry": {"type": "Polygon", "coordinates": [[[-82.1719929, 35.63316460000001], [-82.1719379, 35.6331085], [-82.1719649, 35.633091], [-82.17201990000001, 35.63314710000001], [-82.1719929, 35.63316460000001]]]}, "properties": {"id": "old_fort-000516", "damage_class": 0, "damage_label": "no-damage", "confidence": 1.0, "area_m2": 24.88, "centroid": [-82.171979, 35.633128], "confidence_tier": "high", "sources": {"heuristic": 0, "cnn": 0, "margin": 1.0}, "footprint_source": "osm"}}, {"type": "Feature", "geometry": {"type": "Polygon", "coordinates": [[[-82.1720246, 35.633146], [-82.1719674, 35.633087800000006], [-82.1720472, 35.633036], [-82.1721044, 35.63309420000001], [-82.1720246, 35.633146]]]}, "properties": {"id": "old_fort-000517", "damage_class": 1, "damage_label": "minor-damage", "confidence": 1.0, "area_m2": 76.41, "centroid": [-82.172036, 35.633091], "confidence_tier": "high", "sources": {"heuristic": 1, "cnn": 1, "margin": 1.0}, "footprint_source": "osm"}}, {"type": "Feature", "geometry": {"type": "Polygon", "coordinates": [[[-82.17205970000002, 35.633011800000006], [-82.1719517, 35.63308259999999], [-82.1718858, 35.633016299999994], [-82.1719938, 35.6329455], [-82.17205970000002, 35.633011800000006]]]}, "properties": {"id": "old_fort-000518", "damage_class": 1, "damage_label": "minor-damage", "confidence": 0.85, "area_m2": 118.79, "centroid": [-82.171973, 35.633014], "confidence_tier": "high", "sources": {"heuristic": 0, "cnn": 1, "margin": 1.0}, "footprint_source": "osm"}}, {"type": "Feature", "geometry": {"type": "Polygon", "coordinates": [[[-82.169148, 35.6351658], [-82.1693205, 35.635049899999984], [-82.1694928, 35.6352194], [-82.1693203, 35.63533530000001], [-82.169148, 35.6351658]]]}, "properties": {"id": "old_fort-000519", "damage_class": 0, "damage_label": "no-damage", "confidence": 0.85, "area_m2": 494.27, "centroid": [-82.16932, 35.635193], "confidence_tier": "high", "sources": {"heuristic": 1, "cnn": 0, "margin": 1.0}, "footprint_source": "osm"}}, {"type": "Feature", "geometry": {"type": "Polygon", "coordinates": [[[-82.1693237, 35.6345746], [-82.16979040000001, 35.6343359], [-82.1699144, 35.634496], [-82.1694477, 35.6347347], [-82.1693237, 35.6345746]]]}, "properties": {"id": "old_fort-000520", "damage_class": 0, "damage_label": "no-damage", "confidence": 1.0, "area_m2": 1047.82, "centroid": [-82.169619, 35.634535], "confidence_tier": "high", "sources": {"heuristic": 0, "cnn": 0, "margin": 1.0}, "footprint_source": "osm"}}, {"type": "Feature", "geometry": {"type": "Polygon", "coordinates": [[[-82.1700552, 35.6349179], [-82.1699705, 35.6348324], [-82.1697199, 35.6349963], [-82.1696332, 35.634908599999996], [-82.1699565, 35.634697100000004], [-82.1700611, 35.6348028], [-82.1701921, 35.6347171], [-82.170259, 35.6347847], [-82.1700552, 35.6349179]]]}, "properties": {"id": "old_fort-000521", "damage_class": 0, "damage_label": "no-damage", "confidence": 1.0, "area_m2": 718.57, "centroid": [-82.169934, 35.634837], "confidence_tier": "high", "sources": {"heuristic": 0, "cnn": 0, "margin": 1.0}, "footprint_source": "osm"}}, {"type": "Feature", "geometry": {"type": "Polygon", "coordinates": [[[-82.170137, 35.63534400000001], [-82.1700015, 35.6352058], [-82.1704441, 35.63491909999999], [-82.1705796, 35.63505729999999], [-82.170137, 35.63534400000001]]]}, "properties": {"id": "old_fort-000522", "damage_class": 0, "damage_label": "no-damage", "confidence": 1.0, "area_m2": 1004.6, "centroid": [-82.170291, 35.635132], "confidence_tier": "high", "sources": {"heuristic": 0, "cnn": 0, "margin": 1.0}, "footprint_source": "osm"}}, {"type": "Feature", "geometry": {"type": "Polygon", "coordinates": [[[-82.1703659, 35.635335700000006], [-82.1705859, 35.63519300000001], [-82.1706882, 35.6352971], [-82.1704683, 35.635439899999994], [-82.1703659, 35.635335700000006]]]}, "properties": {"id": "old_fort-000523", "damage_class": 0, "damage_label": "no-damage", "confidence": 1.0, "area_m2": 376.85, "centroid": [-82.170527, 35.635316], "confidence_tier": "high", "sources": {"heuristic": 0, "cnn": 0, "margin": 1.0}, "footprint_source": "osm"}}, {"type": "Feature", "geometry": {"type": "Polygon", "coordinates": [[[-82.1727042, 35.634558500000004], [-82.1725932, 35.634573], [-82.1725679, 35.6344448], [-82.1724187, 35.6344642], [-82.1723987, 35.6343629], [-82.1726587, 35.63432889999999], [-82.1727042, 35.634558500000004]]]}, "properties": {"id": "old_fort-000524", "damage_class": 1, "damage_label": "minor-damage", "confidence": 0.85, "area_m2": 418.19, "centroid": [-82.172573, 35.634433], "confidence_tier": "high", "sources": {"heuristic": 2, "cnn": 1, "margin": 1.0}, "footprint_source": "osm"}}, {"type": "Feature", "geometry": {"type": "Polygon", "coordinates": [[[-82.1727053, 35.634701], [-82.1726879, 35.6345953], [-82.1727642, 35.634587], [-82.1727817, 35.6346927], [-82.1727053, 35.634701]]]}, "properties": {"id": "old_fort-000525", "damage_class": 0, "damage_label": "no-damage", "confidence": 1.0, "area_m2": 82.52, "centroid": [-82.172735, 35.634644], "confidence_tier": "high", "sources": {"heuristic": 0, "cnn": 0, "margin": 1.0}, "footprint_source": "osm"}}, {"type": "Feature", "geometry": {"type": "Polygon", "coordinates": [[[-82.1726769, 35.634777799999995], [-82.1726682, 35.6347233], [-82.1727307, 35.63471670000001], [-82.1727394, 35.634771199999996], [-82.1726769, 35.634777799999995]]]}, "properties": {"id": "old_fort-000526", "damage_class": 0, "damage_label": "no-damage", "confidence": 1.0, "area_m2": 34.79, "centroid": [-82.172704, 35.634747], "confidence_tier": "high", "sources": {"heuristic": 0, "cnn": 0, "margin": 1.0}, "footprint_source": "osm"}}, {"type": "Feature", "geometry": {"type": "Polygon", "coordinates": [[[-82.1697272, 35.6317892], [-82.1695743, 35.6316322], [-82.1698372, 35.63144689999999], [-82.1700088, 35.6316126], [-82.1697272, 35.6317892]]]}, "properties": {"id": "old_fort-000527", "damage_class": 1, "damage_label": "minor-damage", "confidence": 0.85, "area_m2": 736.16, "centroid": [-82.169789, 35.631619], "confidence_tier": "high", "sources": {"heuristic": 0, "cnn": 1, "margin": 1.0}, "footprint_source": "osm"}}, {"type": "Feature", "geometry": {"type": "Polygon", "coordinates": [[[-82.182222, 35.628047], [-82.1822032, 35.627831199999996], [-82.1823508, 35.62782469999999], [-82.1823374, 35.627587], [-82.1825144, 35.62757830000001], [-82.1825385, 35.62803610000001], [-82.182222, 35.628047]]]}, "properties": {"id": "old_fort-000528", "damage_class": 0, "damage_label": "no-damage", "confidence": 1.0, "area_m2": 1124.85, "centroid": [-82.182395, 35.627845], "confidence_tier": "high", "sources": {"heuristic": 0, "cnn": 0, "margin": 1.0}, "footprint_source": "osm"}}, {"type": "Feature", "geometry": {"type": "Polygon", "coordinates": [[[-82.1831206, 35.629394399999995], [-82.1831018, 35.6292526], [-82.1831662, 35.62924829999999], [-82.1831662, 35.6292265], [-82.1832359, 35.6292221], [-82.1832413, 35.629246099999996], [-82.183311, 35.6292374], [-82.183319, 35.6293813], [-82.1831206, 35.629394399999995]]]}, "properties": {"id": "old_fort-000529", "damage_class": 1, "damage_label": "minor-damage", "confidence": 0.85, "area_m2": 308.19, "centroid": [-82.183212, 35.629312], "confidence_tier": "high", "sources": {"heuristic": 0, "cnn": 1, "margin": 1.0}, "footprint_source": "osm"}}, {"type": "Feature", "geometry": {"type": "Polygon", "coordinates": [[[-82.1786635, 35.6280059], [-82.1787147, 35.6280768], [-82.17866460000002, 35.628100700000005], [-82.1786134, 35.62802980000001], [-82.1786635, 35.6280059]]]}, "properties": {"id": "old_fort-000530", "damage_class": 1, "damage_label": "minor-damage", "confidence": 0.85, "area_m2": 47.97, "centroid": [-82.178664, 35.628053], "confidence_tier": "high", "sources": {"heuristic": 0, "cnn": 1, "margin": 1.0}, "footprint_source": "osm"}}, {"type": "Feature", "geometry": {"type": "Polygon", "coordinates": [[[-82.1892584, 35.6266312], [-82.1891539, 35.62679549999999], [-82.18910800000002, 35.6267762], [-82.1892126, 35.626611899999986], [-82.1892584, 35.6266312]]]}, "properties": {"id": "old_fort-000531", "damage_class": 1, "damage_label": "minor-damage", "confidence": 0.85, "area_m2": 95.95, "centroid": [-82.189183, 35.626704], "confidence_tier": "high", "sources": {"heuristic": 0, "cnn": 1, "margin": 1.0}, "footprint_source": "osm"}}, {"type": "Feature", "geometry": {"type": "Polygon", "coordinates": [[[-82.1916663, 35.62570600000001], [-82.1915611, 35.62588970000001], [-82.1915176, 35.6258732], [-82.1916229, 35.6256895], [-82.1916663, 35.62570600000001]]]}, "properties": {"id": "old_fort-000532", "damage_class": 0, "damage_label": "no-damage", "confidence": 0.85, "area_m2": 97.63, "centroid": [-82.191592, 35.62579], "confidence_tier": "high", "sources": {"heuristic": 1, "cnn": 0, "margin": 1.0}, "footprint_source": "osm"}}, {"type": "Feature", "geometry": {"type": "Polygon", "coordinates": [[[-82.193551, 35.62474], [-82.19357060000002, 35.624694999999996], [-82.193638, 35.624714299999994], [-82.1936184, 35.6247594], [-82.193551, 35.62474]]]}, "properties": {"id": "old_fort-000533", "damage_class": 0, "damage_label": "no-damage", "confidence": 1.0, "area_m2": 34.31, "centroid": [-82.193595, 35.624727], "confidence_tier": "high", "sources": {"heuristic": 0, "cnn": 0, "margin": 1.0}, "footprint_source": "osm"}}, {"type": "Feature", "geometry": {"type": "Polygon", "coordinates": [[[-82.19121210000002, 35.623338600000004], [-82.1911237, 35.62334849999999], [-82.1910924, 35.6231643], [-82.1911808, 35.62315439999999], [-82.19121210000002, 35.623338600000004]]]}, "properties": {"id": "old_fort-000534", "damage_class": 1, "damage_label": "minor-damage", "confidence": 0.85, "area_m2": 166.7, "centroid": [-82.191152, 35.623251], "confidence_tier": "high", "sources": {"heuristic": 0, "cnn": 1, "margin": 1.0}, "footprint_source": "osm"}}, {"type": "Feature", "geometry": {"type": "Polygon", "coordinates": [[[-82.1949304, 35.6225107], [-82.1948524, 35.62255749999999], [-82.19473, 35.62242260000001], [-82.1948081, 35.6223758], [-82.1949304, 35.6225107]]]}, "properties": {"id": "old_fort-000535", "damage_class": 1, "damage_label": "minor-damage", "confidence": 0.85, "area_m2": 163.3, "centroid": [-82.19483, 35.622467], "confidence_tier": "high", "sources": {"heuristic": 0, "cnn": 1, "margin": 1.0}, "footprint_source": "osm"}}, {"type": "Feature", "geometry": {"type": "Polygon", "coordinates": [[[-82.1935374, 35.621894], [-82.1934705, 35.621692100000004], [-82.1938612, 35.62160659999999], [-82.1939281, 35.62180850000001], [-82.1935374, 35.621894]]]}, "properties": {"id": "old_fort-000536", "damage_class": 0, "damage_label": "no-damage", "confidence": 1.0, "area_m2": 849.94, "centroid": [-82.193699, 35.62175], "confidence_tier": "high", "sources": {"heuristic": 0, "cnn": 0, "margin": 1.0}, "footprint_source": "osm"}}, {"type": "Feature", "geometry": {"type": "Polygon", "coordinates": [[[-82.1919727, 35.621845099999994], [-82.1918748, 35.621585599999996], [-82.1919729, 35.6215612], [-82.1920708, 35.62182060000001], [-82.1919727, 35.621845099999994]]]}, "properties": {"id": "old_fort-000537", "damage_class": 0, "damage_label": "no-damage", "confidence": 1.0, "area_m2": 279.74, "centroid": [-82.191973, 35.621703], "confidence_tier": "high", "sources": {"heuristic": 0, "cnn": 0, "margin": 1.0}, "footprint_source": "osm"}}, {"type": "Feature", "geometry": {"type": "Polygon", "coordinates": [[[-82.1920386, 35.6215416], [-82.1920898, 35.6215279], [-82.1921931, 35.62178299999999], [-82.1921419, 35.6217967], [-82.1920386, 35.6215416]]]}, "properties": {"id": "old_fort-000538", "damage_class": 0, "damage_label": "no-damage", "confidence": 1.0, "area_m2": 145.43, "centroid": [-82.192116, 35.621662], "confidence_tier": "high", "sources": {"heuristic": 0, "cnn": 0, "margin": 1.0}, "footprint_source": "osm"}}, {"type": "Feature", "geometry": {"type": "Polygon", "coordinates": [[[-82.2063589, 35.618047], [-82.20635240000001, 35.6180132], [-82.2064503, 35.6180006], [-82.2064568, 35.6180344], [-82.2063589, 35.618047]]]}, "properties": {"id": "old_fort-000539", "damage_class": 2, "damage_label": "major-damage", "confidence": 0.7, "area_m2": 34.07, "centroid": [-82.206405, 35.618024], "confidence_tier": "review", "sources": {"heuristic": 0, "cnn": 2, "margin": 1.0}, "footprint_source": "osm"}}, {"type": "Feature", "geometry": {"type": "Polygon", "coordinates": [[[-82.21085920000002, 35.61783069999999], [-82.2109698, 35.61799090000001], [-82.2108804, 35.6180317], [-82.2107698, 35.6178715], [-82.21085920000002, 35.61783069999999]]]}, "properties": {"id": "old_fort-000540", "damage_class": 1, "damage_label": "minor-damage", "confidence": 0.85, "area_m2": 189.23, "centroid": [-82.21087, 35.617931], "confidence_tier": "high", "sources": {"heuristic": 0, "cnn": 1, "margin": 1.0}, "footprint_source": "osm"}}, {"type": "Feature", "geometry": {"type": "Polygon", "coordinates": [[[-82.2090331, 35.6168156], [-82.2090076, 35.6167253], [-82.2091129, 35.61670569999999], [-82.2091383, 35.616796], [-82.2090331, 35.6168156]]]}, "properties": {"id": "old_fort-000541", "damage_class": 2, "damage_label": "major-damage", "confidence": 0.7, "area_m2": 100.5, "centroid": [-82.209073, 35.616761], "confidence_tier": "review", "sources": {"heuristic": 0, "cnn": 2, "margin": 1.0}, "footprint_source": "osm"}}, {"type": "Feature", "geometry": {"type": "Polygon", "coordinates": [[[-82.20971030000001, 35.61687830000001], [-82.2096347, 35.61684999999999], [-82.209693, 35.61674690000001], [-82.2097687, 35.616775200000006], [-82.20971030000001, 35.61687830000001]]]}, "properties": {"id": "old_fort-000542", "damage_class": 0, "damage_label": "no-damage", "confidence": 1.0, "area_m2": 94.95, "centroid": [-82.209702, 35.616813], "confidence_tier": "high", "sources": {"heuristic": 0, "cnn": 0, "margin": 1.0}, "footprint_source": "osm"}}, {"type": "Feature", "geometry": {"type": "Polygon", "coordinates": [[[-82.2126648, 35.6165419], [-82.2126444, 35.6164597], [-82.2128569, 35.6164248], [-82.2128773, 35.616507], [-82.2126648, 35.6165419]]]}, "properties": {"id": "old_fort-000543", "damage_class": 1, "damage_label": "minor-damage", "confidence": 0.85, "area_m2": 182.65, "centroid": [-82.212761, 35.616483], "confidence_tier": "high", "sources": {"heuristic": 0, "cnn": 1, "margin": 1.0}, "footprint_source": "osm"}}, {"type": "Feature", "geometry": {"type": "Polygon", "coordinates": [[[-82.2147778, 35.615781899999995], [-82.2148419, 35.615852800000006], [-82.2147647, 35.615898900000005], [-82.2147007, 35.6158279], [-82.2147778, 35.615781899999995]]]}, "properties": {"id": "old_fort-000544", "damage_class": 1, "damage_label": "minor-damage", "confidence": 0.85, "area_m2": 84.63, "centroid": [-82.214771, 35.61584], "confidence_tier": "high", "sources": {"heuristic": 0, "cnn": 1, "margin": 1.0}, "footprint_source": "osm"}}, {"type": "Feature", "geometry": {"type": "Polygon", "coordinates": [[[-82.2152357, 35.6161495], [-82.2152268, 35.616049100000005], [-82.2155071, 35.616032700000005], [-82.215516, 35.61613309999999], [-82.2152357, 35.6161495]]]}, "properties": {"id": "old_fort-000545", "damage_class": 0, "damage_label": "no-damage", "confidence": 1.0, "area_m2": 284.21, "centroid": [-82.215371, 35.616091], "confidence_tier": "high", "sources": {"heuristic": 0, "cnn": 0, "margin": 1.0}, "footprint_source": "osm"}}, {"type": "Feature", "geometry": {"type": "Polygon", "coordinates": [[[-82.213855, 35.6138474], [-82.2139881, 35.61378849999999], [-82.2140497, 35.6138806], [-82.2139167, 35.6139395], [-82.213855, 35.6138474]]]}, "properties": {"id": "old_fort-000546", "damage_class": 1, "damage_label": "minor-damage", "confidence": 0.85, "area_m2": 159.6, "centroid": [-82.213952, 35.613864], "confidence_tier": "high", "sources": {"heuristic": 0, "cnn": 1, "margin": 1.0}, "footprint_source": "osm"}}, {"type": "Feature", "geometry": {"type": "Polygon", "coordinates": [[[-82.2131831, 35.6119269], [-82.2132538, 35.6118282], [-82.2133839, 35.61188979999999], [-82.2133132, 35.611988499999995], [-82.2131831, 35.6119269]]]}, "properties": {"id": "old_fort-000547", "damage_class": 0, "damage_label": "no-damage", "confidence": 1.0, "area_m2": 172.78, "centroid": [-82.213284, 35.611908], "confidence_tier": "high", "sources": {"heuristic": 0, "cnn": 0, "margin": 1.0}, "footprint_source": "osm"}}, {"type": "Feature", "geometry": {"type": "Polygon", "coordinates": [[[-82.2123588, 35.611304499999996], [-82.2123396, 35.61124110000001], [-82.2124397, 35.611221], [-82.2124589, 35.6112844], [-82.2123588, 35.611304499999996]]]}, "properties": {"id": "old_fort-000548", "damage_class": 1, "damage_label": "minor-damage", "confidence": 0.85, "area_m2": 67.64, "centroid": [-82.212399, 35.611263], "confidence_tier": "high", "sources": {"heuristic": 0, "cnn": 1, "margin": 1.0}, "footprint_source": "osm"}}, {"type": "Feature", "geometry": {"type": "Polygon", "coordinates": [[[-82.2102921, 35.61237929999999], [-82.21046, 35.6123886], [-82.2104532, 35.6124698], [-82.2102854, 35.61246049999999], [-82.2102921, 35.61237929999999]]]}, "properties": {"id": "old_fort-000549", "damage_class": 3, "damage_label": "destroyed", "confidence": 0.7, "area_m2": 137.57, "centroid": [-82.210373, 35.612425], "confidence_tier": "review", "sources": {"heuristic": 0, "cnn": 3, "margin": 1.0}, "footprint_source": "osm"}}, {"type": "Feature", "geometry": {"type": "Polygon", "coordinates": [[[-82.1704126, 35.63592049999999], [-82.1706192, 35.635783499999995], [-82.170565, 35.635729399999995], [-82.1708526, 35.6355388], [-82.1709043, 35.63559039999999], [-82.1710391, 35.635500999999984], [-82.1715722, 35.6360322], [-82.170344, 35.636846299999995], [-82.17043300000002, 35.6369349], [-82.1700108, 35.63721480000001], [-82.16992060000001, 35.637125], [-82.1689422, 35.6377735], [-82.1688523, 35.637683900000006], [-82.1689288, 35.63763320000002], [-82.1678941, 35.6366021], [-82.1692694, 35.6356904], [-82.1697032, 35.6361227], [-82.17009660000001, 35.6358619], [-82.1704574, 35.63622139999998], [-82.1706118, 35.63611900000001], [-82.1704126, 35.63592049999999]]]}, "properties": {"id": "old_fort-000550", "damage_class": 0, "damage_label": "no-damage", "confidence": 1.0, "area_m2": 37749.57, "centroid": [-82.169612, 35.636547], "confidence_tier": "high", "sources": {"heuristic": 0, "cnn": 0, "margin": 1.0}, "footprint_source": "osm"}}, {"type": "Feature", "geometry": {"type": "Polygon", "coordinates": [[[-82.175311, 35.63550790000001], [-82.1752532, 35.63566899999999], [-82.1752133, 35.63565959999999], [-82.1752711, 35.6354985], [-82.175311, 35.63550790000001]]]}, "properties": {"id": "old_fort-000551", "damage_class": 3, "damage_label": "destroyed", "confidence": 0.7, "area_m2": 70.02, "centroid": [-82.175262, 35.635584], "confidence_tier": "review", "sources": {"heuristic": 0, "cnn": 3, "margin": 1.0}, "footprint_source": "osm"}}, {"type": "Feature", "geometry": {"type": "Polygon", "coordinates": [[[-82.176292, 35.635441], [-82.1762725, 35.63540979999999], [-82.1763408, 35.63538139999999], [-82.1763604, 35.63541259999999], [-82.176292, 35.635441]]]}, "properties": {"id": "old_fort-000552", "damage_class": 2, "damage_label": "major-damage", "confidence": 0.85, "area_m2": 27.0, "centroid": [-82.176316, 35.635411], "confidence_tier": "high", "sources": {"heuristic": 1, "cnn": 2, "margin": 1.0}, "footprint_source": "osm"}}, {"type": "Feature", "geometry": {"type": "Polygon", "coordinates": [[[-82.1746679, 35.63304899999999], [-82.1747724, 35.632997399999994], [-82.1748328, 35.63307799999999], [-82.1747283, 35.6331297], [-82.1746679, 35.63304899999999]]]}, "properties": {"id": "old_fort-000553", "damage_class": 1, "damage_label": "minor-damage", "confidence": 0.85, "area_m2": 115.99, "centroid": [-82.17475, 35.633064], "confidence_tier": "high", "sources": {"heuristic": 2, "cnn": 1, "margin": 1.0}, "footprint_source": "osm"}}, {"type": "Feature", "geometry": {"type": "Polygon", "coordinates": [[[-82.1741107, 35.633116], [-82.17409510000002, 35.6330585], [-82.1741682, 35.63304539999999], [-82.1741838, 35.63310299999999], [-82.1741107, 35.633116]]]}, "properties": {"id": "old_fort-000554", "damage_class": 2, "damage_label": "major-damage", "confidence": 0.7, "area_m2": 44.3, "centroid": [-82.174139, 35.633081], "confidence_tier": "review", "sources": {"heuristic": 0, "cnn": 2, "margin": 1.0}, "footprint_source": "osm"}}, {"type": "Feature", "geometry": {"type": "Polygon", "coordinates": [[[-82.1735072, 35.63311109999999], [-82.1733738, 35.6331333], [-82.1733355, 35.632981199999996], [-82.173469, 35.632959099999994], [-82.1735072, 35.63311109999999]]]}, "properties": {"id": "old_fort-000555", "damage_class": 1, "damage_label": "minor-damage", "confidence": 0.85, "area_m2": 212.33, "centroid": [-82.173421, 35.633046], "confidence_tier": "high", "sources": {"heuristic": 0, "cnn": 1, "margin": 1.0}, "footprint_source": "osm"}}, {"type": "Feature", "geometry": {"type": "Polygon", "coordinates": [[[-82.1841489, 35.629286199999996], [-82.1841399, 35.629157799999994], [-82.1843169, 35.6291496], [-82.1843259, 35.6292781], [-82.1841489, 35.629286199999996]]]}, "properties": {"id": "old_fort-000556", "damage_class": 1, "damage_label": "minor-damage", "confidence": 0.85, "area_m2": 229.12, "centroid": [-82.184233, 35.629218], "confidence_tier": "high", "sources": {"heuristic": 0, "cnn": 1, "margin": 1.0}, "footprint_source": "osm"}}, {"type": "Feature", "geometry": {"type": "Polygon", "coordinates": [[[-82.1843997, 35.6295091], [-82.184442, 35.6293629], [-82.1846157, 35.62939619999999], [-82.1845733, 35.62954239999999], [-82.1843997, 35.6295091]]]}, "properties": {"id": "old_fort-000557", "damage_class": 1, "damage_label": "minor-damage", "confidence": 0.85, "area_m2": 269.19, "centroid": [-82.184508, 35.629453], "confidence_tier": "high", "sources": {"heuristic": 0, "cnn": 1, "margin": 1.0}, "footprint_source": "osm"}}, {"type": "Feature", "geometry": {"type": "Polygon", "coordinates": [[[-82.1844687, 35.6292982], [-82.1845126, 35.629151], [-82.1846843, 35.629184800000004], [-82.1846404, 35.629332], [-82.1844687, 35.6292982]]]}, "properties": {"id": "old_fort-000558", "damage_class": 1, "damage_label": "minor-damage", "confidence": 0.85, "area_m2": 268.79, "centroid": [-82.184576, 35.629242], "confidence_tier": "high", "sources": {"heuristic": 0, "cnn": 1, "margin": 1.0}, "footprint_source": "osm"}}, {"type": "Feature", "geometry": {"type": "Polygon", "coordinates": [[[-82.1836647, 35.629275899999996], [-82.1836539, 35.629126299999996], [-82.1838363, 35.62911760000001], [-82.1838471, 35.6292672], [-82.1836647, 35.629275899999996]]]}, "properties": {"id": "old_fort-000559", "damage_class": 1, "damage_label": "minor-damage", "confidence": 0.85, "area_m2": 275.05, "centroid": [-82.18375, 35.629197], "confidence_tier": "high", "sources": {"heuristic": 0, "cnn": 1, "margin": 1.0}, "footprint_source": "osm"}}, {"type": "Feature", "geometry": {"type": "Polygon", "coordinates": [[[-82.1836397, 35.62835429999999], [-82.1846733, 35.62831549999999], [-82.1847904, 35.62836089999999], [-82.18479650000002, 35.6285556], [-82.1838872, 35.6285903], [-82.183886, 35.6285693], [-82.1836527, 35.6285782], [-82.1836397, 35.62835429999999]]]}, "properties": {"id": "old_fort-000560", "damage_class": 0, "damage_label": "no-damage", "confidence": 1.0, "area_m2": 2742.84, "centroid": [-82.184222, 35.628454], "confidence_tier": "high", "sources": {"heuristic": 0, "cnn": 0, "margin": 1.0}, "footprint_source": "osm"}}, {"type": "Feature", "geometry": {"type": "Polygon", "coordinates": [[[-82.1814178, 35.6283611], [-82.1814126, 35.62824669999999], [-82.1817454, 35.6282367], [-82.1817506, 35.628351], [-82.1814178, 35.6283611]]]}, "properties": {"id": "old_fort-000561", "damage_class": 0, "damage_label": "no-damage", "confidence": 0.85, "area_m2": 382.81, "centroid": [-82.181582, 35.628299], "confidence_tier": "high", "sources": {"heuristic": 1, "cnn": 0, "margin": 1.0}, "footprint_source": "osm"}}, {"type": "Feature", "geometry": {"type": "Polygon", "coordinates": [[[-82.1811798, 35.62825300000001], [-82.1812121, 35.628661599999994], [-82.1809107, 35.6286773], [-82.1808785, 35.628268799999994], [-82.1811798, 35.62825300000001]]]}, "properties": {"id": "old_fort-000562", "damage_class": 0, "damage_label": "no-damage", "confidence": 1.0, "area_m2": 1241.85, "centroid": [-82.181045, 35.628465], "confidence_tier": "high", "sources": {"heuristic": 0, "cnn": 0, "margin": 1.0}, "footprint_source": "osm"}}, {"type": "Feature", "geometry": {"type": "Polygon", "coordinates": [[[-82.1809572, 35.62795740000001], [-82.1807685, 35.62796649999999], [-82.1807534, 35.62776070000001], [-82.180942, 35.6277516], [-82.1809572, 35.62795740000001]]]}, "properties": {"id": "old_fort-000563", "damage_class": 0, "damage_label": "no-damage", "confidence": 1.0, "area_m2": 391.39, "centroid": [-82.180855, 35.627859], "confidence_tier": "high", "sources": {"heuristic": 0, "cnn": 0, "margin": 1.0}, "footprint_source": "osm"}}, {"type": "Feature", "geometry": {"type": "Polygon", "coordinates": [[[-82.1803952, 35.6279908], [-82.1803636, 35.62799179999999], [-82.1803651, 35.6280214], [-82.1802682, 35.6280246], [-82.1802668, 35.6279949], [-82.180183, 35.6279976], [-82.1801789, 35.6279133], [-82.1803911, 35.627906499999995], [-82.1803952, 35.6279908]]]}, "properties": {"id": "old_fort-000564", "damage_class": 0, "damage_label": "no-damage", "confidence": 0.85, "area_m2": 208.85, "centroid": [-82.180291, 35.62796], "confidence_tier": "high", "sources": {"heuristic": 1, "cnn": 0, "margin": 1.0}, "footprint_source": "osm"}}, {"type": "Feature", "geometry": {"type": "Polygon", "coordinates": [[[-82.1800444, 35.62485939999999], [-82.1800428, 35.6248207], [-82.1802641, 35.62481470000001], [-82.1802657, 35.6248534], [-82.1800444, 35.62485939999999]]]}, "properties": {"id": "old_fort-000565", "damage_class": 0, "damage_label": "no-damage", "confidence": 0.7, "area_m2": 86.13, "centroid": [-82.180154, 35.624837], "confidence_tier": "review", "sources": {"heuristic": 2, "cnn": 0, "margin": 1.0}, "footprint_source": "osm"}}, {"type": "Feature", "geometry": {"type": "Polygon", "coordinates": [[[-82.1807487, 35.62458929999999], [-82.1807526, 35.62469860000001], [-82.1807824, 35.6246979], [-82.1807838, 35.624737100000004], [-82.1807541, 35.624737800000005], [-82.1807574, 35.6248313], [-82.180609, 35.62483490000001], [-82.18060030000001, 35.6245929], [-82.1807487, 35.62458929999999]]]}, "properties": {"id": "old_fort-000566", "damage_class": 0, "damage_label": "no-damage", "confidence": 0.85, "area_m2": 372.83, "centroid": [-82.180682, 35.624712], "confidence_tier": "high", "sources": {"heuristic": 1, "cnn": 0, "margin": 1.0}, "footprint_source": "osm"}}, {"type": "Feature", "geometry": {"type": "Polygon", "coordinates": [[[-82.1815181, 35.6246627], [-82.1815266, 35.624953299999994], [-82.1814351, 35.624955], [-82.1814266, 35.62466439999999], [-82.1815181, 35.6246627]]]}, "properties": {"id": "old_fort-000567", "damage_class": 0, "damage_label": "no-damage", "confidence": 1.0, "area_m2": 267.26, "centroid": [-82.181477, 35.624809], "confidence_tier": "high", "sources": {"heuristic": 0, "cnn": 0, "margin": 1.0}, "footprint_source": "osm"}}, {"type": "Feature", "geometry": {"type": "Polygon", "coordinates": [[[-82.1812749, 35.6252175], [-82.1812669, 35.62507200000001], [-82.18150690000002, 35.62506329999999], [-82.1815149, 35.62520880000001], [-82.1812749, 35.6252175]]]}, "properties": {"id": "old_fort-000568", "damage_class": 0, "damage_label": "no-damage", "confidence": 1.0, "area_m2": 351.5, "centroid": [-82.181391, 35.62514], "confidence_tier": "high", "sources": {"heuristic": 0, "cnn": 0, "margin": 1.0}, "footprint_source": "osm"}}, {"type": "Feature", "geometry": {"type": "Polygon", "coordinates": [[[-82.1801698, 35.625602900000004], [-82.1801649, 35.62548139999999], [-82.1803265, 35.625477], [-82.1803314, 35.6255985], [-82.1801698, 35.625602900000004]]]}, "properties": {"id": "old_fort-000569", "damage_class": 1, "damage_label": "minor-damage", "confidence": 1.0, "area_m2": 197.46, "centroid": [-82.180248, 35.62554], "confidence_tier": "high", "sources": {"heuristic": 1, "cnn": 1, "margin": 1.0}, "footprint_source": "osm"}}, {"type": "Feature", "geometry": {"type": "Polygon", "coordinates": [[[-82.1916474, 35.623264599999985], [-82.1915653, 35.6232735], [-82.1915406, 35.62312320000001], [-82.1916227, 35.6231143], [-82.1916474, 35.623264599999985]]]}, "properties": {"id": "old_fort-000570", "damage_class": 1, "damage_label": "minor-damage", "confidence": 0.85, "area_m2": 126.17, "centroid": [-82.191594, 35.623194], "confidence_tier": "high", "sources": {"heuristic": 2, "cnn": 1, "margin": 1.0}, "footprint_source": "osm"}}, {"type": "Feature", "geometry": {"type": "Polygon", "coordinates": [[[-82.1906251, 35.621540499999995], [-82.1906107, 35.6214311], [-82.1907736, 35.621417], [-82.190788, 35.62152630000001], [-82.1906251, 35.621540499999995]]]}, "properties": {"id": "old_fort-000571", "damage_class": 0, "damage_label": "no-damage", "confidence": 1.0, "area_m2": 181.0, "centroid": [-82.190699, 35.621479], "confidence_tier": "high", "sources": {"heuristic": 0, "cnn": 0, "margin": 1.0}, "footprint_source": "osm"}}, {"type": "Feature", "geometry": {"type": "Polygon", "coordinates": [[[-82.1900585, 35.621719799999994], [-82.1900629, 35.6216025], [-82.1902607, 35.6216074], [-82.1902563, 35.6217247], [-82.1900585, 35.621719799999994]]]}, "properties": {"id": "old_fort-000572", "damage_class": 0, "damage_label": "no-damage", "confidence": 1.0, "area_m2": 233.31, "centroid": [-82.19016, 35.621664], "confidence_tier": "high", "sources": {"heuristic": 0, "cnn": 0, "margin": 1.0}, "footprint_source": "osm"}}, {"type": "Feature", "geometry": {"type": "Polygon", "coordinates": [[[-82.1956401, 35.6178982], [-82.1956355, 35.6178614], [-82.1958535, 35.61784339999999], [-82.1958581, 35.61788020000001], [-82.1956401, 35.6178982]]]}, "properties": {"id": "old_fort-000573", "damage_class": 0, "damage_label": "no-damage", "confidence": 0.85, "area_m2": 81.43, "centroid": [-82.195747, 35.617871], "confidence_tier": "high", "sources": {"heuristic": 1, "cnn": 0, "margin": 1.0}, "footprint_source": "osm"}}, {"type": "Feature", "geometry": {"type": "Polygon", "coordinates": [[[-82.1953826, 35.617927599999994], [-82.1953679, 35.61784120000001], [-82.1955228, 35.6178237], [-82.1955375, 35.61791019999999], [-82.1953826, 35.617927599999994]]]}, "properties": {"id": "old_fort-000574", "damage_class": 1, "damage_label": "minor-damage", "confidence": 0.85, "area_m2": 137.11, "centroid": [-82.195453, 35.617876], "confidence_tier": "high", "sources": {"heuristic": 0, "cnn": 1, "margin": 1.0}, "footprint_source": "osm"}}, {"type": "Feature", "geometry": {"type": "Polygon", "coordinates": [[[-82.1788212, 35.630045999999986], [-82.1788133, 35.63004979999999], [-82.17875220000002, 35.6299673], [-82.1789332, 35.6298788], [-82.1789934, 35.6299602], [-82.1789233, 35.62999449999998], [-82.1790348, 35.630145199999994], [-82.1789319, 35.63019549999999], [-82.1788212, 35.630045999999986]]]}, "properties": {"id": "old_fort-000575", "damage_class": 0, "damage_label": "no-damage", "confidence": 1.0, "area_m2": 413.81, "centroid": [-82.178901, 35.630031], "confidence_tier": "high", "sources": {"heuristic": 0, "cnn": 0, "margin": 1.0}, "footprint_source": "osm"}}, {"type": "Feature", "geometry": {"type": "Polygon", "coordinates": [[[-82.1904426, 35.62291660000001], [-82.1905527, 35.6228759], [-82.1906728, 35.6230903], [-82.1905626, 35.623130999999994], [-82.1904426, 35.62291660000001]]]}, "properties": {"id": "old_fort-000576", "damage_class": 1, "damage_label": "minor-damage", "confidence": 0.85, "area_m2": 286.34, "centroid": [-82.190558, 35.623003], "confidence_tier": "high", "sources": {"heuristic": 0, "cnn": 1, "margin": 1.0}, "footprint_source": "osm"}}, {"type": "Feature", "geometry": {"type": "Polygon", "coordinates": [[[-82.1603458, 35.6412176], [-82.1607483, 35.64094810000001], [-82.1615164, 35.641705400000006], [-82.1611137, 35.64197509999999], [-82.1603458, 35.6412176]]]}, "properties": {"id": "old_fort-000577", "damage_class": 1, "damage_label": "minor-damage", "confidence": 0.85, "area_m2": 5142.17, "centroid": [-82.160931, 35.641462], "confidence_tier": "high", "sources": {"heuristic": 0, "cnn": 1, "margin": 1.0}, "footprint_source": "osm"}}, {"type": "Feature", "geometry": {"type": "Polygon", "coordinates": [[[-82.1619259, 35.6418399], [-82.1620288, 35.6417716], [-82.16211, 35.64185249999999], [-82.1623399, 35.64170010000001], [-82.1617574, 35.641119800000006], [-82.161897, 35.64102729999999], [-82.1620152, 35.6411451], [-82.1621191, 35.641076299999995], [-82.161969, 35.6409267], [-82.1619105, 35.64096550000001], [-82.1618555, 35.64091079999999], [-82.1623927, 35.6405548], [-82.1625155, 35.6406773], [-82.1623768, 35.640769199999994], [-82.1624555, 35.640847599999994], [-82.1642426, 35.6396627], [-82.1643434, 35.6397631], [-82.1648424, 35.6394321], [-82.1654496, 35.6400367], [-82.1645523, 35.64063189999999], [-82.1645927, 35.64067219999999], [-82.1637821, 35.64121029999999], [-82.1637331, 35.64116159999999], [-82.1625651, 35.6419372], [-82.1624354, 35.641808100000006], [-82.162219, 35.6419518], [-82.1622992, 35.64203160000001], [-82.1621907, 35.64210359999999], [-82.1619259, 35.6418399]]]}, "properties": {"id": "old_fort-000578", "damage_class": 0, "damage_label": "no-damage", "confidence": 1.0, "area_m2": 36025.29, "centroid": [-82.163542, 35.640703], "confidence_tier": "high", "sources": {"heuristic": 0, "cnn": 0, "margin": 1.0}, "footprint_source": "osm"}}, {"type": "Feature", "geometry": {"type": "Polygon", "coordinates": [[[-82.2001964, 35.61911610000001], [-82.2002221, 35.6191709], [-82.2001359, 35.6191976], [-82.2001325, 35.61919029999999], [-82.2000428, 35.6192181], [-82.2000206, 35.6191707], [-82.2001964, 35.61911610000001]]]}, "properties": {"id": "old_fort-000579", "damage_class": 0, "damage_label": "no-damage", "confidence": 0.85, "area_m2": 103.24, "centroid": [-82.200124, 35.619168], "confidence_tier": "high", "sources": {"heuristic": 1, "cnn": 0, "margin": 1.0}, "footprint_source": "osm"}}, {"type": "Feature", "geometry": {"type": "Polygon", "coordinates": [[[-82.20122, 35.61911070000001], [-82.2011792, 35.619079299999996], [-82.2012137, 35.6190497], [-82.2012544, 35.6190811], [-82.20122, 35.61911070000001]]]}, "properties": {"id": "old_fort-000580", "damage_class": 1, "damage_label": "minor-damage", "confidence": 0.85, "area_m2": 22.99, "centroid": [-82.201217, 35.61908], "confidence_tier": "high", "sources": {"heuristic": 0, "cnn": 1, "margin": 1.0}, "footprint_source": "osm"}}, {"type": "Feature", "geometry": {"type": "Polygon", "coordinates": [[[-82.1810124, 35.621335099999996], [-82.1809615, 35.6213281], [-82.1809497, 35.62138410000001], [-82.1806137, 35.62133759999998], [-82.1806323, 35.6212489], [-82.1810192, 35.6213025], [-82.1810124, 35.621335099999996]]]}, "properties": {"id": "old_fort-000581", "damage_class": 0, "damage_label": "no-damage", "confidence": 1.0, "area_m2": 325.21, "centroid": [-82.180802, 35.621316], "confidence_tier": "high", "sources": {"heuristic": 0, "cnn": 0, "margin": 1.0}, "footprint_source": "osm"}}, {"type": "Feature", "geometry": {"type": "Polygon", "coordinates": [[[-82.181847, 35.624272], [-82.181851, 35.62439700000001], [-82.181342, 35.624409], [-82.181338, 35.624284], [-82.181847, 35.624272]]]}, "properties": {"id": "old_fort-000582", "damage_class": 0, "damage_label": "no-damage", "confidence": 0.85, "area_m2": 639.65, "centroid": [-82.181595, 35.624341], "confidence_tier": "high", "sources": {"heuristic": 1, "cnn": 0, "margin": 1.0}, "footprint_source": "osm"}}, {"type": "Feature", "geometry": {"type": "Polygon", "coordinates": [[[-82.180761, 35.624213], [-82.180926, 35.624211], [-82.180928, 35.624329], [-82.180763, 35.62432599999999], [-82.180761, 35.624213]]]}, "properties": {"id": "old_fort-000583", "damage_class": 2, "damage_label": "major-damage", "confidence": 0.7, "area_m2": 192.57, "centroid": [-82.180845, 35.62427], "confidence_tier": "review", "sources": {"heuristic": 0, "cnn": 2, "margin": 1.0}, "footprint_source": "osm"}}, {"type": "Feature", "geometry": {"type": "Polygon", "coordinates": [[[-82.180829, 35.623921], [-82.180746, 35.62391999999999], [-82.180747, 35.623898], [-82.180656, 35.623896], [-82.180658, 35.623807], [-82.180833, 35.62381], [-82.180829, 35.623921]]]}, "properties": {"id": "old_fort-000584", "damage_class": 1, "damage_label": "minor-damage", "confidence": 0.85, "area_m2": 174.71, "centroid": [-82.180749, 35.623859], "confidence_tier": "high", "sources": {"heuristic": 0, "cnn": 1, "margin": 1.0}, "footprint_source": "osm"}}, {"type": "Feature", "geometry": {"type": "Polygon", "coordinates": [[[-82.180459, 35.623752], [-82.180545, 35.623752999999994], [-82.180544, 35.62381400000001], [-82.180458, 35.62381299999999], [-82.180459, 35.623752]]]}, "properties": {"id": "old_fort-000585", "damage_class": 3, "damage_label": "destroyed", "confidence": 0.85, "area_m2": 52.71, "centroid": [-82.180502, 35.623783], "confidence_tier": "high", "sources": {"heuristic": 2, "cnn": 3, "margin": 1.0}, "footprint_source": "osm"}}, {"type": "Feature", "geometry": {"type": "Polygon", "coordinates": [[[-82.180491, 35.624090999999986], [-82.180489, 35.62416], [-82.180354, 35.62415699999999], [-82.18035600000002, 35.624089], [-82.180491, 35.624090999999986]]]}, "properties": {"id": "old_fort-000586", "damage_class": 3, "damage_label": "destroyed", "confidence": 0.7, "area_m2": 92.95, "centroid": [-82.180423, 35.624124], "confidence_tier": "review", "sources": {"heuristic": 0, "cnn": 3, "margin": 1.0}, "footprint_source": "osm"}}, {"type": "Feature", "geometry": {"type": "Polygon", "coordinates": [[[-82.18074300000002, 35.62403400000001], [-82.180923, 35.624033], [-82.180924, 35.62414499999999], [-82.18074500000002, 35.62414700000001], [-82.18074300000002, 35.62403400000001]]]}, "properties": {"id": "old_fort-000587", "damage_class": 2, "damage_label": "major-damage", "confidence": 1.0, "area_m2": 202.89, "centroid": [-82.180834, 35.62409], "confidence_tier": "high", "sources": {"heuristic": 2, "cnn": 2, "margin": 1.0}, "footprint_source": "osm"}}, {"type": "Feature", "geometry": {"type": "Polygon", "coordinates": [[[-82.180037, 35.624182999999995], [-82.180035, 35.624146], [-82.180081, 35.624143999999994], [-82.180079, 35.624116], [-82.180133, 35.62411399999999], [-82.180134, 35.624138], [-82.180244, 35.62413500000001], [-82.180246, 35.624175999999984], [-82.180037, 35.624182999999995]]]}, "properties": {"id": "old_fort-000588", "damage_class": 0, "damage_label": "no-damage", "confidence": 1.0, "area_m2": 98.17, "centroid": [-82.180137, 35.624155], "confidence_tier": "high", "sources": {"heuristic": 0, "cnn": 0, "margin": 1.0}, "footprint_source": "osm"}}, {"type": "Feature", "geometry": {"type": "Polygon", "coordinates": [[[-82.180257, 35.624589], [-82.18003, 35.62459499999999], [-82.180028, 35.624554], [-82.180256, 35.624548000000004], [-82.180257, 35.624589]]]}, "properties": {"id": "old_fort-000589", "damage_class": 0, "damage_label": "no-damage", "confidence": 1.0, "area_m2": 93.79, "centroid": [-82.180143, 35.624571], "confidence_tier": "high", "sources": {"heuristic": 0, "cnn": 0, "margin": 1.0}, "footprint_source": "osm"}}, {"type": "Feature", "geometry": {"type": "Polygon", "coordinates": [[[-82.17993200000001, 35.624597999999985], [-82.179705, 35.624602], [-82.179704, 35.624563], [-82.179815, 35.624561], [-82.179814, 35.624528], [-82.179878, 35.624527], [-82.179879, 35.624557999999986], [-82.179931, 35.62455799999999], [-82.17993200000001, 35.624597999999985]]]}, "properties": {"id": "old_fort-000590", "damage_class": 0, "damage_label": "no-damage", "confidence": 0.85, "area_m2": 110.99, "centroid": [-82.179824, 35.624573], "confidence_tier": "high", "sources": {"heuristic": 1, "cnn": 0, "margin": 1.0}, "footprint_source": "osm"}}, {"type": "Feature", "geometry": {"type": "Polygon", "coordinates": [[[-82.179905, 35.624409], [-82.179908, 35.624449999999996], [-82.17974, 35.62445699999999], [-82.179737, 35.62441599999999], [-82.179905, 35.624409]]]}, "properties": {"id": "old_fort-000591", "damage_class": 0, "damage_label": "no-damage", "confidence": 0.85, "area_m2": 69.41, "centroid": [-82.179823, 35.624433], "confidence_tier": "high", "sources": {"heuristic": 1, "cnn": 0, "margin": 1.0}, "footprint_source": "osm"}}, {"type": "Feature", "geometry": {"type": "Polygon", "coordinates": [[[-82.179716, 35.62415499999999], [-82.179737, 35.624155], [-82.179735, 35.62408], [-82.179782, 35.624078999999995], [-82.179785, 35.624219000000004], [-82.179718, 35.62422000000001], [-82.179716, 35.62415499999999]]]}, "properties": {"id": "old_fort-000592", "damage_class": 0, "damage_label": "no-damage", "confidence": 0.85, "area_m2": 79.14, "centroid": [-82.179755, 35.624156], "confidence_tier": "high", "sources": {"heuristic": 1, "cnn": 0, "margin": 1.0}, "footprint_source": "osm"}}, {"type": "Feature", "geometry": {"type": "Polygon", "coordinates": [[[-82.179873, 35.623893], [-82.179874, 35.623946999999994], [-82.17984200000001, 35.62394799999999], [-82.179843, 35.623978], [-82.179786, 35.62397899999999], [-82.179787, 35.62400099999999], [-82.179715, 35.62400199999998], [-82.179712, 35.62389499999999], [-82.179873, 35.623893]]]}, "properties": {"id": "old_fort-000593", "damage_class": 0, "damage_label": "no-damage", "confidence": 0.7, "area_m2": 143.06, "centroid": [-82.179784, 35.623941], "confidence_tier": "review", "sources": {"heuristic": 3, "cnn": 0, "margin": 1.0}, "footprint_source": "osm"}}, {"type": "Feature", "geometry": {"type": "Polygon", "coordinates": [[[-82.179452, 35.624453], [-82.179454, 35.624555], [-82.179302, 35.62455699999999], [-82.1793, 35.624455], [-82.179452, 35.624453]]]}, "properties": {"id": "old_fort-000594", "damage_class": 1, "damage_label": "minor-damage", "confidence": 0.85, "area_m2": 155.79, "centroid": [-82.179377, 35.624505], "confidence_tier": "high", "sources": {"heuristic": 0, "cnn": 1, "margin": 1.0}, "footprint_source": "osm"}}, {"type": "Feature", "geometry": {"type": "Polygon", "coordinates": [[[-82.179353, 35.62404900000001], [-82.179351, 35.624008], [-82.179442, 35.62400499999999], [-82.179448, 35.624136], [-82.179322, 35.62414], [-82.17932400000001, 35.624179], [-82.179271, 35.62418100000001], [-82.179265, 35.624052], [-82.179353, 35.62404900000001]]]}, "properties": {"id": "old_fort-000595", "damage_class": 1, "damage_label": "minor-damage", "confidence": 0.85, "area_m2": 220.07, "centroid": [-82.179358, 35.624089], "confidence_tier": "high", "sources": {"heuristic": 0, "cnn": 1, "margin": 1.0}, "footprint_source": "osm"}}, {"type": "Feature", "geometry": {"type": "Polygon", "coordinates": [[[-82.178969, 35.624553], [-82.178952, 35.62448100000001], [-82.17905800000001, 35.624465], [-82.179075, 35.624537], [-82.178969, 35.624553]]]}, "properties": {"id": "old_fort-000596", "damage_class": 0, "damage_label": "no-damage", "confidence": 0.7, "area_m2": 79.4, "centroid": [-82.179013, 35.624509], "confidence_tier": "review", "sources": {"heuristic": 3, "cnn": 0, "margin": 1.0}, "footprint_source": "osm"}}, {"type": "Feature", "geometry": {"type": "Polygon", "coordinates": [[[-82.178891, 35.62496899999999], [-82.178887, 35.624869999999994], [-82.17892500000002, 35.624869999999994], [-82.178923, 35.624806], [-82.179027, 35.624804], [-82.17903, 35.62488199999999], [-82.179167, 35.62487899999999], [-82.179169, 35.624962], [-82.178891, 35.62496899999999]]]}, "properties": {"id": "old_fort-000597", "damage_class": 1, "damage_label": "minor-damage", "confidence": 0.85, "area_m2": 321.31, "centroid": [-82.179013, 35.624903], "confidence_tier": "high", "sources": {"heuristic": 0, "cnn": 1, "margin": 1.0}, "footprint_source": "osm"}}, {"type": "Feature", "geometry": {"type": "Polygon", "coordinates": [[[-82.178535, 35.624868000000006], [-82.178534, 35.624810999999994], [-82.178571, 35.624811], [-82.17857, 35.62477700000001], [-82.178672, 35.62477499999999], [-82.17867100000001, 35.62473700000001], [-82.178746, 35.624734999999994], [-82.178747, 35.62476999999999], [-82.178793, 35.624769], [-82.178795, 35.624863], [-82.178535, 35.624868000000006]]]}, "properties": {"id": "old_fort-000598", "damage_class": 1, "damage_label": "minor-damage", "confidence": 1.0, "area_m2": 253.95, "centroid": [-82.178675, 35.624814], "confidence_tier": "high", "sources": {"heuristic": 1, "cnn": 1, "margin": 1.0}, "footprint_source": "osm"}}, {"type": "Feature", "geometry": {"type": "Polygon", "coordinates": [[[-82.178309, 35.624969], [-82.178304, 35.624839], [-82.178433, 35.624836], [-82.178438, 35.624966], [-82.178309, 35.624969]]]}, "properties": {"id": "old_fort-000599", "damage_class": 0, "damage_label": "no-damage", "confidence": 0.85, "area_m2": 168.62, "centroid": [-82.178371, 35.624902], "confidence_tier": "high", "sources": {"heuristic": 1, "cnn": 0, "margin": 1.0}, "footprint_source": "osm"}}, {"type": "Feature", "geometry": {"type": "Polygon", "coordinates": [[[-82.178428, 35.62466599999999], [-82.178439, 35.624728], [-82.17834, 35.62474000000001], [-82.178328, 35.62467899999999], [-82.178428, 35.62466599999999]]]}, "properties": {"id": "old_fort-000600", "damage_class": 0, "damage_label": "no-damage", "confidence": 1.0, "area_m2": 62.92, "centroid": [-82.178384, 35.624703], "confidence_tier": "high", "sources": {"heuristic": 0, "cnn": 0, "margin": 1.0}, "footprint_source": "osm"}}, {"type": "Feature", "geometry": {"type": "Polygon", "coordinates": [[[-82.18018200000002, 35.62605999999999], [-82.180269, 35.626058], [-82.180267, 35.62597199999999], [-82.180332, 35.62597100000001], [-82.180336, 35.62614099999999], [-82.180184, 35.626143000000006], [-82.18018200000002, 35.62605999999999]]]}, "properties": {"id": "old_fort-000601", "damage_class": 0, "damage_label": "no-damage", "confidence": 1.0, "area_m2": 183.96, "centroid": [-82.180272, 35.626074], "confidence_tier": "high", "sources": {"heuristic": 0, "cnn": 0, "margin": 1.0}, "footprint_source": "osm"}}, {"type": "Feature", "geometry": {"type": "Polygon", "coordinates": [[[-82.179814, 35.625672], [-82.179953, 35.625668000000005], [-82.179958, 35.62577], [-82.179819, 35.625774], [-82.179814, 35.625672]]]}, "properties": {"id": "old_fort-000602", "damage_class": 0, "damage_label": "no-damage", "confidence": 1.0, "area_m2": 142.63, "centroid": [-82.179886, 35.625721], "confidence_tier": "high", "sources": {"heuristic": 0, "cnn": 0, "margin": 1.0}, "footprint_source": "osm"}}, {"type": "Feature", "geometry": {"type": "Polygon", "coordinates": [[[-82.179999, 35.625926], [-82.179805, 35.625931], [-82.179803, 35.625889], [-82.179997, 35.625884], [-82.179999, 35.625926]]]}, "properties": {"id": "old_fort-000603", "damage_class": 0, "damage_label": "no-damage", "confidence": 1.0, "area_m2": 81.95, "centroid": [-82.179901, 35.625908], "confidence_tier": "high", "sources": {"heuristic": 0, "cnn": 0, "margin": 1.0}, "footprint_source": "osm"}}, {"type": "Feature", "geometry": {"type": "Polygon", "coordinates": [[[-82.179921, 35.625498], [-82.17992400000001, 35.625581000000004], [-82.1798, 35.62558299999999], [-82.179798, 35.625501], [-82.179921, 35.625498]]]}, "properties": {"id": "old_fort-000604", "damage_class": 3, "damage_label": "destroyed", "confidence": 1.0, "area_m2": 102.42, "centroid": [-82.179861, 35.625541], "confidence_tier": "high", "sources": {"heuristic": 3, "cnn": 3, "margin": 1.0}, "footprint_source": "osm"}}, {"type": "Feature", "geometry": {"type": "Polygon", "coordinates": [[[-82.180108, 35.625394], [-82.180107, 35.625333], [-82.180211, 35.62533199999999], [-82.180213, 35.625393], [-82.180108, 35.625394]]]}, "properties": {"id": "old_fort-000605", "damage_class": 1, "damage_label": "minor-damage", "confidence": 0.85, "area_m2": 64.05, "centroid": [-82.18016, 35.625363], "confidence_tier": "high", "sources": {"heuristic": 0, "cnn": 1, "margin": 1.0}, "footprint_source": "osm"}}, {"type": "Feature", "geometry": {"type": "Polygon", "coordinates": [[[-82.180172, 35.62529899999999], [-82.180165, 35.62512099999999], [-82.180297, 35.62511799999999], [-82.180305, 35.625295], [-82.180172, 35.62529899999999]]]}, "properties": {"id": "old_fort-000606", "damage_class": 0, "damage_label": "no-damage", "confidence": 0.7, "area_m2": 236.53, "centroid": [-82.180235, 35.625208], "confidence_tier": "review", "sources": {"heuristic": 2, "cnn": 0, "margin": 1.0}, "footprint_source": "osm"}}, {"type": "Feature", "geometry": {"type": "Polygon", "coordinates": [[[-82.17991, 35.625229], [-82.179956, 35.625227], [-82.179958, 35.625274999999995], [-82.179782, 35.625281], [-82.179777, 35.625174], [-82.179907, 35.62516999999999], [-82.17991, 35.625229]]]}, "properties": {"id": "old_fort-000607", "damage_class": 0, "damage_label": "no-damage", "confidence": 1.0, "area_m2": 161.91, "centroid": [-82.179857, 35.625229], "confidence_tier": "high", "sources": {"heuristic": 0, "cnn": 0, "margin": 1.0}, "footprint_source": "osm"}}, {"type": "Feature", "geometry": {"type": "Polygon", "coordinates": [[[-82.180766, 35.625185], [-82.180762, 35.625113], [-82.180918, 35.62510700000001], [-82.18092100000001, 35.625141000000006], [-82.180993, 35.625139], [-82.180996, 35.625192], [-82.180953, 35.62519400000001], [-82.180955, 35.625225], [-82.180926, 35.625226], [-82.180929, 35.625281], [-82.180827, 35.625285000000005], [-82.180828, 35.6253], [-82.180394, 35.625316999999995], [-82.180386, 35.625198999999995], [-82.180459, 35.62519599999999], [-82.180454, 35.625128000000004], [-82.180565, 35.625123], [-82.18057, 35.625192999999996], [-82.180766, 35.625185]]]}, "properties": {"id": "old_fort-000608", "damage_class": 0, "damage_label": "no-damage", "confidence": 1.0, "area_m2": 856.91, "centroid": [-82.180682, 35.625222], "confidence_tier": "high", "sources": {"heuristic": 0, "cnn": 0, "margin": 1.0}, "footprint_source": "osm"}}, {"type": "Feature", "geometry": {"type": "Polygon", "coordinates": [[[-82.180725, 35.625342999999994], [-82.180924, 35.62534099999999], [-82.180925, 35.625437000000005], [-82.180848, 35.625437999999995], [-82.180848, 35.625464], [-82.180794, 35.625465], [-82.180794, 35.625451000000005], [-82.180727, 35.625451999999996], [-82.180725, 35.625342999999994]]]}, "properties": {"id": "old_fort-000609", "damage_class": 0, "damage_label": "no-damage", "confidence": 1.0, "area_m2": 214.67, "centroid": [-82.180822, 35.625396], "confidence_tier": "high", "sources": {"heuristic": 0, "cnn": 0, "margin": 1.0}, "footprint_source": "osm"}}, {"type": "Feature", "geometry": {"type": "Polygon", "coordinates": [[[-82.180946, 35.62566199999999], [-82.18077, 35.62566699999999], [-82.180767, 35.625584999999994], [-82.180942, 35.62558], [-82.180946, 35.62566199999999]]]}, "properties": {"id": "old_fort-000610", "damage_class": 3, "damage_label": "destroyed", "confidence": 0.7, "area_m2": 144.74, "centroid": [-82.180856, 35.625624], "confidence_tier": "review", "sources": {"heuristic": 1, "cnn": 3, "margin": 1.0}, "footprint_source": "osm"}}, {"type": "Feature", "geometry": {"type": "Polygon", "coordinates": [[[-82.18075, 35.62575899999999], [-82.180935, 35.62576099999999], [-82.180934, 35.625840999999994], [-82.180749, 35.62584], [-82.18075, 35.62575899999999]]]}, "properties": {"id": "old_fort-000611", "damage_class": 0, "damage_label": "no-damage", "confidence": 1.0, "area_m2": 149.62, "centroid": [-82.180842, 35.6258], "confidence_tier": "high", "sources": {"heuristic": 0, "cnn": 0, "margin": 1.0}, "footprint_source": "osm"}}, {"type": "Feature", "geometry": {"type": "Polygon", "coordinates": [[[-82.180562, 35.62612], [-82.18056, 35.62605], [-82.180647, 35.626048], [-82.180646, 35.62601399999999], [-82.180814, 35.62600999999999], [-82.180818, 35.62614599999999], [-82.180655, 35.626149], [-82.180654, 35.626118], [-82.180562, 35.62612]]]}, "properties": {"id": "old_fort-000612", "damage_class": 0, "damage_label": "no-damage", "confidence": 1.0, "area_m2": 288.65, "centroid": [-82.180705, 35.62608], "confidence_tier": "high", "sources": {"heuristic": 0, "cnn": 0, "margin": 1.0}, "footprint_source": "osm"}}, {"type": "Feature", "geometry": {"type": "Polygon", "coordinates": [[[-82.179318, 35.62641399999999], [-82.179449, 35.62641200000001], [-82.179452, 35.62650099999999], [-82.179475, 35.626501], [-82.179476, 35.62655699999999], [-82.179322, 35.62656], [-82.179318, 35.62641399999999]]]}, "properties": {"id": "old_fort-000613", "damage_class": 1, "damage_label": "minor-damage", "confidence": 0.85, "area_m2": 205.26, "centroid": [-82.179391, 35.626489], "confidence_tier": "high", "sources": {"heuristic": 0, "cnn": 1, "margin": 1.0}, "footprint_source": "osm"}}, {"type": "Feature", "geometry": {"type": "Polygon", "coordinates": [[[-82.179283, 35.626642], [-82.179211, 35.626642999999994], [-82.179209, 35.626585999999996], [-82.179282, 35.626584999999984], [-82.179283, 35.626642]]]}, "properties": {"id": "old_fort-000614", "damage_class": 0, "damage_label": "no-damage", "confidence": 1.0, "area_m2": 41.53, "centroid": [-82.179246, 35.626614], "confidence_tier": "high", "sources": {"heuristic": 0, "cnn": 0, "margin": 1.0}, "footprint_source": "osm"}}, {"type": "Feature", "geometry": {"type": "Polygon", "coordinates": [[[-82.179879, 35.626428], [-82.180081, 35.62642399999999], [-82.180088, 35.626625], [-82.179886, 35.62663], [-82.179879, 35.626428]]]}, "properties": {"id": "old_fort-000615", "damage_class": 0, "damage_label": "no-damage", "confidence": 0.85, "area_m2": 409.2, "centroid": [-82.179983, 35.626527], "confidence_tier": "high", "sources": {"heuristic": 1, "cnn": 0, "margin": 1.0}, "footprint_source": "osm"}}, {"type": "Feature", "geometry": {"type": "Polygon", "coordinates": [[[-82.179957, 35.62619], [-82.179823, 35.626194], [-82.179821, 35.626141], [-82.17983800000002, 35.62614099999999], [-82.179836, 35.626092], [-82.179953, 35.62608900000001], [-82.179957, 35.62619]]]}, "properties": {"id": "old_fort-000616", "damage_class": 0, "damage_label": "no-damage", "confidence": 1.0, "area_m2": 128.11, "centroid": [-82.179892, 35.626143], "confidence_tier": "high", "sources": {"heuristic": 0, "cnn": 0, "margin": 1.0}, "footprint_source": "osm"}}, {"type": "Feature", "geometry": {"type": "Polygon", "coordinates": [[[-82.180887, 35.626359], [-82.180958, 35.62635800000001], [-82.18096, 35.62649900000001], [-82.18083500000002, 35.6265], [-82.180833, 35.62633300000001], [-82.180886, 35.62633300000001], [-82.180887, 35.626359]]]}, "properties": {"id": "old_fort-000617", "damage_class": 0, "damage_label": "no-damage", "confidence": 0.85, "area_m2": 190.52, "centroid": [-82.180894, 35.626423], "confidence_tier": "high", "sources": {"heuristic": 1, "cnn": 0, "margin": 1.0}, "footprint_source": "osm"}}, {"type": "Feature", "geometry": {"type": "Polygon", "coordinates": [[[-82.180681, 35.626319], [-82.180741, 35.626317], [-82.180744, 35.62639], [-82.180684, 35.626392], [-82.180681, 35.626319]]]}, "properties": {"id": "old_fort-000618", "damage_class": 0, "damage_label": "no-damage", "confidence": 1.0, "area_m2": 44.06, "centroid": [-82.180713, 35.626355], "confidence_tier": "high", "sources": {"heuristic": 0, "cnn": 0, "margin": 1.0}, "footprint_source": "osm"}}, {"type": "Feature", "geometry": {"type": "Polygon", "coordinates": [[[-82.180551, 35.62647599999999], [-82.180511, 35.626477], [-82.180505, 35.62636200000001], [-82.18065, 35.62635699999999], [-82.180653, 35.626428999999995], [-82.180549, 35.62643200000001], [-82.180551, 35.62647599999999]]]}, "properties": {"id": "old_fort-000619", "damage_class": 0, "damage_label": "no-damage", "confidence": 1.0, "area_m2": 121.9, "centroid": [-82.180572, 35.626404], "confidence_tier": "high", "sources": {"heuristic": 0, "cnn": 0, "margin": 1.0}, "footprint_source": "osm"}}, {"type": "Feature", "geometry": {"type": "Polygon", "coordinates": [[[-82.1783753, 35.62610599999999], [-82.1783963, 35.626105], [-82.1786153, 35.626261], [-82.1782873, 35.626567], [-82.1783543, 35.626614], [-82.1783093, 35.626655], [-82.1783423, 35.626679], [-82.1782683, 35.626748000000006], [-82.1782313, 35.62672200000001], [-82.1781513, 35.62679700000001], [-82.1780796, 35.6267448], [-82.1780489, 35.62676890000001], [-82.1778185, 35.626604699999994], [-82.1778553, 35.626565], [-82.1775023, 35.626316], [-82.1775923, 35.626231999999995], [-82.17756430000001, 35.62621299999999], [-82.1776393, 35.626143], [-82.1776723, 35.62616599999999], [-82.1777073, 35.62613300000001], [-82.1780693, 35.62639000000001], [-82.1782033, 35.626265000000004], [-82.1781903, 35.625842], [-82.1778973, 35.62584799999999], [-82.1778953, 35.625774], [-82.1778073, 35.625776], [-82.1778023, 35.62563999999999], [-82.1777213, 35.62564199999999], [-82.1777113, 35.62532399999999], [-82.1780553, 35.625317], [-82.1780573, 35.625383], [-82.1783523, 35.625376999999986], [-82.1783753, 35.62610599999999]]]}, "properties": {"id": "old_fort-000620", "damage_class": 0, "damage_label": "no-damage", "confidence": 1.0, "area_m2": 7178.43, "centroid": [-82.178079, 35.626043], "confidence_tier": "high", "sources": {"heuristic": 0, "cnn": 0, "margin": 1.0}, "footprint_source": "osm"}}, {"type": "Feature", "geometry": {"type": "Polygon", "coordinates": [[[-82.180565, 35.625424], [-82.180651, 35.625426], [-82.180649, 35.62548799999999], [-82.180563, 35.625486], [-82.180565, 35.625424]]]}, "properties": {"id": "old_fort-000621", "damage_class": 0, "damage_label": "no-damage", "confidence": 1.0, "area_m2": 53.6, "centroid": [-82.180607, 35.625456], "confidence_tier": "high", "sources": {"heuristic": 0, "cnn": 0, "margin": 1.0}, "footprint_source": "osm"}}, {"type": "Feature", "geometry": {"type": "Polygon", "coordinates": [[[-82.183605, 35.623068], [-82.183691, 35.62308], [-82.183665, 35.62319899999999], [-82.183536, 35.62318100000001], [-82.18355, 35.62311499999999], [-82.183593, 35.62312099999999], [-82.183605, 35.623068]]]}, "properties": {"id": "old_fort-000622", "damage_class": 1, "damage_label": "minor-damage", "confidence": 1.0, "area_m2": 135.55, "centroid": [-82.18362, 35.623137], "confidence_tier": "high", "sources": {"heuristic": 1, "cnn": 1, "margin": 1.0}, "footprint_source": "osm"}}, {"type": "Feature", "geometry": {"type": "Polygon", "coordinates": [[[-82.182703, 35.623316499999994], [-82.18282700000002, 35.623341499999995], [-82.182819, 35.62336750000001], [-82.182935, 35.623391500000004], [-82.182916, 35.62345249999999], [-82.18278, 35.62342550000001], [-82.18279, 35.62339250000001], [-82.182686, 35.62337149999999], [-82.182703, 35.623316499999994]]]}, "properties": {"id": "old_fort-000623", "damage_class": 0, "damage_label": "no-damage", "confidence": 1.0, "area_m2": 156.01, "centroid": [-82.182812, 35.623385], "confidence_tier": "high", "sources": {"heuristic": 0, "cnn": 0, "margin": 1.0}, "footprint_source": "osm"}}, {"type": "Feature", "geometry": {"type": "Polygon", "coordinates": [[[-82.183418, 35.62384990000001], [-82.183449, 35.6237489], [-82.183565, 35.6237729], [-82.183534, 35.623873899999985], [-82.183418, 35.62384990000001]]]}, "properties": {"id": "old_fort-000624", "damage_class": 1, "damage_label": "minor-damage", "confidence": 0.85, "area_m2": 125.17, "centroid": [-82.183492, 35.623811], "confidence_tier": "high", "sources": {"heuristic": 0, "cnn": 1, "margin": 1.0}, "footprint_source": "osm"}}, {"type": "Feature", "geometry": {"type": "Polygon", "coordinates": [[[-82.18403700000002, 35.62358299999999], [-82.183907, 35.623569999999994], [-82.183922, 35.62346999999998], [-82.184029, 35.62348], [-82.184022, 35.62352899999999], [-82.18404500000001, 35.623531], [-82.18403700000002, 35.62358299999999]]]}, "properties": {"id": "old_fort-000625", "damage_class": 0, "damage_label": "no-damage", "confidence": 1.0, "area_m2": 121.73, "centroid": [-82.183974, 35.623528], "confidence_tier": "high", "sources": {"heuristic": 0, "cnn": 0, "margin": 1.0}, "footprint_source": "osm"}}, {"type": "Feature", "geometry": {"type": "Polygon", "coordinates": [[[-82.1843148, 35.623759699999994], [-82.1843059, 35.6237353], [-82.18436370000002, 35.6237228], [-82.1844008, 35.6238344], [-82.1842666, 35.623863799999995], [-82.1842384, 35.62377659999999], [-82.1843148, 35.623759699999994]]]}, "properties": {"id": "old_fort-000626", "damage_class": 2, "damage_label": "major-damage", "confidence": 0.7, "area_m2": 140.84, "centroid": [-82.184322, 35.623799], "confidence_tier": "review", "sources": {"heuristic": 0, "cnn": 2, "margin": 1.0}, "footprint_source": "osm"}}, {"type": "Feature", "geometry": {"type": "Polygon", "coordinates": [[[-82.184072, 35.62378429999998], [-82.1840769, 35.6237995], [-82.1841569, 35.62378249999999], [-82.184187, 35.62387640000001], [-82.1840739, 35.6239005], [-82.1840389, 35.62379140000001], [-82.184072, 35.62378429999998]]]}, "properties": {"id": "old_fort-000627", "damage_class": 1, "damage_label": "minor-damage", "confidence": 1.0, "area_m2": 119.42, "centroid": [-82.184113, 35.623839], "confidence_tier": "high", "sources": {"heuristic": 1, "cnn": 1, "margin": 1.0}, "footprint_source": "osm"}}, {"type": "Feature", "geometry": {"type": "Polygon", "coordinates": [[[-82.183815, 35.623895999999995], [-82.183983, 35.623847], [-82.184014, 35.62391699999999], [-82.183846, 35.623966], [-82.183815, 35.623895999999995]]]}, "properties": {"id": "old_fort-000628", "damage_class": 0, "damage_label": "no-damage", "confidence": 0.85, "area_m2": 133.4, "centroid": [-82.183915, 35.623906], "confidence_tier": "high", "sources": {"heuristic": 1, "cnn": 0, "margin": 1.0}, "footprint_source": "osm"}}, {"type": "Feature", "geometry": {"type": "Polygon", "coordinates": [[[-82.1840227, 35.6242933], [-82.1839933, 35.624228599999995], [-82.1839595, 35.6242387], [-82.183937, 35.6241892], [-82.184063, 35.6241514], [-82.1841149, 35.62426560000001], [-82.1840227, 35.6242933]]]}, "properties": {"id": "old_fort-000629", "damage_class": 1, "damage_label": "minor-damage", "confidence": 0.7, "area_m2": 139.33, "centroid": [-82.184032, 35.62422], "confidence_tier": "review", "sources": {"heuristic": 3, "cnn": 1, "margin": 1.0}, "footprint_source": "osm"}}, {"type": "Feature", "geometry": {"type": "Polygon", "coordinates": [[[-82.184535, 35.62410599999999], [-82.184396, 35.62413399999999], [-82.184371, 35.62404900000001], [-82.18451, 35.624022], [-82.184535, 35.62410599999999]]]}, "properties": {"id": "old_fort-000630", "damage_class": 0, "damage_label": "no-damage", "confidence": 0.85, "area_m2": 124.9, "centroid": [-82.184453, 35.624078], "confidence_tier": "high", "sources": {"heuristic": 1, "cnn": 0, "margin": 1.0}, "footprint_source": "osm"}}, {"type": "Feature", "geometry": {"type": "Polygon", "coordinates": [[[-82.184538, 35.6243323], [-82.184513, 35.6242523], [-82.18468, 35.624217299999984], [-82.184686, 35.62423829999999], [-82.184738, 35.62422730000001], [-82.184756, 35.62428830000001], [-82.184538, 35.6243323]]]}, "properties": {"id": "old_fort-000631", "damage_class": 0, "damage_label": "no-damage", "confidence": 0.7, "area_m2": 177.09, "centroid": [-82.18463, 35.624273], "confidence_tier": "review", "sources": {"heuristic": 2, "cnn": 0, "margin": 1.0}, "footprint_source": "osm"}}, {"type": "Feature", "geometry": {"type": "Polygon", "coordinates": [[[-82.183366, 35.6239781], [-82.183476, 35.6240011], [-82.183448, 35.62408809999999], [-82.183337, 35.624064100000005], [-82.183366, 35.6239781]]]}, "properties": {"id": "old_fort-000632", "damage_class": 0, "damage_label": "no-damage", "confidence": 0.7, "area_m2": 102.75, "centroid": [-82.183407, 35.624033], "confidence_tier": "review", "sources": {"heuristic": 2, "cnn": 0, "margin": 1.0}, "footprint_source": "osm"}}, {"type": "Feature", "geometry": {"type": "Polygon", "coordinates": [[[-82.183286, 35.624209300000004], [-82.183404, 35.62424430000001], [-82.183379, 35.624301300000006], [-82.18326, 35.624266299999995], [-82.183286, 35.624209300000004]]]}, "properties": {"id": "old_fort-000633", "damage_class": 2, "damage_label": "major-damage", "confidence": 1.0, "area_m2": 76.82, "centroid": [-82.183332, 35.624255], "confidence_tier": "high", "sources": {"heuristic": 2, "cnn": 2, "margin": 1.0}, "footprint_source": "osm"}}, {"type": "Feature", "geometry": {"type": "Polygon", "coordinates": [[[-82.183425, 35.62361549999999], [-82.183411, 35.6236645], [-82.183293, 35.6236415], [-82.18327, 35.623721499999995], [-82.18316900000002, 35.6237025], [-82.183176, 35.6236805], [-82.183115, 35.62366850000001], [-82.183129, 35.62362050000001], [-82.183156, 35.623625499999996], [-82.183173, 35.62356650000001], [-82.183425, 35.62361549999999]]]}, "properties": {"id": "old_fort-000634", "damage_class": 1, "damage_label": "minor-damage", "confidence": 0.85, "area_m2": 251.11, "centroid": [-82.183252, 35.623639], "confidence_tier": "high", "sources": {"heuristic": 0, "cnn": 1, "margin": 1.0}, "footprint_source": "osm"}}, {"type": "Feature", "geometry": {"type": "Polygon", "coordinates": [[[-82.1848513, 35.6239588], [-82.1849403, 35.6239384], [-82.1849547, 35.62398089999999], [-82.1847639, 35.62402230000001], [-82.1847518, 35.623985700000006], [-82.1848061, 35.62397359999999], [-82.184794, 35.623937000000005], [-82.1848404, 35.6239262], [-82.1848513, 35.6239588]]]}, "properties": {"id": "old_fort-000635", "damage_class": 0, "damage_label": "no-damage", "confidence": 1.0, "area_m2": 99.19, "centroid": [-82.18485, 35.623975], "confidence_tier": "high", "sources": {"heuristic": 0, "cnn": 0, "margin": 1.0}, "footprint_source": "osm"}}, {"type": "Feature", "geometry": {"type": "Polygon", "coordinates": [[[-82.184954, 35.62418500000001], [-82.184957, 35.624202], [-82.184788, 35.624219999999994], [-82.18478, 35.624165999999995], [-82.185005, 35.624143], [-82.185011, 35.624179], [-82.184954, 35.62418500000001]]]}, "properties": {"id": "old_fort-000636", "damage_class": 1, "damage_label": "minor-damage", "confidence": 1.0, "area_m2": 113.2, "centroid": [-82.184889, 35.62418], "confidence_tier": "high", "sources": {"heuristic": 1, "cnn": 1, "margin": 1.0}, "footprint_source": "osm"}}, {"type": "Feature", "geometry": {"type": "Polygon", "coordinates": [[[-82.185133, 35.6239863], [-82.185142, 35.62401229999999], [-82.185097, 35.6240223], [-82.18507700000002, 35.62396129999998], [-82.185107, 35.623955299999984], [-82.185092, 35.623910300000006], [-82.185234, 35.62387929999999], [-82.18524, 35.62389730000001], [-82.185295, 35.62388529999999], [-82.185316, 35.6239463], [-82.185133, 35.6239863]]]}, "properties": {"id": "old_fort-000637", "damage_class": 1, "damage_label": "minor-damage", "confidence": 0.85, "area_m2": 181.35, "centroid": [-82.185188, 35.623939], "confidence_tier": "high", "sources": {"heuristic": 0, "cnn": 1, "margin": 1.0}, "footprint_source": "osm"}}, {"type": "Feature", "geometry": {"type": "Polygon", "coordinates": [[[-82.1855862, 35.62396669999999], [-82.1855383, 35.62380339999999], [-82.1856523, 35.6237806], [-82.1856816, 35.62387989999999], [-82.18577220000002, 35.6238627], [-82.1857908, 35.6239267], [-82.1855862, 35.62396669999999]]]}, "properties": {"id": "old_fort-000638", "damage_class": 1, "damage_label": "minor-damage", "confidence": 1.0, "area_m2": 260.12, "centroid": [-82.185647, 35.623881], "confidence_tier": "high", "sources": {"heuristic": 1, "cnn": 1, "margin": 1.0}, "footprint_source": "osm"}}, {"type": "Feature", "geometry": {"type": "Polygon", "coordinates": [[[-82.185972, 35.623704], [-82.18601, 35.623850000000004], [-82.185875, 35.623872999999996], [-82.185838, 35.623726999999995], [-82.185972, 35.623704]]]}, "properties": {"id": "old_fort-000639", "damage_class": 1, "damage_label": "minor-damage", "confidence": 1.0, "area_m2": 205.94, "centroid": [-82.185924, 35.623789], "confidence_tier": "high", "sources": {"heuristic": 1, "cnn": 1, "margin": 1.0}, "footprint_source": "osm"}}, {"type": "Feature", "geometry": {"type": "Polygon", "coordinates": [[[-82.1855141, 35.624131], [-82.1854504, 35.6241428], [-82.1854349, 35.624084], [-82.1854987, 35.624073100000004], [-82.1855141, 35.624131]]]}, "properties": {"id": "old_fort-000640", "damage_class": 1, "damage_label": "minor-damage", "confidence": 0.85, "area_m2": 39.13, "centroid": [-82.185474, 35.624108], "confidence_tier": "high", "sources": {"heuristic": 0, "cnn": 1, "margin": 1.0}, "footprint_source": "osm"}}, {"type": "Feature", "geometry": {"type": "Polygon", "coordinates": [[[-82.1850876, 35.62420240000001], [-82.1850687, 35.6241297], [-82.1851414, 35.6241171], [-82.1851612, 35.62418879999999], [-82.1850876, 35.62420240000001]]]}, "properties": {"id": "old_fort-000641", "damage_class": 3, "damage_label": "destroyed", "confidence": 0.7, "area_m2": 55.6, "centroid": [-82.185115, 35.62416], "confidence_tier": "review", "sources": {"heuristic": 1, "cnn": 3, "margin": 1.0}, "footprint_source": "osm"}}, {"type": "Feature", "geometry": {"type": "Polygon", "coordinates": [[[-82.1852469, 35.6240897], [-82.18525380000001, 35.6241173], [-82.1853901, 35.624095999999994], [-82.185401, 35.6241434], [-82.1851729, 35.624179], [-82.1851551, 35.624103999999996], [-82.1852469, 35.6240897]]]}, "properties": {"id": "old_fort-000642", "damage_class": 0, "damage_label": "no-damage", "confidence": 0.85, "area_m2": 139.06, "centroid": [-82.185267, 35.624132], "confidence_tier": "high", "sources": {"heuristic": 1, "cnn": 0, "margin": 1.0}, "footprint_source": "osm"}}, {"type": "Feature", "geometry": {"type": "Polygon", "coordinates": [[[-82.1857536, 35.62346029999999], [-82.1857758, 35.62354289999998], [-82.1856304, 35.6235698], [-82.1856082, 35.62348709999999], [-82.1857536, 35.62346029999999]]]}, "properties": {"id": "old_fort-000643", "damage_class": 1, "damage_label": "minor-damage", "confidence": 0.85, "area_m2": 126.71, "centroid": [-82.185692, 35.623515], "confidence_tier": "high", "sources": {"heuristic": 0, "cnn": 1, "margin": 1.0}, "footprint_source": "osm"}}, {"type": "Feature", "geometry": {"type": "Polygon", "coordinates": [[[-82.1853199, 35.62351559999999], [-82.1853544, 35.62351], [-82.1853488, 35.6234883], [-82.1854602, 35.6234697], [-82.1854893, 35.623582000000006], [-82.1854528, 35.62358780000001], [-82.1854571, 35.6236075], [-82.1853478, 35.623625999999994], [-82.1853199, 35.62351559999999]]]}, "properties": {"id": "old_fort-000644", "damage_class": 1, "damage_label": "minor-damage", "confidence": 1.0, "area_m2": 186.41, "centroid": [-82.185404, 35.623548], "confidence_tier": "high", "sources": {"heuristic": 1, "cnn": 1, "margin": 1.0}, "footprint_source": "osm"}}, {"type": "Feature", "geometry": {"type": "Polygon", "coordinates": [[[-82.1861098, 35.62338890000001], [-82.1861964, 35.62337419999999], [-82.1862181, 35.623458799999995], [-82.1860686, 35.62348419999999], [-82.1860388, 35.62336859999999], [-82.1861018, 35.6233579], [-82.1861098, 35.62338890000001]]]}, "properties": {"id": "old_fort-000645", "damage_class": 1, "damage_label": "minor-damage", "confidence": 0.85, "area_m2": 153.14, "centroid": [-82.186125, 35.623422], "confidence_tier": "high", "sources": {"heuristic": 0, "cnn": 1, "margin": 1.0}, "footprint_source": "osm"}}, {"type": "Feature", "geometry": {"type": "Polygon", "coordinates": [[[-82.1864806, 35.62326250000001], [-82.1865171, 35.623434899999985], [-82.1863744, 35.62345479999999], [-82.1863622, 35.623393300000004], [-82.186389, 35.6233898], [-82.186377, 35.623330399999986], [-82.18640470000001, 35.62332580000001], [-82.1863943, 35.623274300000006], [-82.1864806, 35.62326250000001]]]}, "properties": {"id": "old_fort-000646", "damage_class": 1, "damage_label": "minor-damage", "confidence": 0.85, "area_m2": 207.18, "centroid": [-82.186441, 35.623366], "confidence_tier": "high", "sources": {"heuristic": 0, "cnn": 1, "margin": 1.0}, "footprint_source": "osm"}}, {"type": "Feature", "geometry": {"type": "Polygon", "coordinates": [[[-82.1860465, 35.62315949999999], [-82.1860342, 35.6230319], [-82.1861413, 35.62301999999999], [-82.1861617, 35.6231471], [-82.1860465, 35.62315949999999]]]}, "properties": {"id": "old_fort-000647", "damage_class": 1, "damage_label": "minor-damage", "confidence": 0.85, "area_m2": 144.1, "centroid": [-82.186096, 35.62309], "confidence_tier": "high", "sources": {"heuristic": 0, "cnn": 1, "margin": 1.0}, "footprint_source": "osm"}}, {"type": "Feature", "geometry": {"type": "Polygon", "coordinates": [[[-82.185559, 35.62319379999999], [-82.185535, 35.62306979999999], [-82.185671, 35.6230528], [-82.185681, 35.62310380000001], [-82.185654, 35.623106799999995], [-82.185668, 35.623179799999996], [-82.185559, 35.62319379999999]]]}, "properties": {"id": "old_fort-000648", "damage_class": 1, "damage_label": "minor-damage", "confidence": 0.85, "area_m2": 153.12, "centroid": [-82.185607, 35.623121], "confidence_tier": "high", "sources": {"heuristic": 0, "cnn": 1, "margin": 1.0}, "footprint_source": "osm"}}, {"type": "Feature", "geometry": {"type": "Polygon", "coordinates": [[[-82.185584, 35.622762], [-82.185611, 35.622887], [-82.185509, 35.622899999999994], [-82.185484, 35.622775], [-82.185584, 35.622762]]]}, "properties": {"id": "old_fort-000649", "damage_class": 1, "damage_label": "minor-damage", "confidence": 0.85, "area_m2": 129.9, "centroid": [-82.185547, 35.622831], "confidence_tier": "high", "sources": {"heuristic": 2, "cnn": 1, "margin": 1.0}, "footprint_source": "osm"}}, {"type": "Feature", "geometry": {"type": "Polygon", "coordinates": [[[-82.18595, 35.62279000000001], [-82.185941, 35.62275000000001], [-82.185915, 35.62275399999999], [-82.185902, 35.622697], [-82.186019, 35.62267899999999], [-82.186041, 35.622776], [-82.18595, 35.62279000000001]]]}, "properties": {"id": "old_fort-000650", "damage_class": 0, "damage_label": "no-damage", "confidence": 1.0, "area_m2": 107.15, "centroid": [-82.185975, 35.622733], "confidence_tier": "high", "sources": {"heuristic": 0, "cnn": 0, "margin": 1.0}, "footprint_source": "osm"}}, {"type": "Feature", "geometry": {"type": "Polygon", "coordinates": [[[-82.186005, 35.62279199999999], [-82.186015, 35.62282999999999], [-82.185929, 35.62284499999999], [-82.185919, 35.622806999999995], [-82.186005, 35.62279199999999]]]}, "properties": {"id": "old_fort-000651", "damage_class": 0, "damage_label": "no-damage", "confidence": 0.7, "area_m2": 34.34, "centroid": [-82.185967, 35.622818], "confidence_tier": "review", "sources": {"heuristic": 2, "cnn": 0, "margin": 1.0}, "footprint_source": "osm"}}, {"type": "Feature", "geometry": {"type": "Polygon", "coordinates": [[[-82.184523, 35.6229177], [-82.184876, 35.622879699999984], [-82.184909, 35.62308269999999], [-82.184743, 35.62310070000001], [-82.184727, 35.623004699999996], [-82.18454, 35.6230247], [-82.184523, 35.6229177]]]}, "properties": {"id": "old_fort-000652", "damage_class": 0, "damage_label": "no-damage", "confidence": 0.85, "area_m2": 549.56, "centroid": [-82.184741, 35.622979], "confidence_tier": "high", "sources": {"heuristic": 1, "cnn": 0, "margin": 1.0}, "footprint_source": "osm"}}, {"type": "Feature", "geometry": {"type": "Polygon", "coordinates": [[[-82.18453, 35.623017], [-82.184442, 35.623028000000005], [-82.18443200000002, 35.622971], [-82.18452, 35.622961], [-82.18453, 35.623017]]]}, "properties": {"id": "old_fort-000653", "damage_class": 0, "damage_label": "no-damage", "confidence": 1.0, "area_m2": 51.0, "centroid": [-82.184481, 35.622994], "confidence_tier": "high", "sources": {"heuristic": 0, "cnn": 0, "margin": 1.0}, "footprint_source": "osm"}}, {"type": "Feature", "geometry": {"type": "Polygon", "coordinates": [[[-82.18408200000002, 35.62319629999998], [-82.184036, 35.6229933], [-82.18415, 35.62297629999999], [-82.184196, 35.6231793], [-82.18408200000002, 35.62319629999998]]]}, "properties": {"id": "old_fort-000654", "damage_class": 1, "damage_label": "minor-damage", "confidence": 0.85, "area_m2": 240.34, "centroid": [-82.184116, 35.623086], "confidence_tier": "high", "sources": {"heuristic": 0, "cnn": 1, "margin": 1.0}, "footprint_source": "osm"}}, {"type": "Feature", "geometry": {"type": "Polygon", "coordinates": [[[-82.184262, 35.623332600000005], [-82.184247, 35.623266599999994], [-82.184354, 35.6232516], [-82.184368, 35.6233176], [-82.184262, 35.623332600000005]]]}, "properties": {"id": "old_fort-000655", "damage_class": 0, "damage_label": "no-damage", "confidence": 0.7, "area_m2": 72.8, "centroid": [-82.184308, 35.623292], "confidence_tier": "review", "sources": {"heuristic": 2, "cnn": 0, "margin": 1.0}, "footprint_source": "osm"}}, {"type": "Feature", "geometry": {"type": "Polygon", "coordinates": [[[-82.1831317, 35.6228559], [-82.1832333, 35.6228781], [-82.1831912, 35.623003100000005], [-82.1830897, 35.62297989999999], [-82.1831317, 35.6228559]]]}, "properties": {"id": "old_fort-000656", "damage_class": 0, "damage_label": "no-damage", "confidence": 1.0, "area_m2": 136.6, "centroid": [-82.183162, 35.622929], "confidence_tier": "high", "sources": {"heuristic": 0, "cnn": 0, "margin": 1.0}, "footprint_source": "osm"}}, {"type": "Feature", "geometry": {"type": "Polygon", "coordinates": [[[-82.184204, 35.622819799999995], [-82.184275, 35.622816799999995], [-82.184278, 35.62286580000001], [-82.184207, 35.62286879999999], [-82.184204, 35.622819799999995]]]}, "properties": {"id": "old_fort-000657", "damage_class": 1, "damage_label": "minor-damage", "confidence": 1.0, "area_m2": 35.04, "centroid": [-82.184241, 35.622843], "confidence_tier": "high", "sources": {"heuristic": 1, "cnn": 1, "margin": 1.0}, "footprint_source": "osm"}}, {"type": "Feature", "geometry": {"type": "Polygon", "coordinates": [[[-82.1823933, 35.6232576], [-82.1823826, 35.6232836], [-82.1822803, 35.623257200000005], [-82.18228730000001, 35.62324199999999], [-82.1822335, 35.62322769999999], [-82.1822564, 35.6231641], [-82.182307, 35.6231784], [-82.1823112, 35.62316150000001], [-82.1824215, 35.6231892], [-82.1824108, 35.6232143], [-82.1824486, 35.623224300000004], [-82.1824305, 35.62326839999999], [-82.1823933, 35.6232576]]]}, "properties": {"id": "old_fort-000658", "damage_class": 1, "damage_label": "minor-damage", "confidence": 0.85, "area_m2": 164.26, "centroid": [-82.18234, 35.62322], "confidence_tier": "high", "sources": {"heuristic": 0, "cnn": 1, "margin": 1.0}, "footprint_source": "osm"}}, {"type": "Feature", "geometry": {"type": "Polygon", "coordinates": [[[-82.1814914, 35.623959400000004], [-82.1812905, 35.623963], [-82.1812874, 35.62385170000001], [-82.1814918, 35.623848], [-82.1814924, 35.62386839999999], [-82.1815981, 35.623866500000005], [-82.1816023, 35.6240211], [-82.1814932, 35.624022999999994], [-82.1814914, 35.623959400000004]]]}, "properties": {"id": "old_fort-000659", "damage_class": 0, "damage_label": "no-damage", "confidence": 0.7, "area_m2": 395.07, "centroid": [-82.181457, 35.623922], "confidence_tier": "review", "sources": {"heuristic": 2, "cnn": 0, "margin": 1.0}, "footprint_source": "osm"}}, {"type": "Feature", "geometry": {"type": "Polygon", "coordinates": [[[-82.1814654, 35.624604899999994], [-82.1813434, 35.624608900000005], [-82.1813374, 35.6245029], [-82.1814594, 35.62449790000001], [-82.1814654, 35.624604899999994]]]}, "properties": {"id": "old_fort-000660", "damage_class": 0, "damage_label": "no-damage", "confidence": 0.85, "area_m2": 130.8, "centroid": [-82.181401, 35.624554], "confidence_tier": "high", "sources": {"heuristic": 1, "cnn": 0, "margin": 1.0}, "footprint_source": "osm"}}, {"type": "Feature", "geometry": {"type": "Polygon", "coordinates": [[[-82.18291300000001, 35.62475400000001], [-82.182916, 35.62488], [-82.18282, 35.624882], [-82.182817, 35.624755], [-82.18291300000001, 35.62475400000001]]]}, "properties": {"id": "old_fort-000661", "damage_class": 2, "damage_label": "major-damage", "confidence": 0.7, "area_m2": 122.04, "centroid": [-82.182866, 35.624818], "confidence_tier": "review", "sources": {"heuristic": 0, "cnn": 2, "margin": 1.0}, "footprint_source": "osm"}}, {"type": "Feature", "geometry": {"type": "Polygon", "coordinates": [[[-82.182691, 35.624771], [-82.182694, 35.62485199999999], [-82.182578, 35.62485499999999], [-82.182576, 35.624774], [-82.182691, 35.624771]]]}, "properties": {"id": "old_fort-000662", "damage_class": 3, "damage_label": "destroyed", "confidence": 0.7, "area_m2": 94.06, "centroid": [-82.182635, 35.624813], "confidence_tier": "review", "sources": {"heuristic": 0, "cnn": 3, "margin": 1.0}, "footprint_source": "osm"}}, {"type": "Feature", "geometry": {"type": "Polygon", "coordinates": [[[-82.182327, 35.624756], [-82.182498, 35.624752], [-82.182502, 35.624845], [-82.182409, 35.62484799999999], [-82.182407, 35.624809], [-82.182329, 35.624810999999994], [-82.182327, 35.624756]]]}, "properties": {"id": "old_fort-000663", "damage_class": 0, "damage_label": "no-damage", "confidence": 1.0, "area_m2": 130.6, "centroid": [-82.182425, 35.624794], "confidence_tier": "high", "sources": {"heuristic": 0, "cnn": 0, "margin": 1.0}, "footprint_source": "osm"}}, {"type": "Feature", "geometry": {"type": "Polygon", "coordinates": [[[-82.1821497, 35.624899], [-82.1821477, 35.62474000000001], [-82.1822087, 35.624739], [-82.1822097, 35.624808999999985], [-82.18219970000001, 35.624809], [-82.1822007, 35.624898], [-82.1821497, 35.624899]]]}, "properties": {"id": "old_fort-000664", "damage_class": 1, "damage_label": "minor-damage", "confidence": 0.7, "area_m2": 88.56, "centroid": [-82.182177, 35.624815], "confidence_tier": "review", "sources": {"heuristic": 3, "cnn": 1, "margin": 1.0}, "footprint_source": "osm"}}, {"type": "Feature", "geometry": {"type": "Polygon", "coordinates": [[[-82.1820605, 35.62475100000001], [-82.1820635, 35.624869000000004], [-82.1819215, 35.624871], [-82.1819185, 35.624786], [-82.1818945, 35.624787], [-82.18189350000002, 35.624745], [-82.1819205, 35.624745], [-82.1819195, 35.624708000000005], [-82.1819945, 35.62470600000001], [-82.1819955, 35.62475200000001], [-82.1820605, 35.62475100000001]]]}, "properties": {"id": "old_fort-000665", "damage_class": 1, "damage_label": "minor-damage", "confidence": 0.85, "area_m2": 213.45, "centroid": [-82.181981, 35.624796], "confidence_tier": "high", "sources": {"heuristic": 0, "cnn": 1, "margin": 1.0}, "footprint_source": "osm"}}, {"type": "Feature", "geometry": {"type": "Polygon", "coordinates": [[[-82.180373, 35.624328999999996], [-82.18037, 35.62424599999999], [-82.180462, 35.624244], [-82.180464, 35.62432699999999], [-82.180373, 35.624328999999996]]]}, "properties": {"id": "old_fort-000666", "damage_class": 0, "damage_label": "no-damage", "confidence": 1.0, "area_m2": 76.34, "centroid": [-82.180417, 35.624286], "confidence_tier": "high", "sources": {"heuristic": 0, "cnn": 0, "margin": 1.0}, "footprint_source": "osm"}}, {"type": "Feature", "geometry": {"type": "Polygon", "coordinates": [[[-82.18049, 35.624368000000004], [-82.180473, 35.624236], [-82.180573, 35.624227999999995], [-82.18059, 35.624359], [-82.18049, 35.624368000000004]]]}, "properties": {"id": "old_fort-000667", "damage_class": 1, "damage_label": "minor-damage", "confidence": 0.85, "area_m2": 133.55, "centroid": [-82.180531, 35.624298], "confidence_tier": "high", "sources": {"heuristic": 0, "cnn": 1, "margin": 1.0}, "footprint_source": "osm"}}, {"type": "Feature", "geometry": {"type": "Polygon", "coordinates": [[[-82.182109, 35.62525], [-82.181962, 35.625252999999994], [-82.181958, 35.625133], [-82.182106, 35.62513], [-82.182109, 35.62525]]]}, "properties": {"id": "old_fort-000668", "damage_class": 0, "damage_label": "no-damage", "confidence": 1.0, "area_m2": 177.92, "centroid": [-82.182034, 35.625191], "confidence_tier": "high", "sources": {"heuristic": 0, "cnn": 0, "margin": 1.0}, "footprint_source": "osm"}}, {"type": "Feature", "geometry": {"type": "Polygon", "coordinates": [[[-82.182385, 35.62526100000001], [-82.182337, 35.62526299999998], [-82.182335, 35.62522899999999], [-82.182299, 35.625230999999985], [-82.182293, 35.62512699999999], [-82.182454, 35.625121], [-82.18246, 35.625232], [-82.182383, 35.625234999999996], [-82.182385, 35.62526100000001]]]}, "properties": {"id": "old_fort-000669", "damage_class": 0, "damage_label": "no-damage", "confidence": 1.0, "area_m2": 189.69, "centroid": [-82.182376, 35.625183], "confidence_tier": "high", "sources": {"heuristic": 0, "cnn": 0, "margin": 1.0}, "footprint_source": "osm"}}, {"type": "Feature", "geometry": {"type": "Polygon", "coordinates": [[[-82.181364, 35.625248], [-82.18148200000002, 35.62524499999999], [-82.181485, 35.625361], [-82.181367, 35.625363], [-82.181364, 35.625248]]]}, "properties": {"id": "old_fort-000670", "damage_class": 0, "damage_label": "no-damage", "confidence": 0.7, "area_m2": 136.99, "centroid": [-82.181425, 35.625304], "confidence_tier": "review", "sources": {"heuristic": 2, "cnn": 0, "margin": 1.0}, "footprint_source": "osm"}}, {"type": "Feature", "geometry": {"type": "Polygon", "coordinates": [[[-82.181558, 35.62555899999999], [-82.181496, 35.625561000000005], [-82.181497, 35.625578999999995], [-82.18136, 35.625583], [-82.181355, 35.625444], [-82.181489, 35.625441], [-82.181491, 35.62549799999999], [-82.181555, 35.625496], [-82.181558, 35.62555899999999]]]}, "properties": {"id": "old_fort-000671", "damage_class": 0, "damage_label": "no-damage", "confidence": 1.0, "area_m2": 227.94, "centroid": [-82.181442, 35.625515], "confidence_tier": "high", "sources": {"heuristic": 0, "cnn": 0, "margin": 1.0}, "footprint_source": "osm"}}, {"type": "Feature", "geometry": {"type": "Polygon", "coordinates": [[[-82.181967, 35.62580199999999], [-82.18213700000001, 35.62580599999999], [-82.18213500000002, 35.62585599999999], [-82.181965, 35.62585200000001], [-82.181967, 35.62580199999999]]]}, "properties": {"id": "old_fort-000672", "damage_class": 0, "damage_label": "no-damage", "confidence": 1.0, "area_m2": 85.47, "centroid": [-82.182051, 35.625829], "confidence_tier": "high", "sources": {"heuristic": 0, "cnn": 0, "margin": 1.0}, "footprint_source": "osm"}}, {"type": "Feature", "geometry": {"type": "Polygon", "coordinates": [[[-82.1813419, 35.6257989], [-82.1813429, 35.6257619], [-82.1814809, 35.62576490000001], [-82.1814799, 35.62580189999999], [-82.1813419, 35.6257989]]]}, "properties": {"id": "old_fort-000673", "damage_class": 0, "damage_label": "no-damage", "confidence": 1.0, "area_m2": 51.32, "centroid": [-82.181411, 35.625782], "confidence_tier": "high", "sources": {"heuristic": 0, "cnn": 0, "margin": 1.0}, "footprint_source": "osm"}}, {"type": "Feature", "geometry": {"type": "Polygon", "coordinates": [[[-82.183147, 35.62504599999999], [-82.183228, 35.625046], [-82.183226, 35.62513100000001], [-82.183146, 35.625131], [-82.183147, 35.62504599999999]]]}, "properties": {"id": "old_fort-000674", "damage_class": 0, "damage_label": "no-damage", "confidence": 1.0, "area_m2": 68.74, "centroid": [-82.183187, 35.625088], "confidence_tier": "high", "sources": {"heuristic": 0, "cnn": 0, "margin": 1.0}, "footprint_source": "osm"}}, {"type": "Feature", "geometry": {"type": "Polygon", "coordinates": [[[-82.183156, 35.62554299999999], [-82.183014, 35.625539], [-82.183019, 35.625419], [-82.183161, 35.62542299999999], [-82.183156, 35.62554299999999]]]}, "properties": {"id": "old_fort-000675", "damage_class": 3, "damage_label": "destroyed", "confidence": 0.7, "area_m2": 171.38, "centroid": [-82.183087, 35.625481], "confidence_tier": "review", "sources": {"heuristic": 0, "cnn": 3, "margin": 1.0}, "footprint_source": "osm"}}, {"type": "Feature", "geometry": {"type": "Polygon", "coordinates": [[[-82.182768, 35.625546], [-82.182771, 35.625479], [-82.182946, 35.625484], [-82.182943, 35.62556500000001], [-82.18286, 35.625561999999995], [-82.18286, 35.625548000000016], [-82.182768, 35.625546]]]}, "properties": {"id": "old_fort-000676", "damage_class": 0, "damage_label": "no-damage", "confidence": 0.85, "area_m2": 129.27, "centroid": [-82.182861, 35.625519], "confidence_tier": "high", "sources": {"heuristic": 1, "cnn": 0, "margin": 1.0}, "footprint_source": "osm"}}, {"type": "Feature", "geometry": {"type": "Polygon", "coordinates": [[[-82.1831657, 35.625840800000006], [-82.1830347, 35.625837800000006], [-82.1830377, 35.6257458], [-82.1831687, 35.6257498], [-82.1831657, 35.625840800000006]]]}, "properties": {"id": "old_fort-000677", "damage_class": 0, "damage_label": "no-damage", "confidence": 1.0, "area_m2": 120.52, "centroid": [-82.183102, 35.625794], "confidence_tier": "high", "sources": {"heuristic": 0, "cnn": 0, "margin": 1.0}, "footprint_source": "osm"}}, {"type": "Feature", "geometry": {"type": "Polygon", "coordinates": [[[-82.1831186, 35.625678], [-82.1831796, 35.625679999999996], [-82.1831776, 35.62572999999999], [-82.1831166, 35.625728], [-82.1831186, 35.625678]]]}, "properties": {"id": "old_fort-000678", "damage_class": 1, "damage_label": "minor-damage", "confidence": 1.0, "area_m2": 30.68, "centroid": [-82.183148, 35.625704], "confidence_tier": "high", "sources": {"heuristic": 1, "cnn": 1, "margin": 1.0}, "footprint_source": "osm"}}, {"type": "Feature", "geometry": {"type": "Polygon", "coordinates": [[[-82.182893, 35.625824], [-82.182992, 35.625826], [-82.182989, 35.625913999999995], [-82.18289, 35.62591200000001], [-82.182893, 35.625824]]]}, "properties": {"id": "old_fort-000679", "damage_class": 3, "damage_label": "destroyed", "confidence": 0.7, "area_m2": 87.58, "centroid": [-82.182941, 35.625869], "confidence_tier": "review", "sources": {"heuristic": 0, "cnn": 3, "margin": 1.0}, "footprint_source": "osm"}}, {"type": "Feature", "geometry": {"type": "Polygon", "coordinates": [[[-82.172115, 35.6313235], [-82.1720851, 35.631279899999996], [-82.1721496, 35.63125009999999], [-82.1721609, 35.6312669], [-82.1724444, 35.6311373], [-82.172572, 35.63132069999999], [-82.1725303, 35.6313392], [-82.1725478, 35.631364], [-82.17264400000002, 35.6313198], [-82.1726965, 35.6313961], [-82.1726082, 35.6314362], [-82.1726782, 35.6315364], [-82.1726038, 35.6315703], [-82.1726522, 35.631639699999994], [-82.1721357, 35.63187729999999], [-82.1721131, 35.6318446], [-82.171892, 35.63194539999999], [-82.1717006, 35.6316698], [-82.1717106, 35.63166569999999], [-82.1716282, 35.63154680000001], [-82.172115, 35.6313235]]]}, "properties": {"id": "old_fort-000680", "damage_class": 0, "damage_label": "no-damage", "confidence": 1.0, "area_m2": 4702.39, "centroid": [-82.172186, 35.631553], "confidence_tier": "high", "sources": {"heuristic": 0, "cnn": 0, "margin": 1.0}, "footprint_source": "osm"}}, {"type": "Feature", "geometry": {"type": "Polygon", "coordinates": [[[-82.1705988, 35.63189150000001], [-82.1709723, 35.631694], [-82.1710766, 35.631825], [-82.1710593, 35.6318339], [-82.171168, 35.6319696], [-82.1713499, 35.6318731], [-82.17158950000001, 35.63217250000001], [-82.1704411, 35.6327793], [-82.1700273, 35.63226139999999], [-82.16998010000002, 35.63228579999999], [-82.1699191, 35.6322098], [-82.1699441, 35.632196500000006], [-82.169873, 35.63210689999998], [-82.1705046, 35.6317741], [-82.1705988, 35.63189150000001]]]}, "properties": {"id": "old_fort-000681", "damage_class": 1, "damage_label": "minor-damage", "confidence": 0.85, "area_m2": 9723.19, "centroid": [-82.1707, 35.6322], "confidence_tier": "high", "sources": {"heuristic": 0, "cnn": 1, "margin": 1.0}, "footprint_source": "osm"}}, {"type": "Feature", "geometry": {"type": "Polygon", "coordinates": [[[-82.188637, 35.622809], [-82.18867, 35.622926], [-82.188569, 35.622944], [-82.188536, 35.62282700000001], [-82.188637, 35.622809]]]}, "properties": {"id": "old_fort-000682", "damage_class": 1, "damage_label": "minor-damage", "confidence": 0.85, "area_m2": 124.68, "centroid": [-82.188603, 35.622876], "confidence_tier": "high", "sources": {"heuristic": 0, "cnn": 1, "margin": 1.0}, "footprint_source": "osm"}}, {"type": "Feature", "geometry": {"type": "Polygon", "coordinates": [[[-82.18771, 35.62318359999999], [-82.1875764, 35.6232081], [-82.1875433, 35.623092199999995], [-82.1876072, 35.623080699999996], [-82.1876142, 35.623104299999994], [-82.187684, 35.6230913], [-82.18771, 35.62318359999999]]]}, "properties": {"id": "old_fort-000683", "damage_class": 1, "damage_label": "minor-damage", "confidence": 0.85, "area_m2": 146.31, "centroid": [-82.187624, 35.623144], "confidence_tier": "high", "sources": {"heuristic": 0, "cnn": 1, "margin": 1.0}, "footprint_source": "osm"}}, {"type": "Feature", "geometry": {"type": "Polygon", "coordinates": [[[-82.1874342, 35.62324670000001], [-82.1873158, 35.623265799999984], [-82.1872842, 35.6231355], [-82.1873248, 35.6231297], [-82.1873301, 35.6231525], [-82.1874081, 35.6231401], [-82.1874342, 35.62324670000001]]]}, "properties": {"id": "old_fort-000684", "damage_class": 0, "damage_label": "no-damage", "confidence": 0.7, "area_m2": 141.55, "centroid": [-82.187358, 35.623199], "confidence_tier": "review", "sources": {"heuristic": 2, "cnn": 0, "margin": 1.0}, "footprint_source": "osm"}}, {"type": "Feature", "geometry": {"type": "Polygon", "coordinates": [[[-82.187029, 35.62318], [-82.18719, 35.623163], [-82.187197, 35.62320299999999], [-82.187036, 35.623219999999996], [-82.187029, 35.62318]]]}, "properties": {"id": "old_fort-000685", "damage_class": 0, "damage_label": "no-damage", "confidence": 0.85, "area_m2": 65.89, "centroid": [-82.187113, 35.623192], "confidence_tier": "high", "sources": {"heuristic": 1, "cnn": 0, "margin": 1.0}, "footprint_source": "osm"}}, {"type": "Feature", "geometry": {"type": "Polygon", "coordinates": [[[-82.1878138, 35.6233889], [-82.1878818, 35.6233799], [-82.1879088, 35.6235059], [-82.1877818, 35.6235249], [-82.1877488, 35.62336089999999], [-82.1878058, 35.62335289999999], [-82.1878138, 35.6233889]]]}, "properties": {"id": "old_fort-000686", "damage_class": 0, "damage_label": "no-damage", "confidence": 1.0, "area_m2": 187.13, "centroid": [-82.187826, 35.623443], "confidence_tier": "high", "sources": {"heuristic": 0, "cnn": 0, "margin": 1.0}, "footprint_source": "osm"}}, {"type": "Feature", "geometry": {"type": "Polygon", "coordinates": [[[-82.1893508, 35.62316049999999], [-82.18936480000002, 35.623155499999996], [-82.1894048, 35.62323349999999], [-82.1893088, 35.623266499999986], [-82.1892228, 35.6230995], [-82.1893048, 35.62307049999998], [-82.1893508, 35.62316049999999]]]}, "properties": {"id": "old_fort-000687", "damage_class": 0, "damage_label": "no-damage", "confidence": 1.0, "area_m2": 175.43, "centroid": [-82.189312, 35.623171], "confidence_tier": "high", "sources": {"heuristic": 0, "cnn": 0, "margin": 1.0}, "footprint_source": "osm"}}, {"type": "Feature", "geometry": {"type": "Polygon", "coordinates": [[[-82.1898618, 35.62289790000001], [-82.1897348, 35.622940899999996], [-82.1896758, 35.6228249], [-82.1897488, 35.622800899999994], [-82.1897668, 35.6228359], [-82.1898218, 35.6228179], [-82.1898618, 35.62289790000001]]]}, "properties": {"id": "old_fort-000688", "damage_class": 1, "damage_label": "minor-damage", "confidence": 0.85, "area_m2": 150.56, "centroid": [-82.189767, 35.622869], "confidence_tier": "high", "sources": {"heuristic": 2, "cnn": 1, "margin": 1.0}, "footprint_source": "osm"}}, {"type": "Feature", "geometry": {"type": "Polygon", "coordinates": [[[-82.1891561, 35.6227605], [-82.1890171, 35.6227655], [-82.1890121, 35.6226855], [-82.1890561, 35.6226835], [-82.1890541, 35.6226405], [-82.1891481, 35.622637499999996], [-82.1891561, 35.6227605]]]}, "properties": {"id": "old_fort-000689", "damage_class": 3, "damage_label": "destroyed", "confidence": 0.7, "area_m2": 153.03, "centroid": [-82.189089, 35.622706], "confidence_tier": "review", "sources": {"heuristic": 1, "cnn": 3, "margin": 1.0}, "footprint_source": "osm"}}, {"type": "Feature", "geometry": {"type": "Polygon", "coordinates": [[[-82.187039, 35.624055999999996], [-82.187075, 35.62405], [-82.187093, 35.62411500000001], [-82.186936, 35.624143], [-82.186909, 35.624039999999994], [-82.187029, 35.624019], [-82.187039, 35.624055999999996]]]}, "properties": {"id": "old_fort-000690", "damage_class": 1, "damage_label": "minor-damage", "confidence": 0.85, "area_m2": 154.86, "centroid": [-82.186996, 35.624082], "confidence_tier": "high", "sources": {"heuristic": 2, "cnn": 1, "margin": 1.0}, "footprint_source": "osm"}}, {"type": "Feature", "geometry": {"type": "Polygon", "coordinates": [[[-82.186901, 35.623941], [-82.186875, 35.623857], [-82.187031, 35.623825], [-82.187057, 35.62391], [-82.186901, 35.623941]]]}, "properties": {"id": "old_fort-000691", "damage_class": 1, "damage_label": "minor-damage", "confidence": 1.0, "area_m2": 140.65, "centroid": [-82.186966, 35.623883], "confidence_tier": "high", "sources": {"heuristic": 1, "cnn": 1, "margin": 1.0}, "footprint_source": "osm"}}, {"type": "Feature", "geometry": {"type": "Polygon", "coordinates": [[[-82.18662450000001, 35.623988700000005], [-82.1866395, 35.6240657], [-82.18657750000001, 35.6240727], [-82.1865825, 35.624097699999986], [-82.1865115, 35.6241067], [-82.1864925, 35.6240057], [-82.18662450000001, 35.623988700000005]]]}, "properties": {"id": "old_fort-000692", "damage_class": 0, "damage_label": "no-damage", "confidence": 1.0, "area_m2": 122.06, "centroid": [-82.186563, 35.624043], "confidence_tier": "high", "sources": {"heuristic": 0, "cnn": 0, "margin": 1.0}, "footprint_source": "osm"}}, {"type": "Feature", "geometry": {"type": "Polygon", "coordinates": [[[-82.1863198, 35.623819299999994], [-82.1862912, 35.6236797], [-82.1863912, 35.62366569999999], [-82.1864198, 35.62380530000001], [-82.1863198, 35.623819299999994]]]}, "properties": {"id": "old_fort-000693", "damage_class": 1, "damage_label": "minor-damage", "confidence": 0.7, "area_m2": 144.26, "centroid": [-82.186356, 35.623742], "confidence_tier": "review", "sources": {"heuristic": 3, "cnn": 1, "margin": 1.0}, "footprint_source": "osm"}}, {"type": "Feature", "geometry": {"type": "Polygon", "coordinates": [[[-82.187455, 35.62443199999999], [-82.187321, 35.624439], [-82.187315, 35.624351999999995], [-82.187448, 35.624344999999984], [-82.187455, 35.62443199999999]]]}, "properties": {"id": "old_fort-000694", "damage_class": 0, "damage_label": "no-damage", "confidence": 1.0, "area_m2": 117.14, "centroid": [-82.187385, 35.624392], "confidence_tier": "high", "sources": {"heuristic": 0, "cnn": 0, "margin": 1.0}, "footprint_source": "osm"}}, {"type": "Feature", "geometry": {"type": "Polygon", "coordinates": [[[-82.186888, 35.62453599999999], [-82.186878, 35.62445400000001], [-82.186976, 35.624446], [-82.18698700000002, 35.624528], [-82.186888, 35.62453599999999]]]}, "properties": {"id": "old_fort-000695", "damage_class": 1, "damage_label": "minor-damage", "confidence": 0.85, "area_m2": 81.98, "centroid": [-82.186932, 35.624491], "confidence_tier": "high", "sources": {"heuristic": 0, "cnn": 1, "margin": 1.0}, "footprint_source": "osm"}}, {"type": "Feature", "geometry": {"type": "Polygon", "coordinates": [[[-82.186653, 35.624610000000004], [-82.186651, 35.62459599999999], [-82.186582, 35.624603999999984], [-82.186567, 35.62451800000001], [-82.18668600000001, 35.624503999999995], [-82.186705, 35.624604], [-82.186653, 35.624610000000004]]]}, "properties": {"id": "old_fort-000696", "damage_class": 0, "damage_label": "no-damage", "confidence": 1.0, "area_m2": 113.02, "centroid": [-82.186637, 35.624557], "confidence_tier": "high", "sources": {"heuristic": 0, "cnn": 0, "margin": 1.0}, "footprint_source": "osm"}}, {"type": "Feature", "geometry": {"type": "Polygon", "coordinates": [[[-82.18689500000002, 35.62500699999999], [-82.186902, 35.62504100000001], [-82.186823, 35.625052], [-82.1868, 35.624936999999996], [-82.18690500000001, 35.624923], [-82.186921, 35.625004000000004], [-82.18689500000002, 35.62500699999999]]]}, "properties": {"id": "old_fort-000697", "damage_class": 2, "damage_label": "major-damage", "confidence": 0.85, "area_m2": 115.08, "centroid": [-82.18686, 35.624985], "confidence_tier": "high", "sources": {"heuristic": 1, "cnn": 2, "margin": 1.0}, "footprint_source": "osm"}}, {"type": "Feature", "geometry": {"type": "Polygon", "coordinates": [[[-82.1854066, 35.62495640000001], [-82.1853166, 35.6248474], [-82.1853866, 35.6248094], [-82.1854766, 35.624918400000006], [-82.1854066, 35.62495640000001]]]}, "properties": {"id": "old_fort-000698", "damage_class": 2, "damage_label": "major-damage", "confidence": 0.85, "area_m2": 111.01, "centroid": [-82.185397, 35.624883], "confidence_tier": "high", "sources": {"heuristic": 1, "cnn": 2, "margin": 1.0}, "footprint_source": "osm"}}, {"type": "Feature", "geometry": {"type": "Polygon", "coordinates": [[[-82.18863, 35.624478999999994], [-82.188632, 35.62462099999999], [-82.188519, 35.624621999999995], [-82.188517, 35.62448], [-82.18863, 35.624478999999994]]]}, "properties": {"id": "old_fort-000699", "damage_class": 0, "damage_label": "no-damage", "confidence": 1.0, "area_m2": 161.22, "centroid": [-82.188575, 35.624551], "confidence_tier": "high", "sources": {"heuristic": 0, "cnn": 0, "margin": 1.0}, "footprint_source": "osm"}}, {"type": "Feature", "geometry": {"type": "Polygon", "coordinates": [[[-82.189196, 35.624589], [-82.189184, 35.62443100000001], [-82.189264, 35.62442599999999], [-82.189266, 35.624453], [-82.189306, 35.624449999999996], [-82.189317, 35.62458299999999], [-82.189196, 35.624589]]]}, "properties": {"id": "old_fort-000700", "damage_class": 0, "damage_label": "no-damage", "confidence": 0.85, "area_m2": 182.09, "centroid": [-82.189248, 35.624511], "confidence_tier": "high", "sources": {"heuristic": 1, "cnn": 0, "margin": 1.0}, "footprint_source": "osm"}}, {"type": "Feature", "geometry": {"type": "Polygon", "coordinates": [[[-82.189557, 35.625179], [-82.189597, 35.62525699999998], [-82.18936600000002, 35.62533499999999], [-82.189326, 35.62525699999998], [-82.189557, 35.625179]]]}, "properties": {"id": "old_fort-000701", "damage_class": 0, "damage_label": "no-damage", "confidence": 0.85, "area_m2": 212.35, "centroid": [-82.189462, 35.625257], "confidence_tier": "high", "sources": {"heuristic": 1, "cnn": 0, "margin": 1.0}, "footprint_source": "osm"}}, {"type": "Feature", "geometry": {"type": "Polygon", "coordinates": [[[-82.189465, 35.625862999999995], [-82.189406, 35.625861], [-82.18941300000002, 35.625691999999994], [-82.189505, 35.625695], [-82.189501, 35.62577000000001], [-82.18947, 35.625769], [-82.189465, 35.625862999999995]]]}, "properties": {"id": "old_fort-000702", "damage_class": 0, "damage_label": "no-damage", "confidence": 1.0, "area_m2": 125.75, "centroid": [-82.189448, 35.625769], "confidence_tier": "high", "sources": {"heuristic": 0, "cnn": 0, "margin": 1.0}, "footprint_source": "osm"}}, {"type": "Feature", "geometry": {"type": "Polygon", "coordinates": [[[-82.190261, 35.62497799999999], [-82.190361, 35.625032], [-82.19022, 35.62520399999999], [-82.190119, 35.625150000000005], [-82.190261, 35.62497799999999]]]}, "properties": {"id": "old_fort-000703", "damage_class": 1, "damage_label": "minor-damage", "confidence": 0.85, "area_m2": 250.41, "centroid": [-82.19024, 35.625091], "confidence_tier": "high", "sources": {"heuristic": 2, "cnn": 1, "margin": 1.0}, "footprint_source": "osm"}}, {"type": "Feature", "geometry": {"type": "Polygon", "coordinates": [[[-82.1906871, 35.6249141], [-82.1905821, 35.62491309999999], [-82.1905831, 35.62486110000001], [-82.1905661, 35.6248611], [-82.1905661, 35.6248081], [-82.19068810000002, 35.6248091], [-82.1906871, 35.6249141]]]}, "properties": {"id": "old_fort-000704", "damage_class": 0, "damage_label": "no-damage", "confidence": 0.7, "area_m2": 119.47, "centroid": [-82.190631, 35.624859], "confidence_tier": "review", "sources": {"heuristic": 3, "cnn": 0, "margin": 1.0}, "footprint_source": "osm"}}, {"type": "Feature", "geometry": {"type": "Polygon", "coordinates": [[[-82.190095, 35.624896], [-82.190001, 35.624961000000006], [-82.189937, 35.624900999999994], [-82.190031, 35.624835], [-82.190095, 35.624896]]]}, "properties": {"id": "old_fort-000705", "damage_class": 1, "damage_label": "minor-damage", "confidence": 1.0, "area_m2": 99.24, "centroid": [-82.190016, 35.624898], "confidence_tier": "high", "sources": {"heuristic": 1, "cnn": 1, "margin": 1.0}, "footprint_source": "osm"}}, {"type": "Feature", "geometry": {"type": "Polygon", "coordinates": [[[-82.190801, 35.624148000000005], [-82.190706, 35.624151999999995], [-82.190698, 35.624016], [-82.190793, 35.62401199999999], [-82.190801, 35.624148000000005]]]}, "properties": {"id": "old_fort-000706", "damage_class": 1, "damage_label": "minor-damage", "confidence": 0.85, "area_m2": 130.12, "centroid": [-82.190749, 35.624082], "confidence_tier": "high", "sources": {"heuristic": 2, "cnn": 1, "margin": 1.0}, "footprint_source": "osm"}}, {"type": "Feature", "geometry": {"type": "Polygon", "coordinates": [[[-82.190355, 35.62405300000001], [-82.190505, 35.624038], [-82.190524, 35.624163], [-82.190374, 35.62417800000001], [-82.190355, 35.62405300000001]]]}, "properties": {"id": "old_fort-000707", "damage_class": 1, "damage_label": "minor-damage", "confidence": 0.85, "area_m2": 191.22, "centroid": [-82.19044, 35.624108], "confidence_tier": "high", "sources": {"heuristic": 2, "cnn": 1, "margin": 1.0}, "footprint_source": "osm"}}, {"type": "Feature", "geometry": {"type": "Polygon", "coordinates": [[[-82.1902075, 35.6246383], [-82.1901975, 35.6246183], [-82.1901495, 35.62463429999999], [-82.1901175, 35.6245743], [-82.1901555, 35.62456029999999], [-82.1901345, 35.6245223], [-82.1902855, 35.6244683], [-82.1903175, 35.62452729999999], [-82.1902995, 35.62453329999999], [-82.1903315, 35.6245943], [-82.1902075, 35.6246383]]]}, "properties": {"id": "old_fort-000708", "damage_class": 1, "damage_label": "minor-damage", "confidence": 1.0, "area_m2": 228.02, "centroid": [-82.190227, 35.624559], "confidence_tier": "high", "sources": {"heuristic": 1, "cnn": 1, "margin": 1.0}, "footprint_source": "osm"}}, {"type": "Feature", "geometry": {"type": "Polygon", "coordinates": [[[-82.1912909, 35.6241335], [-82.19129490000002, 35.62422349999999], [-82.1911729, 35.6242275], [-82.1911689, 35.6241375], [-82.1912909, 35.6241335]]]}, "properties": {"id": "old_fort-000709", "damage_class": 0, "damage_label": "no-damage", "confidence": 1.0, "area_m2": 110.47, "centroid": [-82.191232, 35.624181], "confidence_tier": "high", "sources": {"heuristic": 0, "cnn": 0, "margin": 1.0}, "footprint_source": "osm"}}, {"type": "Feature", "geometry": {"type": "Polygon", "coordinates": [[[-82.1917937, 35.6249618], [-82.1917429, 35.625048400000004], [-82.1916321, 35.625004600000004], [-82.1916839, 35.6249181], [-82.1917937, 35.6249618]]]}, "properties": {"id": "old_fort-000710", "damage_class": 1, "damage_label": "minor-damage", "confidence": 0.85, "area_m2": 118.45, "centroid": [-82.191713, 35.624983], "confidence_tier": "high", "sources": {"heuristic": 0, "cnn": 1, "margin": 1.0}, "footprint_source": "osm"}}, {"type": "Feature", "geometry": {"type": "Polygon", "coordinates": [[[-82.19227420000001, 35.6249171], [-82.1921412, 35.6248701], [-82.1921982, 35.6247631], [-82.1923102, 35.6248031], [-82.1922862, 35.62484709999999], [-82.1923072, 35.62485410000001], [-82.19227420000001, 35.6249171]]]}, "properties": {"id": "old_fort-000711", "damage_class": 1, "damage_label": "minor-damage", "confidence": 0.85, "area_m2": 158.32, "centroid": [-82.192231, 35.624841], "confidence_tier": "high", "sources": {"heuristic": 0, "cnn": 1, "margin": 1.0}, "footprint_source": "osm"}}, {"type": "Feature", "geometry": {"type": "Polygon", "coordinates": [[[-82.1922225, 35.6253633], [-82.1922215, 35.62538229999999], [-82.1921525, 35.62538129999999], [-82.1921555, 35.62523929999999], [-82.1922645, 35.625241300000006], [-82.1922615, 35.62536429999999], [-82.1922225, 35.6253633]]]}, "properties": {"id": "old_fort-000712", "damage_class": 1, "damage_label": "minor-damage", "confidence": 0.85, "area_m2": 147.57, "centroid": [-82.192207, 35.625308], "confidence_tier": "high", "sources": {"heuristic": 0, "cnn": 1, "margin": 1.0}, "footprint_source": "osm"}}, {"type": "Feature", "geometry": {"type": "Polygon", "coordinates": [[[-82.192824, 35.626564], [-82.192914, 35.626594999999995], [-82.19287300000002, 35.626675000000006], [-82.192783, 35.626643999999985], [-82.192824, 35.626564]]]}, "properties": {"id": "old_fort-000713", "damage_class": 2, "damage_label": "major-damage", "confidence": 0.7, "area_m2": 85.1, "centroid": [-82.192849, 35.62662], "confidence_tier": "review", "sources": {"heuristic": 0, "cnn": 2, "margin": 1.0}, "footprint_source": "osm"}}, {"type": "Feature", "geometry": {"type": "Polygon", "coordinates": [[[-82.191397, 35.626266], [-82.191504, 35.626345], [-82.191449, 35.626394], [-82.191343, 35.626315], [-82.191397, 35.626266]]]}, "properties": {"id": "old_fort-000714", "damage_class": 1, "damage_label": "minor-damage", "confidence": 0.85, "area_m2": 95.67, "centroid": [-82.191423, 35.62633], "confidence_tier": "high", "sources": {"heuristic": 0, "cnn": 1, "margin": 1.0}, "footprint_source": "osm"}}, {"type": "Feature", "geometry": {"type": "Polygon", "coordinates": [[[-82.191691, 35.62612200000001], [-82.19162800000001, 35.626137], [-82.19158300000001, 35.62600400000001], [-82.191646, 35.62599], [-82.191691, 35.62612200000001]]]}, "properties": {"id": "old_fort-000715", "damage_class": 3, "damage_label": "destroyed", "confidence": 0.7, "area_m2": 90.41, "centroid": [-82.191637, 35.626063], "confidence_tier": "review", "sources": {"heuristic": 0, "cnn": 3, "margin": 1.0}, "footprint_source": "osm"}}, {"type": "Feature", "geometry": {"type": "Polygon", "coordinates": [[[-82.190885, 35.626204], [-82.190991, 35.626251], [-82.190931, 35.62634199999999], [-82.190824, 35.626294999999985], [-82.190885, 35.626204]]]}, "properties": {"id": "old_fort-000716", "damage_class": 2, "damage_label": "major-damage", "confidence": 0.7, "area_m2": 125.92, "centroid": [-82.190908, 35.626273], "confidence_tier": "review", "sources": {"heuristic": 0, "cnn": 2, "margin": 1.0}, "footprint_source": "osm"}}, {"type": "Feature", "geometry": {"type": "Polygon", "coordinates": [[[-82.1910121, 35.62616669999999], [-82.1908589, 35.626111], [-82.1908999, 35.62603529999999], [-82.1910531, 35.626091], [-82.1910121, 35.62616669999999]]]}, "properties": {"id": "old_fort-000717", "damage_class": 1, "damage_label": "minor-damage", "confidence": 0.85, "area_m2": 139.44, "centroid": [-82.190956, 35.626101], "confidence_tier": "high", "sources": {"heuristic": 0, "cnn": 1, "margin": 1.0}, "footprint_source": "osm"}}, {"type": "Feature", "geometry": {"type": "Polygon", "coordinates": [[[-82.19613240000001, 35.61777899999999], [-82.1960264, 35.617788], [-82.1960124, 35.617681], [-82.1961914, 35.61766599999999], [-82.1962014, 35.617746], [-82.1961284, 35.61775199999999], [-82.19613240000001, 35.61777899999999]]]}, "properties": {"id": "old_fort-000718", "damage_class": 1, "damage_label": "minor-damage", "confidence": 1.0, "area_m2": 174.14, "centroid": [-82.196102, 35.617723], "confidence_tier": "high", "sources": {"heuristic": 1, "cnn": 1, "margin": 1.0}, "footprint_source": "osm"}}, {"type": "Feature", "geometry": {"type": "Polygon", "coordinates": [[[-82.1955804, 35.61773719999999], [-82.19586440000002, 35.6177282], [-82.1958694, 35.617824199999994], [-82.1955854, 35.61783319999999], [-82.1955804, 35.61773719999999]]]}, "properties": {"id": "old_fort-000719", "damage_class": 1, "damage_label": "minor-damage", "confidence": 0.85, "area_m2": 274.37, "centroid": [-82.195725, 35.617781], "confidence_tier": "high", "sources": {"heuristic": 0, "cnn": 1, "margin": 1.0}, "footprint_source": "osm"}}, {"type": "Feature", "geometry": {"type": "Polygon", "coordinates": [[[-82.1783108, 35.6226427], [-82.1782773, 35.6226003], [-82.1783317, 35.62257189999999], [-82.17836520000002, 35.62261429999999], [-82.1783108, 35.6226427]]]}, "properties": {"id": "old_fort-000720", "damage_class": 0, "damage_label": "no-damage", "confidence": 0.7, "area_m2": 32.73, "centroid": [-82.178321, 35.622607], "confidence_tier": "review", "sources": {"heuristic": 2, "cnn": 0, "margin": 1.0}, "footprint_source": "osm"}}, {"type": "Feature", "geometry": {"type": "Polygon", "coordinates": [[[-82.1859556, 35.6320927], [-82.1859137, 35.6320472], [-82.1860019, 35.6319936], [-82.1860438, 35.6320391], [-82.1859556, 35.6320927]]]}, "properties": {"id": "old_fort-000721", "damage_class": 0, "damage_label": "no-damage", "confidence": 0.85, "area_m2": 62.87, "centroid": [-82.185979, 35.632043], "confidence_tier": "high", "sources": {"heuristic": 1, "cnn": 0, "margin": 1.0}, "footprint_source": "osm"}}, {"type": "Feature", "geometry": {"type": "Polygon", "coordinates": [[[-82.18921530000001, 35.6357897], [-82.1892432, 35.635750200000004], [-82.1892829, 35.63576879999999], [-82.1892551, 35.635808200000014], [-82.18921530000001, 35.6357897]]]}, "properties": {"id": "old_fort-000722", "damage_class": 3, "damage_label": "destroyed", "confidence": 0.7, "area_m2": 20.94, "centroid": [-82.189249, 35.635779], "confidence_tier": "review", "sources": {"heuristic": 1, "cnn": 3, "margin": 1.0}, "footprint_source": "osm"}}, {"type": "Feature", "geometry": {"type": "Polygon", "coordinates": [[[-82.1893231, 35.635748400000004], [-82.1893651, 35.635701], [-82.1895303, 35.6357976], [-82.1894883, 35.635845], [-82.1893231, 35.635748400000004]]]}, "properties": {"id": "old_fort-000723", "damage_class": 1, "damage_label": "minor-damage", "confidence": 0.85, "area_m2": 119.41, "centroid": [-82.189427, 35.635773], "confidence_tier": "high", "sources": {"heuristic": 2, "cnn": 1, "margin": 1.0}, "footprint_source": "osm"}}, {"type": "Feature", "geometry": {"type": "Polygon", "coordinates": [[[-82.18196100000002, 35.6261414], [-82.1819613, 35.626105100000004], [-82.1821488, 35.626106199999995], [-82.1821485, 35.62614249999999], [-82.18196100000002, 35.6261414]]]}, "properties": {"id": "old_fort-000724", "damage_class": 3, "damage_label": "destroyed", "confidence": 0.7, "area_m2": 68.38, "centroid": [-82.182055, 35.626124], "confidence_tier": "review", "sources": {"heuristic": 1, "cnn": 3, "margin": 1.0}, "footprint_source": "osm"}}, {"type": "Feature", "geometry": {"type": "Polygon", "coordinates": [[[-82.1819496, 35.626038699999995], [-82.1819494, 35.626003], [-82.1821353, 35.6260025], [-82.1821355, 35.626038099999995], [-82.1819496, 35.626038699999995]]]}, "properties": {"id": "old_fort-000725", "damage_class": 3, "damage_label": "destroyed", "confidence": 0.7, "area_m2": 66.58, "centroid": [-82.182042, 35.626021], "confidence_tier": "review", "sources": {"heuristic": 1, "cnn": 3, "margin": 1.0}, "footprint_source": "osm"}}, {"type": "Feature", "geometry": {"type": "Polygon", "coordinates": [[[-82.1819635, 35.62594760000001], [-82.181967, 35.6259084], [-82.1821211, 35.6259175], [-82.1821176, 35.6259566], [-82.1819635, 35.62594760000001]]]}, "properties": {"id": "old_fort-000726", "damage_class": 0, "damage_label": "no-damage", "confidence": 1.0, "area_m2": 60.92, "centroid": [-82.182042, 35.625933], "confidence_tier": "high", "sources": {"heuristic": 0, "cnn": 0, "margin": 1.0}, "footprint_source": "osm"}}, {"type": "Feature", "geometry": {"type": "Polygon", "coordinates": [[[-82.1822406, 35.6259477], [-82.1822418, 35.6259133], [-82.1824087, 35.62591720000001], [-82.1824075, 35.62595159999999], [-82.1822406, 35.6259477]]]}, "properties": {"id": "old_fort-000727", "damage_class": 0, "damage_label": "no-damage", "confidence": 0.7, "area_m2": 57.72, "centroid": [-82.182325, 35.625932], "confidence_tier": "review", "sources": {"heuristic": 3, "cnn": 0, "margin": 1.0}, "footprint_source": "osm"}}, {"type": "Feature", "geometry": {"type": "Polygon", "coordinates": [[[-82.1822422, 35.62568219999999], [-82.1822449, 35.6256458], [-82.1823963, 35.6256533], [-82.1823936, 35.62568970000001], [-82.1822422, 35.62568219999999]]]}, "properties": {"id": "old_fort-000728", "damage_class": 0, "damage_label": "no-damage", "confidence": 1.0, "area_m2": 55.56, "centroid": [-82.182319, 35.625668], "confidence_tier": "high", "sources": {"heuristic": 0, "cnn": 0, "margin": 1.0}, "footprint_source": "osm"}}, {"type": "Feature", "geometry": {"type": "Polygon", "coordinates": [[[-82.1822396, 35.62576810000001], [-82.1822413, 35.625731099999996], [-82.1824177, 35.625736700000004], [-82.1824159, 35.6257736], [-82.1822396, 35.62576810000001]]]}, "properties": {"id": "old_fort-000729", "damage_class": 0, "damage_label": "no-damage", "confidence": 0.85, "area_m2": 65.56, "centroid": [-82.182329, 35.625752], "confidence_tier": "high", "sources": {"heuristic": 1, "cnn": 0, "margin": 1.0}, "footprint_source": "osm"}}, {"type": "Feature", "geometry": {"type": "Polygon", "coordinates": [[[-82.1822356, 35.6258537], [-82.1822384, 35.62581529999999], [-82.1824088, 35.6258235], [-82.182406, 35.625862], [-82.1822356, 35.6258537]]]}, "properties": {"id": "old_fort-000730", "damage_class": 0, "damage_label": "no-damage", "confidence": 0.7, "area_m2": 66.05, "centroid": [-82.182322, 35.625839], "confidence_tier": "review", "sources": {"heuristic": 3, "cnn": 0, "margin": 1.0}, "footprint_source": "osm"}}, {"type": "Feature", "geometry": {"type": "Polygon", "coordinates": [[[-82.1799635, 35.62844419999999], [-82.1799399, 35.628214199999995], [-82.1802193, 35.6281953], [-82.1802429, 35.628425299999996], [-82.1799635, 35.62844419999999]]]}, "properties": {"id": "old_fort-000731", "damage_class": 0, "damage_label": "no-damage", "confidence": 1.0, "area_m2": 650.02, "centroid": [-82.180091, 35.62832], "confidence_tier": "high", "sources": {"heuristic": 0, "cnn": 0, "margin": 1.0}, "footprint_source": "osm"}}, {"type": "Feature", "geometry": {"type": "Polygon", "coordinates": [[[-82.1853853, 35.6275301], [-82.1853525, 35.62752059999999], [-82.1853432, 35.627542], [-82.185264, 35.62751920000001], [-82.1853128, 35.6274072], [-82.1853875, 35.62742860000001], [-82.1853727, 35.6274625], [-82.1854101, 35.6274732], [-82.1853853, 35.6275301]]]}, "properties": {"id": "old_fort-000732", "damage_class": 0, "damage_label": "no-damage", "confidence": 0.85, "area_m2": 119.66, "centroid": [-82.185337, 35.627479], "confidence_tier": "high", "sources": {"heuristic": 1, "cnn": 0, "margin": 1.0}, "footprint_source": "osm"}}, {"type": "Feature", "geometry": {"type": "Polygon", "coordinates": [[[-82.1851679, 35.6274799], [-82.1851618, 35.62749659999999], [-82.1850929, 35.6274798], [-82.1851037, 35.627450599999996], [-82.1850683, 35.6274419], [-82.1851081, 35.6273346], [-82.185176, 35.627351200000014], [-82.1851718, 35.6273626], [-82.1852363, 35.6273784], [-82.1852287, 35.627399], [-82.1852377, 35.62740409999999], [-82.1852062, 35.62748929999999], [-82.1851679, 35.6274799]]]}, "properties": {"id": "old_fort-000733", "damage_class": 0, "damage_label": "no-damage", "confidence": 0.85, "area_m2": 183.09, "centroid": [-82.185153, 35.627418], "confidence_tier": "high", "sources": {"heuristic": 1, "cnn": 0, "margin": 1.0}, "footprint_source": "osm"}}, {"type": "Feature", "geometry": {"type": "Polygon", "coordinates": [[[-82.184786, 35.62743340000001], [-82.1847761, 35.62744949999999], [-82.1847023, 35.627427499999996], [-82.1847023, 35.6274129], [-82.1846753, 35.6274019], [-82.1847059, 35.627322199999995], [-82.18488050000002, 35.6273661], [-82.1848562, 35.627450199999984], [-82.184786, 35.62743340000001]]]}, "properties": {"id": "old_fort-000734", "damage_class": 3, "damage_label": "destroyed", "confidence": 0.7, "area_m2": 175.76, "centroid": [-82.184776, 35.62739], "confidence_tier": "review", "sources": {"heuristic": 0, "cnn": 3, "margin": 1.0}, "footprint_source": "osm"}}, {"type": "Feature", "geometry": {"type": "Polygon", "coordinates": [[[-82.18145, 35.62856589999999], [-82.181432, 35.6283676], [-82.1817315, 35.628357599999994], [-82.18174120000002, 35.6284752], [-82.1817677, 35.62848300000001], [-82.1817748, 35.6285491], [-82.18145, 35.62856589999999]]]}, "properties": {"id": "old_fort-000735", "damage_class": 0, "damage_label": "no-damage", "confidence": 1.0, "area_m2": 607.54, "centroid": [-82.181595, 35.628462], "confidence_tier": "high", "sources": {"heuristic": 0, "cnn": 0, "margin": 1.0}, "footprint_source": "osm"}}, {"type": "Feature", "geometry": {"type": "Polygon", "coordinates": [[[-82.1780707, 35.6307264], [-82.1779998, 35.630639599999995], [-82.1781225, 35.630575799999995], [-82.1781858, 35.630671899999996], [-82.1780707, 35.6307264]]]}, "properties": {"id": "old_fort-000736", "damage_class": 0, "damage_label": "no-damage", "confidence": 1.0, "area_m2": 149.09, "centroid": [-82.178095, 35.630653], "confidence_tier": "high", "sources": {"heuristic": 0, "cnn": 0, "margin": 1.0}, "footprint_source": "osm"}}, {"type": "Feature", "geometry": {"type": "Polygon", "coordinates": [[[-82.1766285, 35.6313689], [-82.1765774, 35.631303800000005], [-82.1765347, 35.6313044], [-82.1764951, 35.631259199999995], [-82.176553, 35.6312276], [-82.1765607, 35.63123689999999], [-82.1766422, 35.6311997], [-82.1767329, 35.6313094], [-82.1766285, 35.6313689]]]}, "properties": {"id": "old_fort-000737", "damage_class": 0, "damage_label": "no-damage", "confidence": 1.0, "area_m2": 200.69, "centroid": [-82.17662, 35.631281], "confidence_tier": "high", "sources": {"heuristic": 0, "cnn": 0, "margin": 1.0}, "footprint_source": "osm"}}, {"type": "Feature", "geometry": {"type": "Polygon", "coordinates": [[[-82.1799355, 35.629678199999994], [-82.1797881, 35.62949269999999], [-82.1800411, 35.629374599999984], [-82.1801765, 35.6295532], [-82.1799355, 35.629678199999994]]]}, "properties": {"id": "old_fort-000738", "damage_class": 0, "damage_label": "no-damage", "confidence": 1.0, "area_m2": 624.35, "centroid": [-82.179984, 35.629525], "confidence_tier": "high", "sources": {"heuristic": 0, "cnn": 0, "margin": 1.0}, "footprint_source": "osm"}}, {"type": "Feature", "geometry": {"type": "Polygon", "coordinates": [[[-82.180258, 35.6296091], [-82.1801716, 35.62948180000001], [-82.1802864, 35.62943570000001], [-82.1803707, 35.62955319999999], [-82.180258, 35.6296091]]]}, "properties": {"id": "old_fort-000739", "damage_class": 0, "damage_label": "no-damage", "confidence": 0.85, "area_m2": 183.59, "centroid": [-82.180271, 35.629521], "confidence_tier": "high", "sources": {"heuristic": 1, "cnn": 0, "margin": 1.0}, "footprint_source": "osm"}}, {"type": "Feature", "geometry": {"type": "Polygon", "coordinates": [[[-82.1814956, 35.629381499999994], [-82.1814368, 35.62924499999998], [-82.1815303, 35.629217299999986], [-82.1815906, 35.6293596], [-82.1814956, 35.629381499999994]]]}, "properties": {"id": "old_fort-000740", "damage_class": 0, "damage_label": "no-damage", "confidence": 1.0, "area_m2": 146.81, "centroid": [-82.181514, 35.629301], "confidence_tier": "high", "sources": {"heuristic": 0, "cnn": 0, "margin": 1.0}, "footprint_source": "osm"}}, {"type": "Feature", "geometry": {"type": "Polygon", "coordinates": [[[-82.1807053, 35.62939130000001], [-82.1805912, 35.629238599999994], [-82.1807095, 35.629181599999995], [-82.180818, 35.629333700000004], [-82.1807053, 35.62939130000001]]]}, "properties": {"id": "old_fort-000741", "damage_class": 0, "damage_label": "no-damage", "confidence": 1.0, "area_m2": 240.88, "centroid": [-82.180706, 35.629286], "confidence_tier": "high", "sources": {"heuristic": 0, "cnn": 0, "margin": 1.0}, "footprint_source": "osm"}}, {"type": "Feature", "geometry": {"type": "Polygon", "coordinates": [[[-82.1801475, 35.6275401], [-82.1801443, 35.62748450000001], [-82.1802444, 35.62748070000001], [-82.1802476, 35.6275363], [-82.1801475, 35.6275401]]]}, "properties": {"id": "old_fort-000742", "damage_class": 0, "damage_label": "no-damage", "confidence": 0.85, "area_m2": 56.03, "centroid": [-82.180196, 35.62751], "confidence_tier": "high", "sources": {"heuristic": 1, "cnn": 0, "margin": 1.0}, "footprint_source": "osm"}}, {"type": "Feature", "geometry": {"type": "Polygon", "coordinates": [[[-82.1814149, 35.6264259], [-82.1814005, 35.62631900000001], [-82.1816788, 35.626310100000005], [-82.1816847, 35.626416299999995], [-82.1814149, 35.6264259]]]}, "properties": {"id": "old_fort-000743", "damage_class": 0, "damage_label": "no-damage", "confidence": 1.0, "area_m2": 294.28, "centroid": [-82.181544, 35.626368], "confidence_tier": "high", "sources": {"heuristic": 0, "cnn": 0, "margin": 1.0}, "footprint_source": "osm"}}, {"type": "Feature", "geometry": {"type": "Polygon", "coordinates": [[[-82.1854144, 35.62645469999999], [-82.18543220000001, 35.62635439999999], [-82.185566, 35.6263701], [-82.1855482, 35.62647030000001], [-82.1854144, 35.62645469999999]]]}, "properties": {"id": "old_fort-000744", "damage_class": 0, "damage_label": "no-damage", "confidence": 0.85, "area_m2": 137.55, "centroid": [-82.18549, 35.626412], "confidence_tier": "high", "sources": {"heuristic": 1, "cnn": 0, "margin": 1.0}, "footprint_source": "osm"}}, {"type": "Feature", "geometry": {"type": "Polygon", "coordinates": [[[-82.1850631, 35.6269369], [-82.1850303, 35.62692860000001], [-82.1850327, 35.6269379], [-82.1849869, 35.62692710000001], [-82.1849839, 35.62691629999999], [-82.1849538, 35.62690800000001], [-82.1849525, 35.6268996], [-82.1849219, 35.6268923], [-82.1849528, 35.6268074], [-82.1850366, 35.6268275], [-82.1850319, 35.6268404], [-82.1850683, 35.6268492], [-82.1850744, 35.6268609], [-82.1850907, 35.62686510000001], [-82.1850631, 35.6269369]]]}, "properties": {"id": "old_fort-000745", "damage_class": 0, "damage_label": "no-damage", "confidence": 1.0, "area_m2": 139.29, "centroid": [-82.185006, 35.626875], "confidence_tier": "high", "sources": {"heuristic": 0, "cnn": 0, "margin": 1.0}, "footprint_source": "osm"}}, {"type": "Feature", "geometry": {"type": "Polygon", "coordinates": [[[-82.1850103, 35.627094899999996], [-82.1849846, 35.627088099999995], [-82.1849801, 35.62709929999999], [-82.184926, 35.6270852], [-82.1849317, 35.6270708], [-82.1848995, 35.6270624], [-82.1848989, 35.6270535], [-82.1848708, 35.62704850000001], [-82.1848862, 35.6269917], [-82.1850165, 35.6270114], [-82.18501710000001, 35.6270217], [-82.1850372, 35.627027000000005], [-82.1850103, 35.627094899999996]]]}, "properties": {"id": "old_fort-000746", "damage_class": 0, "damage_label": "no-damage", "confidence": 1.0, "area_m2": 116.44, "centroid": [-82.184955, 35.627043], "confidence_tier": "high", "sources": {"heuristic": 0, "cnn": 0, "margin": 1.0}, "footprint_source": "osm"}}, {"type": "Feature", "geometry": {"type": "Polygon", "coordinates": [[[-82.1849489, 35.627248599999994], [-82.18492, 35.6272413], [-82.18492, 35.62724810000001], [-82.1848663, 35.627236399999994], [-82.1848724, 35.6272065], [-82.1848175, 35.627189800000004], [-82.1848338, 35.6271418], [-82.1849731, 35.6271824], [-82.1849489, 35.627248599999994]]]}, "properties": {"id": "old_fort-000747", "damage_class": 1, "damage_label": "minor-damage", "confidence": 1.0, "area_m2": 95.91, "centroid": [-82.184898, 35.627196], "confidence_tier": "high", "sources": {"heuristic": 1, "cnn": 1, "margin": 1.0}, "footprint_source": "osm"}}, {"type": "Feature", "geometry": {"type": "Polygon", "coordinates": [[[-82.1878389, 35.62747939999999], [-82.1877994, 35.6274762], [-82.1877839, 35.6276024], [-82.1877355, 35.62759849999999], [-82.18774290000002, 35.6275384], [-82.1876907, 35.6275342], [-82.18771, 35.627377], [-82.1878501, 35.6273883], [-82.1878389, 35.62747939999999]]]}, "properties": {"id": "old_fort-000748", "damage_class": 0, "damage_label": "no-damage", "confidence": 1.0, "area_m2": 226.42, "centroid": [-82.187764, 35.62747], "confidence_tier": "high", "sources": {"heuristic": 0, "cnn": 0, "margin": 1.0}, "footprint_source": "osm"}}, {"type": "Feature", "geometry": {"type": "Polygon", "coordinates": [[[-82.1875681, 35.6275937], [-82.18754760000002, 35.62759059999999], [-82.1875418, 35.627615899999995], [-82.1874853, 35.6276074], [-82.1874985, 35.6275493], [-82.1875756, 35.6275608], [-82.1875681, 35.6275937]]]}, "properties": {"id": "old_fort-000749", "damage_class": 1, "damage_label": "minor-damage", "confidence": 1.0, "area_m2": 41.16, "centroid": [-82.187527, 35.627581], "confidence_tier": "high", "sources": {"heuristic": 1, "cnn": 1, "margin": 1.0}, "footprint_source": "osm"}}, {"type": "Feature", "geometry": {"type": "Polygon", "coordinates": [[[-82.1866726, 35.6277178], [-82.1866822, 35.6276219], [-82.186754, 35.62762670000001], [-82.1867444, 35.6277226], [-82.1866726, 35.6277178]]]}, "properties": {"id": "old_fort-000750", "damage_class": 3, "damage_label": "destroyed", "confidence": 0.7, "area_m2": 69.63, "centroid": [-82.186713, 35.627672], "confidence_tier": "review", "sources": {"heuristic": 0, "cnn": 3, "margin": 1.0}, "footprint_source": "osm"}}, {"type": "Feature", "geometry": {"type": "Polygon", "coordinates": [[[-82.1874007, 35.6279653], [-82.1873957, 35.62794829999999], [-82.187301, 35.62796649999999], [-82.1872978, 35.6279837], [-82.187264, 35.62799019999999], [-82.18724620000002, 35.62792879999999], [-82.1874621, 35.627887399999985], [-82.1874759, 35.6279347], [-82.187459, 35.62793789999999], [-82.1874634, 35.627953299999994], [-82.1874007, 35.6279653]]]}, "properties": {"id": "old_fort-000751", "damage_class": 2, "damage_label": "major-damage", "confidence": 1.0, "area_m2": 122.43, "centroid": [-82.187363, 35.627935], "confidence_tier": "high", "sources": {"heuristic": 2, "cnn": 2, "margin": 1.0}, "footprint_source": "osm"}}, {"type": "Feature", "geometry": {"type": "Polygon", "coordinates": [[[-82.1877665, 35.6292705], [-82.187777, 35.6292359], [-82.1877316, 35.6292269], [-82.1877558, 35.629146599999984], [-82.1877709, 35.62913940000001], [-82.1877773, 35.629121000000005], [-82.1878659, 35.6291416], [-82.1878659, 35.62915530000001], [-82.1878748, 35.629160299999995], [-82.1878373, 35.6292846], [-82.1877665, 35.6292705]]]}, "properties": {"id": "old_fort-000752", "damage_class": 0, "damage_label": "no-damage", "confidence": 1.0, "area_m2": 153.59, "centroid": [-82.187806, 35.629199], "confidence_tier": "high", "sources": {"heuristic": 0, "cnn": 0, "margin": 1.0}, "footprint_source": "osm"}}, {"type": "Feature", "geometry": {"type": "Polygon", "coordinates": [[[-82.1896083, 35.6279379], [-82.1895454, 35.62792950000001], [-82.1895429, 35.62794229999999], [-82.1894505, 35.627930000000006], [-82.1894492, 35.62792340000001], [-82.1894161, 35.627919], [-82.1894205, 35.6278971], [-82.1893803, 35.6278918], [-82.1893921, 35.6278329], [-82.1896232, 35.6278635], [-82.1896083, 35.6279379]]]}, "properties": {"id": "old_fort-000753", "damage_class": 0, "damage_label": "no-damage", "confidence": 0.85, "area_m2": 185.37, "centroid": [-82.189503, 35.627888], "confidence_tier": "high", "sources": {"heuristic": 1, "cnn": 0, "margin": 1.0}, "footprint_source": "osm"}}, {"type": "Feature", "geometry": {"type": "Polygon", "coordinates": [[[-82.1779093, 35.6334696], [-82.1779135, 35.633496], [-82.1778604, 35.633501599999995], [-82.1778555, 35.633470800000005], [-82.1777657, 35.633480199999994], [-82.177754, 35.6334065], [-82.1778298, 35.6333986], [-82.1778271, 35.6333812], [-82.1778879, 35.63337479999999], [-82.1778903, 35.6333895], [-82.1779469, 35.63338350000001], [-82.1779598, 35.63346429999999], [-82.1779093, 35.6334696]]]}, "properties": {"id": "old_fort-000754", "damage_class": 1, "damage_label": "minor-damage", "confidence": 1.0, "area_m2": 176.83, "centroid": [-82.177861, 35.633435], "confidence_tier": "high", "sources": {"heuristic": 1, "cnn": 1, "margin": 1.0}, "footprint_source": "osm"}}, {"type": "Feature", "geometry": {"type": "Polygon", "coordinates": [[[-82.1774477, 35.6336037], [-82.17743850000001, 35.6335893], [-82.1773984, 35.63359299999999], [-82.1773879, 35.6335322], [-82.1774424, 35.63353], [-82.1774371, 35.633506], [-82.1775238, 35.6335044], [-82.1775422, 35.6335946], [-82.1774477, 35.6336037]]]}, "properties": {"id": "old_fort-000755", "damage_class": 0, "damage_label": "no-damage", "confidence": 1.0, "area_m2": 116.61, "centroid": [-82.177469, 35.633555], "confidence_tier": "high", "sources": {"heuristic": 0, "cnn": 0, "margin": 1.0}, "footprint_source": "osm"}}, {"type": "Feature", "geometry": {"type": "Polygon", "coordinates": [[[-82.1767967, 35.6336418], [-82.17680480000001, 35.6336835], [-82.1767141, 35.6336951], [-82.1767085, 35.633666299999994], [-82.1766835, 35.6336695], [-82.1766761, 35.63363139999999], [-82.1766958, 35.6336234], [-82.1766876, 35.63358079999999], [-82.1767887, 35.6335679], [-82.1767922, 35.6335859], [-82.1768382, 35.63358000000001], [-82.1768488, 35.63363509999999], [-82.1767967, 35.6336418]]]}, "properties": {"id": "old_fort-000756", "damage_class": 1, "damage_label": "minor-damage", "confidence": 0.85, "area_m2": 150.41, "centroid": [-82.176758, 35.633628], "confidence_tier": "high", "sources": {"heuristic": 0, "cnn": 1, "margin": 1.0}, "footprint_source": "osm"}}, {"type": "Feature", "geometry": {"type": "Polygon", "coordinates": [[[-82.1763084, 35.633378199999996], [-82.1763128, 35.633390399999996], [-82.176225, 35.633411200000005], [-82.1761965, 35.6333316], [-82.1762776, 35.6333124], [-82.1762815, 35.6333234], [-82.17630930000001, 35.63331680000001], [-82.1763236, 35.63335659999999], [-82.1763229, 35.6333748], [-82.1763084, 35.633378199999996]]]}, "properties": {"id": "old_fort-000757", "damage_class": 1, "damage_label": "minor-damage", "confidence": 1.0, "area_m2": 87.71, "centroid": [-82.176262, 35.633359], "confidence_tier": "high", "sources": {"heuristic": 1, "cnn": 1, "margin": 1.0}, "footprint_source": "osm"}}, {"type": "Feature", "geometry": {"type": "Polygon", "coordinates": [[[-82.1759585, 35.6333769], [-82.1759532, 35.6333582], [-82.1758666, 35.6333748], [-82.1758475, 35.633294699999986], [-82.1760149, 35.633257300000004], [-82.1760287, 35.63335709999999], [-82.1759585, 35.6333769]]]}, "properties": {"id": "old_fort-000758", "damage_class": 1, "damage_label": "minor-damage", "confidence": 0.85, "area_m2": 154.71, "centroid": [-82.175944, 35.633321], "confidence_tier": "high", "sources": {"heuristic": 2, "cnn": 1, "margin": 1.0}, "footprint_source": "osm"}}, {"type": "Feature", "geometry": {"type": "Polygon", "coordinates": [[[-82.1761436, 35.63324449999999], [-82.1761091, 35.63316819999999], [-82.1761739, 35.6331488], [-82.1761682, 35.63313599999999], [-82.176228, 35.63311809999999], [-82.1762684, 35.6332072], [-82.1761436, 35.63324449999999]]]}, "properties": {"id": "old_fort-000759", "damage_class": 1, "damage_label": "minor-damage", "confidence": 0.85, "area_m2": 117.3, "centroid": [-82.17619, 35.633184], "confidence_tier": "high", "sources": {"heuristic": 2, "cnn": 1, "margin": 1.0}, "footprint_source": "osm"}}, {"type": "Feature", "geometry": {"type": "Polygon", "coordinates": [[[-82.1765192, 35.6332232], [-82.17650020000002, 35.63308820000001], [-82.176598, 35.6330807], [-82.1765993, 35.6331127], [-82.1766164, 35.63311329999999], [-82.1766216, 35.633136699999994], [-82.1765941, 35.63314789999999], [-82.1766052, 35.6332157], [-82.1765192, 35.6332232]]]}, "properties": {"id": "old_fort-000760", "damage_class": 1, "damage_label": "minor-damage", "confidence": 1.0, "area_m2": 128.16, "centroid": [-82.176557, 35.633149], "confidence_tier": "high", "sources": {"heuristic": 1, "cnn": 1, "margin": 1.0}, "footprint_source": "osm"}}, {"type": "Feature", "geometry": {"type": "Polygon", "coordinates": [[[-82.1780531, 35.63405480000001], [-82.1779439, 35.6340733], [-82.1779307, 35.634021999999995], [-82.1779084, 35.63402580000001], [-82.1778922, 35.6339631], [-82.1779232, 35.6339578], [-82.1779079, 35.633898599999995], [-82.1780041, 35.6338822], [-82.1780146, 35.6339227], [-82.1780563, 35.6339156], [-82.1780701, 35.6339694], [-82.1780327, 35.63397569999999], [-82.1780531, 35.63405480000001]]]}, "properties": {"id": "old_fort-000761", "damage_class": 1, "damage_label": "minor-damage", "confidence": 0.85, "area_m2": 226.9, "centroid": [-82.17798, 35.633977], "confidence_tier": "high", "sources": {"heuristic": 0, "cnn": 1, "margin": 1.0}, "footprint_source": "osm"}}, {"type": "Feature", "geometry": {"type": "Polygon", "coordinates": [[[-82.1775945, 35.6342525], [-82.1775118, 35.63425250000001], [-82.177493, 35.6342016], [-82.1775306, 35.63419309999999], [-82.1775171, 35.6341482], [-82.1776462, 35.634139], [-82.1776711, 35.6342354], [-82.1775945, 35.6342525]]]}, "properties": {"id": "old_fort-000762", "damage_class": 1, "damage_label": "minor-damage", "confidence": 0.85, "area_m2": 154.88, "centroid": [-82.177585, 35.634199], "confidence_tier": "high", "sources": {"heuristic": 0, "cnn": 1, "margin": 1.0}, "footprint_source": "osm"}}, {"type": "Feature", "geometry": {"type": "Polygon", "coordinates": [[[-82.1838154, 35.631941999999995], [-82.1838261, 35.6317998], [-82.1839347, 35.631805099999994], [-82.1839241, 35.631947399999994], [-82.1838154, 35.631941999999995]]]}, "properties": {"id": "old_fort-000763", "damage_class": 1, "damage_label": "minor-damage", "confidence": 1.0, "area_m2": 155.82, "centroid": [-82.183875, 35.631874], "confidence_tier": "high", "sources": {"heuristic": 1, "cnn": 1, "margin": 1.0}, "footprint_source": "osm"}}, {"type": "Feature", "geometry": {"type": "Polygon", "coordinates": [[[-82.1893843, 35.6263964], [-82.1893028, 35.6265691], [-82.1892546, 35.6265541], [-82.1893361, 35.6263813], [-82.1893843, 35.6263964]]]}, "properties": {"id": "old_fort-000764", "damage_class": 0, "damage_label": "no-damage", "confidence": 0.85, "area_m2": 95.97, "centroid": [-82.189319, 35.626475], "confidence_tier": "high", "sources": {"heuristic": 1, "cnn": 0, "margin": 1.0}, "footprint_source": "osm"}}, {"type": "Feature", "geometry": {"type": "Polygon", "coordinates": [[[-82.17613650000001, 35.63271389999999], [-82.1761668, 35.63279459999999], [-82.17602560000002, 35.6328297], [-82.1759947, 35.63274740000001], [-82.1759999, 35.6327461], [-82.1759957, 35.63273480000001], [-82.1760263, 35.63272719999999], [-82.1760312, 35.6327401], [-82.17613650000001, 35.63271389999999]]]}, "properties": {"id": "old_fort-000765", "damage_class": 1, "damage_label": "minor-damage", "confidence": 0.85, "area_m2": 129.56, "centroid": [-82.176079, 35.632771], "confidence_tier": "high", "sources": {"heuristic": 0, "cnn": 1, "margin": 1.0}, "footprint_source": "osm"}}]}