{"type": "FeatureCollection", "crs": {"type": "name", "properties": {"name": "urn:ogc:def:crs:OGC:1.3:CRS84"}}, "properties": {"event": "WildFires-LosAngeles-Jan-2025", "area": "palisades", "model": "fusion:cmu-classifier + change-detection (OSM footprints)", "pre_image": {"date": "2024-12-21", "source": "Maxar Open Data", "catalog_id": null, "gsd": null, "url": null}, "post_image": {"date": "2025-01-13", "source": "Maxar Open Data", "catalog_id": null, "gsd": null, "url": null}, "generated": "2026-08-30T00:11:38+00:00", "schema_version": "1.1", "tile_size": 1024, "notes": "Damage class from the xView2 CMU baseline classifier (ResNet50-v1 + CNN head, trained on xBD); a per-building confidence tier is fused from that model's softmax margin and agreement with an independent change-detection pass. 'review'-tier buildings are routed to the human review queue. Footprints are OpenStreetMap.", "counts": {"0": 885, "1": 61, "2": 26, "3": 66}, "n_buildings": 1038, "review": {"total_review": 273, "total_high": 765, "model_agreement_pct": 46.7}, "runtime_sec": 63.2}, "features": [{"type": "Feature", "geometry": {"type": "Polygon", "coordinates": [[[-118.5533367, 34.076741500000004], [-118.5533838, 34.07675509999999], [-118.55340679999999, 34.07670040000001], [-118.5535311, 34.0767363], [-118.5534993, 34.0768121], [-118.5534712, 34.076803999999996], [-118.5534607, 34.07682899999999], [-118.55340079999999, 34.0768117], [-118.5533386, 34.07695960000001], [-118.5533023, 34.076949099999986], [-118.55329549999999, 34.0769655], [-118.5532482, 34.0769518], [-118.5533367, 34.076741500000004]]]}, "properties": {"id": "palisades-000000", "damage_class": 0, "damage_label": "no-damage", "confidence": 1.0, "area_m2": 311.36, "centroid": [-118.55338, 34.076821], "confidence_tier": "high", "sources": {"heuristic": 0, "cnn": 0, "margin": 1.0}, "footprint_source": "osm"}}, {"type": "Feature", "geometry": {"type": "Polygon", "coordinates": [[[-118.54844370000002, 34.0742045], [-118.54842430000001, 34.07418680000001], [-118.5483938, 34.0742099], [-118.5483636, 34.0741823], [-118.54852189999998, 34.0740622], [-118.5485915, 34.074125699999996], [-118.54858470000002, 34.0741308], [-118.54862149999998, 34.0741643], [-118.5484614, 34.0742857], [-118.54840480000001, 34.07423399999998], [-118.54844370000002, 34.0742045]]]}, "properties": {"id": "palisades-000001", "damage_class": 0, "damage_label": "no-damage", "confidence": 0.85, "area_m2": 281.69, "centroid": [-118.548495, 34.074172], "confidence_tier": "high", "sources": {"heuristic": 1, "cnn": 0, "margin": 1.0}, "footprint_source": "osm"}}, {"type": "Feature", "geometry": {"type": "Polygon", "coordinates": [[[-118.5510485, 34.07625569999999], [-118.5510833, 34.07627079999999], [-118.55107620000001, 34.07628210000001], [-118.55108060000002, 34.076283999999994], [-118.55099070000001, 34.076427900000006], [-118.5508871, 34.076378899999995], [-118.5509791, 34.0762319], [-118.5510455, 34.0762606], [-118.5510485, 34.07625569999999]]]}, "properties": {"id": "palisades-000002", "damage_class": 0, "damage_label": "no-damage", "confidence": 0.85, "area_m2": 206.59, "centroid": [-118.550986, 34.076329], "confidence_tier": "high", "sources": {"heuristic": 1, "cnn": 0, "margin": 1.0}, "footprint_source": "osm"}}, {"type": "Feature", "geometry": {"type": "Polygon", "coordinates": [[[-118.5594914, 34.07123239999999], [-118.55942920000001, 34.071289500000006], [-118.55939820000002, 34.071266200000004], [-118.5593514, 34.07130920000001], [-118.55920660000001, 34.07120019999999], [-118.559237, 34.0711722], [-118.559228, 34.0711654], [-118.55926029999999, 34.07113559999999], [-118.5592683, 34.07114170000001], [-118.5593145, 34.0710992], [-118.5594914, 34.07123239999999]]]}, "properties": {"id": "palisades-000003", "damage_class": 0, "damage_label": "no-damage", "confidence": 1.0, "area_m2": 308.96, "centroid": [-118.559344, 34.071208], "confidence_tier": "high", "sources": {"heuristic": 0, "cnn": 0, "margin": 1.0}, "footprint_source": "osm"}}, {"type": "Feature", "geometry": {"type": "Polygon", "coordinates": [[[-118.56285940000001, 34.0723395], [-118.5628501, 34.0723444], [-118.5628952, 34.0724036], [-118.56290860000001, 34.0723966], [-118.5629375, 34.07243450000001], [-118.5628187, 34.0724972], [-118.56269230000001, 34.0723315], [-118.5627601, 34.0722957], [-118.56278409999999, 34.07232719999998], [-118.5628311, 34.0723024], [-118.56285940000001, 34.0723395]]]}, "properties": {"id": "palisades-000004", "damage_class": 0, "damage_label": "no-damage", "confidence": 1.0, "area_m2": 246.11, "centroid": [-118.562813, 34.072392], "confidence_tier": "high", "sources": {"heuristic": 0, "cnn": 0, "margin": 1.0}, "footprint_source": "osm"}}, {"type": "Feature", "geometry": {"type": "Polygon", "coordinates": [[[-118.54817650000001, 34.0739506], [-118.54821640000002, 34.07392039999999], [-118.54819759999998, 34.0739032], [-118.548167, 34.07392629999999], [-118.548134, 34.07389609999999], [-118.548293, 34.0737774], [-118.54836189999999, 34.07384], [-118.54835620000001, 34.0738443], [-118.5483933, 34.07387829999998], [-118.5482314, 34.0740009], [-118.54817650000001, 34.0739506]]]}, "properties": {"id": "palisades-000005", "damage_class": 0, "damage_label": "no-damage", "confidence": 0.7, "area_m2": 283.01, "centroid": [-118.548266, 34.073887], "confidence_tier": "review", "sources": {"heuristic": 2, "cnn": 0, "margin": 1.0}, "footprint_source": "osm"}}, {"type": "Feature", "geometry": {"type": "Polygon", "coordinates": [[[-118.5593513, 34.070924500000004], [-118.55924230000001, 34.0710262], [-118.5590696, 34.0708952], [-118.5591758, 34.070794299999996], [-118.5593513, 34.070924500000004]]]}, "properties": {"id": "palisades-000006", "damage_class": 0, "damage_label": "no-damage", "confidence": 1.0, "area_m2": 326.61, "centroid": [-118.55921, 34.07091], "confidence_tier": "high", "sources": {"heuristic": 0, "cnn": 0, "margin": 1.0}, "footprint_source": "osm"}}, {"type": "Feature", "geometry": {"type": "Polygon", "coordinates": [[[-118.5596922, 34.072819100000004], [-118.5596814, 34.07282049999999], [-118.5596696, 34.0728118], [-118.5596553, 34.07283420000001], [-118.5595947, 34.0728073], [-118.5596943, 34.0726515], [-118.55973559999998, 34.072669700000006], [-118.55973230000001, 34.0726748], [-118.5598108, 34.0727096], [-118.5597324, 34.0728363], [-118.5596922, 34.072819100000004]]]}, "properties": {"id": "palisades-000007", "damage_class": 0, "damage_label": "no-damage", "confidence": 0.85, "area_m2": 223.28, "centroid": [-118.559704, 34.072751], "confidence_tier": "high", "sources": {"heuristic": 1, "cnn": 0, "margin": 1.0}, "footprint_source": "osm"}}, {"type": "Feature", "geometry": {"type": "Polygon", "coordinates": [[[-118.55970130000001, 34.0780458], [-118.55971300000002, 34.078033700000006], [-118.5597801, 34.0780784], [-118.55977000000001, 34.0780888], [-118.55980270000002, 34.07811060000001], [-118.5597515, 34.0781633], [-118.55974399999998, 34.07815829999999], [-118.55968330000002, 34.07822079999999], [-118.55958400000002, 34.07815480000001], [-118.5596943, 34.07804109999999], [-118.55970130000001, 34.0780458]]]}, "properties": {"id": "palisades-000008", "damage_class": 0, "damage_label": "no-damage", "confidence": 1.0, "area_m2": 211.07, "centroid": [-118.559695, 34.078127], "confidence_tier": "high", "sources": {"heuristic": 0, "cnn": 0, "margin": 1.0}, "footprint_source": "osm"}}, {"type": "Feature", "geometry": {"type": "Polygon", "coordinates": [[[-118.55919549999999, 34.071497], [-118.5591854, 34.07148980000001], [-118.5592433, 34.0714344], [-118.55939689999998, 34.07154529999999], [-118.5593624, 34.07157840000001], [-118.5593885, 34.0715972], [-118.5593796, 34.07160580000001], [-118.55939049999999, 34.07161369999999], [-118.55932720000001, 34.0716744], [-118.5591466, 34.0715439], [-118.55919549999999, 34.071497]]]}, "properties": {"id": "palisades-000009", "damage_class": 0, "damage_label": "no-damage", "confidence": 1.0, "area_m2": 318.0, "centroid": [-118.55928, 34.071554], "confidence_tier": "high", "sources": {"heuristic": 0, "cnn": 0, "margin": 1.0}, "footprint_source": "osm"}}, {"type": "Feature", "geometry": {"type": "Polygon", "coordinates": [[[-118.5619564, 34.07024779999998], [-118.5619018, 34.07026309999999], [-118.56189420000001, 34.0702444], [-118.5618872, 34.070246299999994], [-118.56187149999998, 34.0702075], [-118.5620233, 34.0701649], [-118.5620456, 34.0702198], [-118.56208950000001, 34.0702074], [-118.56211350000001, 34.0702667], [-118.56197940000001, 34.070304400000005], [-118.5619564, 34.07024779999998]]]}, "properties": {"id": "palisades-000010", "damage_class": 3, "damage_label": "destroyed", "confidence": 0.7, "area_m2": 186.07, "centroid": [-118.561996, 34.070234], "confidence_tier": "review", "sources": {"heuristic": 0, "cnn": 3, "margin": 1.0}, "footprint_source": "osm"}}, {"type": "Feature", "geometry": {"type": "Polygon", "coordinates": [[[-118.55873259999998, 34.0706488], [-118.5587782, 34.07060609999999], [-118.558772, 34.070601499999995], [-118.5588042, 34.07057120000001], [-118.5588107, 34.070576], [-118.558841, 34.070547699999985], [-118.55898720000002, 34.0706556], [-118.5589818, 34.07066069999999], [-118.5590123, 34.0706832], [-118.5589096, 34.07077949999999], [-118.55873259999998, 34.0706488]]]}, "properties": {"id": "palisades-000011", "damage_class": 0, "damage_label": "no-damage", "confidence": 0.85, "area_m2": 328.7, "centroid": [-118.558873, 34.070663], "confidence_tier": "high", "sources": {"heuristic": 1, "cnn": 0, "margin": 1.0}, "footprint_source": "osm"}}, {"type": "Feature", "geometry": {"type": "Polygon", "coordinates": [[[-118.5621844, 34.0786384], [-118.5622059, 34.0785345], [-118.5622277, 34.0785376], [-118.5622286, 34.07853339999999], [-118.5623695, 34.07855349999999], [-118.5623615, 34.0785924], [-118.56237270000001, 34.078593999999995], [-118.5623706, 34.07860379999999], [-118.5624413, 34.0786138], [-118.562429, 34.07867329999999], [-118.5621844, 34.0786384]]]}, "properties": {"id": "palisades-000012", "damage_class": 0, "damage_label": "no-damage", "confidence": 0.85, "area_m2": 236.88, "centroid": [-118.562303, 34.078605], "confidence_tier": "high", "sources": {"heuristic": 1, "cnn": 0, "margin": 1.0}, "footprint_source": "osm"}}, {"type": "Feature", "geometry": {"type": "Polygon", "coordinates": [[[-118.56035500000002, 34.07676620000001], [-118.56041119999999, 34.0768278], [-118.5602463, 34.0769319], [-118.5601956, 34.0768763], [-118.56020299999999, 34.0768716], [-118.5601612, 34.076825799999995], [-118.5602298, 34.0767825], [-118.56023620000002, 34.0767897], [-118.5603012, 34.0767479], [-118.5603315, 34.07678109999999], [-118.56035500000002, 34.07676620000001]]]}, "properties": {"id": "palisades-000013", "damage_class": 0, "damage_label": "no-damage", "confidence": 0.85, "area_m2": 241.86, "centroid": [-118.560283, 34.076835], "confidence_tier": "high", "sources": {"heuristic": 1, "cnn": 0, "margin": 1.0}, "footprint_source": "osm"}}, {"type": "Feature", "geometry": {"type": "Polygon", "coordinates": [[[-118.5597846, 34.076542899999986], [-118.5597294, 34.0765159], [-118.55979610000001, 34.0764215], [-118.55980429999998, 34.0764255], [-118.55982230000001, 34.07640000000001], [-118.5599388, 34.076457000000005], [-118.5598533, 34.0765864], [-118.55977939999998, 34.0765502], [-118.5597846, 34.076542899999986]]]}, "properties": {"id": "palisades-000014", "damage_class": 0, "damage_label": "no-damage", "confidence": 1.0, "area_m2": 211.41, "centroid": [-118.559835, 34.076491], "confidence_tier": "high", "sources": {"heuristic": 0, "cnn": 0, "margin": 1.0}, "footprint_source": "osm"}}, {"type": "Feature", "geometry": {"type": "Polygon", "coordinates": [[[-118.5484377, 34.07315909999999], [-118.54841779999998, 34.0731415], [-118.5483873, 34.0731655], [-118.5483545, 34.07313569999999], [-118.5485145, 34.0730175], [-118.5485865, 34.073081], [-118.54858000000002, 34.0730861], [-118.54861480000001, 34.0731189], [-118.54845399999999, 34.0732409], [-118.54839729999999, 34.073190799999985], [-118.5484377, 34.07315909999999]]]}, "properties": {"id": "palisades-000015", "damage_class": 0, "damage_label": "no-damage", "confidence": 0.85, "area_m2": 285.43, "centroid": [-118.548488, 34.073127], "confidence_tier": "high", "sources": {"heuristic": 1, "cnn": 0, "margin": 1.0}, "footprint_source": "osm"}}, {"type": "Feature", "geometry": {"type": "Polygon", "coordinates": [[[-118.5618034, 34.07799949999999], [-118.5619244, 34.078057099999995], [-118.56184590000001, 34.07817999999999], [-118.56180719999999, 34.078162899999995], [-118.56182169999998, 34.0781401], [-118.5618014, 34.07813120000001], [-118.56176859999998, 34.07818259999999], [-118.56170450000002, 34.078154299999994], [-118.5618034, 34.07799949999999]]]}, "properties": {"id": "palisades-000016", "damage_class": 0, "damage_label": "no-damage", "confidence": 1.0, "area_m2": 219.88, "centroid": [-118.561816, 34.078096], "confidence_tier": "high", "sources": {"heuristic": 0, "cnn": 0, "margin": 1.0}, "footprint_source": "osm"}}, {"type": "Feature", "geometry": {"type": "Polygon", "coordinates": [[[-118.54897090000001, 34.0752073], [-118.5488796, 34.07517940000001], [-118.54888300000002, 34.075171700000006], [-118.5488667, 34.075166800000005], [-118.5489204, 34.0750453], [-118.5489478, 34.0750537], [-118.5489524, 34.0750432], [-118.5490746, 34.0750806], [-118.5490163, 34.07521189999999], [-118.54897450000001, 34.07519909999999], [-118.54897090000001, 34.0752073]]]}, "properties": {"id": "palisades-000017", "damage_class": 0, "damage_label": "no-damage", "confidence": 0.85, "area_m2": 233.62, "centroid": [-118.54897, 34.075127], "confidence_tier": "high", "sources": {"heuristic": 1, "cnn": 0, "margin": 1.0}, "footprint_source": "osm"}}, {"type": "Feature", "geometry": {"type": "Polygon", "coordinates": [[[-118.5487872, 34.0751665], [-118.54869829999998, 34.07513959999999], [-118.54870180000002, 34.07513159999999], [-118.5486843, 34.075126299999994], [-118.54873660000001, 34.0750066], [-118.54876490000001, 34.07501520000001], [-118.5487707, 34.0750019], [-118.54888909999998, 34.075037800000004], [-118.54883350000001, 34.075172099999996], [-118.5487904, 34.07515909999999], [-118.5487872, 34.0751665]]]}, "properties": {"id": "palisades-000018", "damage_class": 0, "damage_label": "no-damage", "confidence": 1.0, "area_m2": 232.33, "centroid": [-118.548786, 34.075086], "confidence_tier": "high", "sources": {"heuristic": 0, "cnn": 0, "margin": 1.0}, "footprint_source": "osm"}}, {"type": "Feature", "geometry": {"type": "Polygon", "coordinates": [[[-118.55207509999998, 34.0764429], [-118.55216949999999, 34.0762938], [-118.5521742, 34.0762958], [-118.55218069999998, 34.07628559999999], [-118.552215, 34.0763006], [-118.55220780000002, 34.0763121], [-118.5522765, 34.0763381], [-118.55218090000001, 34.07648919999999], [-118.55207509999998, 34.0764429]]]}, "properties": {"id": "palisades-000019", "damage_class": 0, "damage_label": "no-damage", "confidence": 1.0, "area_m2": 211.55, "centroid": [-118.552176, 34.076389], "confidence_tier": "high", "sources": {"heuristic": 0, "cnn": 0, "margin": 1.0}, "footprint_source": "osm"}}, {"type": "Feature", "geometry": {"type": "Polygon", "coordinates": [[[-118.5514294, 34.0744784], [-118.5514529, 34.07446769999999], [-118.5514499, 34.07446310000002], [-118.5515952, 34.074396899999996], [-118.5515985, 34.07440179999999], [-118.5516143, 34.07439459999999], [-118.55165970000002, 34.0744819], [-118.5514841, 34.0745618], [-118.5514294, 34.0744784]]]}, "properties": {"id": "palisades-000020", "damage_class": 0, "damage_label": "no-damage", "confidence": 0.85, "area_m2": 207.81, "centroid": [-118.551546, 34.074477], "confidence_tier": "high", "sources": {"heuristic": 1, "cnn": 0, "margin": 1.0}, "footprint_source": "osm"}}, {"type": "Feature", "geometry": {"type": "Polygon", "coordinates": [[[-118.5523753, 34.07637929999999], [-118.5524111, 34.0763987], [-118.5524027, 34.07640940000001], [-118.55240830000001, 34.07641240000001], [-118.55230150000001, 34.0765491], [-118.55220580000001, 34.0764935], [-118.55231089999998, 34.07635299999999], [-118.5523706, 34.0763853], [-118.5523753, 34.07637929999999]]]}, "properties": {"id": "palisades-000021", "damage_class": 0, "damage_label": "no-damage", "confidence": 1.0, "area_m2": 206.12, "centroid": [-118.552309, 34.07645], "confidence_tier": "high", "sources": {"heuristic": 0, "cnn": 0, "margin": 1.0}, "footprint_source": "osm"}}, {"type": "Feature", "geometry": {"type": "Polygon", "coordinates": [[[-118.56061889999998, 34.07798619999999], [-118.5606115, 34.0779782], [-118.5606867, 34.077929999999995], [-118.5608374, 34.0780931], [-118.56080299999999, 34.07811509999999], [-118.5607938, 34.0781052], [-118.56075950000002, 34.0781272], [-118.560769, 34.0781375], [-118.56072890000002, 34.0781631], [-118.56058519999999, 34.0780077], [-118.56061889999998, 34.07798619999999]]]}, "properties": {"id": "palisades-000022", "damage_class": 0, "damage_label": "no-damage", "confidence": 1.0, "area_m2": 279.46, "centroid": [-118.560708, 34.078046], "confidence_tier": "high", "sources": {"heuristic": 0, "cnn": 0, "margin": 1.0}, "footprint_source": "osm"}}, {"type": "Feature", "geometry": {"type": "Polygon", "coordinates": [[[-118.56021, 34.0725097], [-118.5601541, 34.0724906], [-118.5601602, 34.07247799999999], [-118.560077, 34.072449600000006], [-118.56009649999999, 34.0724102], [-118.5600833, 34.072405700000004], [-118.56007879999999, 34.0724147], [-118.56000920000001, 34.072391], [-118.56004099999998, 34.0723265], [-118.5602629, 34.07240219999999], [-118.56021, 34.0725097]]]}, "properties": {"id": "palisades-000023", "damage_class": 0, "damage_label": "no-damage", "confidence": 0.85, "area_m2": 228.68, "centroid": [-118.560142, 34.072414], "confidence_tier": "high", "sources": {"heuristic": 1, "cnn": 0, "margin": 1.0}, "footprint_source": "osm"}}, {"type": "Feature", "geometry": {"type": "Polygon", "coordinates": [[[-118.5511127, 34.0749495], [-118.5510977, 34.0749277], [-118.55120960000002, 34.0748745], [-118.5512161, 34.074884100000006], [-118.55125230000002, 34.074867], [-118.5513089, 34.0749631], [-118.5511228, 34.0750521], [-118.55106719999999, 34.07497099999999], [-118.5511127, 34.0749495]]]}, "properties": {"id": "palisades-000024", "damage_class": 0, "damage_label": "no-damage", "confidence": 0.7, "area_m2": 246.67, "centroid": [-118.551187, 34.074957], "confidence_tier": "review", "sources": {"heuristic": 2, "cnn": 0, "margin": 1.0}, "footprint_source": "osm"}}, {"type": "Feature", "geometry": {"type": "Polygon", "coordinates": [[[-118.5597242, 34.071788700000006], [-118.5596121, 34.0718895], [-118.55943940000002, 34.07175639999999], [-118.5594986, 34.0717033], [-118.5595055, 34.071708699999995], [-118.55952379999998, 34.071692299999995], [-118.5595514, 34.0717136], [-118.5595566, 34.071708900000004], [-118.55957710000001, 34.0717247], [-118.55960659999998, 34.0716981], [-118.5597242, 34.071788700000006]]]}, "properties": {"id": "palisades-000025", "damage_class": 0, "damage_label": "no-damage", "confidence": 1.0, "area_m2": 297.71, "centroid": [-118.559584, 34.071782], "confidence_tier": "high", "sources": {"heuristic": 0, "cnn": 0, "margin": 1.0}, "footprint_source": "osm"}}, {"type": "Feature", "geometry": {"type": "Polygon", "coordinates": [[[-118.56122150000002, 34.073531200000005], [-118.56116579999998, 34.0735819], [-118.56109460000002, 34.07352759999999], [-118.56118820000002, 34.0734424], [-118.5612018, 34.0734528], [-118.56126020000002, 34.073399699999996], [-118.561299, 34.073429299999994], [-118.56131270000002, 34.07341679999999], [-118.5613636, 34.073455599999996], [-118.56125370000001, 34.073555700000014], [-118.56122150000002, 34.073531200000005]]]}, "properties": {"id": "palisades-000026", "damage_class": 0, "damage_label": "no-damage", "confidence": 1.0, "area_m2": 236.56, "centroid": [-118.561229, 34.07349], "confidence_tier": "high", "sources": {"heuristic": 0, "cnn": 0, "margin": 1.0}, "footprint_source": "osm"}}, {"type": "Feature", "geometry": {"type": "Polygon", "coordinates": [[[-118.54991540000002, 34.0740193], [-118.54996790000001, 34.074007], [-118.5499591, 34.0739811], [-118.55008340000002, 34.073951900000004], [-118.55008730000002, 34.0739636], [-118.55012630000002, 34.0739544], [-118.5501554, 34.074060900000006], [-118.5499461, 34.07411], [-118.54991540000002, 34.0740193]]]}, "properties": {"id": "palisades-000027", "damage_class": 0, "damage_label": "no-damage", "confidence": 0.85, "area_m2": 254.29, "centroid": [-118.550037, 34.074029], "confidence_tier": "high", "sources": {"heuristic": 1, "cnn": 0, "margin": 1.0}, "footprint_source": "osm"}}, {"type": "Feature", "geometry": {"type": "Polygon", "coordinates": [[[-118.5639549, 34.07680070000001], [-118.5639664, 34.0767858], [-118.56395900000001, 34.07678189999999], [-118.5639834, 34.07675040000001], [-118.5639727, 34.076744700000006], [-118.56405199999999, 34.076642099999994], [-118.5640672, 34.0766502], [-118.56410480000001, 34.0766015], [-118.56423470000001, 34.07667100000002], [-118.56408190000002, 34.07686869999999], [-118.5639549, 34.07680070000001]]]}, "properties": {"id": "palisades-000028", "damage_class": 0, "damage_label": "no-damage", "confidence": 1.0, "area_m2": 395.44, "centroid": [-118.564089, 34.076733], "confidence_tier": "high", "sources": {"heuristic": 0, "cnn": 0, "margin": 1.0}, "footprint_source": "osm"}}, {"type": "Feature", "geometry": {"type": "Polygon", "coordinates": [[[-118.5600311, 34.069863], [-118.55995900000002, 34.06981220000001], [-118.5600109, 34.0697612], [-118.5600395, 34.0697814], [-118.56005180000001, 34.06976929999999], [-118.560025, 34.06975039999999], [-118.5601269, 34.069650199999984], [-118.56023479999999, 34.06972619999999], [-118.5601022, 34.0698565], [-118.56006460000002, 34.069830100000004], [-118.5600311, 34.069863]]]}, "properties": {"id": "palisades-000029", "damage_class": 0, "damage_label": "no-damage", "confidence": 1.0, "area_m2": 283.67, "centroid": [-118.560101, 34.069763], "confidence_tier": "high", "sources": {"heuristic": 0, "cnn": 0, "margin": 1.0}, "footprint_source": "osm"}}, {"type": "Feature", "geometry": {"type": "Polygon", "coordinates": [[[-118.56304449999999, 34.07649359999999], [-118.56303300000002, 34.076558899999995], [-118.56300789999999, 34.0765568], [-118.5630087, 34.0765494], [-118.56292839999999, 34.07654899999999], [-118.56293620000001, 34.07648460000001], [-118.56304449999999, 34.07649359999999]]]}, "properties": {"id": "palisades-000030", "damage_class": 3, "damage_label": "destroyed", "confidence": 0.7, "area_m2": 69.4, "centroid": [-118.562986, 34.07652], "confidence_tier": "review", "sources": {"heuristic": 0, "cnn": 3, "margin": 1.0}, "footprint_source": "osm"}}, {"type": "Feature", "geometry": {"type": "Polygon", "coordinates": [[[-118.5506735, 34.0762831], [-118.5506834, 34.0762673], [-118.550644, 34.07625019999999], [-118.55072849999999, 34.076115599999994], [-118.5507925, 34.0761433], [-118.5507961, 34.0761377], [-118.55083409999999, 34.076154200000005], [-118.5508264, 34.0761664], [-118.5508312, 34.07616809999999], [-118.55074089999998, 34.076312400000006], [-118.5506735, 34.0762831]]]}, "properties": {"id": "palisades-000031", "damage_class": 0, "damage_label": "no-damage", "confidence": 1.0, "area_m2": 203.41, "centroid": [-118.550739, 34.076211], "confidence_tier": "high", "sources": {"heuristic": 0, "cnn": 0, "margin": 1.0}, "footprint_source": "osm"}}, {"type": "Feature", "geometry": {"type": "Polygon", "coordinates": [[[-118.5603106, 34.07700030000001], [-118.56026710000002, 34.07695379999999], [-118.5603445, 34.07690379999999], [-118.5603544, 34.07691440000001], [-118.5604086, 34.0768793], [-118.5604914, 34.07696779999999], [-118.5603409, 34.0770707], [-118.56028850000001, 34.077014599999984], [-118.5603106, 34.07700030000001]]]}, "properties": {"id": "palisades-000032", "damage_class": 0, "damage_label": "no-damage", "confidence": 1.0, "area_m2": 228.0, "centroid": [-118.560375, 34.076971], "confidence_tier": "high", "sources": {"heuristic": 0, "cnn": 0, "margin": 1.0}, "footprint_source": "osm"}}, {"type": "Feature", "geometry": {"type": "Polygon", "coordinates": [[[-118.55212249999998, 34.07696439999999], [-118.5520245, 34.07690850000001], [-118.55213809999998, 34.07677759999999], [-118.5521435, 34.0767808], [-118.5521528, 34.0767701], [-118.5521847, 34.07678919999999], [-118.5521799, 34.0767947], [-118.552239, 34.076830199999996], [-118.55212249999998, 34.07696439999999]]]}, "properties": {"id": "palisades-000033", "damage_class": 2, "damage_label": "major-damage", "confidence": 0.7, "area_m2": 205.46, "centroid": [-118.552132, 34.076868], "confidence_tier": "review", "sources": {"heuristic": 0, "cnn": 2, "margin": 1.0}, "footprint_source": "osm"}}, {"type": "Feature", "geometry": {"type": "Polygon", "coordinates": [[[-118.5698034, 34.07780609999999], [-118.5697736, 34.0777735], [-118.56970270000001, 34.07781859999999], [-118.5696093, 34.07771670000001], [-118.5696925, 34.07766929999999], [-118.5696989, 34.07767629999999], [-118.5697786, 34.0776257], [-118.5698923, 34.07774959999998], [-118.5698034, 34.07780609999999]]]}, "properties": {"id": "palisades-000034", "damage_class": 0, "damage_label": "no-damage", "confidence": 1.0, "area_m2": 294.96, "centroid": [-118.569752, 34.077728], "confidence_tier": "high", "sources": {"heuristic": 0, "cnn": 0, "margin": 1.0}, "footprint_source": "osm"}}, {"type": "Feature", "geometry": {"type": "Polygon", "coordinates": [[[-118.55931100000001, 34.0716852], [-118.55924659999998, 34.0717448], [-118.55921110000001, 34.07171809999999], [-118.5591663, 34.071759600000014], [-118.55902170000002, 34.0716512], [-118.5590501, 34.0716248], [-118.55903980000001, 34.07161709999999], [-118.55907510000002, 34.07158449999999], [-118.55908539999999, 34.0715923], [-118.5591309, 34.071550200000004], [-118.55931100000001, 34.0716852]]]}, "properties": {"id": "palisades-000035", "damage_class": 0, "damage_label": "no-damage", "confidence": 1.0, "area_m2": 316.11, "centroid": [-118.559161, 34.07166], "confidence_tier": "high", "sources": {"heuristic": 0, "cnn": 0, "margin": 1.0}, "footprint_source": "osm"}}, {"type": "Feature", "geometry": {"type": "Polygon", "coordinates": [[[-118.5631293, 34.0739826], [-118.5630479, 34.07401419999999], [-118.5630253, 34.0739738], [-118.5630065, 34.0739811], [-118.5629768, 34.073927999999995], [-118.56313120000002, 34.0738681], [-118.5631497, 34.073901], [-118.56321769999998, 34.0738746], [-118.56325810000001, 34.07394679999999], [-118.5631358, 34.07399430000001], [-118.5631293, 34.0739826]]]}, "properties": {"id": "palisades-000036", "damage_class": 0, "damage_label": "no-damage", "confidence": 1.0, "area_m2": 239.5, "centroid": [-118.563116, 34.073938], "confidence_tier": "high", "sources": {"heuristic": 0, "cnn": 0, "margin": 1.0}, "footprint_source": "osm"}}, {"type": "Feature", "geometry": {"type": "Polygon", "coordinates": [[[-118.5702567, 34.080209], [-118.5701092, 34.08017220000001], [-118.5701444, 34.080074599999996], [-118.57019130000002, 34.08008639999999], [-118.5701968, 34.08007119999999], [-118.5702794, 34.08009179999999], [-118.57029519999999, 34.08004799999999], [-118.57040710000001, 34.08007589999999], [-118.57035610000001, 34.0802174], [-118.57026219999999, 34.08019389999999], [-118.5702567, 34.080209]]]}, "properties": {"id": "palisades-000037", "damage_class": 0, "damage_label": "no-damage", "confidence": 1.0, "area_m2": 334.59, "centroid": [-118.570265, 34.080134], "confidence_tier": "high", "sources": {"heuristic": 0, "cnn": 0, "margin": 1.0}, "footprint_source": "osm"}}, {"type": "Feature", "geometry": {"type": "Polygon", "coordinates": [[[-118.5479022, 34.0741571], [-118.54787440000001, 34.07413169999999], [-118.5479994, 34.07403679999999], [-118.54808469999999, 34.07411450000001], [-118.5480728, 34.074123599999986], [-118.5480941, 34.074143], [-118.5479807, 34.0742292], [-118.54796670000002, 34.074216500000006], [-118.5479589, 34.074222400000004], [-118.547894, 34.07416330000001], [-118.5479022, 34.0741571]]]}, "properties": {"id": "palisades-000038", "damage_class": 0, "damage_label": "no-damage", "confidence": 0.7, "area_m2": 232.81, "centroid": [-118.547986, 34.074135], "confidence_tier": "review", "sources": {"heuristic": 2, "cnn": 0, "margin": 1.0}, "footprint_source": "osm"}}, {"type": "Feature", "geometry": {"type": "Polygon", "coordinates": [[[-118.5508973, 34.075621100000006], [-118.55090340000001, 34.0756168], [-118.5509312, 34.0756444], [-118.550771, 34.075759399999995], [-118.55072180000002, 34.0757105], [-118.55073900000001, 34.0756986], [-118.55071100000002, 34.075670499999994], [-118.5508499, 34.07557389999999], [-118.5508973, 34.075621100000006]]]}, "properties": {"id": "palisades-000039", "damage_class": 0, "damage_label": "no-damage", "confidence": 1.0, "area_m2": 198.71, "centroid": [-118.550815, 34.075665], "confidence_tier": "high", "sources": {"heuristic": 0, "cnn": 0, "margin": 1.0}, "footprint_source": "osm"}}, {"type": "Feature", "geometry": {"type": "Polygon", "coordinates": [[[-118.5481796, 34.073253900000005], [-118.5481946, 34.07324239999999], [-118.5482823, 34.07332230000001], [-118.54814920000001, 34.07342349999999], [-118.5480753, 34.0733495], [-118.5480866, 34.0733409], [-118.548056, 34.0733136], [-118.5481591, 34.0732352], [-118.5481796, 34.073253900000005]]]}, "properties": {"id": "palisades-000040", "damage_class": 0, "damage_label": "no-damage", "confidence": 1.0, "area_m2": 230.71, "centroid": [-118.548165, 34.073325], "confidence_tier": "high", "sources": {"heuristic": 0, "cnn": 0, "margin": 1.0}, "footprint_source": "osm"}}, {"type": "Feature", "geometry": {"type": "Polygon", "coordinates": [[[-118.56262110000002, 34.0787092], [-118.5626371, 34.078592199999996], [-118.56285849999999, 34.07861789999999], [-118.56284230000001, 34.07870479999999], [-118.5628308, 34.078703299999994], [-118.56282480000002, 34.0787355], [-118.56262110000002, 34.0787092]]]}, "properties": {"id": "palisades-000041", "damage_class": 1, "damage_label": "minor-damage", "confidence": 0.85, "area_m2": 266.97, "centroid": [-118.562737, 34.078663], "confidence_tier": "high", "sources": {"heuristic": 0, "cnn": 1, "margin": 1.0}, "footprint_source": "osm"}}, {"type": "Feature", "geometry": {"type": "Polygon", "coordinates": [[[-118.5618316, 34.072379299999994], [-118.56186300000002, 34.0724209], [-118.56184979999999, 34.0724278], [-118.561897, 34.0724902], [-118.56185000000002, 34.07251480000001], [-118.5618581, 34.0725255], [-118.56186909999998, 34.0725197], [-118.5619088, 34.072572199999996], [-118.5618374, 34.07260960000001], [-118.561711, 34.07244240000001], [-118.5618316, 34.072379299999994]]]}, "properties": {"id": "palisades-000042", "damage_class": 0, "damage_label": "no-damage", "confidence": 1.0, "area_m2": 230.14, "centroid": [-118.561818, 34.07249], "confidence_tier": "high", "sources": {"heuristic": 0, "cnn": 0, "margin": 1.0}, "footprint_source": "osm"}}, {"type": "Feature", "geometry": {"type": "Polygon", "coordinates": [[[-118.5619807, 34.0747206], [-118.5619718, 34.0747052], [-118.56207720000002, 34.07466300000001], [-118.56211179999998, 34.07472299999999], [-118.56205830000002, 34.074744499999994], [-118.56206730000001, 34.0747602], [-118.5621215, 34.07473849999999], [-118.5621557, 34.074797600000004], [-118.5619132, 34.0748946], [-118.56184419999998, 34.07477519999999], [-118.5619807, 34.0747206]]]}, "properties": {"id": "palisades-000043", "damage_class": 0, "damage_label": "no-damage", "confidence": 1.0, "area_m2": 374.26, "centroid": [-118.561999, 34.074783], "confidence_tier": "high", "sources": {"heuristic": 0, "cnn": 0, "margin": 1.0}, "footprint_source": "osm"}}, {"type": "Feature", "geometry": {"type": "Polygon", "coordinates": [[[-118.55143329999999, 34.07641950000001], [-118.55147160000001, 34.076436300000005], [-118.55146440000001, 34.07644760000001], [-118.55146860000002, 34.07644939999999], [-118.5513767, 34.0765944], [-118.55131050000001, 34.0765654], [-118.55132070000002, 34.07654920000001], [-118.5512827, 34.076532600000014], [-118.55136690000002, 34.0763979], [-118.55142960000002, 34.0764254], [-118.55143329999999, 34.07641950000001]]]}, "properties": {"id": "palisades-000044", "damage_class": 0, "damage_label": "no-damage", "confidence": 1.0, "area_m2": 200.45, "centroid": [-118.551376, 34.076493], "confidence_tier": "high", "sources": {"heuristic": 0, "cnn": 0, "margin": 1.0}, "footprint_source": "osm"}}, {"type": "Feature", "geometry": {"type": "Polygon", "coordinates": [[[-118.5604171, 34.0730035], [-118.56037579999999, 34.07299069999999], [-118.5604353, 34.072858399999994], [-118.56050030000002, 34.0728787], [-118.560493, 34.0728951], [-118.56054440000001, 34.0729111], [-118.56051260000001, 34.07298169999999], [-118.56052640000001, 34.07298599999999], [-118.56047989999999, 34.0730919], [-118.56039, 34.0730639], [-118.5604171, 34.0730035]]]}, "properties": {"id": "palisades-000045", "damage_class": 0, "damage_label": "no-damage", "confidence": 1.0, "area_m2": 240.42, "centroid": [-118.560459, 34.072974], "confidence_tier": "high", "sources": {"heuristic": 0, "cnn": 0, "margin": 1.0}, "footprint_source": "osm"}}, {"type": "Feature", "geometry": {"type": "Polygon", "coordinates": [[[-118.5523854, 34.0753233], [-118.5523896, 34.075318399999986], [-118.552424, 34.0753387], [-118.5524145, 34.07534989999999], [-118.55242000000001, 34.07535319999999], [-118.552308, 34.07548430000001], [-118.5522449, 34.0754469], [-118.55225680000001, 34.075432899999996], [-118.5522222, 34.0754118], [-118.5523271, 34.07528889999999], [-118.5523854, 34.0753233]]]}, "properties": {"id": "palisades-000046", "damage_class": 0, "damage_label": "no-damage", "confidence": 1.0, "area_m2": 202.13, "centroid": [-118.552322, 34.075384], "confidence_tier": "high", "sources": {"heuristic": 0, "cnn": 0, "margin": 1.0}, "footprint_source": "osm"}}, {"type": "Feature", "geometry": {"type": "Polygon", "coordinates": [[[-118.55286290000001, 34.0760113], [-118.55291600000001, 34.07604009999999], [-118.55289409999999, 34.07606809999999], [-118.55290630000002, 34.0760747], [-118.55284810000002, 34.076148999999994], [-118.55282470000002, 34.0761363], [-118.5527827, 34.076190100000005], [-118.5526866, 34.076138099999994], [-118.55280350000001, 34.075988], [-118.55285800000001, 34.076017500000006], [-118.55286290000001, 34.0760113]]]}, "properties": {"id": "palisades-000047", "damage_class": 0, "damage_label": "no-damage", "confidence": 1.0, "area_m2": 243.91, "centroid": [-118.552804, 34.076089], "confidence_tier": "high", "sources": {"heuristic": 0, "cnn": 0, "margin": 1.0}, "footprint_source": "osm"}}, {"type": "Feature", "geometry": {"type": "Polygon", "coordinates": [[[-118.5622316, 34.0728677], [-118.56220419999998, 34.072882], [-118.56220770000002, 34.0728866], [-118.56211440000001, 34.072935300000005], [-118.5620219, 34.0728127], [-118.5620319, 34.0728076], [-118.5620164, 34.072787000000005], [-118.56205710000002, 34.07276569999999], [-118.5620725, 34.07278610000001], [-118.5621425, 34.07274960000001], [-118.5622316, 34.0728677]]]}, "properties": {"id": "palisades-000048", "damage_class": 0, "damage_label": "no-damage", "confidence": 1.0, "area_m2": 221.33, "centroid": [-118.562123, 34.072839], "confidence_tier": "high", "sources": {"heuristic": 0, "cnn": 0, "margin": 1.0}, "footprint_source": "osm"}}, {"type": "Feature", "geometry": {"type": "Polygon", "coordinates": [[[-118.5583757, 34.0712309], [-118.558469, 34.0711171], [-118.55872110000001, 34.07126019999998], [-118.5586728, 34.07131909999999], [-118.5586157, 34.07128670000001], [-118.5586033, 34.0713019], [-118.558589, 34.0712938], [-118.55857140000002, 34.071315299999995], [-118.55855859999998, 34.071308], [-118.55854360000001, 34.071326199999994], [-118.5583757, 34.0712309]]]}, "properties": {"id": "palisades-000049", "damage_class": 0, "damage_label": "no-damage", "confidence": 1.0, "area_m2": 371.32, "centroid": [-118.558538, 34.071232], "confidence_tier": "high", "sources": {"heuristic": 0, "cnn": 0, "margin": 1.0}, "footprint_source": "osm"}}, {"type": "Feature", "geometry": {"type": "Polygon", "coordinates": [[[-118.552097, 34.07672289999999], [-118.55213169999999, 34.07674359999999], [-118.55212569999999, 34.0767569], [-118.5520119, 34.0768886], [-118.55195020000001, 34.0768516], [-118.55196270000002, 34.07683720000001], [-118.55192740000001, 34.07681610000001], [-118.552034, 34.076694399999994], [-118.55209170000002, 34.076729], [-118.552097, 34.07672289999999]]]}, "properties": {"id": "palisades-000050", "damage_class": 0, "damage_label": "no-damage", "confidence": 1.0, "area_m2": 200.05, "centroid": [-118.552027, 34.076789], "confidence_tier": "high", "sources": {"heuristic": 0, "cnn": 0, "margin": 1.0}, "footprint_source": "osm"}}, {"type": "Feature", "geometry": {"type": "Polygon", "coordinates": [[[-118.54799560000001, 34.07429], [-118.5479827, 34.0742783], [-118.5480963, 34.0741912], [-118.54811740000001, 34.0742103], [-118.54812910000001, 34.074201300000006], [-118.54821489999999, 34.0742787], [-118.54808989999998, 34.07437459999999], [-118.5480602, 34.0743478], [-118.54805320000001, 34.07435339999999], [-118.5479888, 34.0742952], [-118.54799560000001, 34.07429]]]}, "properties": {"id": "palisades-000051", "damage_class": 0, "damage_label": "no-damage", "confidence": 0.7, "area_m2": 232.05, "centroid": [-118.548096, 34.074281], "confidence_tier": "review", "sources": {"heuristic": 2, "cnn": 0, "margin": 1.0}, "footprint_source": "osm"}}, {"type": "Feature", "geometry": {"type": "Polygon", "coordinates": [[[-118.5478086, 34.07357019999999], [-118.54784980000001, 34.07353870000001], [-118.54782960000001, 34.0735205], [-118.5477986, 34.073544199999986], [-118.54776879999999, 34.0735171], [-118.5479272, 34.0733959], [-118.5479978, 34.073459799999995], [-118.54799160000002, 34.07346449999999], [-118.5480275, 34.073496999999996], [-118.54786500000002, 34.07362129999999], [-118.5478086, 34.07357019999999]]]}, "properties": {"id": "palisades-000052", "damage_class": 0, "damage_label": "no-damage", "confidence": 0.7, "area_m2": 283.77, "centroid": [-118.547901, 34.073507], "confidence_tier": "review", "sources": {"heuristic": 2, "cnn": 0, "margin": 1.0}, "footprint_source": "osm"}}, {"type": "Feature", "geometry": {"type": "Polygon", "coordinates": [[[-118.56332050000002, 34.0716596], [-118.5634184, 34.071614200000006], [-118.563467, 34.07168689999999], [-118.56332770000002, 34.0717514], [-118.5633353, 34.0717627], [-118.56330340000001, 34.0717775], [-118.56329620000001, 34.071766700000005], [-118.5632668, 34.07178029999999], [-118.5631635, 34.07162579999999], [-118.56326610000002, 34.071578300000006], [-118.56332050000002, 34.0716596]]]}, "properties": {"id": "palisades-000053", "damage_class": 0, "damage_label": "no-damage", "confidence": 0.7, "area_m2": 312.25, "centroid": [-118.563306, 34.071679], "confidence_tier": "review", "sources": {"heuristic": 2, "cnn": 0, "margin": 1.0}, "footprint_source": "osm"}}, {"type": "Feature", "geometry": {"type": "Polygon", "coordinates": [[[-118.5519186, 34.075150900000004], [-118.55189139999999, 34.075124200000005], [-118.55203009999998, 34.0750263], [-118.5521081, 34.0750946], [-118.5520979, 34.075101799999985], [-118.552101, 34.07510479999999], [-118.5519516, 34.07521129999999], [-118.551902, 34.07516259999999], [-118.5519186, 34.075150900000004]]]}, "properties": {"id": "palisades-000054", "damage_class": 0, "damage_label": "no-damage", "confidence": 0.85, "area_m2": 199.28, "centroid": [-118.551995, 34.075117], "confidence_tier": "high", "sources": {"heuristic": 1, "cnn": 0, "margin": 1.0}, "footprint_source": "osm"}}, {"type": "Feature", "geometry": {"type": "Polygon", "coordinates": [[[-118.5485579, 34.0743434], [-118.54853829999999, 34.07432519999999], [-118.54850539999998, 34.07434969999999], [-118.54847380000001, 34.07432019999999], [-118.5486327, 34.074202100000015], [-118.5487023, 34.0742669], [-118.54869640000001, 34.0742712], [-118.548732, 34.074303900000004], [-118.54857220000001, 34.07442530000001], [-118.5485169, 34.0743739], [-118.5485579, 34.0743434]]]}, "properties": {"id": "palisades-000055", "damage_class": 0, "damage_label": "no-damage", "confidence": 0.85, "area_m2": 280.74, "centroid": [-118.548606, 34.074312], "confidence_tier": "high", "sources": {"heuristic": 1, "cnn": 0, "margin": 1.0}, "footprint_source": "osm"}}, {"type": "Feature", "geometry": {"type": "Polygon", "coordinates": [[[-118.5623834, 34.07185909999999], [-118.5623963, 34.071865200000005], [-118.5623518, 34.07193070000001], [-118.5623183, 34.0719149], [-118.56232719999998, 34.0719019], [-118.5622046, 34.0718441], [-118.5622346, 34.0717999], [-118.562103, 34.0717379], [-118.5621389, 34.07168399999999], [-118.5624142, 34.07181379999999], [-118.5623834, 34.07185909999999]]]}, "properties": {"id": "palisades-000056", "damage_class": 0, "damage_label": "no-damage", "confidence": 1.0, "area_m2": 299.82, "centroid": [-118.562273, 34.071805], "confidence_tier": "high", "sources": {"heuristic": 0, "cnn": 0, "margin": 1.0}, "footprint_source": "osm"}}, {"type": "Feature", "geometry": {"type": "Polygon", "coordinates": [[[-118.5490212, 34.0731581], [-118.5490022, 34.0731393], [-118.54910329999998, 34.073068199999994], [-118.54911170000001, 34.073076399999984], [-118.54914140000001, 34.0730555], [-118.54918520000001, 34.0730986], [-118.5491778, 34.0731038], [-118.5492198, 34.073145100000005], [-118.54905490000002, 34.07326110000001], [-118.5489798, 34.07318719999999], [-118.5490212, 34.0731581]]]}, "properties": {"id": "palisades-000057", "damage_class": 0, "damage_label": "no-damage", "confidence": 1.0, "area_m2": 256.86, "centroid": [-118.549097, 34.073156], "confidence_tier": "high", "sources": {"heuristic": 0, "cnn": 0, "margin": 1.0}, "footprint_source": "osm"}}, {"type": "Feature", "geometry": {"type": "Polygon", "coordinates": [[[-118.5624061, 34.0747455], [-118.5624888, 34.0748319], [-118.5624024, 34.074886500000005], [-118.5623225, 34.074799], [-118.562339, 34.0747885], [-118.56235080000002, 34.0748015], [-118.56238980000002, 34.0747768], [-118.5623776, 34.0747635], [-118.5624061, 34.0747455]]]}, "properties": {"id": "palisades-000058", "damage_class": 0, "damage_label": "no-damage", "confidence": 1.0, "area_m2": 111.91, "centroid": [-118.562408, 34.074818], "confidence_tier": "high", "sources": {"heuristic": 0, "cnn": 0, "margin": 1.0}, "footprint_source": "osm"}}, {"type": "Feature", "geometry": {"type": "Polygon", "coordinates": [[[-118.56024620000001, 34.073377400000005], [-118.5602959, 34.07340599999999], [-118.5602868, 34.0734171], [-118.560359, 34.0734588], [-118.5603285, 34.073495400000006], [-118.5603388, 34.07350139999999], [-118.56034460000001, 34.0734945], [-118.56040580000001, 34.073529900000004], [-118.560359, 34.073585999999985], [-118.56016550000001, 34.073474299999994], [-118.56024620000001, 34.073377400000005]]]}, "properties": {"id": "palisades-000059", "damage_class": 0, "damage_label": "no-damage", "confidence": 1.0, "area_m2": 226.94, "centroid": [-118.560285, 34.073483], "confidence_tier": "high", "sources": {"heuristic": 0, "cnn": 0, "margin": 1.0}, "footprint_source": "osm"}}, {"type": "Feature", "geometry": {"type": "Polygon", "coordinates": [[[-118.54850950000001, 34.073327799999994], [-118.5485481, 34.07329799999999], [-118.5485292, 34.073280999999994], [-118.54849969999998, 34.0733038], [-118.5484671, 34.07327369999999], [-118.5486269, 34.073156600000004], [-118.5486927, 34.0732156], [-118.5486846, 34.07322189999999], [-118.548725, 34.073257099999985], [-118.54856680000002, 34.073379200000005], [-118.54850950000001, 34.073327799999994]]]}, "properties": {"id": "palisades-000060", "damage_class": 0, "damage_label": "no-damage", "confidence": 0.7, "area_m2": 281.38, "centroid": [-118.548599, 34.073266], "confidence_tier": "review", "sources": {"heuristic": 2, "cnn": 0, "margin": 1.0}, "footprint_source": "osm"}}, {"type": "Feature", "geometry": {"type": "Polygon", "coordinates": [[[-118.5519881, 34.0764], [-118.55199820000001, 34.0763839], [-118.5519608, 34.07636749999999], [-118.5520454, 34.0762337], [-118.5521477, 34.0762727], [-118.55214010000002, 34.0762846], [-118.55214640000001, 34.07628750000001], [-118.5520565, 34.0764299], [-118.5519881, 34.0764]]]}, "properties": {"id": "palisades-000061", "damage_class": 0, "damage_label": "no-damage", "confidence": 1.0, "area_m2": 200.81, "centroid": [-118.552054, 34.076329], "confidence_tier": "high", "sources": {"heuristic": 0, "cnn": 0, "margin": 1.0}, "footprint_source": "osm"}}, {"type": "Feature", "geometry": {"type": "Polygon", "coordinates": [[[-118.5693991, 34.079331200000006], [-118.5693955, 34.079347600000006], [-118.5694763, 34.07935969999999], [-118.5694474, 34.0794937], [-118.5693323, 34.07947659999999], [-118.56931779999998, 34.07954420000001], [-118.5692816, 34.0795388], [-118.56927990000001, 34.079547], [-118.5692173, 34.0795376], [-118.5692661, 34.079311399999995], [-118.5693991, 34.079331200000006]]]}, "properties": {"id": "palisades-000062", "damage_class": 0, "damage_label": "no-damage", "confidence": 0.85, "area_m2": 401.68, "centroid": [-118.569338, 34.079424], "confidence_tier": "high", "sources": {"heuristic": 1, "cnn": 0, "margin": 1.0}, "footprint_source": "osm"}}, {"type": "Feature", "geometry": {"type": "Polygon", "coordinates": [[[-118.56926910000001, 34.077821799999995], [-118.5692902, 34.077823], [-118.5692842, 34.077899499999994], [-118.5691681, 34.07789309999999], [-118.56917079999998, 34.0778598], [-118.5690511, 34.0778532], [-118.56905429999999, 34.07781169999999], [-118.5690423, 34.0778111], [-118.5690483, 34.07773460000001], [-118.56927500000002, 34.0777471], [-118.56926910000001, 34.077821799999995]]]}, "properties": {"id": "palisades-000063", "damage_class": 0, "damage_label": "no-damage", "confidence": 1.0, "area_m2": 318.79, "centroid": [-118.569171, 34.077811], "confidence_tier": "high", "sources": {"heuristic": 0, "cnn": 0, "margin": 1.0}, "footprint_source": "osm"}}, {"type": "Feature", "geometry": {"type": "Polygon", "coordinates": [[[-118.5605448, 34.07725349999999], [-118.5605575, 34.0772454], [-118.5605175, 34.0772018], [-118.56068759999998, 34.07709369999999], [-118.5607462, 34.0771576], [-118.56070769999998, 34.0771873], [-118.5607327, 34.0772145], [-118.56059150000002, 34.07730419999999], [-118.5605448, 34.07725349999999]]]}, "properties": {"id": "palisades-000064", "damage_class": 0, "damage_label": "no-damage", "confidence": 1.0, "area_m2": 251.24, "centroid": [-118.560636, 34.077199], "confidence_tier": "high", "sources": {"heuristic": 0, "cnn": 0, "margin": 1.0}, "footprint_source": "osm"}}, {"type": "Feature", "geometry": {"type": "Polygon", "coordinates": [[[-118.5610846, 34.07346969999999], [-118.56105240000001, 34.0734455], [-118.5610348, 34.07346179999998], [-118.5609652, 34.073409500000004], [-118.5610988, 34.0732863], [-118.5611178, 34.07330060000001], [-118.56113849999998, 34.073281500000014], [-118.5612053, 34.0733317], [-118.56118460000002, 34.0733508], [-118.5612006, 34.07336279999999], [-118.5610846, 34.07346969999999]]]}, "properties": {"id": "palisades-000065", "damage_class": 0, "damage_label": "no-damage", "confidence": 1.0, "area_m2": 246.89, "centroid": [-118.561091, 34.073376], "confidence_tier": "high", "sources": {"heuristic": 0, "cnn": 0, "margin": 1.0}, "footprint_source": "osm"}}, {"type": "Feature", "geometry": {"type": "Polygon", "coordinates": [[[-118.56569100000002, 34.0785094], [-118.5658394, 34.07859590000001], [-118.5657982, 34.078645800000004], [-118.56581640000002, 34.0786561], [-118.56578970000001, 34.0786885], [-118.5658031, 34.0786961], [-118.5657901, 34.0787119], [-118.56577050000001, 34.078700700000006], [-118.56576570000001, 34.078706400000016], [-118.5657577, 34.0787018], [-118.5657449, 34.0787173], [-118.5657769, 34.0787356], [-118.56574690000001, 34.078772], [-118.56567090000001, 34.07872859999999], [-118.5656633, 34.078737799999985], [-118.565686, 34.0787508], [-118.56567840000001, 34.07876], [-118.5656824, 34.0787623], [-118.5656668, 34.0787812], [-118.56566010000002, 34.0787774], [-118.5656486, 34.07879129999999], [-118.56565470000001, 34.0787947], [-118.56557790000001, 34.0788814], [-118.5655172, 34.0788467], [-118.56547800000001, 34.078894299999995], [-118.5654173, 34.0788596], [-118.56537590000002, 34.07890989999999], [-118.5653412, 34.0788901], [-118.56535530000001, 34.078873], [-118.5653468, 34.078868099999994], [-118.565354, 34.07885939999999], [-118.56533160000001, 34.07884659999999], [-118.5653222, 34.0788581], [-118.565295, 34.0788425], [-118.56531080000002, 34.078823199999995], [-118.5652949, 34.0788141], [-118.56527910000001, 34.078833200000005], [-118.5652475, 34.0788152], [-118.5652986, 34.078753199999994], [-118.5652379, 34.0787185], [-118.5652564, 34.0786961], [-118.5652523, 34.0786937], [-118.56531110000002, 34.0786289], [-118.56530609999999, 34.0786261], [-118.56534599999999, 34.0785833], [-118.5653338, 34.078576299999995], [-118.56533000000002, 34.078580900000006], [-118.5652805, 34.0785483], [-118.5653069, 34.078516199999996], [-118.5653115, 34.07851879999999], [-118.565332, 34.0784939], [-118.56533949999998, 34.07849809999999], [-118.56534890000002, 34.07848680000001], [-118.56531920000002, 34.0784698], [-118.56534930000001, 34.07843330000001], [-118.5654112, 34.07846870000001], [-118.5654512, 34.07842000000001], [-118.5654616, 34.07842599999999], [-118.56546470000002, 34.07842219999999], [-118.5656075, 34.0785037], [-118.56556259999999, 34.078558199999996], [-118.56553710000001, 34.078543700000004], [-118.56549939999998, 34.0785894], [-118.5654881, 34.0785829], [-118.56544439999999, 34.078636], [-118.56541560000001, 34.078619599999996], [-118.5653677, 34.078677799999994], [-118.56549779999999, 34.07875189999999], [-118.56551520000001, 34.0787308], [-118.5655769, 34.0787619], [-118.5656182, 34.078711799999994], [-118.56563889999998, 34.0787236], [-118.56564750000001, 34.0787131], [-118.56561879999998, 34.0786967], [-118.5656159, 34.07870020000001], [-118.56555689999999, 34.0786635], [-118.5656066, 34.078608700000004], [-118.5656161, 34.078614099999996], [-118.5656537, 34.0785686], [-118.5656414, 34.0785616], [-118.56569100000002, 34.0785094]]]}, "properties": {"id": "palisades-000066", "damage_class": 0, "damage_label": "no-damage", "confidence": 0.7, "area_m2": 1448.14, "centroid": [-118.565508, 34.078669], "confidence_tier": "review", "sources": {"heuristic": 2, "cnn": 0, "margin": 1.0}, "footprint_source": "osm"}}, {"type": "Feature", "geometry": {"type": "Polygon", "coordinates": [[[-118.56045379999999, 34.0698873], [-118.5604593, 34.0698819], [-118.56050530000002, 34.0699143], [-118.56048229999999, 34.069937], [-118.560488, 34.0699799], [-118.5604473, 34.06998229999999], [-118.5603858, 34.070039799999996], [-118.5603465, 34.0700106], [-118.5603036, 34.0700506], [-118.5602493, 34.0700104], [-118.56040730000001, 34.0698546], [-118.56045379999999, 34.0698873]]]}, "properties": {"id": "palisades-000067", "damage_class": 0, "damage_label": "no-damage", "confidence": 1.0, "area_m2": 249.6, "centroid": [-118.560385, 34.069957], "confidence_tier": "high", "sources": {"heuristic": 0, "cnn": 0, "margin": 1.0}, "footprint_source": "osm"}}, {"type": "Feature", "geometry": {"type": "Polygon", "coordinates": [[[-118.56316429999998, 34.0753593], [-118.5631647, 34.0751823], [-118.56333600000002, 34.075182599999984], [-118.5633357, 34.07530149999999], [-118.5633178, 34.07530140000001], [-118.5633177, 34.075357499999996], [-118.56333, 34.0753575], [-118.5633297, 34.075492499999996], [-118.56317029999998, 34.0754922], [-118.5631706, 34.0753593], [-118.56316429999998, 34.0753593]]]}, "properties": {"id": "palisades-000068", "damage_class": 0, "damage_label": "no-damage", "confidence": 0.7, "area_m2": 516.74, "centroid": [-118.563249, 34.075335], "confidence_tier": "review", "sources": {"heuristic": 3, "cnn": 0, "margin": 1.0}, "footprint_source": "osm"}}, {"type": "Feature", "geometry": {"type": "Polygon", "coordinates": [[[-118.5593889, 34.0689923], [-118.5594141, 34.068980200000006], [-118.55944669999998, 34.069027299999995], [-118.5593987, 34.06905210000001], [-118.5593865, 34.06909239999999], [-118.55934549999999, 34.0690841], [-118.55926869999999, 34.0691205], [-118.55924200000001, 34.069082599999994], [-118.55916579999999, 34.0691197], [-118.55912679999999, 34.0690643], [-118.55936109999999, 34.0689521], [-118.5593889, 34.0689923]]]}, "properties": {"id": "palisades-000069", "damage_class": 0, "damage_label": "no-damage", "confidence": 0.7, "area_m2": 279.91, "centroid": [-118.559295, 34.069044], "confidence_tier": "review", "sources": {"heuristic": 2, "cnn": 0, "margin": 1.0}, "footprint_source": "osm"}}, {"type": "Feature", "geometry": {"type": "Polygon", "coordinates": [[[-118.55059619999999, 34.0741931], [-118.55066099999999, 34.0741747], [-118.55065, 34.0741479], [-118.55075790000001, 34.074117099999995], [-118.55076659999999, 34.0741381], [-118.5507784, 34.0741427], [-118.5508027, 34.07413600000001], [-118.5508306, 34.07422040000001], [-118.55063100000001, 34.0742774], [-118.55059619999999, 34.0741931]]]}, "properties": {"id": "palisades-000070", "damage_class": 0, "damage_label": "no-damage", "confidence": 0.7, "area_m2": 229.1, "centroid": [-118.550714, 34.074197], "confidence_tier": "review", "sources": {"heuristic": 2, "cnn": 0, "margin": 1.0}, "footprint_source": "osm"}}, {"type": "Feature", "geometry": {"type": "Polygon", "coordinates": [[[-118.5477959, 34.07305819999999], [-118.5478964, 34.0729877], [-118.5479174, 34.07300719999999], [-118.54792810000001, 34.0729992], [-118.5480134, 34.07307780000001], [-118.54789089999998, 34.0731735], [-118.5477809, 34.073079099999994], [-118.5478002, 34.07306220000001], [-118.5477959, 34.07305819999999]]]}, "properties": {"id": "palisades-000071", "damage_class": 0, "damage_label": "no-damage", "confidence": 0.85, "area_m2": 228.62, "centroid": [-118.547896, 34.073078], "confidence_tier": "high", "sources": {"heuristic": 1, "cnn": 0, "margin": 1.0}, "footprint_source": "osm"}}, {"type": "Feature", "geometry": {"type": "Polygon", "coordinates": [[[-118.55202079999998, 34.075765800000006], [-118.55199220000002, 34.07575], [-118.55195230000001, 34.0758001], [-118.55186110000001, 34.0757498], [-118.5519791, 34.0756016], [-118.55207179999998, 34.0756462], [-118.552058, 34.0756635], [-118.55205960000002, 34.07567399999999], [-118.55208340000001, 34.075687200000004], [-118.55202079999998, 34.075765800000006]]]}, "properties": {"id": "palisades-000072", "damage_class": 0, "damage_label": "no-damage", "confidence": 1.0, "area_m2": 235.98, "centroid": [-118.551977, 34.075703], "confidence_tier": "high", "sources": {"heuristic": 0, "cnn": 0, "margin": 1.0}, "footprint_source": "osm"}}, {"type": "Feature", "geometry": {"type": "Polygon", "coordinates": [[[-118.5490813, 34.07302259999999], [-118.54907870000001, 34.073031099999994], [-118.549092, 34.0730524], [-118.54897750000002, 34.07311], [-118.5489606, 34.0730866], [-118.5489129, 34.0731106], [-118.5488559, 34.0730331], [-118.5490416, 34.072937599999996], [-118.54910329999998, 34.073011099999995], [-118.5490813, 34.07302259999999]]]}, "properties": {"id": "palisades-000073", "damage_class": 0, "damage_label": "no-damage", "confidence": 1.0, "area_m2": 246.0, "centroid": [-118.548986, 34.073031], "confidence_tier": "high", "sources": {"heuristic": 0, "cnn": 0, "margin": 1.0}, "footprint_source": "osm"}}, {"type": "Feature", "geometry": {"type": "Polygon", "coordinates": [[[-118.5586472, 34.06916330000001], [-118.55861760000002, 34.0691171], [-118.55865610000001, 34.06909990000002], [-118.55866500000002, 34.06906969999999], [-118.5587021, 34.06907830000001], [-118.55877540000002, 34.0690425], [-118.55879920000001, 34.06907629999999], [-118.55886159999999, 34.0690459], [-118.55889819999999, 34.0690978], [-118.55868399999999, 34.0692023], [-118.5586563, 34.06915920000001], [-118.5586472, 34.06916330000001]]]}, "properties": {"id": "palisades-000074", "damage_class": 0, "damage_label": "no-damage", "confidence": 0.7, "area_m2": 233.43, "centroid": [-118.558749, 34.069115], "confidence_tier": "review", "sources": {"heuristic": 2, "cnn": 0, "margin": 1.0}, "footprint_source": "osm"}}, {"type": "Feature", "geometry": {"type": "Polygon", "coordinates": [[[-118.56104150000002, 34.0703158], [-118.56104720000002, 34.07031039999999], [-118.561093, 34.070343799999996], [-118.56107270000001, 34.07036310000001], [-118.5610771, 34.070406999999996], [-118.5610341, 34.0704121], [-118.56097610000002, 34.070468], [-118.56093530000001, 34.0704387], [-118.56089270000001, 34.070479699999986], [-118.5608341, 34.07043759999999], [-118.56099659999998, 34.070283100000005], [-118.56104150000002, 34.0703158]]]}, "properties": {"id": "palisades-000075", "damage_class": 0, "damage_label": "no-damage", "confidence": 0.85, "area_m2": 253.67, "centroid": [-118.560972, 34.070386], "confidence_tier": "high", "sources": {"heuristic": 1, "cnn": 0, "margin": 1.0}, "footprint_source": "osm"}}, {"type": "Feature", "geometry": {"type": "Polygon", "coordinates": [[[-118.55952520000001, 34.0692792], [-118.5595551, 34.069262099999996], [-118.55959030000001, 34.069304800000005], [-118.5595316, 34.0693384], [-118.55952640000001, 34.0693684], [-118.55948830000001, 34.069363200000005], [-118.55941819999998, 34.0694028], [-118.5593928, 34.0693715], [-118.5593315, 34.069406], [-118.55928919999998, 34.06935399999999], [-118.5594915, 34.0692383], [-118.55952520000001, 34.0692792]]]}, "properties": {"id": "palisades-000076", "damage_class": 0, "damage_label": "no-damage", "confidence": 0.85, "area_m2": 251.18, "centroid": [-118.559443, 34.069327], "confidence_tier": "high", "sources": {"heuristic": 1, "cnn": 0, "margin": 1.0}, "footprint_source": "osm"}}, {"type": "Feature", "geometry": {"type": "Polygon", "coordinates": [[[-118.54864060000001, 34.0726706], [-118.5486213, 34.072643299999996], [-118.548737, 34.07258650000001], [-118.54875190000001, 34.07260749999999], [-118.54876219999998, 34.0726086], [-118.5487857, 34.072598000000006], [-118.54883720000001, 34.072676599999994], [-118.54865089999998, 34.072772], [-118.5485949, 34.072692999999994], [-118.54864060000001, 34.0726706]]]}, "properties": {"id": "palisades-000077", "damage_class": 0, "damage_label": "no-damage", "confidence": 0.85, "area_m2": 248.41, "centroid": [-118.548712, 34.072675], "confidence_tier": "high", "sources": {"heuristic": 1, "cnn": 0, "margin": 1.0}, "footprint_source": "osm"}}, {"type": "Feature", "geometry": {"type": "Polygon", "coordinates": [[[-118.565173, 34.077413400000005], [-118.5651716, 34.0774174], [-118.5651164, 34.0774035], [-118.56512, 34.0773935], [-118.5650607, 34.0773745], [-118.56505560000001, 34.0773884], [-118.564979, 34.07736609999999], [-118.564986, 34.077349599999984], [-118.5649754, 34.077346500000004], [-118.5649921, 34.0772995], [-118.5650059, 34.0773029], [-118.56501479999999, 34.07727789999999], [-118.56499500000001, 34.07727299999999], [-118.56498320000001, 34.0772928], [-118.5649237, 34.0772627], [-118.56488240000002, 34.0773133], [-118.56485129999999, 34.07729760000001], [-118.5648262, 34.077345900000005], [-118.5648517, 34.0773587], [-118.5648225, 34.07739870000001], [-118.5648172, 34.077395999999986], [-118.5648083, 34.0774081], [-118.5648618, 34.07742769999999], [-118.56485849999999, 34.07743229999999], [-118.56487259999999, 34.07743939999999], [-118.5648622, 34.07745369999999], [-118.56487400000002, 34.07745839999998], [-118.5648947, 34.0773998], [-118.5649723, 34.077419600000006], [-118.5649687, 34.07742930000001], [-118.56502910000002, 34.0774472], [-118.5650347, 34.07743419999999], [-118.56510599999999, 34.07745529999999], [-118.56510020000002, 34.07746890000001], [-118.5651164, 34.0774737], [-118.5651187, 34.07746840000001], [-118.56517620000001, 34.0774855], [-118.56512249999999, 34.07762439999999], [-118.5650863, 34.077614700000005], [-118.5650815, 34.07762719999999], [-118.5649952, 34.077599000000006], [-118.5649981, 34.07759149999999], [-118.5649502, 34.077578700000004], [-118.56494430000001, 34.077593900000004], [-118.56489920000001, 34.07758179999999], [-118.56490740000001, 34.07756049999999], [-118.56483650000001, 34.077547700000004], [-118.56484230000001, 34.0775326], [-118.5648342, 34.0775305], [-118.5648428, 34.07750829999999], [-118.56485279999998, 34.0775109], [-118.56486329999998, 34.0774835], [-118.56484220000002, 34.0774792], [-118.56483029999998, 34.0774972], [-118.564806, 34.0774849], [-118.5648026, 34.0774895], [-118.5647786, 34.07747739999999], [-118.5647814, 34.077473499999996], [-118.56471930000001, 34.07744209999999], [-118.56471570000001, 34.07744700000001], [-118.56466950000001, 34.077418400000006], [-118.5646877, 34.0773935], [-118.56466879999999, 34.0773839], [-118.5646876, 34.0773581], [-118.5646452, 34.0773366], [-118.5646653, 34.07730910000001], [-118.56464509999999, 34.0772989], [-118.56466130000001, 34.0772767], [-118.56465229999999, 34.077272099999995], [-118.5646675, 34.0772513], [-118.56464240000001, 34.07723859999999], [-118.56466950000001, 34.07720140000001], [-118.56472589999998, 34.0772299], [-118.56474050000001, 34.07721], [-118.5647011, 34.077189999999995], [-118.56472589999998, 34.077155899999994], [-118.56480419999998, 34.0771955], [-118.5648295, 34.07716090000001], [-118.5648457, 34.0771691], [-118.56485519999998, 34.077156099999996], [-118.564867, 34.07716200000001], [-118.56487040000002, 34.07715720000001], [-118.56493919999998, 34.07719199999999], [-118.56494310000001, 34.0771866], [-118.5649747, 34.07720260000001], [-118.56497210000002, 34.077206100000005], [-118.5650212, 34.077230899999996], [-118.56501030000001, 34.07724580000001], [-118.565024, 34.0772528], [-118.5650463, 34.0771907], [-118.56509460000001, 34.07720270000001], [-118.5650851, 34.07722939999999], [-118.56510710000002, 34.0772348], [-118.56511110000001, 34.0772236], [-118.5651307, 34.07722840000001], [-118.56513360000001, 34.077220600000004], [-118.56522299999999, 34.07724279999999], [-118.5652159, 34.07726280000001], [-118.56525080000002, 34.07727140000001], [-118.56519689999999, 34.0774194], [-118.565173, 34.077413400000005]]]}, "properties": {"id": "palisades-000078", "damage_class": 0, "damage_label": "no-damage", "confidence": 0.7, "area_m2": 1564.25, "centroid": [-118.564944, 34.07737], "confidence_tier": "review", "sources": {"heuristic": 2, "cnn": 0, "margin": 1.0}, "footprint_source": "osm"}}, {"type": "Feature", "geometry": {"type": "Polygon", "coordinates": [[[-118.5626607, 34.079562900000006], [-118.5626366, 34.07955419999999], [-118.56265660000001, 34.0795157], [-118.56268239999999, 34.079525], [-118.56269710000001, 34.0794968], [-118.5629007, 34.0795703], [-118.5628704, 34.079628499999984], [-118.5628059, 34.0796052], [-118.5628013, 34.0796141], [-118.56279240000002, 34.0796103], [-118.56277350000002, 34.079646600000004], [-118.5626418, 34.079599299999984], [-118.5626607, 34.079562900000006]]]}, "properties": {"id": "palisades-000079", "damage_class": 0, "damage_label": "no-damage", "confidence": 1.0, "area_m2": 228.6, "centroid": [-118.562757, 34.079574], "confidence_tier": "high", "sources": {"heuristic": 0, "cnn": 0, "margin": 1.0}, "footprint_source": "osm"}}, {"type": "Feature", "geometry": {"type": "Polygon", "coordinates": [[[-118.56129990000001, 34.077922400000006], [-118.56124850000002, 34.07788729999999], [-118.56123680000002, 34.07789929999999], [-118.5611773, 34.0778586], [-118.5612901, 34.0777442], [-118.5613262, 34.0777688], [-118.5613492, 34.077745400000005], [-118.5613687, 34.07775869999999], [-118.5613948, 34.07773219999999], [-118.561446, 34.077767200000004], [-118.56129990000001, 34.077922400000006]]]}, "properties": {"id": "palisades-000080", "damage_class": 0, "damage_label": "no-damage", "confidence": 1.0, "area_m2": 259.64, "centroid": [-118.561309, 34.077823], "confidence_tier": "high", "sources": {"heuristic": 0, "cnn": 0, "margin": 1.0}, "footprint_source": "osm"}}, {"type": "Feature", "geometry": {"type": "Polygon", "coordinates": [[[-118.5523289, 34.0759112], [-118.55232, 34.07592520000001], [-118.5523512, 34.07593909999999], [-118.5523313, 34.07597], [-118.55220460000001, 34.0759137], [-118.5522927, 34.0757764], [-118.5523209, 34.0757889], [-118.55232880000001, 34.07577669999999], [-118.5523918, 34.07580469999999], [-118.55238409999998, 34.075816800000005], [-118.5524191, 34.075832399999996], [-118.5523598, 34.07592489999998], [-118.5523289, 34.0759112]]]}, "properties": {"id": "palisades-000081", "damage_class": 0, "damage_label": "no-damage", "confidence": 0.85, "area_m2": 232.88, "centroid": [-118.552313, 34.075869], "confidence_tier": "high", "sources": {"heuristic": 1, "cnn": 0, "margin": 1.0}, "footprint_source": "osm"}}, {"type": "Feature", "geometry": {"type": "Polygon", "coordinates": [[[-118.5483881, 34.074752000000004], [-118.5483074, 34.074683799999995], [-118.54844320000001, 34.07458259999999], [-118.54852749999999, 34.074659100000005], [-118.54851250000002, 34.07467050000001], [-118.548534, 34.07469], [-118.5484316, 34.0747688], [-118.5484016, 34.074741599999996], [-118.5483881, 34.074752000000004]]]}, "properties": {"id": "palisades-000082", "damage_class": 0, "damage_label": "no-damage", "confidence": 0.85, "area_m2": 230.58, "centroid": [-118.548427, 34.074679], "confidence_tier": "high", "sources": {"heuristic": 1, "cnn": 0, "margin": 1.0}, "footprint_source": "osm"}}, {"type": "Feature", "geometry": {"type": "Polygon", "coordinates": [[[-118.5608016, 34.0732395], [-118.5607746, 34.07322270000001], [-118.56075749999998, 34.07324160000001], [-118.5606739, 34.07318939999999], [-118.560811, 34.0730372], [-118.56084380000001, 34.0730576], [-118.5608614, 34.07303809999999], [-118.56089699999998, 34.073060299999995], [-118.56088160000002, 34.0730774], [-118.56091229999998, 34.0730965], [-118.5608968, 34.0731138], [-118.5609083, 34.07312100000001], [-118.5608016, 34.0732395]]]}, "properties": {"id": "palisades-000083", "damage_class": 0, "damage_label": "no-damage", "confidence": 1.0, "area_m2": 270.71, "centroid": [-118.560801, 34.073141], "confidence_tier": "high", "sources": {"heuristic": 0, "cnn": 0, "margin": 1.0}, "footprint_source": "osm"}}, {"type": "Feature", "geometry": {"type": "Polygon", "coordinates": [[[-118.5621208, 34.07378140000001], [-118.56207759999998, 34.07371179999999], [-118.5621787, 34.0736684], [-118.5621942, 34.0736933], [-118.56223650000001, 34.07367510000001], [-118.5623574, 34.0738628], [-118.5622804, 34.0738959], [-118.56223959999998, 34.0738303], [-118.5621767, 34.0738573], [-118.5621277, 34.073778399999995], [-118.5621208, 34.07378140000001]]]}, "properties": {"id": "palisades-000084", "damage_class": 0, "damage_label": "no-damage", "confidence": 0.7, "area_m2": 323.91, "centroid": [-118.562217, 34.073776], "confidence_tier": "review", "sources": {"heuristic": 2, "cnn": 0, "margin": 1.0}, "footprint_source": "osm"}}, {"type": "Feature", "geometry": {"type": "Polygon", "coordinates": [[[-118.56222300000002, 34.0782871], [-118.5622205, 34.0782934], [-118.5621974, 34.078286999999996], [-118.5622004, 34.07827969999999], [-118.5621932, 34.0782777], [-118.56219850000001, 34.078264700000005], [-118.56217440000002, 34.078258], [-118.5621517, 34.07831410000001], [-118.5620873, 34.0782961], [-118.5621536, 34.07813219999999], [-118.5622818, 34.0781682], [-118.56223260000002, 34.0782898], [-118.56222300000002, 34.0782871]]]}, "properties": {"id": "palisades-000085", "damage_class": 0, "damage_label": "no-damage", "confidence": 1.0, "area_m2": 206.46, "centroid": [-118.562184, 34.078221], "confidence_tier": "high", "sources": {"heuristic": 0, "cnn": 0, "margin": 1.0}, "footprint_source": "osm"}}, {"type": "Feature", "geometry": {"type": "Polygon", "coordinates": [[[-118.54915, 34.0745137], [-118.5492507, 34.0743974], [-118.5493554, 34.074458699999994], [-118.54934569999999, 34.07447019999999], [-118.5493705, 34.0744847], [-118.54928080000002, 34.074589599999996], [-118.54926670000002, 34.074581300000006], [-118.5492614, 34.0745876], [-118.5491806, 34.074540400000004], [-118.54918600000002, 34.074533899999984], [-118.54915, 34.0745137]]]}, "properties": {"id": "palisades-000086", "damage_class": 0, "damage_label": "no-damage", "confidence": 1.0, "area_m2": 236.95, "centroid": [-118.549262, 34.074496], "confidence_tier": "high", "sources": {"heuristic": 0, "cnn": 0, "margin": 1.0}, "footprint_source": "osm"}}, {"type": "Feature", "geometry": {"type": "Polygon", "coordinates": [[[-118.55189259999999, 34.07555729999999], [-118.55189680000001, 34.075553], [-118.55194750000001, 34.0755872], [-118.55192230000002, 34.0756131], [-118.5519326, 34.07562], [-118.5518499, 34.075705], [-118.5518262, 34.07568909999999], [-118.55179330000001, 34.0757228], [-118.5517133, 34.0756689], [-118.5517195, 34.07566250000001], [-118.5517111, 34.0756562], [-118.5518411, 34.0755226], [-118.55189259999999, 34.07555729999999]]]}, "properties": {"id": "palisades-000087", "damage_class": 3, "damage_label": "destroyed", "confidence": 0.7, "area_m2": 253.04, "centroid": [-118.55183, 34.075626], "confidence_tier": "review", "sources": {"heuristic": 0, "cnn": 3, "margin": 1.0}, "footprint_source": "osm"}}, {"type": "Feature", "geometry": {"type": "Polygon", "coordinates": [[[-118.55957049999999, 34.07146800000001], [-118.55959630000001, 34.07144449999999], [-118.55957320000002, 34.071427], [-118.55959129999998, 34.071410500000006], [-118.55956150000002, 34.0713878], [-118.55962570000001, 34.0713295], [-118.5597969, 34.07146], [-118.5597419, 34.071509899999995], [-118.55974660000001, 34.0715135], [-118.5597347, 34.07152440000001], [-118.55974000000002, 34.0715285], [-118.55969890000001, 34.071565899999996], [-118.55957049999999, 34.07146800000001]]]}, "properties": {"id": "palisades-000088", "damage_class": 0, "damage_label": "no-damage", "confidence": 1.0, "area_m2": 291.96, "centroid": [-118.55967, 34.071448], "confidence_tier": "high", "sources": {"heuristic": 0, "cnn": 0, "margin": 1.0}, "footprint_source": "osm"}}, {"type": "Feature", "geometry": {"type": "Polygon", "coordinates": [[[-118.5636063, 34.073880199999984], [-118.56351589999998, 34.073919599999996], [-118.56351400000001, 34.073916099999984], [-118.56347440000002, 34.07393170000001], [-118.56340240000002, 34.07380539999999], [-118.5634169, 34.0737996], [-118.5633957, 34.07376239999999], [-118.56343940000001, 34.07374509999999], [-118.5634158, 34.073703699999996], [-118.5634893, 34.07367469999999], [-118.5636063, 34.073880199999984]]]}, "properties": {"id": "palisades-000089", "damage_class": 0, "damage_label": "no-damage", "confidence": 0.85, "area_m2": 304.03, "centroid": [-118.563492, 34.073811], "confidence_tier": "high", "sources": {"heuristic": 1, "cnn": 0, "margin": 1.0}, "footprint_source": "osm"}}, {"type": "Feature", "geometry": {"type": "Polygon", "coordinates": [[[-118.56214470000002, 34.070348599999996], [-118.56216609999998, 34.07039679999999], [-118.562251, 34.070370700000005], [-118.562232, 34.0703281], [-118.56229860000002, 34.0703076], [-118.5623526, 34.0704292], [-118.5622856, 34.0704498], [-118.5623044, 34.0704921], [-118.562216, 34.070519299999994], [-118.56219699999998, 34.0704766], [-118.56213460000001, 34.070495800000025], [-118.5620782, 34.07036909999999], [-118.56214470000002, 34.070348599999996]]]}, "properties": {"id": "palisades-000090", "damage_class": 3, "damage_label": "destroyed", "confidence": 0.7, "area_m2": 313.67, "centroid": [-118.562222, 34.070418], "confidence_tier": "review", "sources": {"heuristic": 0, "cnn": 3, "margin": 1.0}, "footprint_source": "osm"}}, {"type": "Feature", "geometry": {"type": "Polygon", "coordinates": [[[-118.56848879999998, 34.079659899999996], [-118.5683944, 34.0797929], [-118.5682675, 34.0797305], [-118.56826, 34.0797411], [-118.56820910000002, 34.07971609999999], [-118.5682123, 34.0797117], [-118.5682039, 34.07970759999999], [-118.5682843, 34.0795945], [-118.5683515, 34.0796276], [-118.568346, 34.0796353], [-118.5683671, 34.0796457], [-118.5683911, 34.0796119], [-118.56848879999998, 34.079659899999996]]]}, "properties": {"id": "palisades-000091", "damage_class": 1, "damage_label": "minor-damage", "confidence": 1.0, "area_m2": 315.71, "centroid": [-118.568347, 34.07969], "confidence_tier": "high", "sources": {"heuristic": 1, "cnn": 1, "margin": 1.0}, "footprint_source": "osm"}}, {"type": "Feature", "geometry": {"type": "Polygon", "coordinates": [[[-118.5515632, 34.07700410000001], [-118.5515678, 34.0769964], [-118.5516186, 34.077017], [-118.5516128, 34.07702700000001], [-118.5517148, 34.07706819999999], [-118.55164900000001, 34.07718070000001], [-118.551629, 34.0771727], [-118.5516011, 34.07722029999999], [-118.55155059999998, 34.07719980000001], [-118.55154570000002, 34.0772082], [-118.5514518, 34.077170399999986], [-118.55155179999998, 34.07699950000001], [-118.5515632, 34.07700410000001]]]}, "properties": {"id": "palisades-000092", "damage_class": 0, "damage_label": "no-damage", "confidence": 1.0, "area_m2": 337.8, "centroid": [-118.551582, 34.077112], "confidence_tier": "high", "sources": {"heuristic": 0, "cnn": 0, "margin": 1.0}, "footprint_source": "osm"}}, {"type": "Feature", "geometry": {"type": "Polygon", "coordinates": [[[-118.5597907, 34.070052499999996], [-118.5598109, 34.0700673], [-118.5598711, 34.0700105], [-118.55997610000001, 34.070087599999994], [-118.55994130000002, 34.07012039999999], [-118.55992280000001, 34.0701068], [-118.55989639999999, 34.070131700000005], [-118.55993120000001, 34.0701572], [-118.5599467, 34.0701425], [-118.5600012, 34.0701826], [-118.5599532, 34.07022829999998], [-118.55975710000001, 34.07008429999999], [-118.5597907, 34.070052499999996]]]}, "properties": {"id": "palisades-000093", "damage_class": 0, "damage_label": "no-damage", "confidence": 0.85, "area_m2": 226.96, "centroid": [-118.559886, 34.070113], "confidence_tier": "high", "sources": {"heuristic": 1, "cnn": 0, "margin": 1.0}, "footprint_source": "osm"}}, {"type": "Feature", "geometry": {"type": "Polygon", "coordinates": [[[-118.56149760000001, 34.0723192], [-118.56127250000002, 34.072357999999994], [-118.5612373, 34.0722437], [-118.5612964, 34.0722335], [-118.5613001, 34.07224859999999], [-118.56137820000001, 34.072235199999994], [-118.56137420000002, 34.0722191], [-118.5614383, 34.07220800000001], [-118.56145079999999, 34.0722583], [-118.56148110000001, 34.07225309999999], [-118.56149760000001, 34.0723192]]]}, "properties": {"id": "palisades-000094", "damage_class": 0, "damage_label": "no-damage", "confidence": 1.0, "area_m2": 253.5, "centroid": [-118.561365, 34.072286], "confidence_tier": "high", "sources": {"heuristic": 0, "cnn": 0, "margin": 1.0}, "footprint_source": "osm"}}, {"type": "Feature", "geometry": {"type": "Polygon", "coordinates": [[[-118.5610374, 34.0774873], [-118.56109730000001, 34.07754620000001], [-118.5610771, 34.0775603], [-118.56109370000001, 34.077576699999995], [-118.5610336, 34.077619000000006], [-118.56104300000001, 34.0776283], [-118.5609754, 34.07767580000001], [-118.5609295, 34.077630599999985], [-118.56092309999998, 34.07763500000001], [-118.5608727, 34.077585299999996], [-118.5610063, 34.077491399999985], [-118.5610168, 34.0775018], [-118.5610374, 34.0774873]]]}, "properties": {"id": "palisades-000095", "damage_class": 0, "damage_label": "no-damage", "confidence": 0.85, "area_m2": 229.17, "centroid": [-118.560992, 34.077578], "confidence_tier": "high", "sources": {"heuristic": 1, "cnn": 0, "margin": 1.0}, "footprint_source": "osm"}}, {"type": "Feature", "geometry": {"type": "Polygon", "coordinates": [[[-118.55844840000002, 34.07201049999999], [-118.5584146, 34.0720425], [-118.55835500000002, 34.0719988], [-118.55839179999998, 34.071964099999995], [-118.55835990000001, 34.0719408], [-118.5584422, 34.07186299999999], [-118.55850180000002, 34.0719067], [-118.5585358, 34.0718745], [-118.5585913, 34.07191519999999], [-118.558557, 34.0719476], [-118.55857020000002, 34.0719572], [-118.55848520000002, 34.07203749999999], [-118.55844840000002, 34.07201049999999]]]}, "properties": {"id": "palisades-000096", "damage_class": 1, "damage_label": "minor-damage", "confidence": 0.85, "area_m2": 253.01, "centroid": [-118.558466, 34.071953], "confidence_tier": "high", "sources": {"heuristic": 0, "cnn": 1, "margin": 1.0}, "footprint_source": "osm"}}, {"type": "Feature", "geometry": {"type": "Polygon", "coordinates": [[[-118.56036110000001, 34.07046689999999], [-118.56037970000001, 34.07048050000001], [-118.5604407, 34.07042330000001], [-118.5605446, 34.07049990000001], [-118.5605095, 34.0705328], [-118.5604914, 34.0705195], [-118.56046280000001, 34.0705464], [-118.5604956, 34.07057060000001], [-118.56051350000001, 34.070553700000005], [-118.5605709, 34.0705961], [-118.56052190000001, 34.070642], [-118.56032740000002, 34.07049849999999], [-118.56036110000001, 34.07046689999999]]]}, "properties": {"id": "palisades-000097", "damage_class": 0, "damage_label": "no-damage", "confidence": 0.85, "area_m2": 226.75, "centroid": [-118.560456, 34.070526], "confidence_tier": "high", "sources": {"heuristic": 1, "cnn": 0, "margin": 1.0}, "footprint_source": "osm"}}, {"type": "Feature", "geometry": {"type": "Polygon", "coordinates": [[[-118.5636303, 34.074949200000006], [-118.5636255, 34.074941800000005], [-118.56357979999999, 34.0749625], [-118.56353479999999, 34.0748938], [-118.5636504, 34.074835699999994], [-118.56365680000002, 34.07484560000001], [-118.56367730000001, 34.07483630000001], [-118.563718, 34.074898499999996], [-118.5636976, 34.0749078], [-118.56370300000002, 34.0749162], [-118.5636303, 34.074949200000006]]]}, "properties": {"id": "palisades-000098", "damage_class": 0, "damage_label": "no-damage", "confidence": 1.0, "area_m2": 135.97, "centroid": [-118.563628, 34.074898], "confidence_tier": "high", "sources": {"heuristic": 0, "cnn": 0, "margin": 1.0}, "footprint_source": "osm"}}, {"type": "Feature", "geometry": {"type": "Polygon", "coordinates": [[[-118.5515358, 34.0760157], [-118.5515441, 34.076002700000004], [-118.55157940000001, 34.0760182], [-118.5515714, 34.076030799999984], [-118.5516378, 34.076054500000005], [-118.5515427, 34.076204199999985], [-118.5514364, 34.0761635], [-118.5515315, 34.076013799999984], [-118.5515358, 34.0760157]]]}, "properties": {"id": "palisades-000099", "damage_class": 0, "damage_label": "no-damage", "confidence": 1.0, "area_m2": 207.68, "centroid": [-118.551537, 34.076107], "confidence_tier": "high", "sources": {"heuristic": 0, "cnn": 0, "margin": 1.0}, "footprint_source": "osm"}}, {"type": "Feature", "geometry": {"type": "Polygon", "coordinates": [[[-118.5597465, 34.077192], [-118.559717, 34.077160400000004], [-118.55978869999998, 34.07711419999999], [-118.55981530000001, 34.0771427], [-118.5598358, 34.0771294], [-118.5599238, 34.0772241], [-118.5599171, 34.077228399999996], [-118.5599279, 34.0772401], [-118.55980870000002, 34.0773141], [-118.5597144, 34.0772127], [-118.5597465, 34.077192]]]}, "properties": {"id": "palisades-000100", "damage_class": 0, "damage_label": "no-damage", "confidence": 1.0, "area_m2": 244.26, "centroid": [-118.559815, 34.077213], "confidence_tier": "high", "sources": {"heuristic": 0, "cnn": 0, "margin": 1.0}, "footprint_source": "osm"}}, {"type": "Feature", "geometry": {"type": "Polygon", "coordinates": [[[-118.5718018, 34.0775013], [-118.57168799999998, 34.07752210000001], [-118.5716554, 34.0773982], [-118.57172230000002, 34.0773859], [-118.5717244, 34.077393699999995], [-118.571764, 34.07738649999999], [-118.5717595, 34.0773695], [-118.5719467, 34.07733530000001], [-118.57197899999998, 34.0774483], [-118.5717966, 34.0774816], [-118.5718018, 34.0775013]]]}, "properties": {"id": "palisades-000101", "damage_class": 0, "damage_label": "no-damage", "confidence": 1.0, "area_m2": 369.11, "centroid": [-118.571814, 34.077426], "confidence_tier": "high", "sources": {"heuristic": 0, "cnn": 0, "margin": 1.0}, "footprint_source": "osm"}}, {"type": "Feature", "geometry": {"type": "Polygon", "coordinates": [[[-118.5601043, 34.0720984], [-118.5601176, 34.0721026], [-118.56012709999999, 34.0720818], [-118.56018640000002, 34.0721006], [-118.5601979, 34.0720753], [-118.5603654, 34.072128400000004], [-118.5603365, 34.072183900000006], [-118.5603252, 34.072180299999985], [-118.5603031, 34.0722287], [-118.5600774, 34.072157199999985], [-118.5601043, 34.0720984]]]}, "properties": {"id": "palisades-000102", "damage_class": 0, "damage_label": "no-damage", "confidence": 0.85, "area_m2": 261.37, "centroid": [-118.560224, 34.072147], "confidence_tier": "high", "sources": {"heuristic": 1, "cnn": 0, "margin": 1.0}, "footprint_source": "osm"}}, {"type": "Feature", "geometry": {"type": "Polygon", "coordinates": [[[-118.5605197, 34.07803559999999], [-118.5605298, 34.07804639999999], [-118.56055730000001, 34.07802209999999], [-118.5607033, 34.07817839999999], [-118.5606628, 34.07820460000001], [-118.56065360000001, 34.0781947], [-118.56061729999999, 34.078218199999995], [-118.56062600000001, 34.078227500000004], [-118.5605943, 34.078248], [-118.56044249999998, 34.07808560000001], [-118.5605197, 34.07803559999999]]]}, "properties": {"id": "palisades-000103", "damage_class": 0, "damage_label": "no-damage", "confidence": 1.0, "area_m2": 280.1, "centroid": [-118.560572, 34.078132], "confidence_tier": "high", "sources": {"heuristic": 0, "cnn": 0, "margin": 1.0}, "footprint_source": "osm"}}, {"type": "Feature", "geometry": {"type": "Polygon", "coordinates": [[[-118.5573965, 34.0749604], [-118.55732150000001, 34.07495409999999], [-118.5573336, 34.074851599999995], [-118.55734730000002, 34.0748521], [-118.5573468, 34.074862], [-118.55737490000001, 34.07486300000001], [-118.5573728, 34.074899699999996], [-118.55740040000002, 34.0749007], [-118.5573965, 34.0749604]]]}, "properties": {"id": "palisades-000104", "damage_class": 3, "damage_label": "destroyed", "confidence": 0.7, "area_m2": 62.31, "centroid": [-118.557359, 34.074914], "confidence_tier": "review", "sources": {"heuristic": 0, "cnn": 3, "margin": 1.0}, "footprint_source": "osm"}}, {"type": "Feature", "geometry": {"type": "Polygon", "coordinates": [[[-118.5511983, 34.0765159], [-118.55119570000001, 34.0765202], [-118.55114349999998, 34.07649760000001], [-118.55124780000001, 34.0763375], [-118.5512827, 34.0763526], [-118.5512752, 34.076364399999996], [-118.5513442, 34.07638969999999], [-118.551251, 34.07653869999999], [-118.5511983, 34.0765159]]]}, "properties": {"id": "palisades-000105", "damage_class": 0, "damage_label": "no-damage", "confidence": 1.0, "area_m2": 208.73, "centroid": [-118.551245, 34.076442], "confidence_tier": "high", "sources": {"heuristic": 0, "cnn": 0, "margin": 1.0}, "footprint_source": "osm"}}, {"type": "Feature", "geometry": {"type": "Polygon", "coordinates": [[[-118.5505729, 34.076212], [-118.5505702, 34.076216200000005], [-118.5505178, 34.076193], [-118.55062370000002, 34.07603360000001], [-118.5506593, 34.076049299999994], [-118.5506516, 34.0760614], [-118.5507201, 34.0760866], [-118.5506252, 34.07623509999999], [-118.5505729, 34.076212]]]}, "properties": {"id": "palisades-000106", "damage_class": 0, "damage_label": "no-damage", "confidence": 1.0, "area_m2": 209.46, "centroid": [-118.55062, 34.076138], "confidence_tier": "high", "sources": {"heuristic": 0, "cnn": 0, "margin": 1.0}, "footprint_source": "osm"}}, {"type": "Feature", "geometry": {"type": "Polygon", "coordinates": [[[-118.56161250000001, 34.07794309999999], [-118.56164870000002, 34.0779617], [-118.5616838, 34.07791419999999], [-118.56176960000002, 34.0779582], [-118.5616507, 34.078114899999996], [-118.56159419999999, 34.0780859], [-118.5615781, 34.078107599999996], [-118.5615721, 34.07810450000001], [-118.5615682, 34.07810979999999], [-118.56151080000001, 34.0780804], [-118.56161250000001, 34.07794309999999]]]}, "properties": {"id": "palisades-000107", "damage_class": 3, "damage_label": "destroyed", "confidence": 0.7, "area_m2": 269.98, "centroid": [-118.561641, 34.078019], "confidence_tier": "review", "sources": {"heuristic": 0, "cnn": 3, "margin": 1.0}, "footprint_source": "osm"}}, {"type": "Feature", "geometry": {"type": "Polygon", "coordinates": [[[-118.5608422, 34.0775506], [-118.5608006, 34.0775086], [-118.5607863, 34.0775184], [-118.56073669999999, 34.077468399999994], [-118.5608727, 34.077375], [-118.560898, 34.0774006], [-118.56095760000001, 34.077364499999995], [-118.561012, 34.07741930000001], [-118.56097870000002, 34.07744219999999], [-118.56098730000001, 34.0774508], [-118.5608422, 34.0775506]]]}, "properties": {"id": "palisades-000108", "damage_class": 0, "damage_label": "no-damage", "confidence": 0.85, "area_m2": 263.01, "centroid": [-118.560875, 34.077453], "confidence_tier": "high", "sources": {"heuristic": 1, "cnn": 0, "margin": 1.0}, "footprint_source": "osm"}}, {"type": "Feature", "geometry": {"type": "Polygon", "coordinates": [[[-118.5615003, 34.0711474], [-118.56151139999999, 34.0711833], [-118.5614803, 34.0711899], [-118.56144839999999, 34.0710858], [-118.56156470000002, 34.0710611], [-118.5615472, 34.07100419999999], [-118.56161309999999, 34.070990099999996], [-118.5616147, 34.070995399999994], [-118.5617939, 34.070957299999996], [-118.56182910000001, 34.0710721], [-118.5617902, 34.0710804], [-118.5617918, 34.071085499999995], [-118.5615003, 34.0711474]]]}, "properties": {"id": "palisades-000109", "damage_class": 0, "damage_label": "no-damage", "confidence": 1.0, "area_m2": 420.64, "centroid": [-118.561647, 34.07106], "confidence_tier": "high", "sources": {"heuristic": 0, "cnn": 0, "margin": 1.0}, "footprint_source": "osm"}}, {"type": "Feature", "geometry": {"type": "Polygon", "coordinates": [[[-118.5619364, 34.07430539999999], [-118.56196140000002, 34.074352099999984], [-118.5618782, 34.07438299999999], [-118.561853, 34.074336], [-118.5618152, 34.07435], [-118.56175590000001, 34.07423959999999], [-118.56183030000001, 34.07421200000001], [-118.56181679999999, 34.074186899999994], [-118.56188450000002, 34.07416179999999], [-118.56190719999998, 34.0742042], [-118.56192590000002, 34.07419730000001], [-118.561976, 34.07429069999999], [-118.5619364, 34.07430539999999]]]}, "properties": {"id": "palisades-000110", "damage_class": 2, "damage_label": "major-damage", "confidence": 0.7, "area_m2": 282.79, "centroid": [-118.561872, 34.074274], "confidence_tier": "review", "sources": {"heuristic": 0, "cnn": 2, "margin": 1.0}, "footprint_source": "osm"}}, {"type": "Feature", "geometry": {"type": "Polygon", "coordinates": [[[-118.56316909999998, 34.0727209], [-118.56327450000002, 34.07267599999999], [-118.56327700000001, 34.07268049999999], [-118.5632991, 34.07267190000001], [-118.56336950000001, 34.072797200000004], [-118.5633021, 34.07282339999998], [-118.5633216, 34.07285809999999], [-118.56326770000001, 34.07287899999999], [-118.5632491, 34.0728458], [-118.56324099999999, 34.072849], [-118.56316909999998, 34.0727209]]]}, "properties": {"id": "palisades-000111", "damage_class": 1, "damage_label": "minor-damage", "confidence": 0.85, "area_m2": 230.85, "centroid": [-118.563271, 34.072768], "confidence_tier": "high", "sources": {"heuristic": 2, "cnn": 1, "margin": 1.0}, "footprint_source": "osm"}}, {"type": "Feature", "geometry": {"type": "Polygon", "coordinates": [[[-118.56165929999999, 34.079053099999996], [-118.5617114, 34.0790718], [-118.56170490000001, 34.0790843], [-118.5617371, 34.0790959], [-118.56175550000002, 34.07906069999999], [-118.56180630000001, 34.0790789], [-118.5617161, 34.079251500000005], [-118.56168720000001, 34.0792411], [-118.56168570000001, 34.079234299999996], [-118.56167280000001, 34.07925900000001], [-118.56157080000001, 34.0792224], [-118.56165929999999, 34.079053099999996]]]}, "properties": {"id": "palisades-000112", "damage_class": 0, "damage_label": "no-damage", "confidence": 0.7, "area_m2": 279.12, "centroid": [-118.561686, 34.079157], "confidence_tier": "review", "sources": {"heuristic": 2, "cnn": 0, "margin": 1.0}, "footprint_source": "osm"}}, {"type": "Feature", "geometry": {"type": "Polygon", "coordinates": [[[-118.5584858, 34.0710858], [-118.5584788, 34.07108159999999], [-118.5585311, 34.0710217], [-118.5585575, 34.071037800000006], [-118.5585876, 34.0710034], [-118.5586469, 34.071039299999995], [-118.5586504, 34.071035200000004], [-118.5588272, 34.0711423], [-118.55877879999998, 34.07119769999999], [-118.5586859, 34.071141399999995], [-118.5586385, 34.07119560000001], [-118.5584759, 34.0710972], [-118.5584858, 34.0710858]]]}, "properties": {"id": "palisades-000113", "damage_class": 0, "damage_label": "no-damage", "confidence": 1.0, "area_m2": 350.66, "centroid": [-118.558639, 34.071106], "confidence_tier": "high", "sources": {"heuristic": 0, "cnn": 0, "margin": 1.0}, "footprint_source": "osm"}}, {"type": "Feature", "geometry": {"type": "Polygon", "coordinates": [[[-118.5621834, 34.07263439999999], [-118.56224250000001, 34.072711299999995], [-118.5622875, 34.0726873], [-118.56236670000001, 34.072783400000006], [-118.56229179999998, 34.0728296], [-118.5622679, 34.0727985], [-118.56222389999999, 34.0728219], [-118.5621098, 34.0726735], [-118.5621834, 34.07263439999999]]]}, "properties": {"id": "palisades-000114", "damage_class": 0, "damage_label": "no-damage", "confidence": 1.0, "area_m2": 236.95, "centroid": [-118.562237, 34.072738], "confidence_tier": "high", "sources": {"heuristic": 0, "cnn": 0, "margin": 1.0}, "footprint_source": "osm"}}, {"type": "Feature", "geometry": {"type": "Polygon", "coordinates": [[[-118.55888220000001, 34.07134729999999], [-118.55894079999999, 34.071291800000004], [-118.5589346, 34.0712872], [-118.55897800000001, 34.0712461], [-118.55916699999999, 34.0713788], [-118.559061, 34.07147810000001], [-118.55888220000001, 34.07134729999999]]]}, "properties": {"id": "palisades-000115", "damage_class": 0, "damage_label": "no-damage", "confidence": 0.85, "area_m2": 327.31, "centroid": [-118.559023, 34.071363], "confidence_tier": "high", "sources": {"heuristic": 1, "cnn": 0, "margin": 1.0}, "footprint_source": "osm"}}, {"type": "Feature", "geometry": {"type": "Polygon", "coordinates": [[[-118.5625013, 34.072251099999995], [-118.56246360000002, 34.072202100000005], [-118.56247500000002, 34.07219599999999], [-118.56246490000001, 34.072182899999994], [-118.5624203, 34.07220649999999], [-118.5623739, 34.07214599999999], [-118.56236010000002, 34.07215329999999], [-118.56232599999998, 34.07210890000001], [-118.5623541, 34.072094], [-118.56235720000001, 34.07209809999999], [-118.56244770000002, 34.07205], [-118.5625728, 34.0722131], [-118.5625013, 34.072251099999995]]]}, "properties": {"id": "palisades-000116", "damage_class": 0, "damage_label": "no-damage", "confidence": 1.0, "area_m2": 223.89, "centroid": [-118.562453, 34.072148], "confidence_tier": "high", "sources": {"heuristic": 0, "cnn": 0, "margin": 1.0}, "footprint_source": "osm"}}, {"type": "Feature", "geometry": {"type": "Polygon", "coordinates": [[[-118.56316059999999, 34.07844889999999], [-118.56313590000002, 34.0784399], [-118.56313870000001, 34.078434599999994], [-118.56313240000001, 34.0784322], [-118.5631197, 34.07845619999999], [-118.5630159, 34.0784182], [-118.5631043, 34.0782509], [-118.5631095, 34.07825279999999], [-118.56312889999998, 34.0782162], [-118.5631733, 34.078232500000006], [-118.56315010000002, 34.07827639999999], [-118.5632352, 34.0783076], [-118.56316059999999, 34.07844889999999]]]}, "properties": {"id": "palisades-000117", "damage_class": 0, "damage_label": "no-damage", "confidence": 1.0, "area_m2": 280.27, "centroid": [-118.563126, 34.07835], "confidence_tier": "high", "sources": {"heuristic": 0, "cnn": 0, "margin": 1.0}, "footprint_source": "osm"}}, {"type": "Feature", "geometry": {"type": "Polygon", "coordinates": [[[-118.54870360000001, 34.074884], [-118.5487076, 34.074881100000006], [-118.54875550000001, 34.074926000000005], [-118.5487428, 34.0749354], [-118.5487641, 34.0749554], [-118.54864969999998, 34.07504], [-118.54863910000002, 34.07503009999999], [-118.54863070000002, 34.0750363], [-118.5485652, 34.074974999999995], [-118.5485709, 34.074970799999996], [-118.54854229999998, 34.0749442], [-118.5486684, 34.074850899999994], [-118.54870360000001, 34.074884]]]}, "properties": {"id": "palisades-000118", "damage_class": 0, "damage_label": "no-damage", "confidence": 1.0, "area_m2": 231.87, "centroid": [-118.548656, 34.074947], "confidence_tier": "high", "sources": {"heuristic": 0, "cnn": 0, "margin": 1.0}, "footprint_source": "osm"}}, {"type": "Feature", "geometry": {"type": "Polygon", "coordinates": [[[-118.55768960000002, 34.071629599999994], [-118.5576535, 34.07160919999999], [-118.55769440000002, 34.0715591], [-118.5577341, 34.071581599999995], [-118.55774369999999, 34.0715698], [-118.55784590000002, 34.07162760000001], [-118.5578185, 34.07166109999999], [-118.55785350000001, 34.071681], [-118.5577831, 34.071764300000005], [-118.5576439, 34.071685699999996], [-118.55768960000002, 34.071629599999994]]]}, "properties": {"id": "palisades-000119", "damage_class": 0, "damage_label": "no-damage", "confidence": 1.0, "area_m2": 256.44, "centroid": [-118.557749, 34.07166], "confidence_tier": "high", "sources": {"heuristic": 0, "cnn": 0, "margin": 1.0}, "footprint_source": "osm"}}, {"type": "Feature", "geometry": {"type": "Polygon", "coordinates": [[[-118.5607642, 34.0773887], [-118.56076799999998, 34.07739279999999], [-118.5607153, 34.077426], [-118.56067159999999, 34.077377999999996], [-118.56065480000001, 34.07738859999999], [-118.5606079, 34.077337], [-118.5607792, 34.077228999999996], [-118.5607711, 34.0772201], [-118.5608043, 34.0771992], [-118.5608361, 34.0772342], [-118.5608095, 34.07725089999999], [-118.5608727, 34.077320300000004], [-118.5607642, 34.0773887]]]}, "properties": {"id": "palisades-000120", "damage_class": 0, "damage_label": "no-damage", "confidence": 0.85, "area_m2": 281.14, "centroid": [-118.560746, 34.077321], "confidence_tier": "high", "sources": {"heuristic": 1, "cnn": 0, "margin": 1.0}, "footprint_source": "osm"}}, {"type": "Feature", "geometry": {"type": "Polygon", "coordinates": [[[-118.56202139999999, 34.072275700000006], [-118.56205650000001, 34.07225759999999], [-118.5620533, 34.0722532], [-118.56214230000002, 34.0722135], [-118.5622294, 34.0723307], [-118.56221730000001, 34.07233699999999], [-118.56224399999999, 34.072372900000005], [-118.56220259999999, 34.0723943], [-118.5622318, 34.072433499999995], [-118.5621646, 34.0724681], [-118.56202139999999, 34.072275700000006]]]}, "properties": {"id": "palisades-000121", "damage_class": 0, "damage_label": "no-damage", "confidence": 0.85, "area_m2": 296.38, "centroid": [-118.562142, 34.072334], "confidence_tier": "high", "sources": {"heuristic": 1, "cnn": 0, "margin": 1.0}, "footprint_source": "osm"}}, {"type": "Feature", "geometry": {"type": "Polygon", "coordinates": [[[-118.54782490000001, 34.074065999999995], [-118.54778710000001, 34.07403239999999], [-118.5477998, 34.0740225], [-118.54776990000002, 34.0739959], [-118.54787200000001, 34.073916399999995], [-118.54789360000001, 34.07393559999999], [-118.5479082, 34.0739243], [-118.54799259999999, 34.0740039], [-118.54786230000002, 34.0741054], [-118.54782120000002, 34.07406889999999], [-118.54782490000001, 34.074065999999995]]]}, "properties": {"id": "palisades-000122", "damage_class": 0, "damage_label": "no-damage", "confidence": 0.85, "area_m2": 229.53, "centroid": [-118.547878, 34.074007], "confidence_tier": "high", "sources": {"heuristic": 1, "cnn": 0, "margin": 1.0}, "footprint_source": "osm"}}, {"type": "Feature", "geometry": {"type": "Polygon", "coordinates": [[[-118.5626423, 34.07450949999999], [-118.562633, 34.0744935], [-118.56259119999999, 34.0745103], [-118.5625562, 34.07445010000001], [-118.562598, 34.0744333], [-118.5625918, 34.0744226], [-118.56253779999999, 34.0744444], [-118.56247509999999, 34.0743366], [-118.5625985, 34.0742927], [-118.562709, 34.074482599999996], [-118.5626423, 34.07450949999999]]]}, "properties": {"id": "palisades-000123", "damage_class": 0, "damage_label": "no-damage", "confidence": 0.85, "area_m2": 265.22, "centroid": [-118.562593, 34.074403], "confidence_tier": "high", "sources": {"heuristic": 1, "cnn": 0, "margin": 1.0}, "footprint_source": "osm"}}, {"type": "Feature", "geometry": {"type": "Polygon", "coordinates": [[[-118.5604521, 34.0722704], [-118.5604753, 34.07215479999999], [-118.5605331, 34.07216499999999], [-118.5605296, 34.0721789], [-118.56057490000002, 34.07218689999999], [-118.56057740000001, 34.0721771], [-118.56063680000001, 34.0721875], [-118.5606253, 34.0722329], [-118.56069580000002, 34.072245300000006], [-118.5606793, 34.0723103], [-118.5604521, 34.0722704]]]}, "properties": {"id": "palisades-000124", "damage_class": 0, "damage_label": "no-damage", "confidence": 1.0, "area_m2": 234.92, "centroid": [-118.560565, 34.072238], "confidence_tier": "high", "sources": {"heuristic": 0, "cnn": 0, "margin": 1.0}, "footprint_source": "osm"}}, {"type": "Feature", "geometry": {"type": "Polygon", "coordinates": [[[-118.5709521, 34.07766159999999], [-118.5709005, 34.07768670000001], [-118.57085810000001, 34.07762619999999], [-118.5709347, 34.0775889], [-118.5709476, 34.0776072], [-118.5710183, 34.07757279999999], [-118.57101070000002, 34.077562], [-118.57107130000001, 34.0775325], [-118.57109689999999, 34.07756899999999], [-118.57117879999998, 34.0775291], [-118.57122500000001, 34.07759480000001], [-118.5709865, 34.07771069999999], [-118.5709521, 34.07766159999999]]]}, "properties": {"id": "palisades-000125", "damage_class": 0, "damage_label": "no-damage", "confidence": 1.0, "area_m2": 328.13, "centroid": [-118.571043, 34.077617], "confidence_tier": "high", "sources": {"heuristic": 0, "cnn": 0, "margin": 1.0}, "footprint_source": "osm"}}, {"type": "Feature", "geometry": {"type": "Polygon", "coordinates": [[[-118.5605989, 34.0699871], [-118.5606042, 34.0699821], [-118.5606841, 34.0700401], [-118.56057290000001, 34.07014629999999], [-118.5605779, 34.070149900000004], [-118.5605446, 34.0701816], [-118.56049220000001, 34.0701436], [-118.56045430000002, 34.0701797], [-118.5604053, 34.0701441], [-118.56041359999999, 34.070136199999986], [-118.56039949999999, 34.070126], [-118.5605683, 34.069964899999995], [-118.5605989, 34.0699871]]]}, "properties": {"id": "palisades-000126", "damage_class": 0, "damage_label": "no-damage", "confidence": 1.0, "area_m2": 313.9, "centroid": [-118.560542, 34.070079], "confidence_tier": "high", "sources": {"heuristic": 0, "cnn": 0, "margin": 1.0}, "footprint_source": "osm"}}, {"type": "Feature", "geometry": {"type": "Polygon", "coordinates": [[[-118.56273360000002, 34.0731789], [-118.56275140000001, 34.07321029999999], [-118.5628228, 34.0731823], [-118.5628646, 34.073256099999995], [-118.5627395, 34.0733052], [-118.56273250000001, 34.07329279999999], [-118.5626093, 34.07333819999999], [-118.56257709999998, 34.0732814], [-118.56260190000002, 34.0732717], [-118.56258279999999, 34.0732381], [-118.56273360000002, 34.0731789]]]}, "properties": {"id": "palisades-000127", "damage_class": 0, "damage_label": "no-damage", "confidence": 1.0, "area_m2": 266.43, "centroid": [-118.562712, 34.073254], "confidence_tier": "high", "sources": {"heuristic": 0, "cnn": 0, "margin": 1.0}, "footprint_source": "osm"}}, {"type": "Feature", "geometry": {"type": "Polygon", "coordinates": [[[-118.5511004, 34.07600510000001], [-118.55109729999998, 34.07600939999998], [-118.5510472, 34.07598509999999], [-118.55115030000002, 34.0758383], [-118.55115630000002, 34.0758411], [-118.5511627, 34.075832], [-118.55119350000001, 34.075846999999996], [-118.55118630000001, 34.075857299999996], [-118.5512554, 34.075884800000004], [-118.5511529, 34.076030599999996], [-118.5511004, 34.07600510000001]]]}, "properties": {"id": "palisades-000128", "damage_class": 0, "damage_label": "no-damage", "confidence": 1.0, "area_m2": 209.22, "centroid": [-118.551151, 34.075933], "confidence_tier": "high", "sources": {"heuristic": 0, "cnn": 0, "margin": 1.0}, "footprint_source": "osm"}}, {"type": "Feature", "geometry": {"type": "Polygon", "coordinates": [[[-118.5625424, 34.0741819], [-118.5624131, 34.07423130000001], [-118.56238860000002, 34.0741867], [-118.5624037, 34.0741809], [-118.5623671, 34.0741144], [-118.5624131, 34.0740969], [-118.5624084, 34.07408849999999], [-118.5623441, 34.07411299999999], [-118.5623282, 34.074084], [-118.56238410000002, 34.0740627], [-118.56236670000001, 34.07403099999999], [-118.56244320000002, 34.0740018], [-118.5625424, 34.0741819]]]}, "properties": {"id": "palisades-000129", "damage_class": 0, "damage_label": "no-damage", "confidence": 1.0, "area_m2": 250.08, "centroid": [-118.562438, 34.07412], "confidence_tier": "high", "sources": {"heuristic": 0, "cnn": 0, "margin": 1.0}, "footprint_source": "osm"}}, {"type": "Feature", "geometry": {"type": "Polygon", "coordinates": [[[-118.563153, 34.0797029], [-118.5631394, 34.0796979], [-118.5631728, 34.0796351], [-118.5633366, 34.0796955], [-118.5633168, 34.0797327], [-118.5633261, 34.079736099999984], [-118.5633033, 34.079778699999984], [-118.56329460000002, 34.07977549999999], [-118.5632814, 34.07980020000001], [-118.56324960000002, 34.07978839999999], [-118.56324499999998, 34.07979699999999], [-118.5631262, 34.07975309999999], [-118.563153, 34.0797029]]]}, "properties": {"id": "palisades-000130", "damage_class": 0, "damage_label": "no-damage", "confidence": 0.85, "area_m2": 220.03, "centroid": [-118.563229, 34.079721], "confidence_tier": "high", "sources": {"heuristic": 1, "cnn": 0, "margin": 1.0}, "footprint_source": "osm"}}, {"type": "Feature", "geometry": {"type": "Polygon", "coordinates": [[[-118.5607757, 34.0778865], [-118.56081, 34.07792270000001], [-118.5608344, 34.07790659999999], [-118.56082880000001, 34.077900699999994], [-118.56084730000002, 34.077888499999986], [-118.56085279999999, 34.0778942], [-118.56085730000001, 34.07789129999998], [-118.56097859999998, 34.0780191], [-118.56093770000001, 34.07804600000001], [-118.56091160000001, 34.078018500000006], [-118.56084509999998, 34.0780622], [-118.56071579999998, 34.077925799999996], [-118.5607757, 34.0778865]]]}, "properties": {"id": "palisades-000131", "damage_class": 0, "damage_label": "no-damage", "confidence": 1.0, "area_m2": 235.23, "centroid": [-118.560845, 34.077972], "confidence_tier": "high", "sources": {"heuristic": 0, "cnn": 0, "margin": 1.0}, "footprint_source": "osm"}}, {"type": "Feature", "geometry": {"type": "Polygon", "coordinates": [[[-118.5619702, 34.07864519999999], [-118.56195060000002, 34.0786816], [-118.56197330000002, 34.07868989999999], [-118.56195120000001, 34.07873109999999], [-118.56192950000002, 34.0787231], [-118.56191609999999, 34.07874799999998], [-118.56185360000002, 34.0787248], [-118.5618484, 34.078734399999995], [-118.56176040000001, 34.0787019], [-118.5617904, 34.0786462], [-118.5617773, 34.07864140000001], [-118.56180759999998, 34.07858509999999], [-118.5619702, 34.07864519999999]]]}, "properties": {"id": "palisades-000132", "damage_class": 0, "damage_label": "no-damage", "confidence": 0.7, "area_m2": 219.0, "centroid": [-118.561867, 34.078671], "confidence_tier": "review", "sources": {"heuristic": 2, "cnn": 0, "margin": 1.0}, "footprint_source": "osm"}}, {"type": "Feature", "geometry": {"type": "Polygon", "coordinates": [[[-118.5609521, 34.07333899999999], [-118.56091850000001, 34.073313299999995], [-118.56086609999998, 34.0733607], [-118.5607957, 34.073306800000005], [-118.56088990000002, 34.073221600000004], [-118.5609024, 34.0732312], [-118.56093590000002, 34.073200899999996], [-118.5609232, 34.0731911], [-118.5609711, 34.0731478], [-118.56105240000001, 34.0732101], [-118.5610447, 34.073217099999994], [-118.5610675, 34.0732346], [-118.5609521, 34.07333899999999]]]}, "properties": {"id": "palisades-000133", "damage_class": 0, "damage_label": "no-damage", "confidence": 0.85, "area_m2": 272.01, "centroid": [-118.560938, 34.07326], "confidence_tier": "high", "sources": {"heuristic": 1, "cnn": 0, "margin": 1.0}, "footprint_source": "osm"}}, {"type": "Feature", "geometry": {"type": "Polygon", "coordinates": [[[-118.55789999999999, 34.0709896], [-118.5578989, 34.07103570000001], [-118.5577246, 34.071032699999996], [-118.5577252, 34.0710089], [-118.5576913, 34.0710083], [-118.55769080000002, 34.07102650000001], [-118.55755, 34.0710241], [-118.5575529, 34.0709079], [-118.55765060000002, 34.07090949999999], [-118.5576511, 34.07089160000001], [-118.557841, 34.070894700000004], [-118.55783870000002, 34.07098860000001], [-118.55789999999999, 34.0709896]]]}, "properties": {"id": "palisades-000134", "damage_class": 1, "damage_label": "minor-damage", "confidence": 0.85, "area_m2": 406.56, "centroid": [-118.557713, 34.070966], "confidence_tier": "high", "sources": {"heuristic": 0, "cnn": 1, "margin": 1.0}, "footprint_source": "osm"}}, {"type": "Feature", "geometry": {"type": "Polygon", "coordinates": [[[-118.54883689999998, 34.0729034], [-118.5488181, 34.072877299999995], [-118.54892840000001, 34.07282219999998], [-118.54894930000002, 34.07285120000001], [-118.5489645, 34.0728436], [-118.5490022, 34.0728959], [-118.548996, 34.07289899999999], [-118.5490094, 34.0729176], [-118.5489996, 34.072922500000004], [-118.54900400000001, 34.07292859999999], [-118.5488421, 34.07301], [-118.5487842, 34.0729298], [-118.54883689999998, 34.0729034]]]}, "properties": {"id": "palisades-000135", "damage_class": 0, "damage_label": "no-damage", "confidence": 1.0, "area_m2": 235.15, "centroid": [-118.548897, 34.072915], "confidence_tier": "high", "sources": {"heuristic": 0, "cnn": 0, "margin": 1.0}, "footprint_source": "osm"}}, {"type": "Feature", "geometry": {"type": "Polygon", "coordinates": [[[-118.5577525, 34.07132719999999], [-118.55768930000002, 34.071287], [-118.5577219, 34.0712515], [-118.5576856, 34.0712284], [-118.5577609, 34.0711466], [-118.55777490000001, 34.0711556], [-118.5578041, 34.0711239], [-118.55786280000001, 34.0711612], [-118.55783300000002, 34.0711928], [-118.55789580000001, 34.071235], [-118.5578195, 34.071316], [-118.5577838, 34.07129320000001], [-118.5577525, 34.07132719999999]]]}, "properties": {"id": "palisades-000136", "damage_class": 2, "damage_label": "major-damage", "confidence": 1.0, "area_m2": 246.74, "centroid": [-118.557786, 34.071231], "confidence_tier": "high", "sources": {"heuristic": 2, "cnn": 2, "margin": 1.0}, "footprint_source": "osm"}}, {"type": "Feature", "geometry": {"type": "Polygon", "coordinates": [[[-118.56118709999998, 34.077773099999995], [-118.56119069999998, 34.07777550000001], [-118.56115259999999, 34.0778121], [-118.56110450000001, 34.077783800000006], [-118.56113369999998, 34.07775529999999], [-118.5611266, 34.0777503], [-118.56109250000002, 34.0777834], [-118.5610349, 34.07774229999999], [-118.56117749999999, 34.07760369999999], [-118.5612836, 34.0776794], [-118.56118709999998, 34.077773099999995]]]}, "properties": {"id": "palisades-000137", "damage_class": 0, "damage_label": "no-damage", "confidence": 1.0, "area_m2": 254.47, "centroid": [-118.561161, 34.077709], "confidence_tier": "high", "sources": {"heuristic": 0, "cnn": 0, "margin": 1.0}, "footprint_source": "osm"}}, {"type": "Feature", "geometry": {"type": "Polygon", "coordinates": [[[-118.54833190000001, 34.076288000000005], [-118.5484727, 34.0763916], [-118.54831209999999, 34.0765353], [-118.54827909999999, 34.076510000000006], [-118.5482502, 34.076535799999995], [-118.54823049999999, 34.0765207], [-118.54821519999999, 34.07653439999999], [-118.5481899, 34.076515099999995], [-118.5481818, 34.076522399999995], [-118.54812159999999, 34.07647620000001], [-118.54833190000001, 34.076288000000005]]]}, "properties": {"id": "palisades-000138", "damage_class": 0, "damage_label": "no-damage", "confidence": 0.85, "area_m2": 457.59, "centroid": [-118.5483, 34.076425], "confidence_tier": "high", "sources": {"heuristic": 1, "cnn": 0, "margin": 1.0}, "footprint_source": "osm"}}, {"type": "Feature", "geometry": {"type": "Polygon", "coordinates": [[[-118.54685840000002, 34.073406799999994], [-118.54698170000002, 34.0734797], [-118.5469892, 34.0734708], [-118.5470803, 34.0735235], [-118.54702779999998, 34.0735858], [-118.5469692, 34.0735519], [-118.5469526, 34.0735716], [-118.5469302, 34.07355869999999], [-118.54690460000002, 34.073589], [-118.5467703, 34.0735114], [-118.54685840000002, 34.073406799999994]]]}, "properties": {"id": "palisades-000139", "damage_class": 0, "damage_label": "no-damage", "confidence": 1.0, "area_m2": 296.65, "centroid": [-118.546917, 34.073508], "confidence_tier": "high", "sources": {"heuristic": 0, "cnn": 0, "margin": 1.0}, "footprint_source": "osm"}}, {"type": "Feature", "geometry": {"type": "Polygon", "coordinates": [[[-118.56197670000002, 34.072469899999994], [-118.56188210000002, 34.07234280000001], [-118.56194640000001, 34.07231550000001], [-118.5619525, 34.0723237], [-118.5620066, 34.0722958], [-118.5621384, 34.0724653], [-118.5620745, 34.07249829999999], [-118.5620321, 34.072441399999995], [-118.56197670000002, 34.072469899999994]]]}, "properties": {"id": "palisades-000140", "damage_class": 0, "damage_label": "no-damage", "confidence": 1.0, "area_m2": 249.85, "centroid": [-118.562009, 34.072396], "confidence_tier": "high", "sources": {"heuristic": 0, "cnn": 0, "margin": 1.0}, "footprint_source": "osm"}}, {"type": "Feature", "geometry": {"type": "Polygon", "coordinates": [[[-118.56013010000001, 34.072936599999984], [-118.56009110000001, 34.0729238], [-118.5600621, 34.07298479999999], [-118.559974, 34.07295589999999], [-118.5600255, 34.0728475], [-118.5600382, 34.0728517], [-118.5600769, 34.0727612], [-118.56013580000001, 34.072780599999994], [-118.56013240000001, 34.072787699999985], [-118.56019160000001, 34.07280719999999], [-118.56013010000001, 34.072936599999984]]]}, "properties": {"id": "palisades-000141", "damage_class": 0, "damage_label": "no-damage", "confidence": 1.0, "area_m2": 251.88, "centroid": [-118.560083, 34.072874], "confidence_tier": "high", "sources": {"heuristic": 0, "cnn": 0, "margin": 1.0}, "footprint_source": "osm"}}, {"type": "Feature", "geometry": {"type": "Polygon", "coordinates": [[[-118.5627081, 34.0744365], [-118.56263440000001, 34.0743054], [-118.56265330000001, 34.074298000000006], [-118.5626384, 34.07427139999999], [-118.56271810000001, 34.0742383], [-118.56273349999998, 34.0742656], [-118.5627792, 34.0742478], [-118.56289360000001, 34.07445130000001], [-118.56281499999999, 34.0744819], [-118.5627749, 34.0744105], [-118.5627081, 34.0744365]]]}, "properties": {"id": "palisades-000142", "damage_class": 0, "damage_label": "no-damage", "confidence": 0.85, "area_m2": 335.8, "centroid": [-118.562758, 34.074355], "confidence_tier": "high", "sources": {"heuristic": 1, "cnn": 0, "margin": 1.0}, "footprint_source": "osm"}}, {"type": "Feature", "geometry": {"type": "Polygon", "coordinates": [[[-118.5507404, 34.0744798], [-118.55078829999998, 34.0744568], [-118.5507719, 34.0744332], [-118.55094099999998, 34.07435389999999], [-118.550978, 34.074407199999996], [-118.5509665, 34.0744127], [-118.5510055, 34.07446], [-118.55079650000002, 34.074560600000005], [-118.5507404, 34.0744798]]]}, "properties": {"id": "palisades-000143", "damage_class": 0, "damage_label": "no-damage", "confidence": 0.7, "area_m2": 285.15, "centroid": [-118.550872, 34.074457], "confidence_tier": "review", "sources": {"heuristic": 2, "cnn": 0, "margin": 1.0}, "footprint_source": "osm"}}, {"type": "Feature", "geometry": {"type": "Polygon", "coordinates": [[[-118.5620393, 34.07918169999999], [-118.56203610000001, 34.079187899999994], [-118.5620735, 34.079201], [-118.56207999999998, 34.0791882], [-118.5621296, 34.0792055], [-118.56204340000001, 34.079374699999995], [-118.56197759999999, 34.0793517], [-118.5620071, 34.0792939], [-118.5619799, 34.0792844], [-118.561961, 34.0793216], [-118.56191889999998, 34.0793069], [-118.5619913, 34.0791649], [-118.5620393, 34.07918169999999]]]}, "properties": {"id": "palisades-000144", "damage_class": 0, "damage_label": "no-damage", "confidence": 1.0, "area_m2": 236.4, "centroid": [-118.562025, 34.079263], "confidence_tier": "high", "sources": {"heuristic": 0, "cnn": 0, "margin": 1.0}, "footprint_source": "osm"}}, {"type": "Feature", "geometry": {"type": "Polygon", "coordinates": [[[-118.5607093, 34.0700642], [-118.560756, 34.0700977], [-118.56078809999998, 34.0700667], [-118.560834, 34.0700996], [-118.56080489999998, 34.0701278], [-118.56084410000001, 34.0701559], [-118.5607566, 34.0702406], [-118.56071699999998, 34.07021219999999], [-118.56068780000001, 34.0702405], [-118.56065099999998, 34.0702142], [-118.5606037, 34.07026], [-118.5605481, 34.0702202], [-118.5607093, 34.0700642]]]}, "properties": {"id": "palisades-000145", "damage_class": 0, "damage_label": "no-damage", "confidence": 0.85, "area_m2": 311.62, "centroid": [-118.560708, 34.070164], "confidence_tier": "high", "sources": {"heuristic": 1, "cnn": 0, "margin": 1.0}, "footprint_source": "osm"}}, {"type": "Feature", "geometry": {"type": "Polygon", "coordinates": [[[-118.56017209999999, 34.077813899999995], [-118.56018, 34.077822100000006], [-118.56021469999999, 34.077799199999994], [-118.56020659999999, 34.0777909], [-118.5602454, 34.0777653], [-118.56039389999998, 34.077920000000006], [-118.5603564, 34.0779385], [-118.5603658, 34.07794839999999], [-118.5602915, 34.07799730000001], [-118.5601374, 34.0778367], [-118.56017209999999, 34.077813899999995]]]}, "properties": {"id": "palisades-000146", "damage_class": 0, "damage_label": "no-damage", "confidence": 1.0, "area_m2": 281.31, "centroid": [-118.560268, 34.077882], "confidence_tier": "high", "sources": {"heuristic": 0, "cnn": 0, "margin": 1.0}, "footprint_source": "osm"}}, {"type": "Feature", "geometry": {"type": "Polygon", "coordinates": [[[-118.5630101, 34.078698100000004], [-118.56302119999998, 34.0787524], [-118.56303550000001, 34.0787503], [-118.56304120000001, 34.0787786], [-118.56308829999999, 34.078771899999985], [-118.5631089, 34.078872399999995], [-118.5630617, 34.07887910000001], [-118.56306600000002, 34.07890019999999], [-118.56301570000001, 34.07890729999998], [-118.5630108, 34.078883399999995], [-118.5629747, 34.078888500000005], [-118.5629377, 34.0787083], [-118.5630101, 34.078698100000004]]]}, "properties": {"id": "palisades-000147", "damage_class": 0, "damage_label": "no-damage", "confidence": 0.7, "area_m2": 218.68, "centroid": [-118.563018, 34.078808], "confidence_tier": "review", "sources": {"heuristic": 2, "cnn": 0, "margin": 1.0}, "footprint_source": "osm"}}, {"type": "Feature", "geometry": {"type": "Polygon", "coordinates": [[[-118.5499531, 34.073916], [-118.5499011, 34.073945], [-118.5498391, 34.073868100000006], [-118.54999580000002, 34.0737761], [-118.55001389999998, 34.073798499999995], [-118.55002759999999, 34.0737909], [-118.55006870000001, 34.0738418], [-118.5500551, 34.0738494], [-118.5500772, 34.0738768], [-118.54996979999999, 34.073936700000004], [-118.5499531, 34.073916]]]}, "properties": {"id": "palisades-000148", "damage_class": 0, "damage_label": "no-damage", "confidence": 1.0, "area_m2": 230.17, "centroid": [-118.549963, 34.073864], "confidence_tier": "high", "sources": {"heuristic": 0, "cnn": 0, "margin": 1.0}, "footprint_source": "osm"}}, {"type": "Feature", "geometry": {"type": "Polygon", "coordinates": [[[-118.55564170000001, 34.076245899999996], [-118.55564620000001, 34.076133500000005], [-118.55569930000001, 34.07613349999999], [-118.55569930000001, 34.076169099999994], [-118.5557324, 34.07616899999999], [-118.5557324, 34.0761874], [-118.55573730000002, 34.0761874], [-118.55573370000002, 34.0762458], [-118.55564170000001, 34.076245899999996]]]}, "properties": {"id": "palisades-000149", "damage_class": 3, "damage_label": "destroyed", "confidence": 1.0, "area_m2": 92.86, "centroid": [-118.555685, 34.076196], "confidence_tier": "high", "sources": {"heuristic": 3, "cnn": 3, "margin": 1.0}, "footprint_source": "osm"}}, {"type": "Feature", "geometry": {"type": "Polygon", "coordinates": [[[-118.55189499999999, 34.07481640000001], [-118.55191389999999, 34.0748451], [-118.5519006, 34.0748511], [-118.5519404, 34.07490369999999], [-118.551762, 34.0749849], [-118.5516993, 34.0748999], [-118.5518778, 34.0748187], [-118.55188059999999, 34.074823], [-118.55189499999999, 34.07481640000001]]]}, "properties": {"id": "palisades-000150", "damage_class": 0, "damage_label": "no-damage", "confidence": 0.7, "area_m2": 212.41, "centroid": [-118.551822, 34.0749], "confidence_tier": "review", "sources": {"heuristic": 2, "cnn": 0, "margin": 1.0}, "footprint_source": "osm"}}, {"type": "Feature", "geometry": {"type": "Polygon", "coordinates": [[[-118.56301239999999, 34.0730092], [-118.56297310000001, 34.072939999999996], [-118.56294039999999, 34.07295289999999], [-118.56290259999999, 34.072886399999994], [-118.56288430000001, 34.0728936], [-118.5628608, 34.07285230000001], [-118.56287590000001, 34.0728464], [-118.5628726, 34.0728406], [-118.56291970000001, 34.072822099999996], [-118.56292290000002, 34.0728278], [-118.56299040000002, 34.0728012], [-118.56309100000001, 34.0729783], [-118.56301239999999, 34.0730092]]]}, "properties": {"id": "palisades-000151", "damage_class": 0, "damage_label": "no-damage", "confidence": 1.0, "area_m2": 231.31, "centroid": [-118.562981, 34.0729], "confidence_tier": "high", "sources": {"heuristic": 0, "cnn": 0, "margin": 1.0}, "footprint_source": "osm"}}, {"type": "Feature", "geometry": {"type": "Polygon", "coordinates": [[[-118.54827879999999, 34.0746219], [-118.5482714, 34.07462769999999], [-118.5482054, 34.0745696], [-118.5482139, 34.07456289999999], [-118.5482019, 34.074552399999995], [-118.54831390000001, 34.0744644], [-118.5483351, 34.0744831], [-118.5483471, 34.0744737], [-118.54843269999999, 34.0745517], [-118.5483092, 34.07464869999999], [-118.54827879999999, 34.0746219]]]}, "properties": {"id": "palisades-000152", "damage_class": 0, "damage_label": "no-damage", "confidence": 1.0, "area_m2": 233.62, "centroid": [-118.548314, 34.074555], "confidence_tier": "high", "sources": {"heuristic": 0, "cnn": 0, "margin": 1.0}, "footprint_source": "osm"}}, {"type": "Feature", "geometry": {"type": "Polygon", "coordinates": [[[-118.55858700000002, 34.0719703], [-118.5586235, 34.0719973], [-118.55865090000002, 34.0719716], [-118.5587288, 34.07202919999999], [-118.5586997, 34.07205659999999], [-118.55871390000001, 34.0720671], [-118.55862720000002, 34.072148399999996], [-118.55860830000002, 34.0721344], [-118.55857509999998, 34.07216549999999], [-118.55847000000001, 34.0720878], [-118.5585065, 34.0720536], [-118.55850180000002, 34.0720501], [-118.55858700000002, 34.0719703]]]}, "properties": {"id": "palisades-000153", "damage_class": 0, "damage_label": "no-damage", "confidence": 1.0, "area_m2": 291.26, "centroid": [-118.558602, 34.072064], "confidence_tier": "high", "sources": {"heuristic": 0, "cnn": 0, "margin": 1.0}, "footprint_source": "osm"}}, {"type": "Feature", "geometry": {"type": "Polygon", "coordinates": [[[-118.5599526, 34.0719369], [-118.5599302, 34.071962], [-118.55995850000001, 34.0719795], [-118.55994170000001, 34.071998199999996], [-118.5599708, 34.0720162], [-118.55991430000002, 34.0720795], [-118.5597276, 34.071964], [-118.5597756, 34.0719102], [-118.5597708, 34.071907200000005], [-118.5598225, 34.071856399999994], [-118.5599526, 34.0719369]]]}, "properties": {"id": "palisades-000154", "damage_class": 0, "damage_label": "no-damage", "confidence": 1.0, "area_m2": 287.86, "centroid": [-118.559857, 34.071967], "confidence_tier": "high", "sources": {"heuristic": 0, "cnn": 0, "margin": 1.0}, "footprint_source": "osm"}}, {"type": "Feature", "geometry": {"type": "Polygon", "coordinates": [[[-118.5599683, 34.078398500000006], [-118.55996560000001, 34.0784015], [-118.55992060000001, 34.078372800000004], [-118.5599306, 34.0783619], [-118.5598782, 34.07832849999999], [-118.5599925, 34.0782042], [-118.56010280000001, 34.0782708], [-118.5600981, 34.0782759], [-118.56010480000002, 34.078280199999995], [-118.55998570000001, 34.0784096], [-118.5599683, 34.078398500000006]]]}, "properties": {"id": "palisades-000155", "damage_class": 0, "damage_label": "no-damage", "confidence": 1.0, "area_m2": 242.87, "centroid": [-118.559992, 34.078306], "confidence_tier": "high", "sources": {"heuristic": 0, "cnn": 0, "margin": 1.0}, "footprint_source": "osm"}}, {"type": "Feature", "geometry": {"type": "Polygon", "coordinates": [[[-118.5625491, 34.07456210000001], [-118.5624688, 34.07459269999999], [-118.5624425, 34.07454490000001], [-118.56241500000002, 34.0745554], [-118.562406, 34.074539], [-118.5623888, 34.07454549999999], [-118.5623786, 34.0745271], [-118.56237270000001, 34.0745293], [-118.56231189999998, 34.074418699999995], [-118.562417, 34.07437869999999], [-118.56243540000001, 34.0744122], [-118.56246130000001, 34.07440230000001], [-118.5625491, 34.07456210000001]]]}, "properties": {"id": "palisades-000156", "damage_class": 0, "damage_label": "no-damage", "confidence": 1.0, "area_m2": 266.61, "centroid": [-118.562431, 34.074483], "confidence_tier": "high", "sources": {"heuristic": 0, "cnn": 0, "margin": 1.0}, "footprint_source": "osm"}}, {"type": "Feature", "geometry": {"type": "Polygon", "coordinates": [[[-118.54862610000002, 34.07451300000001], [-118.54866640000002, 34.07448190000001], [-118.5486469, 34.07446449999999], [-118.54861600000001, 34.0744883], [-118.54858230000002, 34.07445799999999], [-118.5487178, 34.0743535], [-118.5487215, 34.0743567], [-118.5487434, 34.07433979999999], [-118.54881310000002, 34.0744024], [-118.54880590000002, 34.074408], [-118.5488434, 34.0744394], [-118.5486825, 34.0745636], [-118.54862610000002, 34.07451300000001]]]}, "properties": {"id": "palisades-000157", "damage_class": 0, "damage_label": "no-damage", "confidence": 0.7, "area_m2": 288.04, "centroid": [-118.548715, 34.074449], "confidence_tier": "review", "sources": {"heuristic": 2, "cnn": 0, "margin": 1.0}, "footprint_source": "osm"}}, {"type": "Feature", "geometry": {"type": "Polygon", "coordinates": [[[-118.55812859999999, 34.07677749999999], [-118.5581345, 34.076783], [-118.55813880000001, 34.076779800000004], [-118.55816700000001, 34.0768056], [-118.5581617, 34.07680959999999], [-118.558232, 34.07687419999999], [-118.55811699999998, 34.0769609], [-118.55811110000002, 34.076955500000004], [-118.5580841, 34.07697580000001], [-118.5579874, 34.0768869], [-118.55812859999999, 34.07677749999999]]]}, "properties": {"id": "palisades-000158", "damage_class": 0, "damage_label": "no-damage", "confidence": 0.85, "area_m2": 252.89, "centroid": [-118.55811, 34.076878], "confidence_tier": "high", "sources": {"heuristic": 1, "cnn": 0, "margin": 1.0}, "footprint_source": "osm"}}, {"type": "Feature", "geometry": {"type": "Polygon", "coordinates": [[[-118.5588862, 34.071534099999994], [-118.5588683, 34.0715212], [-118.55885919999999, 34.07153], [-118.55879080000001, 34.0714807], [-118.5588174, 34.0714551], [-118.5587864, 34.07143270000001], [-118.5588646, 34.071357600000006], [-118.55904510000002, 34.0714876], [-118.5589406, 34.0715931], [-118.5588744, 34.07154539999999], [-118.5588862, 34.071534099999994]]]}, "properties": {"id": "palisades-000159", "damage_class": 0, "damage_label": "no-damage", "confidence": 1.0, "area_m2": 313.15, "centroid": [-118.558909, 34.071475], "confidence_tier": "high", "sources": {"heuristic": 0, "cnn": 0, "margin": 1.0}, "footprint_source": "osm"}}, {"type": "Feature", "geometry": {"type": "Polygon", "coordinates": [[[-118.558634, 34.068849799999995], [-118.558625, 34.06888059999999], [-118.5586692, 34.06894659999999], [-118.5586234, 34.0689679], [-118.5586633, 34.06902730000001], [-118.5585485, 34.0690807], [-118.55847090000002, 34.0689651], [-118.55851740000001, 34.0689435], [-118.5584671, 34.06886850000001], [-118.5585201, 34.0688438], [-118.55851479999998, 34.0688359], [-118.5585671, 34.06881159999998], [-118.55858589999998, 34.068838], [-118.558634, 34.068849799999995]]]}, "properties": {"id": "palisades-000160", "damage_class": 0, "damage_label": "no-damage", "confidence": 1.0, "area_m2": 336.9, "centroid": [-118.558568, 34.068945], "confidence_tier": "high", "sources": {"heuristic": 0, "cnn": 0, "margin": 1.0}, "footprint_source": "osm"}}, {"type": "Feature", "geometry": {"type": "Polygon", "coordinates": [[[-118.5591783, 34.06884089999999], [-118.55913670000001, 34.068832799999996], [-118.5590603, 34.0688707], [-118.55903460000002, 34.0688348], [-118.55897529999999, 34.0688642], [-118.558931, 34.0688022], [-118.5590079, 34.0687651], [-118.55901220000001, 34.068771199999986], [-118.5591549, 34.06870249999999], [-118.55918160000002, 34.0687409], [-118.55921980000001, 34.0687225], [-118.5592529, 34.068770199999996], [-118.55919250000001, 34.0687993], [-118.5591783, 34.06884089999999]]]}, "properties": {"id": "palisades-000161", "damage_class": 0, "damage_label": "no-damage", "confidence": 0.85, "area_m2": 281.44, "centroid": [-118.559095, 34.06879], "confidence_tier": "high", "sources": {"heuristic": 1, "cnn": 0, "margin": 1.0}, "footprint_source": "osm"}}, {"type": "Feature", "geometry": {"type": "Polygon", "coordinates": [[[-118.55254180000001, 34.07606690000001], [-118.55265760000002, 34.0759135], [-118.55266490000001, 34.0759173], [-118.55269100000001, 34.0758827], [-118.55272489999999, 34.075900499999996], [-118.5527034, 34.0759289], [-118.5527555, 34.07595620000001], [-118.55274169999998, 34.075974599999995], [-118.5527436, 34.07598420000001], [-118.5527682, 34.07599660000001], [-118.552696, 34.0760956], [-118.5526619, 34.0760784], [-118.55263480000002, 34.07611549999999], [-118.55254180000001, 34.07606690000001]]]}, "properties": {"id": "palisades-000162", "damage_class": 0, "damage_label": "no-damage", "confidence": 1.0, "area_m2": 270.2, "centroid": [-118.552662, 34.076011], "confidence_tier": "high", "sources": {"heuristic": 0, "cnn": 0, "margin": 1.0}, "footprint_source": "osm"}}, {"type": "Feature", "geometry": {"type": "Polygon", "coordinates": [[[-118.55995610000001, 34.07062869999999], [-118.5599507, 34.0705976], [-118.55988940000002, 34.07055390000001], [-118.55987509999999, 34.070567700000005], [-118.5597978, 34.0705127], [-118.5598466, 34.0704652], [-118.5599197, 34.070517300000006], [-118.5599649, 34.0704733], [-118.5600982, 34.0705683], [-118.5600609, 34.07060440000001], [-118.5600687, 34.07061], [-118.5600291, 34.0706495], [-118.55999230000002, 34.0706243], [-118.55995610000001, 34.07062869999999]]]}, "properties": {"id": "palisades-000163", "damage_class": 0, "damage_label": "no-damage", "confidence": 1.0, "area_m2": 255.8, "centroid": [-118.55996, 34.070551], "confidence_tier": "high", "sources": {"heuristic": 0, "cnn": 0, "margin": 1.0}, "footprint_source": "osm"}}, {"type": "Feature", "geometry": {"type": "Polygon", "coordinates": [[[-118.56185789999999, 34.07186399999999], [-118.56178290000001, 34.0718756], [-118.5617809, 34.07186649999999], [-118.5617675, 34.071868599999995], [-118.56177749999999, 34.0719135], [-118.5616895, 34.071927099999996], [-118.56169250000002, 34.0719407], [-118.5616378, 34.0719491], [-118.56163460000002, 34.071935], [-118.56162890000002, 34.071935800000006], [-118.5616094, 34.0718342], [-118.5618433, 34.071798099999995], [-118.56185789999999, 34.07186399999999]]]}, "properties": {"id": "palisades-000164", "damage_class": 0, "damage_label": "no-damage", "confidence": 1.0, "area_m2": 226.16, "centroid": [-118.561722, 34.071866], "confidence_tier": "high", "sources": {"heuristic": 0, "cnn": 0, "margin": 1.0}, "footprint_source": "osm"}}, {"type": "Feature", "geometry": {"type": "Polygon", "coordinates": [[[-118.55980519999999, 34.07163599999999], [-118.5598347, 34.0716041], [-118.5598084, 34.071587300000004], [-118.5598781, 34.07151180000001], [-118.5599538, 34.07156020000001], [-118.5599499, 34.07156439999999], [-118.5600332, 34.0716176], [-118.56002960000001, 34.0716215], [-118.5600556, 34.071638], [-118.56002059999999, 34.0716834], [-118.560072, 34.0717162], [-118.5600195, 34.071773], [-118.55980519999999, 34.07163599999999]]]}, "properties": {"id": "palisades-000165", "damage_class": 0, "damage_label": "no-damage", "confidence": 0.85, "area_m2": 352.95, "centroid": [-118.559938, 34.071641], "confidence_tier": "high", "sources": {"heuristic": 1, "cnn": 0, "margin": 1.0}, "footprint_source": "osm"}}, {"type": "Feature", "geometry": {"type": "Polygon", "coordinates": [[[-118.55965600000002, 34.069346499999995], [-118.5596891, 34.06936999999999], [-118.5596949, 34.069364300000004], [-118.5597365, 34.069393899999994], [-118.55975560000002, 34.0693753], [-118.55979100000002, 34.06940050000001], [-118.5597719, 34.069419100000005], [-118.55977720000001, 34.0694228], [-118.5596342, 34.06956219999999], [-118.55958249999999, 34.0695254], [-118.5595457, 34.0695613], [-118.55948860000001, 34.0695207], [-118.5594966, 34.06951299999999], [-118.55949, 34.0695083], [-118.55965600000002, 34.069346499999995]]]}, "properties": {"id": "palisades-000166", "damage_class": 0, "damage_label": "no-damage", "confidence": 1.0, "area_m2": 332.44, "centroid": [-118.559638, 34.069459], "confidence_tier": "high", "sources": {"heuristic": 0, "cnn": 0, "margin": 1.0}, "footprint_source": "osm"}}, {"type": "Feature", "geometry": {"type": "Polygon", "coordinates": [[[-118.552295, 34.074452], [-118.55226469999998, 34.074393400000005], [-118.55229760000002, 34.074381599999995], [-118.5522564, 34.074301899999995], [-118.55246470000002, 34.0742301], [-118.552508, 34.0743138], [-118.5524931, 34.074319200000005], [-118.5525153, 34.07435199999999], [-118.5525104, 34.07435370000001], [-118.5525196, 34.07437159999999], [-118.552295, 34.074452]]]}, "properties": {"id": "palisades-000167", "damage_class": 0, "damage_label": "no-damage", "confidence": 0.85, "area_m2": 362.4, "centroid": [-118.552386, 34.07434], "confidence_tier": "high", "sources": {"heuristic": 1, "cnn": 0, "margin": 1.0}, "footprint_source": "osm"}}, {"type": "Feature", "geometry": {"type": "Polygon", "coordinates": [[[-118.551177, 34.0768069], [-118.55116950000001, 34.076819300000004], [-118.5512114, 34.07683699999998], [-118.55120610000002, 34.07684569999999], [-118.55121210000001, 34.0768482], [-118.55111010000002, 34.07701540000001], [-118.55108400000002, 34.0770044], [-118.5510741, 34.0770206], [-118.55095800000001, 34.0769713], [-118.55107560000002, 34.0767789], [-118.55108649999998, 34.0767758], [-118.5511304, 34.0767927], [-118.55112909999998, 34.07679929999999], [-118.5511352, 34.0767893], [-118.551177, 34.0768069]]]}, "properties": {"id": "palisades-000168", "damage_class": 0, "damage_label": "no-damage", "confidence": 1.0, "area_m2": 356.68, "centroid": [-118.551089, 34.076901], "confidence_tier": "high", "sources": {"heuristic": 0, "cnn": 0, "margin": 1.0}, "footprint_source": "osm"}}, {"type": "Feature", "geometry": {"type": "Polygon", "coordinates": [[[-118.55265520000002, 34.07569229999999], [-118.5526509, 34.0756974], [-118.5526119, 34.0756748], [-118.5526176, 34.0756679], [-118.5525729, 34.07564200000001], [-118.5525803, 34.075633100000005], [-118.55257450000002, 34.0756297], [-118.5526896, 34.075492399999995], [-118.5527224, 34.07551140000001], [-118.55271700000002, 34.0755178], [-118.55275150000001, 34.0755379], [-118.5527475, 34.0755427], [-118.5527828, 34.07556280000001], [-118.552668, 34.0756997], [-118.55265520000002, 34.07569229999999]]]}, "properties": {"id": "palisades-000169", "damage_class": 0, "damage_label": "no-damage", "confidence": 1.0, "area_m2": 222.05, "centroid": [-118.552676, 34.075599], "confidence_tier": "high", "sources": {"heuristic": 0, "cnn": 0, "margin": 1.0}, "footprint_source": "osm"}}, {"type": "Feature", "geometry": {"type": "Polygon", "coordinates": [[[-118.5482894, 34.07439999999999], [-118.548312, 34.074421], [-118.5482075, 34.07449830000001], [-118.54817860000001, 34.0744713], [-118.5481647, 34.07448159999999], [-118.54808349999999, 34.074411999999995], [-118.54821849999999, 34.074315], [-118.5483045, 34.0743888], [-118.5482894, 34.07439999999999]]]}, "properties": {"id": "palisades-000170", "damage_class": 0, "damage_label": "no-damage", "confidence": 1.0, "area_m2": 230.9, "centroid": [-118.548204, 34.074409], "confidence_tier": "high", "sources": {"heuristic": 0, "cnn": 0, "margin": 1.0}, "footprint_source": "osm"}}, {"type": "Feature", "geometry": {"type": "Polygon", "coordinates": [[[-118.56289440000002, 34.07357019999999], [-118.562813, 34.073602], [-118.56278979999999, 34.0735609], [-118.5627725, 34.0735676], [-118.5627422, 34.0735139], [-118.5627728, 34.073501900000004], [-118.56277510000001, 34.073505899999994], [-118.5628923, 34.073455300000006], [-118.56291189999999, 34.0734898], [-118.5629828, 34.07346199999999], [-118.56302350000001, 34.07353379999999], [-118.562901, 34.07358180000001], [-118.56289440000002, 34.07357019999999]]]}, "properties": {"id": "palisades-000171", "damage_class": 0, "damage_label": "no-damage", "confidence": 1.0, "area_m2": 237.05, "centroid": [-118.562882, 34.073526], "confidence_tier": "high", "sources": {"heuristic": 0, "cnn": 0, "margin": 1.0}, "footprint_source": "osm"}}, {"type": "Feature", "geometry": {"type": "Polygon", "coordinates": [[[-118.5480581, 34.072795], [-118.5480638, 34.07278469999999], [-118.5480308, 34.0727721], [-118.54803790000001, 34.0727592], [-118.5480096, 34.0727485], [-118.54802679999999, 34.07271730000001], [-118.54801749999999, 34.07271369999999], [-118.54808499999999, 34.07259590000001], [-118.5481806, 34.07262810000001], [-118.54817490000002, 34.07263849999999], [-118.54822369999998, 34.072657], [-118.54813230000002, 34.072823299999996], [-118.5480581, 34.072795]]]}, "properties": {"id": "palisades-000172", "damage_class": 0, "damage_label": "no-damage", "confidence": 0.85, "area_m2": 287.77, "centroid": [-118.548112, 34.072706], "confidence_tier": "high", "sources": {"heuristic": 1, "cnn": 0, "margin": 1.0}, "footprint_source": "osm"}}, {"type": "Feature", "geometry": {"type": "Polygon", "coordinates": [[[-118.5508394, 34.07423560000001], [-118.55084160000001, 34.0742407], [-118.55085450000001, 34.0742369], [-118.5508672, 34.07426619999999], [-118.5508543, 34.0742701], [-118.55086149999998, 34.07428659999999], [-118.5508676, 34.0742848], [-118.55089020000001, 34.074337], [-118.55085360000001, 34.074348], [-118.5508579, 34.0743581], [-118.55073369999998, 34.074395300000006], [-118.55072369999999, 34.0743724], [-118.55067299999999, 34.0743876], [-118.5506339, 34.074297099999995], [-118.5508394, 34.07423560000001]]]}, "properties": {"id": "palisades-000173", "damage_class": 0, "damage_label": "no-damage", "confidence": 0.7, "area_m2": 260.46, "centroid": [-118.550766, 34.074318], "confidence_tier": "review", "sources": {"heuristic": 3, "cnn": 0, "margin": 1.0}, "footprint_source": "osm"}}, {"type": "Feature", "geometry": {"type": "Polygon", "coordinates": [[[-118.5623546, 34.0789566], [-118.5622727, 34.0789464], [-118.5622742, 34.078938300000004], [-118.5621388, 34.0789215], [-118.5621442, 34.0788916], [-118.56211530000002, 34.078888], [-118.56212259999998, 34.0788472], [-118.5621479, 34.0788503], [-118.562155, 34.07881069999999], [-118.56229080000001, 34.07882759999999], [-118.5622879, 34.07884369999999], [-118.56234000000002, 34.078850200000005], [-118.5623351, 34.0788773], [-118.5623682, 34.07888139999999], [-118.5623546, 34.0789566]]]}, "properties": {"id": "palisades-000174", "damage_class": 0, "damage_label": "no-damage", "confidence": 1.0, "area_m2": 247.9, "centroid": [-118.562244, 34.078884], "confidence_tier": "high", "sources": {"heuristic": 0, "cnn": 0, "margin": 1.0}, "footprint_source": "osm"}}, {"type": "Feature", "geometry": {"type": "Polygon", "coordinates": [[[-118.55089860000001, 34.067376200000005], [-118.55091360000002, 34.0673761], [-118.550914, 34.06746329999999], [-118.5507416, 34.0674638], [-118.5507412, 34.06737480000001], [-118.55075979999998, 34.067374799999996], [-118.55075939999999, 34.06727559999999], [-118.5509063, 34.0672782], [-118.5509063, 34.06727379999999], [-118.5510194, 34.0672735], [-118.55102010000002, 34.067349799999995], [-118.55089839999998, 34.06735019999999], [-118.55089860000001, 34.067376200000005]]]}, "properties": {"id": "palisades-000175", "damage_class": 0, "damage_label": "no-damage", "confidence": 0.7, "area_m2": 391.8, "centroid": [-118.55086, 34.06736], "confidence_tier": "review", "sources": {"heuristic": 2, "cnn": 0, "margin": 1.0}, "footprint_source": "osm"}}, {"type": "Feature", "geometry": {"type": "Polygon", "coordinates": [[[-118.5511382, 34.07342310000001], [-118.5510279, 34.07353239999999], [-118.5509417, 34.073470699999994], [-118.5510641, 34.07334060000001], [-118.551113, 34.07337359999999], [-118.55112429999998, 34.0733703], [-118.551158, 34.073394000000015], [-118.5511382, 34.07342310000001]]]}, "properties": {"id": "palisades-000176", "damage_class": 0, "damage_label": "no-damage", "confidence": 1.0, "area_m2": 203.44, "centroid": [-118.55105, 34.073435], "confidence_tier": "high", "sources": {"heuristic": 0, "cnn": 0, "margin": 1.0}, "footprint_source": "osm"}}, {"type": "Feature", "geometry": {"type": "Polygon", "coordinates": [[[-118.5481844, 34.0734769], [-118.5481547, 34.07345029999998], [-118.54827879999999, 34.0733548], [-118.54836790000002, 34.07343500000002], [-118.5483566, 34.07344369999999], [-118.54837740000002, 34.0734624], [-118.54829820000002, 34.0735234], [-118.548302, 34.0735269], [-118.54828570000001, 34.07353950000001], [-118.5482807, 34.0735349], [-118.5482631, 34.0735484], [-118.54825120000001, 34.073537699999996], [-118.54824430000001, 34.0735432], [-118.548177, 34.0734826], [-118.5481844, 34.0734769]]]}, "properties": {"id": "palisades-000177", "damage_class": 0, "damage_label": "no-damage", "confidence": 0.85, "area_m2": 238.29, "centroid": [-118.548268, 34.073454], "confidence_tier": "high", "sources": {"heuristic": 1, "cnn": 0, "margin": 1.0}, "footprint_source": "osm"}}, {"type": "Feature", "geometry": {"type": "Polygon", "coordinates": [[[-118.56381950000001, 34.0737603], [-118.5637743, 34.0737785], [-118.5637157, 34.07367789999999], [-118.5637205, 34.07367589999999], [-118.5637158, 34.07366789999999], [-118.56383329999998, 34.0736206], [-118.56383710000001, 34.073626999999995], [-118.56384410000001, 34.0736242], [-118.5638704, 34.07366919999999], [-118.56388580000001, 34.07366300000001], [-118.5639063, 34.073698099999994], [-118.56388870000002, 34.073705200000006], [-118.5639225, 34.0737629], [-118.56384019999999, 34.073796], [-118.56381950000001, 34.0737603]]]}, "properties": {"id": "palisades-000178", "damage_class": 0, "damage_label": "no-damage", "confidence": 0.7, "area_m2": 219.93, "centroid": [-118.56382, 34.073709], "confidence_tier": "review", "sources": {"heuristic": 3, "cnn": 0, "margin": 1.0}, "footprint_source": "osm"}}, {"type": "Feature", "geometry": {"type": "Polygon", "coordinates": [[[-118.5614352, 34.0732425], [-118.5614591, 34.0732096], [-118.5614296, 34.0731948], [-118.5614494, 34.0731676], [-118.56145439999999, 34.07317009999999], [-118.5614608, 34.07316129999999], [-118.561485, 34.073173499999996], [-118.56150920000002, 34.07314019999999], [-118.5616252, 34.07319859999999], [-118.5616148, 34.0732129], [-118.56165380000002, 34.07323249999999], [-118.5615952, 34.0733132], [-118.56155340000001, 34.0732921], [-118.5615481, 34.0732993], [-118.5614352, 34.0732425]]]}, "properties": {"id": "palisades-000179", "damage_class": 0, "damage_label": "no-damage", "confidence": 1.0, "area_m2": 223.33, "centroid": [-118.56154, 34.073227], "confidence_tier": "high", "sources": {"heuristic": 0, "cnn": 0, "margin": 1.0}, "footprint_source": "osm"}}, {"type": "Feature", "geometry": {"type": "Polygon", "coordinates": [[[-118.56053659999999, 34.0708468], [-118.56051799999999, 34.07083329999999], [-118.5605818, 34.0707725], [-118.5606502, 34.0708222], [-118.56061510000002, 34.07085560000001], [-118.56063539999998, 34.0708703], [-118.56065570000001, 34.070850899999996], [-118.56063920000001, 34.0708389], [-118.5606859, 34.070794299999996], [-118.56080110000002, 34.07087810000001], [-118.5607369, 34.0709392], [-118.56075170000001, 34.07095], [-118.56071710000002, 34.0709829], [-118.56053360000001, 34.070849599999995], [-118.56053659999999, 34.0708468]]]}, "properties": {"id": "palisades-000180", "damage_class": 0, "damage_label": "no-damage", "confidence": 0.85, "area_m2": 278.17, "centroid": [-118.560665, 34.070871], "confidence_tier": "high", "sources": {"heuristic": 1, "cnn": 0, "margin": 1.0}, "footprint_source": "osm"}}, {"type": "Feature", "geometry": {"type": "Polygon", "coordinates": [[[-118.56883679999999, 34.07648999999999], [-118.56888660000001, 34.0766086], [-118.5687937, 34.07663569999999], [-118.56879780000001, 34.0766455], [-118.5686966, 34.07667489999999], [-118.568693, 34.0766663], [-118.56859640000002, 34.0766944], [-118.56854909999998, 34.07658159999999], [-118.56857550000001, 34.0765739], [-118.56857180000002, 34.0765652], [-118.56862130000002, 34.0765508], [-118.56862500000001, 34.0765598], [-118.5687646, 34.07651920000001], [-118.56876150000001, 34.0765118], [-118.56883679999999, 34.07648999999999]]]}, "properties": {"id": "palisades-000181", "damage_class": 0, "damage_label": "no-damage", "confidence": 0.85, "area_m2": 395.98, "centroid": [-118.568718, 34.076595], "confidence_tier": "high", "sources": {"heuristic": 1, "cnn": 0, "margin": 1.0}, "footprint_source": "osm"}}, {"type": "Feature", "geometry": {"type": "Polygon", "coordinates": [[[-118.56241479999998, 34.0786997], [-118.56240090000001, 34.07877359999999], [-118.56238020000002, 34.0787709], [-118.56237939999998, 34.0787755], [-118.56240519999999, 34.0787788], [-118.5623977, 34.07881869999999], [-118.562135, 34.07878479999999], [-118.5621372, 34.0787727], [-118.5621314, 34.07877190000001], [-118.5621383, 34.07873519999999], [-118.5621834, 34.0787411], [-118.56219009999998, 34.07870509999999], [-118.5622011, 34.078706499999996], [-118.56220740000002, 34.0786728], [-118.56241479999998, 34.0786997]]]}, "properties": {"id": "palisades-000182", "damage_class": 0, "damage_label": "no-damage", "confidence": 0.85, "area_m2": 290.66, "centroid": [-118.562286, 34.078747], "confidence_tier": "high", "sources": {"heuristic": 1, "cnn": 0, "margin": 1.0}, "footprint_source": "osm"}}, {"type": "Feature", "geometry": {"type": "Polygon", "coordinates": [[[-118.54578649999999, 34.0745519], [-118.545768, 34.07456820000001], [-118.54576370000001, 34.0745844], [-118.54571929999999, 34.07458820000001], [-118.5457203, 34.07456229999999], [-118.5457359, 34.07453650000001], [-118.545765, 34.07451559999999], [-118.5458006, 34.0745085], [-118.54580360000001, 34.07454729999999], [-118.54578649999999, 34.0745519]]]}, "properties": {"id": "palisades-000183", "damage_class": 0, "damage_label": "no-damage", "confidence": 1.0, "area_m2": 42.07, "centroid": [-118.545761, 34.074549], "confidence_tier": "high", "sources": {"heuristic": 0, "cnn": 0, "margin": 1.0}, "footprint_source": "osm"}}, {"type": "Feature", "geometry": {"type": "Polygon", "coordinates": [[[-118.56163940000002, 34.07628650000001], [-118.5616329, 34.0762715], [-118.5616072, 34.0762792], [-118.5615041, 34.0760425], [-118.5616675, 34.0759932], [-118.5617393, 34.076158099999994], [-118.5617287, 34.0761613], [-118.5617593, 34.07623139999999], [-118.5617734, 34.0762273], [-118.56179610000001, 34.0762812], [-118.5618089, 34.07627750000001], [-118.5618557, 34.07638899999999], [-118.56169370000002, 34.0764361], [-118.56162990000001, 34.0762894], [-118.56163940000002, 34.07628650000001]]]}, "properties": {"id": "palisades-000184", "damage_class": 0, "damage_label": "no-damage", "confidence": 0.7, "area_m2": 735.67, "centroid": [-118.561677, 34.076215], "confidence_tier": "review", "sources": {"heuristic": 2, "cnn": 0, "margin": 1.0}, "footprint_source": "osm"}}, {"type": "Feature", "geometry": {"type": "Polygon", "coordinates": [[[-118.5483063, 34.0740914], [-118.54828030000002, 34.074067500000005], [-118.54829319999999, 34.0740578], [-118.5482727, 34.07403899999999], [-118.5483026, 34.0740165], [-118.5482951, 34.07400969999999], [-118.5484113, 34.0739219], [-118.54848340000001, 34.0739823], [-118.54847460000002, 34.07398890000001], [-118.5485119, 34.07402319999999], [-118.5483501, 34.07414760000001], [-118.5482967, 34.07409860000001], [-118.5483063, 34.0740914]]]}, "properties": {"id": "palisades-000185", "damage_class": 0, "damage_label": "no-damage", "confidence": 0.7, "area_m2": 287.39, "centroid": [-118.548386, 34.074033], "confidence_tier": "review", "sources": {"heuristic": 2, "cnn": 0, "margin": 1.0}, "footprint_source": "osm"}}, {"type": "Feature", "geometry": {"type": "Polygon", "coordinates": [[[-118.5631535, 34.073823499999996], [-118.56296979999999, 34.0738921], [-118.5629522, 34.0738609], [-118.56293079999999, 34.073869300000005], [-118.5629152, 34.07384170000001], [-118.5628925, 34.07385060000001], [-118.5628691, 34.073809], [-118.5630995, 34.07371590000001], [-118.5631535, 34.073823499999996]]]}, "properties": {"id": "palisades-000186", "damage_class": 0, "damage_label": "no-damage", "confidence": 1.0, "area_m2": 266.83, "centroid": [-118.56302, 34.073808], "confidence_tier": "high", "sources": {"heuristic": 0, "cnn": 0, "margin": 1.0}, "footprint_source": "osm"}}, {"type": "Feature", "geometry": {"type": "Polygon", "coordinates": [[[-118.5486393, 34.073456500000006], [-118.5486152, 34.0734347], [-118.548627, 34.0734257], [-118.54860480000002, 34.073405599999994], [-118.5486328, 34.0733842], [-118.5486266, 34.07337859999999], [-118.5487429, 34.0732896], [-118.54881670000002, 34.073348800000005], [-118.5488079, 34.0733555], [-118.54884610000002, 34.07339000000001], [-118.548684, 34.0735139], [-118.5486292, 34.0734643], [-118.5486393, 34.073456500000006]]]}, "properties": {"id": "palisades-000187", "damage_class": 0, "damage_label": "no-damage", "confidence": 0.7, "area_m2": 287.24, "centroid": [-118.54872, 34.0734], "confidence_tier": "review", "sources": {"heuristic": 2, "cnn": 0, "margin": 1.0}, "footprint_source": "osm"}}, {"type": "Feature", "geometry": {"type": "Polygon", "coordinates": [[[-118.5554936, 34.0753244], [-118.5554783, 34.0753225], [-118.55546829999999, 34.0753755], [-118.55544520000001, 34.0753725], [-118.5554403, 34.0753983], [-118.55524329999999, 34.075373299999995], [-118.55525070000002, 34.07533399999999], [-118.5552719, 34.07533680000001], [-118.55528370000002, 34.075274500000006], [-118.55521300000001, 34.075265300000005], [-118.5552261, 34.0751964], [-118.5555108, 34.075233600000004], [-118.5554936, 34.0753244]]]}, "properties": {"id": "palisades-000188", "damage_class": 0, "damage_label": "no-damage", "confidence": 0.7, "area_m2": 422.04, "centroid": [-118.555365, 34.075294], "confidence_tier": "review", "sources": {"heuristic": 2, "cnn": 0, "margin": 1.0}, "footprint_source": "osm"}}, {"type": "Feature", "geometry": {"type": "Polygon", "coordinates": [[[-118.56423799999999, 34.076816099999995], [-118.56432100000002, 34.0767218], [-118.5644647, 34.076798700000005], [-118.56442540000002, 34.076849499999994], [-118.5644079, 34.0768401], [-118.5643849, 34.07687], [-118.5643755, 34.0768649], [-118.56432439999999, 34.07693099999999], [-118.5643375, 34.07693789999999], [-118.56429860000001, 34.0769882], [-118.5641568, 34.07691229999999], [-118.56423319999999, 34.0768135], [-118.56423799999999, 34.076816099999995]]]}, "properties": {"id": "palisades-000189", "damage_class": 0, "damage_label": "no-damage", "confidence": 1.0, "area_m2": 388.27, "centroid": [-118.564306, 34.076852], "confidence_tier": "high", "sources": {"heuristic": 0, "cnn": 0, "margin": 1.0}, "footprint_source": "osm"}}, {"type": "Feature", "geometry": {"type": "Polygon", "coordinates": [[[-118.55087250000001, 34.0769369], [-118.5508808, 34.0769237], [-118.5508487, 34.07690970000001], [-118.55085570000001, 34.076898699999994], [-118.5508171, 34.076881799999995], [-118.5508255, 34.0768684], [-118.5508174, 34.0768649], [-118.5508965, 34.076739599999996], [-118.55090820000001, 34.0767447], [-118.55092449999998, 34.076718899999996], [-118.55095709999999, 34.076733200000014], [-118.5509603, 34.07672800000001], [-118.55105589999998, 34.0767701], [-118.55093370000002, 34.07696359999999], [-118.55087250000001, 34.0769369]]]}, "properties": {"id": "palisades-000190", "damage_class": 0, "damage_label": "no-damage", "confidence": 1.0, "area_m2": 325.55, "centroid": [-118.550931, 34.076834], "confidence_tier": "high", "sources": {"heuristic": 0, "cnn": 0, "margin": 1.0}, "footprint_source": "osm"}}, {"type": "Feature", "geometry": {"type": "Polygon", "coordinates": [[[-118.5523646, 34.07599369999999], [-118.5524702, 34.0758363], [-118.5525261, 34.07586229999999], [-118.5525303, 34.0758561], [-118.5525468, 34.075863699999985], [-118.5525597, 34.075844499999995], [-118.5525975, 34.0758621], [-118.5525706, 34.07591209999998], [-118.55258320000002, 34.0759179], [-118.5525173, 34.0760161], [-118.55249330000001, 34.07600490000001], [-118.55246840000001, 34.07604189999999], [-118.5523646, 34.07599369999999]]]}, "properties": {"id": "palisades-000191", "damage_class": 0, "damage_label": "no-damage", "confidence": 1.0, "area_m2": 269.18, "centroid": [-118.552484, 34.075937], "confidence_tier": "high", "sources": {"heuristic": 0, "cnn": 0, "margin": 1.0}, "footprint_source": "osm"}}, {"type": "Feature", "geometry": {"type": "Polygon", "coordinates": [[[-118.55213569999998, 34.0756813], [-118.55214760000001, 34.075662799999996], [-118.55217910000002, 34.075676800000004], [-118.552173, 34.0756861], [-118.55220880000002, 34.0757021], [-118.5522051, 34.07570789999999], [-118.55224920000002, 34.0757276], [-118.55223130000002, 34.07575539999999], [-118.55224219999998, 34.07576029999999], [-118.5521796, 34.0758573], [-118.55215360000001, 34.0758457], [-118.55212849999998, 34.0758848], [-118.5520272, 34.07583919999999], [-118.55213049999999, 34.0756789], [-118.55213569999998, 34.0756813]]]}, "properties": {"id": "palisades-000192", "damage_class": 0, "damage_label": "no-damage", "confidence": 0.85, "area_m2": 266.55, "centroid": [-118.552142, 34.075779], "confidence_tier": "high", "sources": {"heuristic": 1, "cnn": 0, "margin": 1.0}, "footprint_source": "osm"}}, {"type": "Feature", "geometry": {"type": "Polygon", "coordinates": [[[-118.5620282, 34.07807609999999], [-118.5620224, 34.07808980000001], [-118.5621128, 34.0781098], [-118.5620508, 34.0782567], [-118.562027, 34.07824969999999], [-118.5620297, 34.0782431], [-118.56201120000001, 34.07823769999999], [-118.56201849999998, 34.07822039999999], [-118.561993, 34.078213000000005], [-118.5619739, 34.07825809999999], [-118.5619021, 34.07823710000001], [-118.56197639999999, 34.07806099999999], [-118.5620282, 34.07807609999999]]]}, "properties": {"id": "palisades-000193", "damage_class": 0, "damage_label": "no-damage", "confidence": 1.0, "area_m2": 247.4, "centroid": [-118.562007, 34.078165], "confidence_tier": "high", "sources": {"heuristic": 0, "cnn": 0, "margin": 1.0}, "footprint_source": "osm"}}, {"type": "Feature", "geometry": {"type": "Polygon", "coordinates": [[[-118.5506195, 34.077379799999996], [-118.55066160000001, 34.0774058], [-118.55064540000001, 34.07742399999999], [-118.55066370000002, 34.07742049999999], [-118.55069240000002, 34.077437999999994], [-118.55069469999998, 34.0774544], [-118.5505708, 34.077593400000005], [-118.5505517, 34.077581599999995], [-118.5505388, 34.077596099999994], [-118.55050619999999, 34.0775759], [-118.55049570000001, 34.07758770000001], [-118.5504106, 34.0775351], [-118.55055590000002, 34.077368799999995], [-118.5506032, 34.077398], [-118.5506195, 34.077379799999996]]]}, "properties": {"id": "palisades-000194", "damage_class": 3, "damage_label": "destroyed", "confidence": 0.7, "area_m2": 365.25, "centroid": [-118.550558, 34.077486], "confidence_tier": "review", "sources": {"heuristic": 0, "cnn": 3, "margin": 1.0}, "footprint_source": "osm"}}, {"type": "Feature", "geometry": {"type": "Polygon", "coordinates": [[[-118.54942159999999, 34.07620159999999], [-118.5493891, 34.0762776], [-118.5493617, 34.07626809999999], [-118.54935790000002, 34.07627579999998], [-118.5492865, 34.076251], [-118.54939090000002, 34.076042799999996], [-118.5494532, 34.0760644], [-118.5494627, 34.0760455], [-118.5495229, 34.0760664], [-118.54951300000002, 34.0760868], [-118.54952540000001, 34.076091], [-118.5494629, 34.07621589999999], [-118.54942159999999, 34.07620159999999]]]}, "properties": {"id": "palisades-000195", "damage_class": 3, "damage_label": "destroyed", "confidence": 0.7, "area_m2": 311.99, "centroid": [-118.549408, 34.076155], "confidence_tier": "review", "sources": {"heuristic": 1, "cnn": 3, "margin": 1.0}, "footprint_source": "osm"}}, {"type": "Feature", "geometry": {"type": "Polygon", "coordinates": [[[-118.5593984, 34.076255399999994], [-118.5594464, 34.07626359999999], [-118.5594413, 34.07628439999999], [-118.55948169999999, 34.0762913], [-118.55948329999998, 34.076307299999996], [-118.5595217, 34.0763138], [-118.55953240000001, 34.0762708], [-118.5595701, 34.076277], [-118.55955790000002, 34.0763204], [-118.55953909999998, 34.0763172], [-118.55950819999998, 34.07644199999999], [-118.5593586, 34.0764164], [-118.5593984, 34.076255399999994]]]}, "properties": {"id": "palisades-000196", "damage_class": 0, "damage_label": "no-damage", "confidence": 1.0, "area_m2": 241.91, "centroid": [-118.559454, 34.076353], "confidence_tier": "high", "sources": {"heuristic": 0, "cnn": 0, "margin": 1.0}, "footprint_source": "osm"}}, {"type": "Feature", "geometry": {"type": "Polygon", "coordinates": [[[-118.56354, 34.07328619999999], [-118.5636317, 34.073253799999996], [-118.5637004, 34.073382599999995], [-118.5636342, 34.073408699999995], [-118.56364360000002, 34.073425400000005], [-118.56361309999998, 34.073437399999996], [-118.56360370000002, 34.0734209], [-118.5635742, 34.0734326], [-118.5635013, 34.0733056], [-118.56354190000002, 34.07328960000001], [-118.56354, 34.07328619999999]]]}, "properties": {"id": "palisades-000197", "damage_class": 0, "damage_label": "no-damage", "confidence": 1.0, "area_m2": 215.17, "centroid": [-118.563602, 34.073345], "confidence_tier": "high", "sources": {"heuristic": 0, "cnn": 0, "margin": 1.0}, "footprint_source": "osm"}}, {"type": "Feature", "geometry": {"type": "Polygon", "coordinates": [[[-118.56207620000002, 34.079070099999996], [-118.5620936, 34.0790451], [-118.5620863, 34.079041600000004], [-118.5621386, 34.07897539999999], [-118.56227979999998, 34.0790399], [-118.5622568, 34.07907300000001], [-118.5622641, 34.079076499999985], [-118.5622579, 34.0790855], [-118.5623184, 34.0791144], [-118.56228130000001, 34.0791678], [-118.56207620000002, 34.079070099999996]]]}, "properties": {"id": "palisades-000198", "damage_class": 0, "damage_label": "no-damage", "confidence": 1.0, "area_m2": 233.22, "centroid": [-118.562196, 34.07907], "confidence_tier": "high", "sources": {"heuristic": 0, "cnn": 0, "margin": 1.0}, "footprint_source": "osm"}}, {"type": "Feature", "geometry": {"type": "Polygon", "coordinates": [[[-118.55081430000001, 34.0763442], [-118.5508067, 34.0763565], [-118.55075600000002, 34.07633109999999], [-118.55085939999998, 34.076172899999996], [-118.5508943, 34.0761879], [-118.55088780000001, 34.076198500000004], [-118.55095589999999, 34.0762243], [-118.550867, 34.07636699999998], [-118.55081430000001, 34.0763442]]]}, "properties": {"id": "palisades-000199", "damage_class": 0, "damage_label": "no-damage", "confidence": 1.0, "area_m2": 205.28, "centroid": [-118.550857, 34.076275], "confidence_tier": "high", "sources": {"heuristic": 0, "cnn": 0, "margin": 1.0}, "footprint_source": "osm"}}, {"type": "Feature", "geometry": {"type": "Polygon", "coordinates": [[[-118.5622289, 34.0794497], [-118.5623195, 34.07928249999999], [-118.56236890000001, 34.079300399999994], [-118.5623624, 34.079312599999994], [-118.5623939, 34.079324], [-118.56241590000002, 34.079282600000006], [-118.56247050000002, 34.079302399999996], [-118.5623756, 34.0794815], [-118.5623462, 34.079470799999996], [-118.56235020000001, 34.0794632], [-118.5623402, 34.07945959999999], [-118.5623266, 34.0794852], [-118.5622289, 34.0794497]]]}, "properties": {"id": "palisades-000200", "damage_class": 0, "damage_label": "no-damage", "confidence": 1.0, "area_m2": 284.06, "centroid": [-118.562348, 34.079384], "confidence_tier": "high", "sources": {"heuristic": 0, "cnn": 0, "margin": 1.0}, "footprint_source": "osm"}}, {"type": "Feature", "geometry": {"type": "Polygon", "coordinates": [[[-118.5490504, 34.07447320000001], [-118.54898510000001, 34.0744123], [-118.54899110000001, 34.0744078], [-118.54897900000002, 34.0743965], [-118.54899590000001, 34.074384], [-118.5489916, 34.07437999999999], [-118.54909310000001, 34.0743092], [-118.54911170000001, 34.07432659999999], [-118.5491241, 34.0743174], [-118.54921010000001, 34.0743977], [-118.5490878, 34.074495999999996], [-118.5490577, 34.0744679], [-118.5490504, 34.07447320000001]]]}, "properties": {"id": "palisades-000201", "damage_class": 0, "damage_label": "no-damage", "confidence": 1.0, "area_m2": 237.29, "centroid": [-118.549092, 34.0744], "confidence_tier": "high", "sources": {"heuristic": 0, "cnn": 0, "margin": 1.0}, "footprint_source": "osm"}}, {"type": "Feature", "geometry": {"type": "Polygon", "coordinates": [[[-118.5617731, 34.076589600000005], [-118.5617645, 34.07659209999999], [-118.56174830000002, 34.0765544], [-118.56175800000001, 34.076551499999994], [-118.5617506, 34.07653400000001], [-118.56189039999998, 34.076492599999995], [-118.5619135, 34.0765464], [-118.5619205, 34.076544299999995], [-118.5619696, 34.0766589], [-118.56198630000002, 34.076654000000005], [-118.56201030000001, 34.076710000000006], [-118.56200220000001, 34.076712400000005], [-118.5620331, 34.076784599999996], [-118.5618766, 34.07683099999999], [-118.5617731, 34.076589600000005]]]}, "properties": {"id": "palisades-000202", "damage_class": 0, "damage_label": "no-damage", "confidence": 1.0, "area_m2": 523.47, "centroid": [-118.56189, 34.076663], "confidence_tier": "high", "sources": {"heuristic": 0, "cnn": 0, "margin": 1.0}, "footprint_source": "osm"}}, {"type": "Feature", "geometry": {"type": "Polygon", "coordinates": [[[-118.5512317, 34.0760681], [-118.5512279, 34.07607399999999], [-118.5511772, 34.07604760000001], [-118.55128330000001, 34.0758898], [-118.55131830000002, 34.07590549999999], [-118.551311, 34.0759168], [-118.55137930000001, 34.07594259999999], [-118.5512831, 34.07609119999999], [-118.5512317, 34.0760681]]]}, "properties": {"id": "palisades-000203", "damage_class": 0, "damage_label": "no-damage", "confidence": 1.0, "area_m2": 209.72, "centroid": [-118.551279, 34.075994], "confidence_tier": "high", "sources": {"heuristic": 0, "cnn": 0, "margin": 1.0}, "footprint_source": "osm"}}, {"type": "Feature", "geometry": {"type": "Polygon", "coordinates": [[[-118.558982, 34.07182770000001], [-118.5589312, 34.0717905], [-118.55894710000001, 34.0717755], [-118.558932, 34.07176439999999], [-118.5589577, 34.07174009999999], [-118.5589421, 34.071728699999994], [-118.558985, 34.07168810000001], [-118.5590003, 34.0716992], [-118.55902410000002, 34.07167679999999], [-118.5591219, 34.07174849999999], [-118.55907699999999, 34.0717908], [-118.5591679, 34.07185749999999], [-118.559111, 34.0719113], [-118.5589886, 34.071821500000006], [-118.558982, 34.07182770000001]]]}, "properties": {"id": "palisades-000204", "damage_class": 0, "damage_label": "no-damage", "confidence": 1.0, "area_m2": 274.14, "centroid": [-118.559043, 34.071789], "confidence_tier": "high", "sources": {"heuristic": 0, "cnn": 0, "margin": 1.0}, "footprint_source": "osm"}}, {"type": "Feature", "geometry": {"type": "Polygon", "coordinates": [[[-118.55149599999999, 34.07551020000001], [-118.5514637, 34.0754822], [-118.55150199999999, 34.0754515], [-118.5514803, 34.0754328], [-118.55159310000002, 34.0753425], [-118.55164269999999, 34.075385399999995], [-118.5516496, 34.0753799], [-118.5516854, 34.0754109], [-118.5516794, 34.0754157], [-118.5516893, 34.0754244], [-118.5515431, 34.075545399999996], [-118.5514994, 34.075507499999986], [-118.55149599999999, 34.07551020000001]]]}, "properties": {"id": "palisades-000205", "damage_class": 0, "damage_label": "no-damage", "confidence": 0.85, "area_m2": 234.35, "centroid": [-118.551573, 34.075443], "confidence_tier": "high", "sources": {"heuristic": 1, "cnn": 0, "margin": 1.0}, "footprint_source": "osm"}}, {"type": "Feature", "geometry": {"type": "Polygon", "coordinates": [[[-118.55951440000001, 34.0768317], [-118.55951200000001, 34.0768404], [-118.5594921, 34.07683659999999], [-118.55949460000001, 34.0768276], [-118.559364, 34.0768026], [-118.55940390000002, 34.076641200000005], [-118.55948100000002, 34.076655999999986], [-118.5594744, 34.07668000000001], [-118.5595005, 34.076685099999985], [-118.55949889999998, 34.0766909], [-118.559562, 34.076702999999995], [-118.5595257, 34.076833900000004], [-118.55951440000001, 34.0768317]]]}, "properties": {"id": "palisades-000206", "damage_class": 2, "damage_label": "major-damage", "confidence": 0.7, "area_m2": 256.77, "centroid": [-118.55946, 34.076744], "confidence_tier": "review", "sources": {"heuristic": 0, "cnn": 2, "margin": 1.0}, "footprint_source": "osm"}}, {"type": "Feature", "geometry": {"type": "Polygon", "coordinates": [[[-118.5612077, 34.071808199999985], [-118.561313, 34.0717914], [-118.56130310000002, 34.0717486], [-118.5614033, 34.07173250000001], [-118.561402, 34.07172679999999], [-118.56144090000001, 34.0717206], [-118.5614635, 34.0717946], [-118.5614164, 34.0718021], [-118.56142770000001, 34.071846399999984], [-118.56122400000001, 34.071878999999996], [-118.5612077, 34.071808199999985]]]}, "properties": {"id": "palisades-000207", "damage_class": 0, "damage_label": "no-damage", "confidence": 1.0, "area_m2": 232.23, "centroid": [-118.561342, 34.071805], "confidence_tier": "high", "sources": {"heuristic": 0, "cnn": 0, "margin": 1.0}, "footprint_source": "osm"}}, {"type": "Feature", "geometry": {"type": "Polygon", "coordinates": [[[-118.560144, 34.0706676], [-118.5601524, 34.07067369999999], [-118.56019219999999, 34.0706355], [-118.5603237, 34.0707305], [-118.5602947, 34.0707632], [-118.56037099999999, 34.0708182], [-118.5603015, 34.0708849], [-118.5601749, 34.07079349999999], [-118.5601587, 34.070809100000005], [-118.5600805, 34.0707526], [-118.5601161, 34.07071849999999], [-118.5601017, 34.07070809999999], [-118.560144, 34.0706676]]]}, "properties": {"id": "palisades-000208", "damage_class": 3, "damage_label": "destroyed", "confidence": 0.7, "area_m2": 350.87, "centroid": [-118.560226, 34.070758], "confidence_tier": "review", "sources": {"heuristic": 0, "cnn": 3, "margin": 1.0}, "footprint_source": "osm"}}, {"type": "Feature", "geometry": {"type": "Polygon", "coordinates": [[[-118.558795, 34.069388599999996], [-118.5588464, 34.06937209999999], [-118.5588656, 34.0693315], [-118.5588625, 34.069325], [-118.55894679999999, 34.069298], [-118.55896020000002, 34.069326999999994], [-118.55898640000001, 34.069318599999995], [-118.5590055, 34.06936], [-118.55906920000001, 34.0693396], [-118.55909620000001, 34.069398099999994], [-118.5588648, 34.0694723], [-118.5588436, 34.0694263], [-118.5588164, 34.069435], [-118.558795, 34.069388599999996]]]}, "properties": {"id": "palisades-000209", "damage_class": 0, "damage_label": "no-damage", "confidence": 0.85, "area_m2": 285.02, "centroid": [-118.558938, 34.069386], "confidence_tier": "high", "sources": {"heuristic": 1, "cnn": 0, "margin": 1.0}, "footprint_source": "osm"}}, {"type": "Feature", "geometry": {"type": "Polygon", "coordinates": [[[-118.5474338, 34.07370449999999], [-118.5473967, 34.0736707], [-118.547408, 34.0736621], [-118.5473792, 34.073635900000006], [-118.54748160000001, 34.07355799999999], [-118.547501, 34.073575700000006], [-118.54751710000001, 34.07356349999999], [-118.5475647, 34.0736009], [-118.5475598, 34.07360460000001], [-118.5476025, 34.0736425], [-118.5474719, 34.0737451], [-118.5474302, 34.073707199999994], [-118.5474338, 34.07370449999999]]]}, "properties": {"id": "palisades-000210", "damage_class": 0, "damage_label": "no-damage", "confidence": 0.85, "area_m2": 229.35, "centroid": [-118.547488, 34.073646], "confidence_tier": "high", "sources": {"heuristic": 1, "cnn": 0, "margin": 1.0}, "footprint_source": "osm"}}, {"type": "Feature", "geometry": {"type": "Polygon", "coordinates": [[[-118.5504208, 34.0734356], [-118.5503387, 34.073375000000006], [-118.5503753, 34.073343099999995], [-118.5503548, 34.0733269], [-118.55046300000001, 34.0732348], [-118.55051040000001, 34.0732724], [-118.5505439, 34.0732431], [-118.5505851, 34.0732757], [-118.5505525, 34.0733042], [-118.55056230000001, 34.0733119], [-118.5504208, 34.0734356]]]}, "properties": {"id": "palisades-000211", "damage_class": 0, "damage_label": "no-damage", "confidence": 0.85, "area_m2": 251.23, "centroid": [-118.550455, 34.073329], "confidence_tier": "high", "sources": {"heuristic": 1, "cnn": 0, "margin": 1.0}, "footprint_source": "osm"}}, {"type": "Feature", "geometry": {"type": "Polygon", "coordinates": [[[-118.5509449, 34.0747051], [-118.55092809999998, 34.074681000000005], [-118.551044, 34.074624799999995], [-118.55106310000001, 34.0746521], [-118.55109249999998, 34.0746378], [-118.55111160000001, 34.074665200000005], [-118.55112210000001, 34.074660099999996], [-118.55113749999998, 34.07468200000001], [-118.55112330000001, 34.074695199999994], [-118.55113980000002, 34.0747187], [-118.550951, 34.074807199999995], [-118.5508961, 34.074728799999995], [-118.5509449, 34.0747051]]]}, "properties": {"id": "palisades-000212", "damage_class": 0, "damage_label": "no-damage", "confidence": 0.7, "area_m2": 249.73, "centroid": [-118.551017, 34.074713], "confidence_tier": "review", "sources": {"heuristic": 2, "cnn": 0, "margin": 1.0}, "footprint_source": "osm"}}, {"type": "Feature", "geometry": {"type": "Polygon", "coordinates": [[[-118.56055130000001, 34.0718472], [-118.56054320000001, 34.0718623], [-118.5605485, 34.07186430000001], [-118.5605008, 34.07195660000001], [-118.56044209999999, 34.0719349], [-118.56044870000001, 34.07192259999999], [-118.56041530000002, 34.07191019999999], [-118.5604011, 34.0719366], [-118.56030370000002, 34.0719005], [-118.5603354, 34.071841299999996], [-118.5603066, 34.071830600000006], [-118.5603397, 34.0717688], [-118.56055130000001, 34.0718472]]]}, "properties": {"id": "palisades-000213", "damage_class": 0, "damage_label": "no-damage", "confidence": 1.0, "area_m2": 280.47, "centroid": [-118.560422, 34.071865], "confidence_tier": "high", "sources": {"heuristic": 0, "cnn": 0, "margin": 1.0}, "footprint_source": "osm"}}, {"type": "Feature", "geometry": {"type": "Polygon", "coordinates": [[[-118.5590094, 34.07229179999998], [-118.5589307, 34.07236799999999], [-118.5588909, 34.0723395], [-118.5588575, 34.0723718], [-118.5587984, 34.0723295], [-118.55883340000001, 34.0722957], [-118.5588032, 34.07227399999999], [-118.55889240000002, 34.07218769999999], [-118.55892720000001, 34.0722125], [-118.5589143, 34.0722249], [-118.5589397, 34.0722431], [-118.55897760000002, 34.0722063], [-118.5590303, 34.072244000000005], [-118.5589931, 34.07228009999999], [-118.5590094, 34.07229179999998]]]}, "properties": {"id": "palisades-000214", "damage_class": 0, "damage_label": "no-damage", "confidence": 1.0, "area_m2": 249.08, "centroid": [-118.558908, 34.072283], "confidence_tier": "high", "sources": {"heuristic": 0, "cnn": 0, "margin": 1.0}, "footprint_source": "osm"}}, {"type": "Feature", "geometry": {"type": "Polygon", "coordinates": [[[-118.5626576, 34.07405190000001], [-118.56266799999999, 34.07404799999999], [-118.5626954, 34.074098500000005], [-118.5626785, 34.07410480000001], [-118.5626885, 34.074123199999995], [-118.5626513, 34.0741372], [-118.5626629, 34.07415859999999], [-118.56259980000002, 34.0741823], [-118.5625886, 34.07416150000001], [-118.56255720000001, 34.074173299999984], [-118.5625054, 34.0740777], [-118.5625672, 34.074054600000004], [-118.5625142, 34.0739567], [-118.56259060000001, 34.07392810000001], [-118.5626576, 34.07405190000001]]]}, "properties": {"id": "palisades-000215", "damage_class": 0, "damage_label": "no-damage", "confidence": 0.7, "area_m2": 275.33, "centroid": [-118.562596, 34.074066], "confidence_tier": "review", "sources": {"heuristic": 2, "cnn": 0, "margin": 1.0}, "footprint_source": "osm"}}, {"type": "Feature", "geometry": {"type": "Polygon", "coordinates": [[[-118.5483461, 34.07310100000001], [-118.5482891, 34.0730504], [-118.54832830000001, 34.073019900000006], [-118.5483092, 34.073003], [-118.5482804, 34.07302539999999], [-118.5482466, 34.0729953], [-118.5483813, 34.07289039999999], [-118.5483854, 34.0728941], [-118.54840590000002, 34.0728782], [-118.5484757, 34.07294019999999], [-118.54849849999998, 34.07292239999999], [-118.5485318, 34.072952099999995], [-118.5483461, 34.07310100000001]]]}, "properties": {"id": "palisades-000216", "damage_class": 0, "damage_label": "no-damage", "confidence": 0.85, "area_m2": 302.92, "centroid": [-118.548384, 34.072984], "confidence_tier": "high", "sources": {"heuristic": 1, "cnn": 0, "margin": 1.0}, "footprint_source": "osm"}}, {"type": "Feature", "geometry": {"type": "Polygon", "coordinates": [[[-118.5575281, 34.07544589999999], [-118.5575188, 34.0754384], [-118.55750600000002, 34.0754493], [-118.55753780000002, 34.07547519999999], [-118.5574521, 34.07554799999999], [-118.5572805, 34.0754084], [-118.5572929, 34.07539789999999], [-118.5572616, 34.07537249999999], [-118.55738180000002, 34.07527780000001], [-118.5573889, 34.075283600000006], [-118.5574171, 34.07525819999999], [-118.5575866, 34.0753961], [-118.5575281, 34.07544589999999]]]}, "properties": {"id": "palisades-000217", "damage_class": 0, "damage_label": "no-damage", "confidence": 1.0, "area_m2": 496.02, "centroid": [-118.557425, 34.075399], "confidence_tier": "high", "sources": {"heuristic": 0, "cnn": 0, "margin": 1.0}, "footprint_source": "osm"}}, {"type": "Feature", "geometry": {"type": "Polygon", "coordinates": [[[-118.55201170000001, 34.06697200000001], [-118.5519738, 34.066918799999996], [-118.55203329999999, 34.066889499999995], [-118.5520086, 34.066854799999994], [-118.55207410000001, 34.0668225], [-118.5521031, 34.066821100000006], [-118.5522189, 34.0668643], [-118.5521697, 34.0669536], [-118.5521244, 34.066936299999995], [-118.55213320000001, 34.066920499999995], [-118.5521141, 34.066913199999995], [-118.5521078, 34.06692459999999], [-118.55201170000001, 34.06697200000001]]]}, "properties": {"id": "palisades-000218", "damage_class": 1, "damage_label": "minor-damage", "confidence": 0.7, "area_m2": 215.79, "centroid": [-118.552096, 34.066892], "confidence_tier": "review", "sources": {"heuristic": 3, "cnn": 1, "margin": 1.0}, "footprint_source": "osm"}}, {"type": "Feature", "geometry": {"type": "Polygon", "coordinates": [[[-118.56138950000002, 34.073669899999985], [-118.56136130000002, 34.0736491], [-118.56134459999998, 34.0736648], [-118.561272, 34.0736112], [-118.56140390000002, 34.07348759999999], [-118.56140880000001, 34.07349119999999], [-118.561432, 34.0734694], [-118.56149030000002, 34.073512499999985], [-118.5614833, 34.0735191], [-118.56151160000002, 34.0735477], [-118.56150090000001, 34.0735593], [-118.5615046, 34.073561999999995], [-118.56138950000002, 34.073669899999985]]]}, "properties": {"id": "palisades-000219", "damage_class": 1, "damage_label": "minor-damage", "confidence": 0.85, "area_m2": 251.92, "centroid": [-118.561398, 34.073575], "confidence_tier": "high", "sources": {"heuristic": 0, "cnn": 1, "margin": 1.0}, "footprint_source": "osm"}}, {"type": "Feature", "geometry": {"type": "Polygon", "coordinates": [[[-118.569832, 34.07891419999999], [-118.56988449999999, 34.07890220000001], [-118.5699066, 34.0789688], [-118.569854, 34.0789808], [-118.5698508, 34.07897109999999], [-118.5698408, 34.078973399999995], [-118.5698906, 34.079124300000004], [-118.5697523, 34.079156], [-118.5697016, 34.079002800000005], [-118.5697209, 34.0789984], [-118.5697099, 34.0789651], [-118.56969630000002, 34.07896830000001], [-118.5696784, 34.0789143], [-118.5698212, 34.0788816], [-118.569832, 34.07891419999999]]]}, "properties": {"id": "palisades-000220", "damage_class": 2, "damage_label": "major-damage", "confidence": 1.0, "area_m2": 404.29, "centroid": [-118.569793, 34.079011], "confidence_tier": "high", "sources": {"heuristic": 2, "cnn": 2, "margin": 1.0}, "footprint_source": "osm"}}, {"type": "Feature", "geometry": {"type": "Polygon", "coordinates": [[[-118.5494263, 34.07393299999999], [-118.5494352, 34.073926099999994], [-118.5495009, 34.073992399999995], [-118.54938560000001, 34.07408120000001], [-118.5493776, 34.074073999999996], [-118.5493605, 34.0740872], [-118.54934060000001, 34.0740692], [-118.5493179, 34.0740867], [-118.54929379999999, 34.074065000000004], [-118.5492838, 34.07407270000001], [-118.5492282, 34.07402299999999], [-118.54938869999998, 34.0738992], [-118.5494263, 34.07393299999999]]]}, "properties": {"id": "palisades-000221", "damage_class": 0, "damage_label": "no-damage", "confidence": 0.85, "area_m2": 280.53, "centroid": [-118.549367, 34.074002], "confidence_tier": "high", "sources": {"heuristic": 1, "cnn": 0, "margin": 1.0}, "footprint_source": "osm"}}, {"type": "Feature", "geometry": {"type": "Polygon", "coordinates": [[[-118.5586799, 34.0708127], [-118.5586286, 34.0707754], [-118.5586433, 34.070761499999996], [-118.55862760000001, 34.07075009999999], [-118.5586541, 34.0707249], [-118.55864139999998, 34.07071559999999], [-118.55868310000001, 34.0706758], [-118.5586953, 34.0706847], [-118.55871990000001, 34.0706612], [-118.55881710000001, 34.0707318], [-118.5587708, 34.07077590000001], [-118.5588634, 34.07084319999999], [-118.5588068, 34.07089719999998], [-118.55868450000001, 34.07080830000001], [-118.5586799, 34.0708127]]]}, "properties": {"id": "palisades-000222", "damage_class": 0, "damage_label": "no-damage", "confidence": 1.0, "area_m2": 271.83, "centroid": [-118.558739, 34.070775], "confidence_tier": "high", "sources": {"heuristic": 0, "cnn": 0, "margin": 1.0}, "footprint_source": "osm"}}, {"type": "Feature", "geometry": {"type": "Polygon", "coordinates": [[[-118.54902400000002, 34.07587839999999], [-118.54919570000001, 34.075938400000005], [-118.54912240000002, 34.0760834], [-118.5490673, 34.0760681], [-118.5490608, 34.076063399999995], [-118.54906780000002, 34.0760496], [-118.54904269999999, 34.0760408], [-118.549039, 34.076049], [-118.54905130000002, 34.0760614], [-118.54902320000001, 34.0761169], [-118.5489215, 34.0760813], [-118.54902400000002, 34.07587839999999]]]}, "properties": {"id": "palisades-000223", "damage_class": 0, "damage_label": "no-damage", "confidence": 1.0, "area_m2": 369.19, "centroid": [-118.549057, 34.075998], "confidence_tier": "high", "sources": {"heuristic": 0, "cnn": 0, "margin": 1.0}, "footprint_source": "osm"}}, {"type": "Feature", "geometry": {"type": "Polygon", "coordinates": [[[-118.54912720000002, 34.07820420000001], [-118.5490611, 34.0782581], [-118.5489669, 34.0781783], [-118.54901200000002, 34.0781415], [-118.5489864, 34.0781198], [-118.54901110000002, 34.078099599999994], [-118.5489854, 34.0780779], [-118.5491111, 34.07797519999999], [-118.54911979999999, 34.07798259999999], [-118.54912810000002, 34.07797579999998], [-118.54923580000002, 34.07806719999999], [-118.5492234, 34.078077699999994], [-118.5492412, 34.07809220000001], [-118.5491158, 34.07819449999999], [-118.54912720000002, 34.07820420000001]]]}, "properties": {"id": "palisades-000224", "damage_class": 0, "damage_label": "no-damage", "confidence": 1.0, "area_m2": 423.03, "centroid": [-118.549097, 34.07811], "confidence_tier": "high", "sources": {"heuristic": 0, "cnn": 0, "margin": 1.0}, "footprint_source": "osm"}}, {"type": "Feature", "geometry": {"type": "Polygon", "coordinates": [[[-118.5491938, 34.0737219], [-118.5492284, 34.07375420000001], [-118.5491112, 34.07384230000001], [-118.5491052, 34.0738367], [-118.5490758, 34.0738583], [-118.5490555, 34.07383910000001], [-118.54904210000001, 34.07384900000001], [-118.54901920000002, 34.0738274], [-118.549009, 34.0738349], [-118.5489561, 34.073785199999996], [-118.54911530000001, 34.07366050000001], [-118.54915210000001, 34.0736952], [-118.5491633, 34.07368699999999], [-118.5491974, 34.0737192], [-118.5491938, 34.0737219]]]}, "properties": {"id": "palisades-000225", "damage_class": 0, "damage_label": "no-damage", "confidence": 0.85, "area_m2": 285.48, "centroid": [-118.549094, 34.073764], "confidence_tier": "high", "sources": {"heuristic": 1, "cnn": 0, "margin": 1.0}, "footprint_source": "osm"}}, {"type": "Feature", "geometry": {"type": "Polygon", "coordinates": [[[-118.5486529, 34.0724732], [-118.5486894, 34.0724545], [-118.54872110000001, 34.0724975], [-118.5487124, 34.072502], [-118.54872700000001, 34.07252189999999], [-118.54874240000001, 34.072514], [-118.5487606, 34.07253870000001], [-118.5485651, 34.07264219999999], [-118.54850659999998, 34.07256319999998], [-118.5485523, 34.072539799999994], [-118.548537, 34.072519], [-118.5486456, 34.07246330000001], [-118.5486529, 34.0724732]]]}, "properties": {"id": "palisades-000226", "damage_class": 0, "damage_label": "no-damage", "confidence": 0.85, "area_m2": 249.79, "centroid": [-118.548627, 34.072545], "confidence_tier": "high", "sources": {"heuristic": 1, "cnn": 0, "margin": 1.0}, "footprint_source": "osm"}}, {"type": "Feature", "geometry": {"type": "Polygon", "coordinates": [[[-118.5479633, 34.0731997], [-118.5479329, 34.07317189999999], [-118.5480585, 34.073077], [-118.5481461, 34.073157300000005], [-118.5481354, 34.0731653], [-118.54815550000001, 34.07318380000001], [-118.54807440000002, 34.07324499999999], [-118.5480794, 34.0732496], [-118.54804239999999, 34.0732707], [-118.54802980000001, 34.073259099999994], [-118.54802199999999, 34.0732651], [-118.5479564, 34.073205], [-118.5479633, 34.0731997]]]}, "properties": {"id": "palisades-000227", "damage_class": 0, "damage_label": "no-damage", "confidence": 1.0, "area_m2": 236.96, "centroid": [-118.548046, 34.073176], "confidence_tier": "high", "sources": {"heuristic": 0, "cnn": 0, "margin": 1.0}, "footprint_source": "osm"}}, {"type": "Feature", "geometry": {"type": "Polygon", "coordinates": [[[-118.56267630000002, 34.073377099999995], [-118.56279390000002, 34.073331499999995], [-118.56279099999999, 34.073326300000005], [-118.5628097, 34.0733191], [-118.5628127, 34.07332459999999], [-118.5628343, 34.0733163], [-118.56287409999999, 34.073360699999995], [-118.5628929, 34.0733534], [-118.5629244, 34.07340829999999], [-118.56273490000001, 34.073481699999995], [-118.56267630000002, 34.073377099999995]]]}, "properties": {"id": "palisades-000228", "damage_class": 0, "damage_label": "no-damage", "confidence": 1.0, "area_m2": 232.32, "centroid": [-118.562796, 34.073397], "confidence_tier": "high", "sources": {"heuristic": 0, "cnn": 0, "margin": 1.0}, "footprint_source": "osm"}}, {"type": "Feature", "geometry": {"type": "Polygon", "coordinates": [[[-118.5514567, 34.07511819999999], [-118.5514967, 34.0751758], [-118.55144190000001, 34.0752062], [-118.55145150000001, 34.0752181], [-118.5513095, 34.0752967], [-118.5512422, 34.0752207], [-118.5512783, 34.0752008], [-118.5512669, 34.075186499999994], [-118.5514303, 34.07509559999999], [-118.55145090000002, 34.07512139999999], [-118.5514567, 34.07511819999999]]]}, "properties": {"id": "palisades-000229", "damage_class": 0, "damage_label": "no-damage", "confidence": 0.85, "area_m2": 258.18, "centroid": [-118.551369, 34.075196], "confidence_tier": "high", "sources": {"heuristic": 1, "cnn": 0, "margin": 1.0}, "footprint_source": "osm"}}, {"type": "Feature", "geometry": {"type": "Polygon", "coordinates": [[[-118.5488961, 34.0734471], [-118.54890319999998, 34.0734415], [-118.5489688, 34.0735049], [-118.5488562, 34.073593599999995], [-118.5488469, 34.0735855], [-118.54882849999998, 34.0736], [-118.54880740000002, 34.0735814], [-118.5487853, 34.073598799999985], [-118.548762, 34.07357849999999], [-118.54875280000002, 34.0735854], [-118.548699, 34.073535699999994], [-118.5488563, 34.0734119], [-118.5488961, 34.0734471]]]}, "properties": {"id": "palisades-000230", "damage_class": 0, "damage_label": "no-damage", "confidence": 0.85, "area_m2": 277.85, "centroid": [-118.548836, 34.073514], "confidence_tier": "high", "sources": {"heuristic": 1, "cnn": 0, "margin": 1.0}, "footprint_source": "osm"}}, {"type": "Feature", "geometry": {"type": "Polygon", "coordinates": [[[-118.5626488, 34.078908], [-118.56266250000002, 34.0788606], [-118.56258450000001, 34.078844999999994], [-118.5626018, 34.07878490000001], [-118.56273480000002, 34.0788114], [-118.5627434, 34.07878190000001], [-118.562798, 34.0787928], [-118.5627896, 34.0788219], [-118.5628155, 34.07882709999999], [-118.5628074, 34.078855], [-118.56283690000001, 34.078860899999995], [-118.562825, 34.078902199999995], [-118.5628031, 34.07889779999999], [-118.56279190000001, 34.07893649999999], [-118.5626488, 34.078908]]]}, "properties": {"id": "palisades-000231", "damage_class": 0, "damage_label": "no-damage", "confidence": 1.0, "area_m2": 242.44, "centroid": [-118.562719, 34.078855], "confidence_tier": "high", "sources": {"heuristic": 0, "cnn": 0, "margin": 1.0}, "footprint_source": "osm"}}, {"type": "Feature", "geometry": {"type": "Polygon", "coordinates": [[[-118.5635883, 34.07349529999998], [-118.563512, 34.0735257], [-118.5634938, 34.073494099999984], [-118.5634444, 34.0735138], [-118.5634299, 34.0734885], [-118.563408, 34.0734972], [-118.56338830000001, 34.07346299999999], [-118.5634233, 34.07344899999999], [-118.5633981, 34.0734052], [-118.56338350000001, 34.073411], [-118.56335740000002, 34.0733659], [-118.56348640000002, 34.07331829999999], [-118.5635883, 34.07349529999998]]]}, "properties": {"id": "palisades-000232", "damage_class": 0, "damage_label": "no-damage", "confidence": 0.85, "area_m2": 264.49, "centroid": [-118.563473, 34.073426], "confidence_tier": "high", "sources": {"heuristic": 1, "cnn": 0, "margin": 1.0}, "footprint_source": "osm"}}, {"type": "Feature", "geometry": {"type": "Polygon", "coordinates": [[[-118.54766850000001, 34.07389619999999], [-118.54763890000001, 34.073869], [-118.5477662, 34.07377309999999], [-118.54785300000002, 34.0738528], [-118.5478407, 34.07386199999999], [-118.5478604, 34.073880100000004], [-118.5477802, 34.07394049999999], [-118.54778560000001, 34.0739455], [-118.5477479, 34.073966300000016], [-118.5477353, 34.073954699999994], [-118.547727, 34.07396090000001], [-118.547662, 34.07390109999999], [-118.54766850000001, 34.07389619999999]]]}, "properties": {"id": "palisades-000233", "damage_class": 0, "damage_label": "no-damage", "confidence": 0.85, "area_m2": 236.51, "centroid": [-118.547752, 34.073872], "confidence_tier": "high", "sources": {"heuristic": 1, "cnn": 0, "margin": 1.0}, "footprint_source": "osm"}}, {"type": "Feature", "geometry": {"type": "Polygon", "coordinates": [[[-118.54752990000001, 34.0737611], [-118.54751679999998, 34.07374910000001], [-118.5475337, 34.073736299999986], [-118.54752960000002, 34.07373259999999], [-118.54754550000001, 34.07372049999999], [-118.54754979999998, 34.07372439999999], [-118.54763070000001, 34.07366309999999], [-118.5476503, 34.073681], [-118.5476629, 34.0736715], [-118.54775040000001, 34.0737502], [-118.5476251, 34.0738477], [-118.54759599999998, 34.07382110000001], [-118.5475884, 34.07382689999999], [-118.54752249999999, 34.0737667], [-118.54752990000001, 34.0737611]]]}, "properties": {"id": "palisades-000234", "damage_class": 0, "damage_label": "no-damage", "confidence": 0.85, "area_m2": 237.31, "centroid": [-118.54763, 34.073753], "confidence_tier": "high", "sources": {"heuristic": 1, "cnn": 0, "margin": 1.0}, "footprint_source": "osm"}}, {"type": "Feature", "geometry": {"type": "Polygon", "coordinates": [[[-118.5494115, 34.07330079999999], [-118.5494613, 34.0733364], [-118.5493241, 34.07347369999999], [-118.54923260000001, 34.07340990000001], [-118.549252, 34.0733906], [-118.5492615, 34.073397199999995], [-118.54927630000002, 34.07338249999999], [-118.5492477, 34.0733625], [-118.5493315, 34.073279400000004], [-118.54934030000001, 34.07328559999999], [-118.54936610000001, 34.07326], [-118.5494164, 34.073296], [-118.5494115, 34.07330079999999]]]}, "properties": {"id": "palisades-000235", "damage_class": 0, "damage_label": "no-damage", "confidence": 0.85, "area_m2": 250.78, "centroid": [-118.549344, 34.073365], "confidence_tier": "high", "sources": {"heuristic": 1, "cnn": 0, "margin": 1.0}, "footprint_source": "osm"}}, {"type": "Feature", "geometry": {"type": "Polygon", "coordinates": [[[-118.55187489999999, 34.076350599999984], [-118.5518714, 34.076356099999984], [-118.5518225, 34.076330799999994], [-118.55191650000002, 34.07618289999999], [-118.5519209, 34.0761848], [-118.5519291, 34.076171899999984], [-118.551963, 34.0761868], [-118.5519551, 34.0761993], [-118.5520241, 34.07622589999999], [-118.55192950000001, 34.0763747], [-118.55187489999999, 34.076350599999984]]]}, "properties": {"id": "palisades-000236", "damage_class": 0, "damage_label": "no-damage", "confidence": 1.0, "area_m2": 211.94, "centroid": [-118.551923, 34.076277], "confidence_tier": "high", "sources": {"heuristic": 0, "cnn": 0, "margin": 1.0}, "footprint_source": "osm"}}, {"type": "Feature", "geometry": {"type": "Polygon", "coordinates": [[[-118.5484127, 34.078155699999996], [-118.54842339999999, 34.0781648], [-118.5484892, 34.0781117], [-118.54849369999998, 34.0781156], [-118.54850259999999, 34.0781083], [-118.5485735, 34.0781691], [-118.54855900000001, 34.0781807], [-118.54859890000002, 34.078214900000006], [-118.5484729, 34.078316699999995], [-118.54837570000001, 34.07823340000001], [-118.54836549999999, 34.078241599999984], [-118.5483974, 34.07826889999999], [-118.54831729999998, 34.0783346], [-118.5482561, 34.078282099999996], [-118.5484127, 34.078155699999996]]]}, "properties": {"id": "palisades-000237", "damage_class": 0, "damage_label": "no-damage", "confidence": 1.0, "area_m2": 365.99, "centroid": [-118.548441, 34.078226], "confidence_tier": "high", "sources": {"heuristic": 0, "cnn": 0, "margin": 1.0}, "footprint_source": "osm"}}, {"type": "Feature", "geometry": {"type": "Polygon", "coordinates": [[[-118.57234760000001, 34.07699229999999], [-118.57226090000002, 34.07701039999999], [-118.57223120000002, 34.076932000000006], [-118.5722044, 34.076937599999994], [-118.5721824, 34.076864699999994], [-118.5722096, 34.076859], [-118.5722071, 34.0768507], [-118.57238550000001, 34.07681339999999], [-118.5724418, 34.0769792], [-118.57234949999999, 34.0769985], [-118.57234760000001, 34.07699229999999]]]}, "properties": {"id": "palisades-000238", "damage_class": 0, "damage_label": "no-damage", "confidence": 0.7, "area_m2": 340.81, "centroid": [-118.572317, 34.076913], "confidence_tier": "review", "sources": {"heuristic": 3, "cnn": 0, "margin": 1.0}, "footprint_source": "osm"}}, {"type": "Feature", "geometry": {"type": "Polygon", "coordinates": [[[-118.559136, 34.07066890000001], [-118.55903980000001, 34.070598000000004], [-118.558995, 34.0706402], [-118.5589005, 34.07057060000001], [-118.55892490000001, 34.070547699999985], [-118.55891139999999, 34.0705379], [-118.5589568, 34.07049520000001], [-118.5589703, 34.07050519999999], [-118.5589938, 34.07048309999999], [-118.5590102, 34.0704953], [-118.55902530000002, 34.070481099999995], [-118.55907579999999, 34.070518299999996], [-118.559069, 34.07052470000001], [-118.55919250000001, 34.070615700000005], [-118.559136, 34.07066890000001]]]}, "properties": {"id": "palisades-000239", "damage_class": 0, "damage_label": "no-damage", "confidence": 0.85, "area_m2": 271.66, "centroid": [-118.559038, 34.070573], "confidence_tier": "high", "sources": {"heuristic": 1, "cnn": 0, "margin": 1.0}, "footprint_source": "osm"}}, {"type": "Feature", "geometry": {"type": "Polygon", "coordinates": [[[-118.54868410000002, 34.0728131], [-118.54872940000001, 34.0727892], [-118.54871389999998, 34.07276879999999], [-118.5488253, 34.07271020000001], [-118.5488328, 34.0727201], [-118.54886620000002, 34.0727025], [-118.54886989999999, 34.0727074], [-118.5488804, 34.0727018], [-118.548923, 34.0727579], [-118.5489369, 34.0727506], [-118.54895780000001, 34.0727781], [-118.54874569999998, 34.0728941], [-118.54868410000002, 34.0728131]]]}, "properties": {"id": "palisades-000240", "damage_class": 0, "damage_label": "no-damage", "confidence": 0.85, "area_m2": 276.11, "centroid": [-118.548813, 34.072792], "confidence_tier": "high", "sources": {"heuristic": 1, "cnn": 0, "margin": 1.0}, "footprint_source": "osm"}}, {"type": "Feature", "geometry": {"type": "Polygon", "coordinates": [[[-118.54842640000001, 34.073741299999995], [-118.54839640000002, 34.07371429999999], [-118.5485211, 34.0736187], [-118.54860880000001, 34.073698], [-118.5485976, 34.07370650000001], [-118.5486177, 34.073724799999994], [-118.54853730000002, 34.07378649999999], [-118.54854229999998, 34.07379099999999], [-118.5485049, 34.07381139999999], [-118.54849110000002, 34.07379889999998], [-118.5484833, 34.0738049], [-118.5484191, 34.0737469], [-118.54842640000001, 34.073741299999995]]]}, "properties": {"id": "palisades-000241", "damage_class": 0, "damage_label": "no-damage", "confidence": 1.0, "area_m2": 235.25, "centroid": [-118.548509, 34.073718], "confidence_tier": "high", "sources": {"heuristic": 0, "cnn": 0, "margin": 1.0}, "footprint_source": "osm"}}, {"type": "Feature", "geometry": {"type": "Polygon", "coordinates": [[[-118.55217160000001, 34.075395], [-118.5521654, 34.07540109999999], [-118.5521274, 34.07537469999999], [-118.55213430000002, 34.07536790000001], [-118.5520935, 34.0753385], [-118.55210050000001, 34.075332499999995], [-118.55209390000002, 34.0753269], [-118.55222650000002, 34.075200499999994], [-118.55225589999999, 34.0752209], [-118.55225040000002, 34.0752264], [-118.55230939999998, 34.075276], [-118.5521825, 34.07540250000001], [-118.55217160000001, 34.075395]]]}, "properties": {"id": "palisades-000242", "damage_class": 0, "damage_label": "no-damage", "confidence": 1.0, "area_m2": 220.44, "centroid": [-118.5522, 34.075305], "confidence_tier": "high", "sources": {"heuristic": 0, "cnn": 0, "margin": 1.0}, "footprint_source": "osm"}}, {"type": "Feature", "geometry": {"type": "Polygon", "coordinates": [[[-118.5592193, 34.0718929], [-118.5593036, 34.0719589], [-118.55934619999998, 34.0719212], [-118.55939169999999, 34.0719568], [-118.5593999, 34.071949599999996], [-118.5594488, 34.07198780000001], [-118.5594224, 34.0720112], [-118.55943459999999, 34.0720207], [-118.55939140000001, 34.072058899999995], [-118.55938330000001, 34.0720526], [-118.559354, 34.07207859999999], [-118.5593358, 34.0720644], [-118.55932209999999, 34.0720765], [-118.55915739999999, 34.0719477], [-118.5592193, 34.0718929]]]}, "properties": {"id": "palisades-000243", "damage_class": 0, "damage_label": "no-damage", "confidence": 1.0, "area_m2": 271.95, "centroid": [-118.559309, 34.071987], "confidence_tier": "high", "sources": {"heuristic": 0, "cnn": 0, "margin": 1.0}, "footprint_source": "osm"}}, {"type": "Feature", "geometry": {"type": "Polygon", "coordinates": [[[-118.562754, 34.07901360000001], [-118.5627509, 34.07901880000001], [-118.5627639, 34.07902429999999], [-118.5627452, 34.0790551], [-118.5627765, 34.0790682], [-118.5627356, 34.0791359], [-118.56270280000001, 34.07912219999999], [-118.56270009999999, 34.07912649999999], [-118.56249670000001, 34.0790413], [-118.5625214, 34.07900050000001], [-118.5625468, 34.079011200000004], [-118.562531, 34.0790022], [-118.5625706, 34.07893680000001], [-118.562754, 34.07901360000001]]]}, "properties": {"id": "palisades-000244", "damage_class": 3, "damage_label": "destroyed", "confidence": 0.7, "area_m2": 302.63, "centroid": [-118.562643, 34.079038], "confidence_tier": "review", "sources": {"heuristic": 1, "cnn": 3, "margin": 1.0}, "footprint_source": "osm"}}, {"type": "Feature", "geometry": {"type": "Polygon", "coordinates": [[[-118.55947750000001, 34.06988140000001], [-118.5594756, 34.0698742], [-118.55953900000002, 34.0698137], [-118.5596069, 34.0698629], [-118.55957049999999, 34.06989769999999], [-118.5595938, 34.06991459999999], [-118.55961589999998, 34.0698934], [-118.5595971, 34.0698798], [-118.55964230000001, 34.0698365], [-118.5597578, 34.06992029999999], [-118.5596947, 34.069980599999994], [-118.55971, 34.069991599999994], [-118.55967529999998, 34.07002479999999], [-118.55947750000001, 34.06988140000001]]]}, "properties": {"id": "palisades-000245", "damage_class": 0, "damage_label": "no-damage", "confidence": 0.85, "area_m2": 276.33, "centroid": [-118.559622, 34.069913], "confidence_tier": "high", "sources": {"heuristic": 1, "cnn": 0, "margin": 1.0}, "footprint_source": "osm"}}, {"type": "Feature", "geometry": {"type": "Polygon", "coordinates": [[[-118.5485605, 34.0738734], [-118.5485306, 34.0738452], [-118.54865809999998, 34.07375149999999], [-118.54874329999998, 34.0738318], [-118.5487329, 34.0738395], [-118.5487524, 34.07385779999999], [-118.54867150000001, 34.073917300000005], [-118.54867720000001, 34.0739229], [-118.54863940000001, 34.0739446], [-118.5486279, 34.0739337], [-118.5486196, 34.073939700000004], [-118.54855420000001, 34.0738781], [-118.5485605, 34.0738734]]]}, "properties": {"id": "palisades-000246", "damage_class": 0, "damage_label": "no-damage", "confidence": 1.0, "area_m2": 234.87, "centroid": [-118.548644, 34.07385], "confidence_tier": "high", "sources": {"heuristic": 0, "cnn": 0, "margin": 1.0}, "footprint_source": "osm"}}, {"type": "Feature", "geometry": {"type": "Polygon", "coordinates": [[[-118.5611737, 34.07831100000001], [-118.561145, 34.0783278], [-118.5611058, 34.0782814], [-118.56113510000002, 34.0782643], [-118.5611191, 34.0782454], [-118.5611643, 34.07821899999999], [-118.56115850000002, 34.078212099999995], [-118.56121230000001, 34.0781808], [-118.5612184, 34.078188000000004], [-118.56125000000002, 34.078169499999994], [-118.5613267, 34.078260400000005], [-118.56129479999998, 34.07827909999999], [-118.56129870000001, 34.07828380000001], [-118.5611996, 34.078341699999996], [-118.5611737, 34.07831100000001]]]}, "properties": {"id": "palisades-000247", "damage_class": 0, "damage_label": "no-damage", "confidence": 0.7, "area_m2": 215.65, "centroid": [-118.561215, 34.078258], "confidence_tier": "review", "sources": {"heuristic": 3, "cnn": 0, "margin": 1.0}, "footprint_source": "osm"}}, {"type": "Feature", "geometry": {"type": "Polygon", "coordinates": [[[-118.5576299, 34.071270899999995], [-118.5575395, 34.0712577], [-118.5575328, 34.07128929999999], [-118.55745420000001, 34.0712778], [-118.5574686, 34.07121010000001], [-118.5574792, 34.07121169999999], [-118.55748500000001, 34.07118450000001], [-118.55747060000002, 34.0711824], [-118.55749160000002, 34.07108319999999], [-118.5575368, 34.07108989999999], [-118.55754500000002, 34.0710509], [-118.55761610000002, 34.0710613], [-118.55760899999999, 34.0710946], [-118.5576654, 34.07110290000001], [-118.5576299, 34.071270899999995]]]}, "properties": {"id": "palisades-000248", "damage_class": 0, "damage_label": "no-damage", "confidence": 1.0, "area_m2": 349.14, "centroid": [-118.557559, 34.071174], "confidence_tier": "high", "sources": {"heuristic": 0, "cnn": 0, "margin": 1.0}, "footprint_source": "osm"}}, {"type": "Feature", "geometry": {"type": "Polygon", "coordinates": [[[-118.5518955, 34.0766284], [-118.55190330000002, 34.0766165], [-118.55193820000001, 34.0766324], [-118.5519305, 34.076644], [-118.55199789999999, 34.076670199999995], [-118.55190000000002, 34.07681889999999], [-118.55184660000002, 34.0767946], [-118.55184319999998, 34.076799799999996], [-118.551794, 34.0767748], [-118.5518915, 34.0766265], [-118.5518955, 34.0766284]]]}, "properties": {"id": "palisades-000249", "damage_class": 0, "damage_label": "no-damage", "confidence": 1.0, "area_m2": 211.32, "centroid": [-118.551896, 34.076721], "confidence_tier": "high", "sources": {"heuristic": 0, "cnn": 0, "margin": 1.0}, "footprint_source": "osm"}}, {"type": "Feature", "geometry": {"type": "Polygon", "coordinates": [[[-118.56079990000002, 34.07067549999999], [-118.5608055, 34.07067], [-118.5608539, 34.0707036], [-118.56084650000001, 34.07071109999999], [-118.56089459999998, 34.07074450000001], [-118.5608341, 34.0708049], [-118.56082549999999, 34.070798899999986], [-118.5607918, 34.070832499999995], [-118.56061820000001, 34.0707119], [-118.5606268, 34.0707033], [-118.5606196, 34.0706983], [-118.5606676, 34.07065040000001], [-118.5607294, 34.07069330000001], [-118.56076879999999, 34.070654], [-118.56079990000002, 34.07067549999999]]]}, "properties": {"id": "palisades-000250", "damage_class": 0, "damage_label": "no-damage", "confidence": 1.0, "area_m2": 270.06, "centroid": [-118.560759, 34.070734], "confidence_tier": "high", "sources": {"heuristic": 0, "cnn": 0, "margin": 1.0}, "footprint_source": "osm"}}, {"type": "Feature", "geometry": {"type": "Polygon", "coordinates": [[[-118.5618991, 34.0792784], [-118.561891, 34.079275499999994], [-118.5618877, 34.0792818], [-118.5618625, 34.0792728], [-118.5618446, 34.0793073], [-118.5617486, 34.0792731], [-118.56185250000001, 34.07908669999998], [-118.5618992, 34.0791033], [-118.56188430000002, 34.0791321], [-118.5619609, 34.0791594], [-118.5618991, 34.0792784]]]}, "properties": {"id": "palisades-000251", "damage_class": 0, "damage_label": "no-damage", "confidence": 1.0, "area_m2": 249.74, "centroid": [-118.561856, 34.079205], "confidence_tier": "high", "sources": {"heuristic": 0, "cnn": 0, "margin": 1.0}, "footprint_source": "osm"}}, {"type": "Feature", "geometry": {"type": "Polygon", "coordinates": [[[-118.55173690000001, 34.0746103], [-118.5517419, 34.0746177], [-118.55175450000002, 34.0746118], [-118.55177470000001, 34.07464190000001], [-118.55176870000001, 34.07464470000001], [-118.5517798, 34.07466120000001], [-118.5518022, 34.0746514], [-118.5518243, 34.074687099999984], [-118.5516426, 34.07476799999999], [-118.5516225, 34.07473800000001], [-118.55160510000002, 34.0747461], [-118.5515669, 34.074689000000006], [-118.55173690000001, 34.0746103]]]}, "properties": {"id": "palisades-000252", "damage_class": 0, "damage_label": "no-damage", "confidence": 0.85, "area_m2": 211.28, "centroid": [-118.551693, 34.074688], "confidence_tier": "high", "sources": {"heuristic": 1, "cnn": 0, "margin": 1.0}, "footprint_source": "osm"}}, {"type": "Feature", "geometry": {"type": "Polygon", "coordinates": [[[-118.54845210000002, 34.074799500000005], [-118.5485559, 34.074723999999996], [-118.5485742, 34.0747404], [-118.54859110000001, 34.0747273], [-118.5486766, 34.0748074], [-118.54854490000001, 34.074909399999996], [-118.54847079999999, 34.0748358], [-118.54848280000002, 34.07482649999999], [-118.54845210000002, 34.074799500000005]]]}, "properties": {"id": "palisades-000253", "damage_class": 0, "damage_label": "no-damage", "confidence": 1.0, "area_m2": 230.08, "centroid": [-118.548561, 34.074811], "confidence_tier": "high", "sources": {"heuristic": 0, "cnn": 0, "margin": 1.0}, "footprint_source": "osm"}}, {"type": "Feature", "geometry": {"type": "Polygon", "coordinates": [[[-118.5714744, 34.077799399999996], [-118.57156610000001, 34.0777922], [-118.5715948, 34.0777818], [-118.5717049, 34.077701100000006], [-118.57172630000001, 34.077721399999994], [-118.57173110000001, 34.07771790000001], [-118.5718036, 34.07778629999999], [-118.5717538, 34.077822700000006], [-118.57176359999998, 34.0778319], [-118.57167380000001, 34.0778978], [-118.5716644, 34.07788889999999], [-118.5716413, 34.07790429999999], [-118.5716119, 34.0779063], [-118.5716131, 34.0779189], [-118.57148909999998, 34.0779286], [-118.5714744, 34.077799399999996]]]}, "properties": {"id": "palisades-000254", "damage_class": 1, "damage_label": "minor-damage", "confidence": 0.85, "area_m2": 420.65, "centroid": [-118.57163, 34.077826], "confidence_tier": "high", "sources": {"heuristic": 0, "cnn": 1, "margin": 1.0}, "footprint_source": "osm"}}, {"type": "Feature", "geometry": {"type": "Polygon", "coordinates": [[[-118.549236, 34.07316480000001], [-118.549258, 34.073187299999994], [-118.5492638, 34.07318329999999], [-118.5493076, 34.073228300000004], [-118.54928810000001, 34.0732415], [-118.54928840000001, 34.07325079999999], [-118.54930690000002, 34.07326859999999], [-118.54927600000002, 34.0732966], [-118.54927190000001, 34.0732926], [-118.5492201, 34.073330199999994], [-118.5491958, 34.0733071], [-118.54914140000001, 34.0733465], [-118.5490721, 34.0732754], [-118.549236, 34.07316480000001]]]}, "properties": {"id": "palisades-000255", "damage_class": 0, "damage_label": "no-damage", "confidence": 1.0, "area_m2": 233.33, "centroid": [-118.549199, 34.073259], "confidence_tier": "high", "sources": {"heuristic": 0, "cnn": 0, "margin": 1.0}, "footprint_source": "osm"}}, {"type": "Feature", "geometry": {"type": "Polygon", "coordinates": [[[-118.5639691, 34.074024], [-118.5637393, 34.0741155], [-118.5636915, 34.0740332], [-118.5637178, 34.07402259999999], [-118.5637065, 34.074003], [-118.5637326, 34.073992499999996], [-118.5637083, 34.0739506], [-118.5637166, 34.07394730000001], [-118.56371260000002, 34.0739405], [-118.5638422, 34.0738883], [-118.56389030000001, 34.0739784], [-118.5639327, 34.07396130000001], [-118.5639691, 34.074024]]]}, "properties": {"id": "palisades-000256", "damage_class": 0, "damage_label": "no-damage", "confidence": 1.0, "area_m2": 351.57, "centroid": [-118.563814, 34.074004], "confidence_tier": "high", "sources": {"heuristic": 0, "cnn": 0, "margin": 1.0}, "footprint_source": "osm"}}, {"type": "Feature", "geometry": {"type": "Polygon", "coordinates": [[[-118.55030190000001, 34.07330029999999], [-118.55028420000001, 34.07331630000001], [-118.5502041, 34.073254600000006], [-118.5503572, 34.073117], [-118.55036450000001, 34.07312219999999], [-118.5503707, 34.07311749999999], [-118.5503977, 34.07313220000001], [-118.55042309999999, 34.0731597], [-118.55041850000002, 34.0731632], [-118.55044, 34.073179999999994], [-118.550405, 34.0732115], [-118.55042189999999, 34.07322450000001], [-118.5503211, 34.07331510000001], [-118.55030190000001, 34.07330029999999]]]}, "properties": {"id": "palisades-000257", "damage_class": 0, "damage_label": "no-damage", "confidence": 1.0, "area_m2": 251.28, "centroid": [-118.550329, 34.07322], "confidence_tier": "high", "sources": {"heuristic": 0, "cnn": 0, "margin": 1.0}, "footprint_source": "osm"}}, {"type": "Feature", "geometry": {"type": "Polygon", "coordinates": [[[-118.56923760000001, 34.078741], [-118.56927780000001, 34.07885439999999], [-118.56929160000001, 34.078851], [-118.56931019999999, 34.0789033], [-118.5693427, 34.0788953], [-118.56942759999998, 34.0791345], [-118.56934170000001, 34.0791556], [-118.5693287, 34.07911889999999], [-118.5692436, 34.0791398], [-118.5692203, 34.0790741], [-118.569227, 34.079065099999994], [-118.56919550000002, 34.07905060000001], [-118.56918209999999, 34.0790112], [-118.56919569999998, 34.0789796], [-118.56912120000001, 34.0787696], [-118.56923760000001, 34.078741]]]}, "properties": {"id": "palisades-000258", "damage_class": 0, "damage_label": "no-damage", "confidence": 1.0, "area_m2": 646.61, "centroid": [-118.569269, 34.078963], "confidence_tier": "high", "sources": {"heuristic": 0, "cnn": 0, "margin": 1.0}, "footprint_source": "osm"}}, {"type": "Feature", "geometry": {"type": "Polygon", "coordinates": [[[-118.560045, 34.06967850000001], [-118.56000220000001, 34.069681499999994], [-118.55994160000002, 34.0697382], [-118.5599058, 34.069711], [-118.5598578, 34.06975469999999], [-118.5597957, 34.0697076], [-118.5599681, 34.069555], [-118.5600083, 34.0695855], [-118.5600426, 34.069554200000006], [-118.5600873, 34.06958809999999], [-118.56004000000001, 34.0696359], [-118.560045, 34.06967850000001]]]}, "properties": {"id": "palisades-000259", "damage_class": 0, "damage_label": "no-damage", "confidence": 1.0, "area_m2": 279.57, "centroid": [-118.559945, 34.069653], "confidence_tier": "high", "sources": {"heuristic": 0, "cnn": 0, "margin": 1.0}, "footprint_source": "osm"}}, {"type": "Feature", "geometry": {"type": "Polygon", "coordinates": [[[-118.5497964, 34.073569299999996], [-118.5498229, 34.0735883], [-118.54980590000001, 34.0736047], [-118.54980800000001, 34.0736146], [-118.54982960000001, 34.0736302], [-118.549755, 34.0737021], [-118.5497299, 34.07368400000001], [-118.54968350000001, 34.073728599999995], [-118.54960070000001, 34.07367159999999], [-118.5497389, 34.07353730000001], [-118.5497638, 34.0735553], [-118.54978070000001, 34.0735442], [-118.5498046, 34.0735614], [-118.5497964, 34.073569299999996]]]}, "properties": {"id": "palisades-000260", "damage_class": 0, "damage_label": "no-damage", "confidence": 1.0, "area_m2": 234.36, "centroid": [-118.549723, 34.073634], "confidence_tier": "high", "sources": {"heuristic": 0, "cnn": 0, "margin": 1.0}, "footprint_source": "osm"}}, {"type": "Feature", "geometry": {"type": "Polygon", "coordinates": [[[-118.55937930000002, 34.070218999999994], [-118.55937570000002, 34.070186899999996], [-118.5593597, 34.07017569999999], [-118.5593403, 34.070194799999996], [-118.55929060000001, 34.0701599], [-118.55929870000001, 34.07015189999999], [-118.55922609999999, 34.07010089999999], [-118.55927349999999, 34.07005420000001], [-118.55934760000001, 34.0701063], [-118.55939119999998, 34.070063299999994], [-118.5595254, 34.07015770000001], [-118.5594872, 34.0701954], [-118.5594944, 34.0702004], [-118.5594534, 34.0702407], [-118.5594179, 34.0702149], [-118.55937930000002, 34.070218999999994]]]}, "properties": {"id": "palisades-000261", "damage_class": 0, "damage_label": "no-damage", "confidence": 1.0, "area_m2": 272.57, "centroid": [-118.559384, 34.070143], "confidence_tier": "high", "sources": {"heuristic": 0, "cnn": 0, "margin": 1.0}, "footprint_source": "osm"}}, {"type": "Feature", "geometry": {"type": "Polygon", "coordinates": [[[-118.5604896, 34.0710171], [-118.5604384, 34.0709795], [-118.5604434, 34.0709748], [-118.5603709, 34.0709215], [-118.56042079999999, 34.0708745], [-118.56049220000001, 34.070926899999996], [-118.5605367, 34.07088499999999], [-118.56067109999998, 34.0709838], [-118.5606301, 34.0710225], [-118.5606606, 34.071044799999996], [-118.56062060000001, 34.07108250000001], [-118.56056210000001, 34.0710395], [-118.5605233, 34.071043], [-118.5605209, 34.071010199999996], [-118.56050750000001, 34.0710004], [-118.5604896, 34.0710171]]]}, "properties": {"id": "palisades-000262", "damage_class": 0, "damage_label": "no-damage", "confidence": 1.0, "area_m2": 292.34, "centroid": [-118.560534, 34.07097], "confidence_tier": "high", "sources": {"heuristic": 0, "cnn": 0, "margin": 1.0}, "footprint_source": "osm"}}, {"type": "Feature", "geometry": {"type": "Polygon", "coordinates": [[[-118.54850259999999, 34.0725079], [-118.5484776, 34.0724862], [-118.54844149999998, 34.072514999999996], [-118.5483663, 34.07244959999999], [-118.54852219999998, 34.0723254], [-118.54854679999998, 34.0723467], [-118.5485675, 34.0723371], [-118.548585, 34.0723523], [-118.5485958, 34.07234369999999], [-118.5486248, 34.07236889999999], [-118.5485822, 34.072402800000006], [-118.54858240000002, 34.072412199999995], [-118.5486009, 34.0724295], [-118.54850259999999, 34.0725079]]]}, "properties": {"id": "palisades-000263", "damage_class": 0, "damage_label": "no-damage", "confidence": 1.0, "area_m2": 261.07, "centroid": [-118.548499, 34.072422], "confidence_tier": "high", "sources": {"heuristic": 0, "cnn": 0, "margin": 1.0}, "footprint_source": "osm"}}, {"type": "Feature", "geometry": {"type": "Polygon", "coordinates": [[[-118.5515093, 34.0752176], [-118.55154840000002, 34.075238000000006], [-118.55156829999999, 34.0752682], [-118.5515624, 34.0752716], [-118.5515797, 34.07528959999999], [-118.55154010000001, 34.0753164], [-118.55155629999999, 34.07533300000001], [-118.55144049999998, 34.0754115], [-118.551425, 34.0753956], [-118.55140180000001, 34.0754113], [-118.55133070000001, 34.0753386], [-118.5515093, 34.0752176]]]}, "properties": {"id": "palisades-000264", "damage_class": 0, "damage_label": "no-damage", "confidence": 0.7, "area_m2": 259.37, "centroid": [-118.551462, 34.075319], "confidence_tier": "review", "sources": {"heuristic": 2, "cnn": 0, "margin": 1.0}, "footprint_source": "osm"}}, {"type": "Feature", "geometry": {"type": "Polygon", "coordinates": [[[-118.55122029999998, 34.077066], [-118.5512117, 34.07708], [-118.5511211, 34.0770415], [-118.5512386, 34.0768505], [-118.55124990000002, 34.07684890000001], [-118.55128800000001, 34.07686460000001], [-118.55129620000001, 34.076875], [-118.5513011, 34.076867], [-118.55133630000002, 34.07688199999998], [-118.5513301, 34.0768921], [-118.55137080000002, 34.07690939999999], [-118.55136459999999, 34.07691919999999], [-118.5513692, 34.07692110000001], [-118.55126769999998, 34.07708619999999], [-118.55122029999998, 34.077066]]]}, "properties": {"id": "palisades-000265", "damage_class": 0, "damage_label": "no-damage", "confidence": 1.0, "area_m2": 336.56, "centroid": [-118.551249, 34.076971], "confidence_tier": "high", "sources": {"heuristic": 0, "cnn": 0, "margin": 1.0}, "footprint_source": "osm"}}, {"type": "Feature", "geometry": {"type": "Polygon", "coordinates": [[[-118.5480389, 34.0762744], [-118.54798720000001, 34.0762332], [-118.5479652, 34.07625229999999], [-118.5479592, 34.0762475], [-118.54791210000002, 34.0762885], [-118.5478392, 34.0762305], [-118.5480233, 34.0760757], [-118.54803969999999, 34.07608880000001], [-118.54804830000002, 34.076081299999984], [-118.54809349999998, 34.07611729999999], [-118.54808610000002, 34.076123700000004], [-118.5481481, 34.0761731], [-118.5480389, 34.0762744]]]}, "properties": {"id": "palisades-000266", "damage_class": 0, "damage_label": "no-damage", "confidence": 1.0, "area_m2": 336.88, "centroid": [-118.548, 34.076187], "confidence_tier": "high", "sources": {"heuristic": 0, "cnn": 0, "margin": 1.0}, "footprint_source": "osm"}}, {"type": "Feature", "geometry": {"type": "Polygon", "coordinates": [[[-118.5582124, 34.0717438], [-118.5582044, 34.0717333], [-118.5582458, 34.071711500000006], [-118.55827119999998, 34.0717448], [-118.55829690000002, 34.07173130000001], [-118.55829179999999, 34.071724599999996], [-118.5583292, 34.0717049], [-118.55833260000001, 34.071709399999996], [-118.55833990000001, 34.0717056], [-118.55840850000001, 34.071795800000004], [-118.5583746, 34.07181359999999], [-118.55841069999998, 34.07186109999999], [-118.5583415, 34.0718975], [-118.5583083, 34.0718538], [-118.55826600000002, 34.071876100000004], [-118.55817879999998, 34.0717614], [-118.5582124, 34.0717438]]]}, "properties": {"id": "palisades-000267", "damage_class": 0, "damage_label": "no-damage", "confidence": 1.0, "area_m2": 267.34, "centroid": [-118.558303, 34.071796], "confidence_tier": "high", "sources": {"heuristic": 0, "cnn": 0, "margin": 1.0}, "footprint_source": "osm"}}, {"type": "Feature", "geometry": {"type": "Polygon", "coordinates": [[[-118.5494217, 34.07418069999999], [-118.5494653, 34.07415899999999], [-118.54945040000001, 34.07413819999999], [-118.5494176, 34.0741544], [-118.5493938, 34.074121], [-118.5495268, 34.0740508], [-118.54955080000002, 34.07404230000001], [-118.5495547, 34.074047699999994], [-118.5495807, 34.07403480000001], [-118.54963190000001, 34.07410639999999], [-118.54962310000002, 34.0741107], [-118.5496497, 34.074147599999996], [-118.5494639, 34.07423970000001], [-118.5494217, 34.07418069999999]]]}, "properties": {"id": "palisades-000268", "damage_class": 0, "damage_label": "no-damage", "confidence": 0.7, "area_m2": 282.41, "centroid": [-118.549524, 34.074134], "confidence_tier": "review", "sources": {"heuristic": 2, "cnn": 0, "margin": 1.0}, "footprint_source": "osm"}}, {"type": "Feature", "geometry": {"type": "Polygon", "coordinates": [[[-118.54915300000002, 34.073956499999994], [-118.5491915, 34.073927299999994], [-118.54916990000001, 34.0739076], [-118.5491397, 34.0739305], [-118.5491089, 34.0739025], [-118.5492102, 34.0738256], [-118.5492058, 34.0738216], [-118.5492213, 34.07380979999999], [-118.5492255, 34.073813599999994], [-118.54924430000001, 34.07379929999999], [-118.54924780000002, 34.073802500000006], [-118.5492705, 34.073785199999996], [-118.54933910000001, 34.073847699999995], [-118.5493326, 34.073852699999996], [-118.54936730000001, 34.0738844], [-118.54920730000002, 34.074006], [-118.54915300000002, 34.073956499999994]]]}, "properties": {"id": "palisades-000269", "damage_class": 3, "damage_label": "destroyed", "confidence": 0.7, "area_m2": 281.37, "centroid": [-118.549241, 34.073892], "confidence_tier": "review", "sources": {"heuristic": 1, "cnn": 3, "margin": 1.0}, "footprint_source": "osm"}}, {"type": "Feature", "geometry": {"type": "Polygon", "coordinates": [[[-118.5606244, 34.07402530000001], [-118.56072320000001, 34.0739432], [-118.5607642, 34.073981], [-118.56074840000001, 34.07399290000001], [-118.5608116, 34.0740448], [-118.5607896, 34.07406129999998], [-118.56083909999998, 34.074106900000004], [-118.56082980000001, 34.0741139], [-118.5608409, 34.07412409999999], [-118.56078080000002, 34.07416929999999], [-118.5606244, 34.07402530000001]]]}, "properties": {"id": "palisades-000270", "damage_class": 0, "damage_label": "no-damage", "confidence": 1.0, "area_m2": 229.19, "centroid": [-118.560738, 34.074056], "confidence_tier": "high", "sources": {"heuristic": 0, "cnn": 0, "margin": 1.0}, "footprint_source": "osm"}}, {"type": "Feature", "geometry": {"type": "Polygon", "coordinates": [[[-118.5516129, 34.07147150000001], [-118.55160910000001, 34.071458099999994], [-118.55170480000001, 34.0714394], [-118.5517266, 34.0715169], [-118.5514435, 34.07157209999999], [-118.55142840000002, 34.071518600000005], [-118.551422, 34.0715198], [-118.55141700000001, 34.0715022], [-118.55142369999999, 34.07150089999999], [-118.5513758, 34.0713526], [-118.55159070000002, 34.071310800000006], [-118.5516186, 34.071410099999994], [-118.5515677, 34.071419999999996], [-118.5515837, 34.0714772], [-118.5516129, 34.07147150000001]]]}, "properties": {"id": "palisades-000271", "damage_class": 0, "damage_label": "no-damage", "confidence": 1.0, "area_m2": 537.05, "centroid": [-118.55153, 34.071446], "confidence_tier": "high", "sources": {"heuristic": 0, "cnn": 0, "margin": 1.0}, "footprint_source": "osm"}}, {"type": "Feature", "geometry": {"type": "Polygon", "coordinates": [[[-118.5610479, 34.0708706], [-118.5610668, 34.07086719999999], [-118.56104660000001, 34.07078969999999], [-118.5611914, 34.070763500000005], [-118.5612044, 34.0708136], [-118.5611794, 34.070818199999984], [-118.56119210000001, 34.07084999999999], [-118.56122270000002, 34.07084439999999], [-118.56121550000002, 34.0708167], [-118.5612997, 34.0708015], [-118.5613147, 34.070858699999995], [-118.56130880000002, 34.070859799999994], [-118.5613106, 34.070867], [-118.56105890000002, 34.070912500000006], [-118.5610479, 34.0708706]]]}, "properties": {"id": "palisades-000272", "damage_class": 0, "damage_label": "no-damage", "confidence": 0.85, "area_m2": 247.47, "centroid": [-118.561162, 34.07084], "confidence_tier": "high", "sources": {"heuristic": 1, "cnn": 0, "margin": 1.0}, "footprint_source": "osm"}}, {"type": "Feature", "geometry": {"type": "Polygon", "coordinates": [[[-118.54953770000002, 34.07342549999999], [-118.54956980000001, 34.07344669999999], [-118.5494874, 34.0735262], [-118.5494611, 34.0735069], [-118.5494488, 34.0735185], [-118.54947629999998, 34.0735386], [-118.5494466, 34.07356669999999], [-118.54933990000002, 34.073488399999995], [-118.5494406, 34.07339340000001], [-118.54943630000001, 34.0733902], [-118.5494623, 34.0733712], [-118.5494842, 34.0733874], [-118.549495, 34.07337619999999], [-118.54954840000002, 34.07341540000001], [-118.54953770000002, 34.07342549999999]]]}, "properties": {"id": "palisades-000273", "damage_class": 0, "damage_label": "no-damage", "confidence": 1.0, "area_m2": 230.09, "centroid": [-118.549457, 34.073464], "confidence_tier": "high", "sources": {"heuristic": 0, "cnn": 0, "margin": 1.0}, "footprint_source": "osm"}}, {"type": "Feature", "geometry": {"type": "Polygon", "coordinates": [[[-118.55184559999998, 34.0750952], [-118.55184, 34.0750986], [-118.55181220000001, 34.0750665], [-118.5518212, 34.07506099999999], [-118.5517905, 34.075025600000004], [-118.5518011, 34.0750192], [-118.5517949, 34.0750121], [-118.55194390000001, 34.074922599999994], [-118.55194720000001, 34.0749264], [-118.55196070000001, 34.0749183], [-118.55198379999999, 34.074944900000006], [-118.5519759, 34.07494969999999], [-118.55199829999998, 34.074975599999995], [-118.55199240000002, 34.0749792], [-118.55201710000001, 34.0750071], [-118.5518541, 34.075105], [-118.55184559999998, 34.0750952]]]}, "properties": {"id": "palisades-000274", "damage_class": 0, "damage_label": "no-damage", "confidence": 0.85, "area_m2": 221.48, "centroid": [-118.551902, 34.075012], "confidence_tier": "high", "sources": {"heuristic": 1, "cnn": 0, "margin": 1.0}, "footprint_source": "osm"}}, {"type": "Feature", "geometry": {"type": "Polygon", "coordinates": [[[-118.5476714, 34.0759711], [-118.54763430000001, 34.07593349999999], [-118.5477566, 34.0758313], [-118.54779840000002, 34.075865900000004], [-118.54780659999999, 34.075859], [-118.54788630000002, 34.075925100000006], [-118.54788030000002, 34.0759302], [-118.5478855, 34.0759344], [-118.5476807, 34.076113899999996], [-118.54761990000002, 34.07606349999999], [-118.5476881, 34.0760057], [-118.54765890000002, 34.07598149999999], [-118.5476714, 34.0759711]]]}, "properties": {"id": "palisades-000275", "damage_class": 0, "damage_label": "no-damage", "confidence": 1.0, "area_m2": 373.71, "centroid": [-118.547744, 34.075963], "confidence_tier": "high", "sources": {"heuristic": 0, "cnn": 0, "margin": 1.0}, "footprint_source": "osm"}}, {"type": "Feature", "geometry": {"type": "Polygon", "coordinates": [[[-118.55946559999998, 34.0725894], [-118.5594827, 34.072598400000004], [-118.55941840000001, 34.072683399999995], [-118.55939980000001, 34.0726737], [-118.5593723, 34.07271], [-118.55928159999999, 34.0726625], [-118.55929270000001, 34.07264790000001], [-118.5592556, 34.07262850000001], [-118.55935720000001, 34.07249999999999], [-118.55939769999999, 34.0725212], [-118.5593796, 34.072545100000006], [-118.55940489999999, 34.07255839999999], [-118.55943700000002, 34.0725159], [-118.55949729999999, 34.0725475], [-118.55946559999998, 34.0725894]]]}, "properties": {"id": "palisades-000276", "damage_class": 0, "damage_label": "no-damage", "confidence": 1.0, "area_m2": 285.89, "centroid": [-118.559377, 34.072605], "confidence_tier": "high", "sources": {"heuristic": 0, "cnn": 0, "margin": 1.0}, "footprint_source": "osm"}}, {"type": "Feature", "geometry": {"type": "Polygon", "coordinates": [[[-118.54902019999999, 34.073573999999994], [-118.5490258, 34.0735697], [-118.5490935, 34.0736304], [-118.549072, 34.073647], [-118.5490754, 34.07365], [-118.5490566, 34.0736646], [-118.54905980000001, 34.073667400000005], [-118.54893910000001, 34.0737554], [-118.5489057, 34.073725399999994], [-118.5489378, 34.0737007], [-118.5489193, 34.07368400000001], [-118.548879, 34.073715099999994], [-118.54882150000002, 34.07366390000001], [-118.5489822, 34.073539999999994], [-118.54902019999999, 34.073573999999994]]]}, "properties": {"id": "palisades-000277", "damage_class": 0, "damage_label": "no-damage", "confidence": 1.0, "area_m2": 288.32, "centroid": [-118.548962, 34.073646], "confidence_tier": "high", "sources": {"heuristic": 0, "cnn": 0, "margin": 1.0}, "footprint_source": "osm"}}, {"type": "Feature", "geometry": {"type": "Polygon", "coordinates": [[[-118.55158780000001, 34.0743783], [-118.5514127, 34.0744591], [-118.55138050000001, 34.0744195], [-118.55138760000001, 34.0744162], [-118.5513578, 34.0743717], [-118.5515347, 34.07428899999999], [-118.5515672, 34.074346999999996], [-118.5515799, 34.07434109999999], [-118.55159820000002, 34.07436870000001], [-118.5515853, 34.07437470000001], [-118.55158780000001, 34.0743783]]]}, "properties": {"id": "palisades-000278", "damage_class": 0, "damage_label": "no-damage", "confidence": 0.7, "area_m2": 211.29, "centroid": [-118.551475, 34.074375], "confidence_tier": "review", "sources": {"heuristic": 2, "cnn": 0, "margin": 1.0}, "footprint_source": "osm"}}, {"type": "Feature", "geometry": {"type": "Polygon", "coordinates": [[[-118.56849150000001, 34.0781892], [-118.5685026, 34.078189900000005], [-118.5685072, 34.078140000000005], [-118.56859070000002, 34.0781454], [-118.568593, 34.0781208], [-118.56869600000002, 34.0781275], [-118.5686895, 34.078197499999995], [-118.5687758, 34.078203099999996], [-118.5687686, 34.0782804], [-118.56856370000001, 34.0782673], [-118.56856439999999, 34.0782603], [-118.56851930000002, 34.0782574], [-118.5685222, 34.0782264], [-118.56850040000002, 34.078224999999996], [-118.5685012, 34.07821719999999], [-118.56848900000001, 34.07821640000001], [-118.56849150000001, 34.0781892]]]}, "properties": {"id": "palisades-000279", "damage_class": 0, "damage_label": "no-damage", "confidence": 1.0, "area_m2": 321.6, "centroid": [-118.568629, 34.078207], "confidence_tier": "high", "sources": {"heuristic": 0, "cnn": 0, "margin": 1.0}, "footprint_source": "osm"}}, {"type": "Feature", "geometry": {"type": "Polygon", "coordinates": [[[-118.54724439999998, 34.0785552], [-118.5472496, 34.07844440000001], [-118.54728120000001, 34.07844539999999], [-118.54728510000001, 34.0783626], [-118.54735960000001, 34.0783651], [-118.54735480000001, 34.0784505], [-118.5473609, 34.0784594], [-118.54741869999998, 34.0784609], [-118.5474155, 34.078528], [-118.54736100000001, 34.0785262], [-118.54737120000001, 34.0785395], [-118.5473642, 34.07854319999999], [-118.54747530000002, 34.0786876], [-118.5473833, 34.0787366], [-118.54724439999998, 34.0785552]]]}, "properties": {"id": "palisades-000280", "damage_class": 0, "damage_label": "no-damage", "confidence": 0.7, "area_m2": 437.73, "centroid": [-118.547343, 34.07855], "confidence_tier": "review", "sources": {"heuristic": 2, "cnn": 0, "margin": 1.0}, "footprint_source": "osm"}}, {"type": "Feature", "geometry": {"type": "Polygon", "coordinates": [[[-118.5499255, 34.0769994], [-118.5499372, 34.07698409999998], [-118.5499867, 34.07701000000001], [-118.549975, 34.07702539999998], [-118.5499992, 34.077018899999985], [-118.5500194, 34.07702990000001], [-118.5500236, 34.0770509], [-118.549914, 34.07719550000001], [-118.54990469999998, 34.07719070000001], [-118.5499011, 34.07719549999999], [-118.5498441, 34.077165599999994], [-118.54983890000001, 34.07717250000001], [-118.5497482, 34.07713059999999], [-118.54986980000001, 34.0769702], [-118.5499255, 34.0769994]]]}, "properties": {"id": "palisades-000281", "damage_class": 0, "damage_label": "no-damage", "confidence": 0.85, "area_m2": 357.1, "centroid": [-118.549891, 34.077084], "confidence_tier": "high", "sources": {"heuristic": 1, "cnn": 0, "margin": 1.0}, "footprint_source": "osm"}}, {"type": "Feature", "geometry": {"type": "Polygon", "coordinates": [[[-118.5515002, 34.07664530000001], [-118.55149599999999, 34.07665229999999], [-118.551453, 34.07663410000001], [-118.5514591, 34.07662400000001], [-118.55141220000002, 34.076604200000006], [-118.5514174, 34.07659569999999], [-118.5514088, 34.0765921], [-118.5514921, 34.0764558], [-118.55149660000001, 34.0764577], [-118.5515048, 34.07644439999999], [-118.55154000000002, 34.0764592], [-118.55153499999999, 34.07646729999999], [-118.5515703, 34.07648230000001], [-118.55156730000002, 34.0764871], [-118.5516046, 34.076503100000004], [-118.5515141, 34.07665119999999], [-118.5515002, 34.07664530000001]]]}, "properties": {"id": "palisades-000282", "damage_class": 0, "damage_label": "no-damage", "confidence": 1.0, "area_m2": 223.31, "centroid": [-118.551505, 34.076551], "confidence_tier": "high", "sources": {"heuristic": 0, "cnn": 0, "margin": 1.0}, "footprint_source": "osm"}}, {"type": "Feature", "geometry": {"type": "Polygon", "coordinates": [[[-118.56398449999999, 34.0754635], [-118.56398449999999, 34.0754858], [-118.5639025, 34.0754858], [-118.5639025, 34.07546359999999], [-118.5638423, 34.0754636], [-118.5638423, 34.075484100000004], [-118.56377860000002, 34.07548409999999], [-118.56377860000002, 34.075463400000004], [-118.56364129999999, 34.0754633], [-118.56364150000002, 34.075296699999996], [-118.5636515, 34.0752967], [-118.5636516, 34.07528569999999], [-118.56403850000001, 34.07528589999999], [-118.56403850000001, 34.075298000000004], [-118.56404450000001, 34.07529800000001], [-118.5640443, 34.07546350000001], [-118.56398449999999, 34.0754635]]]}, "properties": {"id": "palisades-000283", "damage_class": 0, "damage_label": "no-damage", "confidence": 1.0, "area_m2": 763.14, "centroid": [-118.563845, 34.075379], "confidence_tier": "high", "sources": {"heuristic": 0, "cnn": 0, "margin": 1.0}, "footprint_source": "osm"}}, {"type": "Feature", "geometry": {"type": "Polygon", "coordinates": [[[-118.54738350000001, 34.075176600000006], [-118.5473863, 34.0751802], [-118.54728480000001, 34.07523020000001], [-118.5472378, 34.0751617], [-118.5471574, 34.07520449999999], [-118.54711499999999, 34.0751493], [-118.54736430000001, 34.07501659999999], [-118.5473939, 34.07505520000001], [-118.54738, 34.0750626], [-118.5474086, 34.0750997], [-118.5474023, 34.075103], [-118.547437, 34.0751481], [-118.54738350000001, 34.075176600000006]]]}, "properties": {"id": "palisades-000284", "damage_class": 0, "damage_label": "no-damage", "confidence": 0.85, "area_m2": 343.81, "centroid": [-118.547293, 34.07513], "confidence_tier": "high", "sources": {"heuristic": 1, "cnn": 0, "margin": 1.0}, "footprint_source": "osm"}}, {"type": "Feature", "geometry": {"type": "Polygon", "coordinates": [[[-118.56001369999998, 34.07329769999999], [-118.5599825, 34.07327959999999], [-118.56001489999998, 34.07324109999999], [-118.5600427, 34.07325720000001], [-118.5600927, 34.0731977], [-118.56009760000002, 34.0732006], [-118.5601095, 34.07318649999998], [-118.56016630000002, 34.073219500000015], [-118.5601821, 34.0732006], [-118.5602407, 34.073234699999986], [-118.56020000000001, 34.07328319999999], [-118.5602082, 34.07328799999999], [-118.5601284, 34.073375199999994], [-118.56000760000002, 34.07330489999999], [-118.56001369999998, 34.07329769999999]]]}, "properties": {"id": "palisades-000285", "damage_class": 0, "damage_label": "no-damage", "confidence": 1.0, "area_m2": 257.25, "centroid": [-118.560116, 34.073276], "confidence_tier": "high", "sources": {"heuristic": 0, "cnn": 0, "margin": 1.0}, "footprint_source": "osm"}}, {"type": "Feature", "geometry": {"type": "Polygon", "coordinates": [[[-118.55966620000001, 34.0723057], [-118.5596105, 34.07227219999999], [-118.5596225, 34.0722584], [-118.55960560000001, 34.07224819999998], [-118.55963269999998, 34.072216999999995], [-118.55961949999998, 34.072209], [-118.5596559, 34.072167099999994], [-118.55966830000001, 34.072174600000004], [-118.5596895, 34.0721502], [-118.5597927, 34.07221830000001], [-118.55975600000001, 34.072260500000006], [-118.55985019999999, 34.0723172], [-118.55979860000001, 34.07237659999999], [-118.55967129999999, 34.0722999], [-118.55966620000001, 34.0723057]]]}, "properties": {"id": "palisades-000286", "damage_class": 0, "damage_label": "no-damage", "confidence": 0.85, "area_m2": 269.93, "centroid": [-118.55972, 34.072262], "confidence_tier": "high", "sources": {"heuristic": 1, "cnn": 0, "margin": 1.0}, "footprint_source": "osm"}}, {"type": "Feature", "geometry": {"type": "Polygon", "coordinates": [[[-118.559751, 34.070322399999995], [-118.55972029999998, 34.0703517], [-118.55972620000001, 34.07035599999999], [-118.5597132, 34.070368299999984], [-118.5597799, 34.070416900000005], [-118.55973070000002, 34.07046369999998], [-118.5596547, 34.0704085], [-118.559663, 34.0704006], [-118.5596376, 34.070382099999996], [-118.5596009, 34.070417], [-118.55951760000002, 34.0703564], [-118.55955940000001, 34.0703166], [-118.55953309999998, 34.07029740000001], [-118.5595743, 34.0702582], [-118.5595812, 34.0702633], [-118.5596196, 34.07022680000001], [-118.559751, 34.070322399999995]]]}, "properties": {"id": "palisades-000287", "damage_class": 0, "damage_label": "no-damage", "confidence": 1.0, "area_m2": 310.33, "centroid": [-118.559646, 34.070344], "confidence_tier": "high", "sources": {"heuristic": 0, "cnn": 0, "margin": 1.0}, "footprint_source": "osm"}}, {"type": "Feature", "geometry": {"type": "Polygon", "coordinates": [[[-118.57267890000001, 34.07924629999999], [-118.5725931, 34.0792858], [-118.5726133, 34.0793161], [-118.5725518, 34.0793444], [-118.5725447, 34.0793338], [-118.5724693, 34.07936850000001], [-118.57242179999999, 34.0792969], [-118.57242779999999, 34.07929419999999], [-118.57240049999999, 34.079252999999994], [-118.5726196, 34.079157], [-118.5726248, 34.079164899999995], [-118.57269930000001, 34.0791307], [-118.57274100000001, 34.07919369999999], [-118.5726666, 34.079227900000014], [-118.57267890000001, 34.07924629999999]]]}, "properties": {"id": "palisades-000288", "damage_class": 0, "damage_label": "no-damage", "confidence": 1.0, "area_m2": 374.5, "centroid": [-118.572562, 34.079249], "confidence_tier": "high", "sources": {"heuristic": 0, "cnn": 0, "margin": 1.0}, "footprint_source": "osm"}}, {"type": "Feature", "geometry": {"type": "Polygon", "coordinates": [[[-118.54834339999998, 34.0780187], [-118.54835080000001, 34.07801769999999], [-118.54837300000001, 34.0779993], [-118.5484492, 34.0780625], [-118.5484215, 34.078085599999994], [-118.5484266, 34.078089799999994], [-118.5482996, 34.07819589999999], [-118.5483047, 34.0782001], [-118.54824019999998, 34.0782539], [-118.54815870000002, 34.07818629999999], [-118.54820239999998, 34.07814979999999], [-118.54817770000001, 34.0781293], [-118.5482031, 34.078108099999994], [-118.5481766, 34.07808619999999], [-118.54830190000001, 34.07798429999999], [-118.54834339999998, 34.0780187]]]}, "properties": {"id": "palisades-000289", "damage_class": 0, "damage_label": "no-damage", "confidence": 1.0, "area_m2": 407.69, "centroid": [-118.548292, 34.078109], "confidence_tier": "high", "sources": {"heuristic": 0, "cnn": 0, "margin": 1.0}, "footprint_source": "osm"}}, {"type": "Feature", "geometry": {"type": "Polygon", "coordinates": [[[-118.5610078, 34.0744083], [-118.5609945, 34.07441149999999], [-118.5610148, 34.0744684], [-118.56106, 34.074457200000005], [-118.5610944, 34.07457430000001], [-118.5609957, 34.0745987], [-118.5609931, 34.074591500000004], [-118.56092789999998, 34.07460760000001], [-118.5608932, 34.0745105], [-118.5609012, 34.0744987], [-118.56086500000002, 34.07439519999999], [-118.56091370000001, 34.0743835], [-118.56092870000002, 34.07439029999999], [-118.56099539999998, 34.074373699999995], [-118.5610078, 34.0744083]]]}, "properties": {"id": "palisades-000290", "damage_class": 0, "damage_label": "no-damage", "confidence": 1.0, "area_m2": 335.21, "centroid": [-118.560974, 34.074496], "confidence_tier": "high", "sources": {"heuristic": 0, "cnn": 0, "margin": 1.0}, "footprint_source": "osm"}}, {"type": "Feature", "geometry": {"type": "Polygon", "coordinates": [[[-118.5517881, 34.0701577], [-118.5518507, 34.07014860000001], [-118.55184070000001, 34.0701017], [-118.55189920000001, 34.070093099999994], [-118.5518972, 34.07008359999998], [-118.5519297, 34.070078800000005], [-118.5519279, 34.0700704], [-118.55197779999999, 34.07006309999999], [-118.5519795, 34.070070900000005], [-118.55207059999998, 34.0700576], [-118.55208280000001, 34.0701148], [-118.55205459999999, 34.0701189], [-118.55206320000002, 34.0701593], [-118.5520331, 34.070163699999995], [-118.5520367, 34.0701809], [-118.55180040000002, 34.07021530000001], [-118.5517881, 34.0701577]]]}, "properties": {"id": "palisades-000291", "damage_class": 0, "damage_label": "no-damage", "confidence": 0.85, "area_m2": 294.12, "centroid": [-118.551943, 34.070137], "confidence_tier": "high", "sources": {"heuristic": 1, "cnn": 0, "margin": 1.0}, "footprint_source": "osm"}}, {"type": "Feature", "geometry": {"type": "Polygon", "coordinates": [[[-118.5501235, 34.0745378], [-118.55011130000001, 34.0745379], [-118.55011110000001, 34.074517499999985], [-118.5501214, 34.074517400000005], [-118.550121, 34.0744842], [-118.55024000000002, 34.074483199999996], [-118.55023979999999, 34.07447049999999], [-118.55028630000001, 34.074470099999985], [-118.5502864, 34.0744838], [-118.55032400000002, 34.0744835], [-118.5503242, 34.0745], [-118.55033789999999, 34.074499900000006], [-118.55033850000001, 34.0745461], [-118.55032430000001, 34.07454620000001], [-118.55032499999999, 34.0745624], [-118.5501238, 34.074564099999996], [-118.5501235, 34.0745378]]]}, "properties": {"id": "palisades-000292", "damage_class": 0, "damage_label": "no-damage", "confidence": 1.0, "area_m2": 179.82, "centroid": [-118.550227, 34.074522], "confidence_tier": "high", "sources": {"heuristic": 0, "cnn": 0, "margin": 1.0}, "footprint_source": "osm"}}, {"type": "Feature", "geometry": {"type": "Polygon", "coordinates": [[[-118.5550084, 34.076032700000006], [-118.555012, 34.0760276], [-118.5549882, 34.0760162], [-118.5550252, 34.075962600000004], [-118.55509650000002, 34.0759908], [-118.5551625, 34.075895], [-118.5553434, 34.075981399999996], [-118.55533840000001, 34.0759885], [-118.55534880000002, 34.0759935], [-118.55528709999999, 34.076083100000005], [-118.55534410000001, 34.07611030000001], [-118.5553044, 34.076167899999994], [-118.5552384, 34.07613629999999], [-118.55523519999998, 34.076141], [-118.5550084, 34.076032700000006]]]}, "properties": {"id": "palisades-000293", "damage_class": 0, "damage_label": "no-damage", "confidence": 1.0, "area_m2": 512.18, "centroid": [-118.555194, 34.076028], "confidence_tier": "high", "sources": {"heuristic": 0, "cnn": 0, "margin": 1.0}, "footprint_source": "osm"}}, {"type": "Feature", "geometry": {"type": "Polygon", "coordinates": [[[-118.56029000000001, 34.0784314], [-118.56029650000002, 34.0784248], [-118.5603696, 34.07848319999999], [-118.56027409999999, 34.0785802], [-118.5602823, 34.0785858], [-118.56026380000002, 34.0786045], [-118.5602003, 34.0785612], [-118.5602074, 34.07855399999999], [-118.5601708, 34.078529], [-118.5601981, 34.0785012], [-118.56018200000001, 34.07849019999999], [-118.5602388, 34.07843249999999], [-118.56026329999999, 34.0784131], [-118.56029000000001, 34.0784314]]]}, "properties": {"id": "palisades-000294", "damage_class": 0, "damage_label": "no-damage", "confidence": 1.0, "area_m2": 204.21, "centroid": [-118.560265, 34.078504], "confidence_tier": "high", "sources": {"heuristic": 0, "cnn": 0, "margin": 1.0}, "footprint_source": "osm"}}, {"type": "Feature", "geometry": {"type": "Polygon", "coordinates": [[[-118.55952829999998, 34.0730422], [-118.5595241, 34.0730406], [-118.55953600000001, 34.0730188], [-118.5596265, 34.07305329999999], [-118.55961520000001, 34.0730737], [-118.5596558, 34.0730892], [-118.55958169999998, 34.0732239], [-118.5595325, 34.07321149999999], [-118.55952700000002, 34.0732216], [-118.5594911, 34.07320789999999], [-118.5594958, 34.0731993], [-118.5594698, 34.073189400000004], [-118.55947359999999, 34.07318240000001], [-118.55945509999998, 34.073175299999996], [-118.55952829999998, 34.0730422]]]}, "properties": {"id": "palisades-000295", "damage_class": 0, "damage_label": "no-damage", "confidence": 1.0, "area_m2": 244.87, "centroid": [-118.559555, 34.073127], "confidence_tier": "high", "sources": {"heuristic": 0, "cnn": 0, "margin": 1.0}, "footprint_source": "osm"}}, {"type": "Feature", "geometry": {"type": "Polygon", "coordinates": [[[-118.5601054, 34.07803639999999], [-118.5600355, 34.0779553], [-118.560042, 34.077951500000005], [-118.56001870000001, 34.0779244], [-118.5601175, 34.077866], [-118.56013730000001, 34.077888999999985], [-118.56014629999999, 34.077883699999994], [-118.560237, 34.0779892], [-118.56023260000002, 34.0779918], [-118.56023770000002, 34.0779977], [-118.560217, 34.07801], [-118.56021250000002, 34.0780048], [-118.56017960000001, 34.07802430000001], [-118.5602277, 34.0780802], [-118.5601638, 34.078118], [-118.56009760000002, 34.0780411], [-118.5601054, 34.07803639999999]]]}, "properties": {"id": "palisades-000296", "damage_class": 0, "damage_label": "no-damage", "confidence": 1.0, "area_m2": 281.41, "centroid": [-118.560135, 34.077983], "confidence_tier": "high", "sources": {"heuristic": 0, "cnn": 0, "margin": 1.0}, "footprint_source": "osm"}}, {"type": "Feature", "geometry": {"type": "Polygon", "coordinates": [[[-118.54904749999999, 34.07461829999999], [-118.5490577, 34.07461120000001], [-118.5491278, 34.07468719999999], [-118.5490842, 34.07471749999999], [-118.5491091, 34.0747422], [-118.5490198, 34.0748043], [-118.54898479999999, 34.0747695], [-118.5489652, 34.07478319999999], [-118.54894130000001, 34.07475939999999], [-118.54892809999998, 34.0747686], [-118.54890460000001, 34.07474529999999], [-118.54889479999999, 34.0747521], [-118.5488424, 34.0747008], [-118.5490119, 34.07458280000001], [-118.54904749999999, 34.07461829999999]]]}, "properties": {"id": "palisades-000297", "damage_class": 3, "damage_label": "destroyed", "confidence": 0.7, "area_m2": 348.04, "centroid": [-118.548995, 34.074697], "confidence_tier": "review", "sources": {"heuristic": 0, "cnn": 3, "margin": 1.0}, "footprint_source": "osm"}}, {"type": "Feature", "geometry": {"type": "Polygon", "coordinates": [[[-118.56318999999999, 34.0731512], [-118.5631848, 34.07315320000001], [-118.5631965, 34.073174], [-118.56320199999999, 34.07317179999999], [-118.5632444, 34.073247499999994], [-118.563197, 34.07326590000001], [-118.56321729999999, 34.0733021], [-118.563132, 34.07333520000001], [-118.5630705, 34.0732178], [-118.5630998, 34.0732065], [-118.563092, 34.07319249999998], [-118.56311020000001, 34.07318539999999], [-118.56307459999998, 34.07312190000001], [-118.5631559, 34.0730904], [-118.56318999999999, 34.0731512]]]}, "properties": {"id": "palisades-000298", "damage_class": 0, "damage_label": "no-damage", "confidence": 1.0, "area_m2": 247.12, "centroid": [-118.563151, 34.073215], "confidence_tier": "high", "sources": {"heuristic": 0, "cnn": 0, "margin": 1.0}, "footprint_source": "osm"}}, {"type": "Feature", "geometry": {"type": "Polygon", "coordinates": [[[-118.55642359999999, 34.074730200000005], [-118.5564168, 34.07481909999999], [-118.5563187, 34.074813899999995], [-118.5563181, 34.07482530000001], [-118.5563251, 34.07483229999999], [-118.55632330000002, 34.0748589], [-118.55631530000001, 34.07486219999999], [-118.55631379999998, 34.0748793], [-118.55618560000002, 34.0748712], [-118.5561894, 34.074829], [-118.55620040000001, 34.07482960000001], [-118.556203, 34.0748017], [-118.55619340000001, 34.074801199999996], [-118.5561966, 34.074765299999996], [-118.55620600000002, 34.074765799999994], [-118.5562103, 34.0747191], [-118.55642359999999, 34.074730200000005]]]}, "properties": {"id": "palisades-000299", "damage_class": 0, "damage_label": "no-damage", "confidence": 0.85, "area_m2": 283.87, "centroid": [-118.556295, 34.074792], "confidence_tier": "high", "sources": {"heuristic": 1, "cnn": 0, "margin": 1.0}, "footprint_source": "osm"}}, {"type": "Feature", "geometry": {"type": "Polygon", "coordinates": [[[-118.5542755, 34.07087090000002], [-118.554245, 34.07087179999999], [-118.55424210000001, 34.07080499999999], [-118.5544672, 34.07079410000001], [-118.55446740000001, 34.0707994], [-118.55448270000001, 34.07079890000001], [-118.55448459999998, 34.07084139999999], [-118.5544702, 34.07084189999999], [-118.55446809999998, 34.0708554], [-118.554457, 34.07086199999999], [-118.55446100000002, 34.070954], [-118.55427950000002, 34.0709594], [-118.5542755, 34.07087090000002]]]}, "properties": {"id": "palisades-000300", "damage_class": 0, "damage_label": "no-damage", "confidence": 0.7, "area_m2": 331.77, "centroid": [-118.554365, 34.070873], "confidence_tier": "review", "sources": {"heuristic": 2, "cnn": 0, "margin": 1.0}, "footprint_source": "osm"}}, {"type": "Feature", "geometry": {"type": "Polygon", "coordinates": [[[-118.5590351, 34.07229329999999], [-118.55904969999999, 34.07230390000001], [-118.55908629999999, 34.072269], [-118.55914240000001, 34.0723098], [-118.55910540000002, 34.07234509999999], [-118.5591267, 34.0723606], [-118.559142, 34.072346], [-118.559177, 34.0723714], [-118.5590871, 34.0724631], [-118.55907250000001, 34.0724524], [-118.5590355, 34.07248760000001], [-118.5589406, 34.0724187], [-118.55897550000002, 34.072385399999995], [-118.5589546, 34.072370199999995], [-118.5590351, 34.07229329999999]]]}, "properties": {"id": "palisades-000301", "damage_class": 0, "damage_label": "no-damage", "confidence": 0.85, "area_m2": 281.43, "centroid": [-118.559056, 34.072381], "confidence_tier": "high", "sources": {"heuristic": 1, "cnn": 0, "margin": 1.0}, "footprint_source": "osm"}}, {"type": "Feature", "geometry": {"type": "Polygon", "coordinates": [[[-118.5493052, 34.0761721], [-118.5492414, 34.0761501], [-118.54924759999999, 34.0761378], [-118.54922629999999, 34.07613039999999], [-118.54922149999999, 34.0761392], [-118.5492343, 34.076149099999995], [-118.5492069, 34.07620409999999], [-118.54910209999998, 34.0761672], [-118.54922629999999, 34.07592749999999], [-118.5493203, 34.07595989999999], [-118.5492999, 34.076000900000004], [-118.5493149, 34.0760061], [-118.54931749999999, 34.0760007], [-118.5493798, 34.0760222], [-118.5493052, 34.0761721]]]}, "properties": {"id": "palisades-000302", "damage_class": 0, "damage_label": "no-damage", "confidence": 1.0, "area_m2": 421.1, "centroid": [-118.549242, 34.076072], "confidence_tier": "high", "sources": {"heuristic": 0, "cnn": 0, "margin": 1.0}, "footprint_source": "osm"}}, {"type": "Feature", "geometry": {"type": "Polygon", "coordinates": [[[-118.56259350000002, 34.07199130000001], [-118.5625755, 34.07200139999999], [-118.5625885, 34.072017599999995], [-118.56259990000001, 34.0720259], [-118.56261960000002, 34.072014900000006], [-118.562666, 34.07207280000001], [-118.5626106, 34.07210359999999], [-118.56264069999999, 34.0721411], [-118.56257220000002, 34.072179199999994], [-118.5625124, 34.07210479999999], [-118.56251910000002, 34.072101100000005], [-118.5624429, 34.0720155], [-118.5625604, 34.071950099999995], [-118.56259350000002, 34.07199130000001]]]}, "properties": {"id": "palisades-000303", "damage_class": 0, "damage_label": "no-damage", "confidence": 0.85, "area_m2": 250.87, "centroid": [-118.562559, 34.072061], "confidence_tier": "high", "sources": {"heuristic": 1, "cnn": 0, "margin": 1.0}, "footprint_source": "osm"}}, {"type": "Feature", "geometry": {"type": "Polygon", "coordinates": [[[-118.5510815, 34.0749105], [-118.5510647, 34.074886600000006], [-118.55102619999998, 34.07490510000001], [-118.55096949999998, 34.0748241], [-118.5511344, 34.07474419999999], [-118.55113869999998, 34.0747503], [-118.5511489, 34.07474539999999], [-118.5511604, 34.0747618], [-118.5511664, 34.074758900000006], [-118.5511703, 34.07476439999999], [-118.5511878, 34.0747559], [-118.5512152, 34.074795], [-118.55119770000002, 34.07480350000001], [-118.55120520000001, 34.07481419999999], [-118.5511901, 34.0748215], [-118.5512091, 34.074848599999996], [-118.5510815, 34.0749105]]]}, "properties": {"id": "palisades-000304", "damage_class": 0, "damage_label": "no-damage", "confidence": 0.7, "area_m2": 249.21, "centroid": [-118.5511, 34.074828], "confidence_tier": "review", "sources": {"heuristic": 2, "cnn": 0, "margin": 1.0}, "footprint_source": "osm"}}, {"type": "Feature", "geometry": {"type": "Polygon", "coordinates": [[[-118.5587414, 34.0720918], [-118.55877540000002, 34.072058700000014], [-118.5588315, 34.07209849999999], [-118.55879310000002, 34.072136], [-118.55881419999999, 34.07215089999998], [-118.5588271, 34.0721382], [-118.5588623, 34.0721632], [-118.55877750000002, 34.072252299999995], [-118.5587453, 34.0722295], [-118.5587114, 34.0722626], [-118.5586436, 34.072214599999995], [-118.55867679999999, 34.0721821], [-118.5586487, 34.07216230000001], [-118.55872950000001, 34.0720833], [-118.5587414, 34.0720918]]]}, "properties": {"id": "palisades-000305", "damage_class": 0, "damage_label": "no-damage", "confidence": 0.85, "area_m2": 253.0, "centroid": [-118.558749, 34.072166], "confidence_tier": "high", "sources": {"heuristic": 1, "cnn": 0, "margin": 1.0}, "footprint_source": "osm"}}, {"type": "Feature", "geometry": {"type": "Polygon", "coordinates": [[[-118.5615415, 34.072501200000005], [-118.561337, 34.072584199999994], [-118.56130560000001, 34.07253059999999], [-118.5612907, 34.07252149999999], [-118.56127109999998, 34.0724785], [-118.5613288, 34.072455100000006], [-118.5613085, 34.07242039999999], [-118.56138980000001, 34.0723874], [-118.56144140000002, 34.0724755], [-118.56143940000001, 34.07246640000001], [-118.56150539999999, 34.0724396], [-118.5615415, 34.072501200000005]]]}, "properties": {"id": "palisades-000306", "damage_class": 0, "damage_label": "no-damage", "confidence": 1.0, "area_m2": 277.03, "centroid": [-118.561393, 34.072489], "confidence_tier": "high", "sources": {"heuristic": 0, "cnn": 0, "margin": 1.0}, "footprint_source": "osm"}}, {"type": "Feature", "geometry": {"type": "Polygon", "coordinates": [[[-118.5591896, 34.07242279999999], [-118.5592209, 34.0723888], [-118.5592818, 34.07242759999999], [-118.55924800000001, 34.07246429999999], [-118.55926930000001, 34.0724774], [-118.55928100000001, 34.0724643], [-118.5593169, 34.072486399999995], [-118.55930439999999, 34.072500399999996], [-118.5593091, 34.07250330000001], [-118.5592446, 34.072575699999994], [-118.5592367, 34.072570899999995], [-118.55920479999999, 34.0726066], [-118.55911630000001, 34.072552], [-118.55914870000001, 34.072515599999996], [-118.55910460000001, 34.07248839999999], [-118.55917410000002, 34.07241299999999], [-118.5591896, 34.07242279999999]]]}, "properties": {"id": "palisades-000307", "damage_class": 0, "damage_label": "no-damage", "confidence": 1.0, "area_m2": 257.29, "centroid": [-118.559208, 34.072498], "confidence_tier": "high", "sources": {"heuristic": 0, "cnn": 0, "margin": 1.0}, "footprint_source": "osm"}}, {"type": "Feature", "geometry": {"type": "Polygon", "coordinates": [[[-118.5689975, 34.0782266], [-118.56899340000001, 34.078271699999995], [-118.56901700000002, 34.07827319999999], [-118.569008, 34.078372400000006], [-118.56886190000002, 34.0783633], [-118.56886410000001, 34.078338599999995], [-118.5688423, 34.0783372], [-118.56885240000001, 34.0782248], [-118.56884369999999, 34.078224199999994], [-118.5688501, 34.0781536], [-118.5689129, 34.078157600000004], [-118.56891050000002, 34.0781849], [-118.56894120000001, 34.07818679999999], [-118.56894600000001, 34.078134], [-118.5690286, 34.078139199999995], [-118.5690206, 34.07822809999999], [-118.5689975, 34.0782266]]]}, "properties": {"id": "palisades-000308", "damage_class": 0, "damage_label": "no-damage", "confidence": 0.7, "area_m2": 361.73, "centroid": [-118.568934, 34.078256], "confidence_tier": "review", "sources": {"heuristic": 2, "cnn": 0, "margin": 1.0}, "footprint_source": "osm"}}, {"type": "Feature", "geometry": {"type": "Polygon", "coordinates": [[[-118.5481721, 34.07364609999999], [-118.5482787, 34.073738], [-118.5482465, 34.0737699], [-118.54825059999999, 34.07377350000001], [-118.54823379999999, 34.0737864], [-118.5482301, 34.07378310000001], [-118.5481307, 34.0738597], [-118.54809810000002, 34.07383039999999], [-118.54812820000001, 34.07380719999999], [-118.54810890000002, 34.0737898], [-118.54806859999998, 34.0738208], [-118.5480113, 34.07376989999999], [-118.5481721, 34.07364609999999]]]}, "properties": {"id": "palisades-000309", "damage_class": 0, "damage_label": "no-damage", "confidence": 0.7, "area_m2": 281.81, "centroid": [-118.54815, 34.073752], "confidence_tier": "review", "sources": {"heuristic": 2, "cnn": 0, "margin": 1.0}, "footprint_source": "osm"}}, {"type": "Feature", "geometry": {"type": "Polygon", "coordinates": [[[-118.5606763, 34.07455010000001], [-118.560672, 34.0745122], [-118.560738, 34.07450699999999], [-118.5607401, 34.074525799999996], [-118.5607978, 34.074521299999994], [-118.56080579999998, 34.074592], [-118.56082259999998, 34.0745907], [-118.5608287, 34.0746453], [-118.56069920000002, 34.07465539999999], [-118.56070049999998, 34.0746673], [-118.56066850000002, 34.0746698], [-118.5606691, 34.0746748], [-118.56059690000001, 34.07467609999999], [-118.5605836, 34.074557299999995], [-118.5606763, 34.07455010000001]]]}, "properties": {"id": "palisades-000310", "damage_class": 0, "damage_label": "no-damage", "confidence": 1.0, "area_m2": 298.93, "centroid": [-118.560703, 34.074597], "confidence_tier": "high", "sources": {"heuristic": 0, "cnn": 0, "margin": 1.0}, "footprint_source": "osm"}}, {"type": "Feature", "geometry": {"type": "Polygon", "coordinates": [[[-118.56226529999999, 34.0725952], [-118.56228030000001, 34.07258709999999], [-118.5622766, 34.0725823], [-118.5623225, 34.0725577], [-118.56232620000002, 34.0725625], [-118.5623468, 34.07255539999999], [-118.5623834, 34.072602599999996], [-118.56236259999999, 34.0726137], [-118.56237210000002, 34.0726261], [-118.562418, 34.0726014], [-118.5624668, 34.07266429999999], [-118.5624794, 34.0726575], [-118.5625092, 34.07269600000001], [-118.562392, 34.072758799999995], [-118.56226529999999, 34.0725952]]]}, "properties": {"id": "palisades-000311", "damage_class": 0, "damage_label": "no-damage", "confidence": 1.0, "area_m2": 231.22, "centroid": [-118.562383, 34.072657], "confidence_tier": "high", "sources": {"heuristic": 0, "cnn": 0, "margin": 1.0}, "footprint_source": "osm"}}, {"type": "Feature", "geometry": {"type": "Polygon", "coordinates": [[[-118.54875859999999, 34.074639100000006], [-118.5487688, 34.074632199999996], [-118.5487476, 34.0746105], [-118.5487724, 34.074593699999994], [-118.54875280000002, 34.074573599999994], [-118.5487704, 34.0745618], [-118.5487617, 34.074552800000006], [-118.5488707, 34.0744792], [-118.5488958, 34.074473299999994], [-118.54894819999998, 34.0745271], [-118.5489384, 34.0745338], [-118.5489804, 34.074577], [-118.5488102, 34.074692000000006], [-118.54875859999999, 34.074639100000006]]]}, "properties": {"id": "palisades-000312", "damage_class": 0, "damage_label": "no-damage", "confidence": 0.85, "area_m2": 284.96, "centroid": [-118.548855, 34.074579], "confidence_tier": "high", "sources": {"heuristic": 1, "cnn": 0, "margin": 1.0}, "footprint_source": "osm"}}, {"type": "Feature", "geometry": {"type": "Polygon", "coordinates": [[[-118.5487491, 34.0738904], [-118.5487535, 34.07389429999999], [-118.54876390000001, 34.0738861], [-118.54884850000002, 34.0739604], [-118.548837, 34.073969399999996], [-118.5488591, 34.07398870000001], [-118.54876819999998, 34.07406519999999], [-118.5487642, 34.07406170000001], [-118.5487463, 34.07407580000001], [-118.5487326, 34.0740638], [-118.5487262, 34.07406889999999], [-118.54866009999999, 34.074010799999996], [-118.54866760000002, 34.07400500000001], [-118.5486374, 34.073978499999996], [-118.5487491, 34.0738904]]]}, "properties": {"id": "palisades-000313", "damage_class": 0, "damage_label": "no-damage", "confidence": 1.0, "area_m2": 235.08, "centroid": [-118.548751, 34.073982], "confidence_tier": "high", "sources": {"heuristic": 0, "cnn": 0, "margin": 1.0}, "footprint_source": "osm"}}, {"type": "Feature", "geometry": {"type": "Polygon", "coordinates": [[[-118.5590384, 34.0694398], [-118.55910820000001, 34.06941819999999], [-118.5591368, 34.06948219999999], [-118.5590579, 34.0695066], [-118.55904750000002, 34.069483399999996], [-118.55901970000001, 34.0694921], [-118.5590297, 34.06952139999999], [-118.5590529, 34.06951419999999], [-118.55907630000002, 34.06956640000001], [-118.5589364, 34.0696097], [-118.5589037, 34.069536600000006], [-118.5588821, 34.06954319999999], [-118.55886310000001, 34.0695008], [-118.5590411, 34.069445699999996], [-118.5590384, 34.0694398]]]}, "properties": {"id": "palisades-000314", "damage_class": 0, "damage_label": "no-damage", "confidence": 0.85, "area_m2": 253.22, "centroid": [-118.558999, 34.069514], "confidence_tier": "high", "sources": {"heuristic": 1, "cnn": 0, "margin": 1.0}, "footprint_source": "osm"}}, {"type": "Feature", "geometry": {"type": "Polygon", "coordinates": [[[-118.55964190000002, 34.077232699999996], [-118.55963599999998, 34.07722629999999], [-118.55965300000001, 34.0772154], [-118.5596581, 34.077221], [-118.5596661, 34.0772159], [-118.5597634, 34.07732190000001], [-118.5597234, 34.077347399999994], [-118.55972950000002, 34.0773541], [-118.55969410000002, 34.0773766], [-118.5597132, 34.07739749999999], [-118.55965600000002, 34.077433799999994], [-118.55960320000001, 34.07737629999999], [-118.55957920000002, 34.0773916], [-118.559555, 34.0773653], [-118.55957920000002, 34.077349899999994], [-118.5595344, 34.07730109999999], [-118.55964190000002, 34.077232699999996]]]}, "properties": {"id": "palisades-000315", "damage_class": 0, "damage_label": "no-damage", "confidence": 1.0, "area_m2": 267.49, "centroid": [-118.559649, 34.077323], "confidence_tier": "high", "sources": {"heuristic": 0, "cnn": 0, "margin": 1.0}, "footprint_source": "osm"}}, {"type": "Feature", "geometry": {"type": "Polygon", "coordinates": [[[-118.55058219999998, 34.0755333], [-118.5505754, 34.07553699999999], [-118.55054900000002, 34.075503499999996], [-118.55055960000001, 34.07549769999999], [-118.5505304, 34.07546059999999], [-118.55054060000002, 34.075455], [-118.5505352, 34.0754481], [-118.55068760000002, 34.0753652], [-118.5506908, 34.075369200000004], [-118.55070479999999, 34.0753616], [-118.55072670000001, 34.0753894], [-118.55071830000001, 34.075393999999996], [-118.5507391, 34.0754205], [-118.55073380000002, 34.0754233], [-118.55075720000002, 34.0754528], [-118.55059040000002, 34.07554369999999], [-118.55058219999998, 34.0755333]]]}, "properties": {"id": "palisades-000316", "damage_class": 0, "damage_label": "no-damage", "confidence": 0.7, "area_m2": 221.79, "centroid": [-118.550642, 34.075453], "confidence_tier": "review", "sources": {"heuristic": 2, "cnn": 0, "margin": 1.0}, "footprint_source": "osm"}}, {"type": "Feature", "geometry": {"type": "Polygon", "coordinates": [[[-118.5583855, 34.071289500000006], [-118.55839869999998, 34.0712973], [-118.5584185, 34.0712744], [-118.5585248, 34.071338], [-118.55848680000001, 34.0713819], [-118.5585863, 34.0714415], [-118.55853520000001, 34.071500699999994], [-118.5584006, 34.0714201], [-118.5583951, 34.0714264], [-118.558364, 34.0714078], [-118.5583461, 34.0714285], [-118.5583033, 34.0714029], [-118.5583619, 34.0713429], [-118.5583471, 34.07133399999999], [-118.5583855, 34.071289500000006]]]}, "properties": {"id": "palisades-000317", "damage_class": 0, "damage_label": "no-damage", "confidence": 1.0, "area_m2": 291.3, "centroid": [-118.558446, 34.071386], "confidence_tier": "high", "sources": {"heuristic": 0, "cnn": 0, "margin": 1.0}, "footprint_source": "osm"}}, {"type": "Feature", "geometry": {"type": "Polygon", "coordinates": [[[-118.55981710000002, 34.0694511], [-118.559883, 34.0694918], [-118.55990350000002, 34.0694719], [-118.55994850000002, 34.069503999999995], [-118.5599278, 34.069524099999995], [-118.5599398, 34.069532699999996], [-118.55989550000001, 34.06957580000001], [-118.559908, 34.069584799999994], [-118.55984770000002, 34.069642900000005], [-118.5598353, 34.0696341], [-118.55983039999998, 34.06963880000001], [-118.5597855, 34.069606699999994], [-118.55973880000002, 34.069652100000006], [-118.55966449999998, 34.0695991], [-118.55981710000002, 34.0694511]]]}, "properties": {"id": "palisades-000318", "damage_class": 0, "damage_label": "no-damage", "confidence": 1.0, "area_m2": 312.13, "centroid": [-118.559813, 34.069556], "confidence_tier": "high", "sources": {"heuristic": 0, "cnn": 0, "margin": 1.0}, "footprint_source": "osm"}}, {"type": "Feature", "geometry": {"type": "Polygon", "coordinates": [[[-118.5604858, 34.0771715], [-118.560462, 34.07718639999999], [-118.56041050000002, 34.07712909999999], [-118.5604183, 34.077124299999994], [-118.5603922, 34.0770953], [-118.5604191, 34.077078500000006], [-118.560408, 34.07706619999999], [-118.5604845, 34.0770187], [-118.5604882, 34.077022799999995], [-118.5605181, 34.0770042], [-118.56054440000001, 34.0770335], [-118.56057490000002, 34.0770146], [-118.5606231, 34.07706829999999], [-118.56059479999999, 34.07708589999999], [-118.5606015, 34.07709340000001], [-118.56048229999999, 34.0771676], [-118.5604858, 34.0771715]]]}, "properties": {"id": "palisades-000319", "damage_class": 0, "damage_label": "no-damage", "confidence": 1.0, "area_m2": 228.4, "centroid": [-118.560501, 34.077088], "confidence_tier": "high", "sources": {"heuristic": 0, "cnn": 0, "margin": 1.0}, "footprint_source": "osm"}}, {"type": "Feature", "geometry": {"type": "Polygon", "coordinates": [[[-118.5482903, 34.073604499999995], [-118.5482771, 34.07359220000001], [-118.5482943, 34.0735794], [-118.54829020000001, 34.073575600000005], [-118.54830520000002, 34.073564499999996], [-118.54830870000002, 34.073567800000006], [-118.54839060000002, 34.0735071], [-118.5484103, 34.0735255], [-118.54842310000001, 34.073516100000006], [-118.5485064, 34.07359410000001], [-118.5483849, 34.073692099999995], [-118.54835560000001, 34.07366469999999], [-118.5483474, 34.07367070000001], [-118.54828270000002, 34.0736101], [-118.5482903, 34.073604499999995]]]}, "properties": {"id": "palisades-000320", "damage_class": 0, "damage_label": "no-damage", "confidence": 0.7, "area_m2": 236.65, "centroid": [-118.548389, 34.073597], "confidence_tier": "review", "sources": {"heuristic": 2, "cnn": 0, "margin": 1.0}, "footprint_source": "osm"}}, {"type": "Feature", "geometry": {"type": "Polygon", "coordinates": [[[-118.54815880000001, 34.0750925], [-118.54820130000002, 34.0751358], [-118.54796950000001, 34.07529370000001], [-118.54792389999999, 34.07524730000001], [-118.54793319999999, 34.075241], [-118.54791099999998, 34.07521849999999], [-118.54791909999999, 34.07521289999999], [-118.54789779999999, 34.0751913], [-118.5479305, 34.075169], [-118.54795239999999, 34.0751913], [-118.5479709, 34.075178699999995], [-118.54797970000001, 34.0751876], [-118.5480071, 34.075169], [-118.5479747, 34.075136099999995], [-118.5480975, 34.075051299999984], [-118.5481463, 34.075101000000004], [-118.54815880000001, 34.0750925]]]}, "properties": {"id": "palisades-000321", "damage_class": 0, "damage_label": "no-damage", "confidence": 0.7, "area_m2": 321.45, "centroid": [-118.548047, 34.07517], "confidence_tier": "review", "sources": {"heuristic": 2, "cnn": 0, "margin": 1.0}, "footprint_source": "osm"}}, {"type": "Feature", "geometry": {"type": "Polygon", "coordinates": [[[-118.55222080000001, 34.07143130000001], [-118.5522296, 34.071465399999994], [-118.55222310000002, 34.0714748], [-118.5522282, 34.0714934], [-118.55221950000002, 34.0715077], [-118.55222470000001, 34.07153519999999], [-118.551948, 34.0715838], [-118.5519312, 34.0715176], [-118.5520509, 34.07149659999999], [-118.55203710000002, 34.071442000000005], [-118.5520238, 34.0714444], [-118.5520047, 34.071435099999995], [-118.55199730000001, 34.071405199999994], [-118.55200810000001, 34.0713893], [-118.55224459999998, 34.07134750000001], [-118.55226430000002, 34.0714235], [-118.55222080000001, 34.07143130000001]]]}, "properties": {"id": "palisades-000322", "damage_class": 0, "damage_label": "no-damage", "confidence": 0.85, "area_m2": 461.75, "centroid": [-118.552111, 34.071466], "confidence_tier": "high", "sources": {"heuristic": 1, "cnn": 0, "margin": 1.0}, "footprint_source": "osm"}}, {"type": "Feature", "geometry": {"type": "Polygon", "coordinates": [[[-118.54794330000001, 34.073684799999995], [-118.5479178, 34.073662000000006], [-118.54793010000002, 34.073652499999994], [-118.54790970000002, 34.073634299999995], [-118.5479391, 34.0736115], [-118.5479303, 34.0736037], [-118.548049, 34.0735172], [-118.5481201, 34.07357420000001], [-118.5481106, 34.07358150000001], [-118.5481493, 34.073616099999995], [-118.54798840000001, 34.0737415], [-118.54793349999998, 34.073692399999985], [-118.54794330000001, 34.073684799999995]]]}, "properties": {"id": "palisades-000323", "damage_class": 0, "damage_label": "no-damage", "confidence": 0.85, "area_m2": 289.81, "centroid": [-118.548023, 34.073627], "confidence_tier": "high", "sources": {"heuristic": 1, "cnn": 0, "margin": 1.0}, "footprint_source": "osm"}}, {"type": "Feature", "geometry": {"type": "Polygon", "coordinates": [[[-118.5611776, 34.070525399999994], [-118.5611431, 34.07049980000001], [-118.56109380000001, 34.07054589999999], [-118.56104960000002, 34.07051319999999], [-118.56109709999998, 34.0704687], [-118.56108269999999, 34.0704581], [-118.5611998, 34.0703486], [-118.5612457, 34.070382599999995], [-118.5612519, 34.07037669999999], [-118.56129710000002, 34.07041019999999], [-118.561291, 34.0704159], [-118.5613323, 34.0704465], [-118.5613057, 34.07045659999999], [-118.56128430000001, 34.070478900000005], [-118.56127140000001, 34.0704703], [-118.5612331, 34.07047349999999], [-118.5611776, 34.070525399999994]]]}, "properties": {"id": "palisades-000324", "damage_class": 0, "damage_label": "no-damage", "confidence": 1.0, "area_m2": 253.01, "centroid": [-118.561186, 34.070448], "confidence_tier": "high", "sources": {"heuristic": 0, "cnn": 0, "margin": 1.0}, "footprint_source": "osm"}}, {"type": "Feature", "geometry": {"type": "Polygon", "coordinates": [[[-118.56156240000001, 34.0791655], [-118.5615541, 34.0791625], [-118.56155060000002, 34.0791692], [-118.5615299, 34.0791618], [-118.56153380000002, 34.0791543], [-118.56152820000001, 34.079152300000004], [-118.56150680000002, 34.07919340000001], [-118.56141600000001, 34.079160699999996], [-118.56149750000002, 34.07900409999999], [-118.5614826, 34.078998799999994], [-118.5615002, 34.078965], [-118.56155750000002, 34.07898569999998], [-118.56155279999999, 34.07899459999999], [-118.5615935, 34.07900929999999], [-118.5615818, 34.0790319], [-118.561624, 34.079047100000004], [-118.56156240000001, 34.0791655]]]}, "properties": {"id": "palisades-000325", "damage_class": 0, "damage_label": "no-damage", "confidence": 0.7, "area_m2": 260.16, "centroid": [-118.561521, 34.079086], "confidence_tier": "review", "sources": {"heuristic": 2, "cnn": 0, "margin": 1.0}, "footprint_source": "osm"}}, {"type": "Feature", "geometry": {"type": "Polygon", "coordinates": [[[-118.5512753, 34.07424159999999], [-118.5512168, 34.074158999999995], [-118.55135040000002, 34.07409689999999], [-118.5513475, 34.07409239999999], [-118.55140230000002, 34.0740766], [-118.5514505, 34.07416340000001], [-118.5512753, 34.07424159999999]]]}, "properties": {"id": "palisades-000326", "damage_class": 0, "damage_label": "no-damage", "confidence": 0.7, "area_m2": 205.49, "centroid": [-118.551336, 34.074159], "confidence_tier": "review", "sources": {"heuristic": 2, "cnn": 0, "margin": 1.0}, "footprint_source": "osm"}}, {"type": "Feature", "geometry": {"type": "Polygon", "coordinates": [[[-118.55394230000002, 34.0694776], [-118.5539595, 34.0695199], [-118.55376980000001, 34.069573500000004], [-118.5537493, 34.06952329999999], [-118.5537589, 34.06952059999999], [-118.553743, 34.0694818], [-118.5537334, 34.0694845], [-118.5536959, 34.0693927], [-118.5537193, 34.069386099999996], [-118.55372189999999, 34.069392699999995], [-118.553847, 34.0693574], [-118.55386649999998, 34.069405200000006], [-118.5538786, 34.069401799999994], [-118.55391950000002, 34.069484], [-118.55394230000002, 34.0694776]]]}, "properties": {"id": "palisades-000327", "damage_class": 0, "damage_label": "no-damage", "confidence": 0.85, "area_m2": 326.74, "centroid": [-118.55382, 34.069466], "confidence_tier": "high", "sources": {"heuristic": 1, "cnn": 0, "margin": 1.0}, "footprint_source": "osm"}}, {"type": "Feature", "geometry": {"type": "Polygon", "coordinates": [[[-118.5494601, 34.0743467], [-118.54947229999999, 34.07434059999999], [-118.54945360000002, 34.07431470000001], [-118.54946810000001, 34.07430750000001], [-118.54945219999999, 34.0742856], [-118.54948700000001, 34.0742682], [-118.54948109999998, 34.074260100000004], [-118.5496003, 34.074200399999995], [-118.54960280000002, 34.07420389999999], [-118.54961840000001, 34.074196099999995], [-118.5496749, 34.074266200000004], [-118.5496616, 34.0742728], [-118.54968839999998, 34.0743098], [-118.54950110000001, 34.0744035], [-118.5494601, 34.0743467]]]}, "properties": {"id": "palisades-000328", "damage_class": 0, "damage_label": "no-damage", "confidence": 0.7, "area_m2": 285.48, "centroid": [-118.549564, 34.074298], "confidence_tier": "review", "sources": {"heuristic": 2, "cnn": 0, "margin": 1.0}, "footprint_source": "osm"}}, {"type": "Feature", "geometry": {"type": "Polygon", "coordinates": [[[-118.572291, 34.07895680000001], [-118.5722461, 34.07896639999999], [-118.5722425, 34.0789549], [-118.57220759999998, 34.07896229999999], [-118.57220879999998, 34.07898610000001], [-118.57211069999998, 34.0790071], [-118.5720791, 34.07890449999999], [-118.57207050000001, 34.0789063], [-118.572051, 34.07884279999999], [-118.5721609, 34.07881939999999], [-118.572167, 34.078839299999984], [-118.5722785, 34.078815600000006], [-118.57231649999999, 34.078939], [-118.57228740000001, 34.0789452], [-118.572291, 34.07895680000001]]]}, "properties": {"id": "palisades-000329", "damage_class": 0, "damage_label": "no-damage", "confidence": 1.0, "area_m2": 345.24, "centroid": [-118.572183, 34.078903], "confidence_tier": "high", "sources": {"heuristic": 0, "cnn": 0, "margin": 1.0}, "footprint_source": "osm"}}, {"type": "Feature", "geometry": {"type": "Polygon", "coordinates": [[[-118.5490512, 34.074175], [-118.54906189999998, 34.0741667], [-118.54911070000001, 34.07421010000001], [-118.5490979, 34.074220100000005], [-118.5491184, 34.0742383], [-118.54904059999998, 34.074298899999995], [-118.54904440000001, 34.0743023], [-118.5490281, 34.074315], [-118.54902379999999, 34.0743112], [-118.5490065, 34.0743247], [-118.5489933, 34.07431289999999], [-118.54898630000001, 34.0743184], [-118.54892000000001, 34.0742594], [-118.54892809999998, 34.074253199999994], [-118.54889750000001, 34.0742272], [-118.5490107, 34.074139], [-118.5490512, 34.074175]]]}, "properties": {"id": "palisades-000330", "damage_class": 0, "damage_label": "no-damage", "confidence": 1.0, "area_m2": 229.54, "centroid": [-118.54901, 34.074233], "confidence_tier": "high", "sources": {"heuristic": 0, "cnn": 0, "margin": 1.0}, "footprint_source": "osm"}}, {"type": "Feature", "geometry": {"type": "Polygon", "coordinates": [[[-118.54872590000001, 34.078345999999996], [-118.5487451, 34.0783453], [-118.54878259999998, 34.07842680000001], [-118.54860160000001, 34.078484399999994], [-118.54860499999998, 34.0784919], [-118.54852080000002, 34.078518700000004], [-118.5484824, 34.0784352], [-118.54854090000002, 34.078416600000004], [-118.54854, 34.07840229999999], [-118.5485583, 34.07839169999999], [-118.54853989999998, 34.078351500000004], [-118.54870429999998, 34.0782992], [-118.54872590000001, 34.078345999999996]]]}, "properties": {"id": "palisades-000331", "damage_class": 2, "damage_label": "major-damage", "confidence": 0.7, "area_m2": 359.61, "centroid": [-118.548631, 34.078408], "confidence_tier": "review", "sources": {"heuristic": 0, "cnn": 2, "margin": 1.0}, "footprint_source": "osm"}}, {"type": "Feature", "geometry": {"type": "Polygon", "coordinates": [[[-118.5515177, 34.0746281], [-118.5514956, 34.0745941], [-118.5515018, 34.0745913], [-118.55149380000002, 34.07457899999999], [-118.5516696, 34.0745001], [-118.55168920000001, 34.07453039999999], [-118.5516957, 34.074527499999995], [-118.5517158, 34.0745586], [-118.551723, 34.074555399999994], [-118.55174050000001, 34.0745824], [-118.55172850000001, 34.0745879], [-118.5517311, 34.0745919], [-118.551569, 34.07466469999999], [-118.5515651, 34.07465880000001], [-118.5515535, 34.07466389999999], [-118.5515274, 34.07462369999999], [-118.5515177, 34.0746281]]]}, "properties": {"id": "palisades-000332", "damage_class": 0, "damage_label": "no-damage", "confidence": 0.85, "area_m2": 222.14, "centroid": [-118.551615, 34.074584], "confidence_tier": "high", "sources": {"heuristic": 1, "cnn": 0, "margin": 1.0}, "footprint_source": "osm"}}, {"type": "Feature", "geometry": {"type": "Polygon", "coordinates": [[[-118.54757589999998, 34.071721100000005], [-118.5475804, 34.071716099999996], [-118.5475685, 34.07170880000001], [-118.5476491, 34.0716197], [-118.5477194, 34.071663300000004], [-118.54774920000001, 34.07163030000001], [-118.5478763, 34.0717092], [-118.5478493, 34.071739099999995], [-118.5479638, 34.071810199999994], [-118.547876, 34.0719073], [-118.54757589999998, 34.071721100000005]]]}, "properties": {"id": "palisades-000333", "damage_class": 0, "damage_label": "no-damage", "confidence": 0.85, "area_m2": 540.49, "centroid": [-118.547769, 34.071754], "confidence_tier": "high", "sources": {"heuristic": 1, "cnn": 0, "margin": 1.0}, "footprint_source": "osm"}}, {"type": "Feature", "geometry": {"type": "Polygon", "coordinates": [[[-118.56039109999999, 34.0738055], [-118.5604438, 34.0737549], [-118.5604537, 34.073762], [-118.5604707, 34.0737455], [-118.56050050000002, 34.0737669], [-118.5605148, 34.0737532], [-118.56060590000001, 34.0738244], [-118.56061769999998, 34.073813099999995], [-118.5606598, 34.073843399999994], [-118.56060700000002, 34.0738941], [-118.56061280000002, 34.07389830000001], [-118.5605865, 34.07392359999999], [-118.5605802, 34.0739191], [-118.56056669999998, 34.07393199999999], [-118.56039109999999, 34.0738055]]]}, "properties": {"id": "palisades-000334", "damage_class": 0, "damage_label": "no-damage", "confidence": 0.85, "area_m2": 247.16, "centroid": [-118.560526, 34.073834], "confidence_tier": "high", "sources": {"heuristic": 1, "cnn": 0, "margin": 1.0}, "footprint_source": "osm"}}, {"type": "Feature", "geometry": {"type": "Polygon", "coordinates": [[[-118.54882060000001, 34.07420379999999], [-118.5488142, 34.0742088], [-118.54874800000002, 34.07414959999999], [-118.5487548, 34.0741443], [-118.5487425, 34.07413319999999], [-118.5487616, 34.0741184], [-118.5487578, 34.074115], [-118.54877170000002, 34.07410430000001], [-118.54877570000001, 34.074107799999986], [-118.54885480000002, 34.0740466], [-118.5488748, 34.0740645], [-118.5488884, 34.07405399999999], [-118.54897790000001, 34.074134], [-118.5488508, 34.07423079999999], [-118.54882060000001, 34.07420379999999]]]}, "properties": {"id": "palisades-000335", "damage_class": 0, "damage_label": "no-damage", "confidence": 1.0, "area_m2": 237.84, "centroid": [-118.548857, 34.074136], "confidence_tier": "high", "sources": {"heuristic": 0, "cnn": 0, "margin": 1.0}, "footprint_source": "osm"}}, {"type": "Feature", "geometry": {"type": "Polygon", "coordinates": [[[-118.55156490000002, 34.0755522], [-118.5517025, 34.075440199999996], [-118.55170699999998, 34.075444000000005], [-118.5517139, 34.07543839999999], [-118.5517323, 34.0754541], [-118.551738, 34.075449500000005], [-118.55178369999999, 34.0754806], [-118.55177889999999, 34.0754845], [-118.55178960000002, 34.0754937], [-118.55177830000001, 34.0755029], [-118.55180530000001, 34.075525899999995], [-118.55169969999999, 34.0756119], [-118.5516777, 34.0755932], [-118.5516447, 34.07562], [-118.55156490000002, 34.0755522]]]}, "properties": {"id": "palisades-000336", "damage_class": 3, "damage_label": "destroyed", "confidence": 0.7, "area_m2": 241.35, "centroid": [-118.55169, 34.075531], "confidence_tier": "review", "sources": {"heuristic": 0, "cnn": 3, "margin": 1.0}, "footprint_source": "osm"}}, {"type": "Feature", "geometry": {"type": "Polygon", "coordinates": [[[-118.5602097, 34.07233], [-118.5601272, 34.072303], [-118.5601469, 34.07226140000001], [-118.5601323, 34.072256599999996], [-118.5601278, 34.0722662], [-118.56006, 34.07224399999999], [-118.5600894, 34.0721816], [-118.5603057, 34.0722524], [-118.56025750000002, 34.0723636], [-118.56020230000001, 34.07234549999999], [-118.5602097, 34.07233]]]}, "properties": {"id": "palisades-000337", "damage_class": 0, "damage_label": "no-damage", "confidence": 0.7, "area_m2": 221.24, "centroid": [-118.560191, 34.072267], "confidence_tier": "review", "sources": {"heuristic": 2, "cnn": 0, "margin": 1.0}, "footprint_source": "osm"}}, {"type": "Feature", "geometry": {"type": "Polygon", "coordinates": [[[-118.5514427, 34.0717884], [-118.55144289999998, 34.0717815], [-118.55139669999998, 34.07178019999999], [-118.55139990000002, 34.07170320000001], [-118.55143680000002, 34.07170429999999], [-118.5514411, 34.0716003], [-118.55148309999998, 34.07160149999999], [-118.55148340000001, 34.0715942], [-118.5515132, 34.071595099999996], [-118.5515135, 34.07158749999999], [-118.55160510000002, 34.0715901], [-118.55159940000001, 34.0717273], [-118.5516458, 34.07172860000001], [-118.5516462, 34.0717174], [-118.5517694, 34.0717209], [-118.55176620000002, 34.07179759999999], [-118.5514427, 34.0717884]]]}, "properties": {"id": "palisades-000338", "damage_class": 0, "damage_label": "no-damage", "confidence": 1.0, "area_m2": 487.0, "centroid": [-118.551558, 34.071712], "confidence_tier": "high", "sources": {"heuristic": 0, "cnn": 0, "margin": 1.0}, "footprint_source": "osm"}}, {"type": "Feature", "geometry": {"type": "Polygon", "coordinates": [[[-118.5716941, 34.0795443], [-118.5716079, 34.0795224], [-118.5716148, 34.0795037], [-118.5715642, 34.0794909], [-118.5715569, 34.079510799999994], [-118.5715146, 34.0795001], [-118.57152199999999, 34.07948], [-118.57145419999999, 34.0794628], [-118.57150159999999, 34.0793334], [-118.5716257, 34.07936499999999], [-118.57162280000001, 34.0793731], [-118.57174610000001, 34.07940440000001], [-118.5717279, 34.0794538], [-118.5718701, 34.0794899], [-118.57184060000002, 34.0795701], [-118.5716979, 34.079533899999994], [-118.5716941, 34.0795443]]]}, "properties": {"id": "palisades-000339", "damage_class": 2, "damage_label": "major-damage", "confidence": 0.7, "area_m2": 502.22, "centroid": [-118.571647, 34.079456], "confidence_tier": "review", "sources": {"heuristic": 0, "cnn": 2, "margin": 1.0}, "footprint_source": "osm"}}, {"type": "Feature", "geometry": {"type": "Polygon", "coordinates": [[[-118.56140510000002, 34.074423100000004], [-118.5613996, 34.0744315], [-118.56144740000002, 34.0744575], [-118.5613924, 34.07454110000001], [-118.56134850000001, 34.074521100000005], [-118.5613274, 34.0745533], [-118.56122009999999, 34.0745045], [-118.5612291, 34.07449069999999], [-118.5611797, 34.07446819999999], [-118.5612154, 34.0744138], [-118.561264, 34.07443589999999], [-118.5612741, 34.0744205], [-118.5612515, 34.074410199999996], [-118.56128030000002, 34.0743663], [-118.56140510000002, 34.074423100000004]]]}, "properties": {"id": "palisades-000340", "damage_class": 0, "damage_label": "no-damage", "confidence": 1.0, "area_m2": 280.38, "centroid": [-118.561316, 34.074464], "confidence_tier": "high", "sources": {"heuristic": 0, "cnn": 0, "margin": 1.0}, "footprint_source": "osm"}}, {"type": "Feature", "geometry": {"type": "Polygon", "coordinates": [[[-118.56215710000001, 34.071865599999995], [-118.5621868, 34.071878100000006], [-118.5621827, 34.0718848], [-118.5622979, 34.0719332], [-118.56224460000001, 34.0720211], [-118.5622394, 34.07201899999999], [-118.56222990000002, 34.07203449999999], [-118.56217960000001, 34.0720133], [-118.56218990000002, 34.0719964], [-118.56204900000002, 34.07193149999999], [-118.5620675, 34.07190109999999], [-118.56205650000001, 34.0718965], [-118.5620992, 34.07182639999999], [-118.5621625, 34.07185669999999], [-118.56215710000001, 34.071865599999995]]]}, "properties": {"id": "palisades-000341", "damage_class": 0, "damage_label": "no-damage", "confidence": 1.0, "area_m2": 252.57, "centroid": [-118.56217, 34.071931], "confidence_tier": "high", "sources": {"heuristic": 0, "cnn": 0, "margin": 1.0}, "footprint_source": "osm"}}, {"type": "Feature", "geometry": {"type": "Polygon", "coordinates": [[[-118.55952469999998, 34.07102330000001], [-118.5595194, 34.0710283], [-118.55945389999998, 34.07097949999999], [-118.55950470000002, 34.070932199999994], [-118.55949190000001, 34.0709226], [-118.5595183, 34.0708981], [-118.559556, 34.070926199999995], [-118.5595868, 34.070897599999995], [-118.559671, 34.0709604], [-118.5596868, 34.070945699999996], [-118.55972050000001, 34.0709708], [-118.55970520000001, 34.0709851], [-118.5597867, 34.0710458], [-118.5597297, 34.0710988], [-118.55965140000002, 34.071040499999995], [-118.55960530000002, 34.071083400000006], [-118.55952469999998, 34.07102330000001]]]}, "properties": {"id": "palisades-000342", "damage_class": 0, "damage_label": "no-damage", "confidence": 1.0, "area_m2": 341.47, "centroid": [-118.559615, 34.070997], "confidence_tier": "high", "sources": {"heuristic": 0, "cnn": 0, "margin": 1.0}, "footprint_source": "osm"}}, {"type": "Feature", "geometry": {"type": "Polygon", "coordinates": [[[-118.55098700000002, 34.0744905], [-118.55099, 34.0744949], [-118.5510038, 34.0744885], [-118.5510437, 34.0745475], [-118.5510518, 34.07454370000001], [-118.55106990000002, 34.07457049999999], [-118.5510235, 34.074595699999996], [-118.55103080000002, 34.0746065], [-118.55091950000002, 34.07466049999999], [-118.5509051, 34.07463919999999], [-118.5508579, 34.0746619], [-118.5508009, 34.07457749999999], [-118.55098700000002, 34.0744905]]]}, "properties": {"id": "palisades-000343", "damage_class": 0, "damage_label": "no-damage", "confidence": 0.85, "area_m2": 263.38, "centroid": [-118.550937, 34.074579], "confidence_tier": "high", "sources": {"heuristic": 1, "cnn": 0, "margin": 1.0}, "footprint_source": "osm"}}, {"type": "Feature", "geometry": {"type": "Polygon", "coordinates": [[[-118.54721730000001, 34.0748872], [-118.5472223, 34.0748935], [-118.54723650000001, 34.0748858], [-118.5472595, 34.07491499999999], [-118.54724570000002, 34.074922599999994], [-118.547249, 34.074926699999985], [-118.54728990000001, 34.0749044], [-118.54732770000001, 34.0749524], [-118.54729830000001, 34.074968399999996], [-118.54732590000002, 34.075003599999995], [-118.54708359999998, 34.0751357], [-118.54704389999999, 34.07508539999999], [-118.5470495, 34.07508229999999], [-118.54702859999999, 34.0750558], [-118.54707530000002, 34.0750303], [-118.54708110000001, 34.07501150000001], [-118.5470534, 34.07497660000001], [-118.54721730000001, 34.0748872]]]}, "properties": {"id": "palisades-000344", "damage_class": 0, "damage_label": "no-damage", "confidence": 0.85, "area_m2": 409.63, "centroid": [-118.547177, 34.075003], "confidence_tier": "high", "sources": {"heuristic": 1, "cnn": 0, "margin": 1.0}, "footprint_source": "osm"}}, {"type": "Feature", "geometry": {"type": "Polygon", "coordinates": [[[-118.559014, 34.06874259999999], [-118.5589971, 34.0687174], [-118.5589811, 34.0687249], [-118.5589931, 34.06874280000001], [-118.55892450000002, 34.06877459999999], [-118.5588837, 34.0687137], [-118.5589316, 34.068691400000006], [-118.5589095, 34.0686584], [-118.5589465, 34.068641199999995], [-118.5589416, 34.0686339], [-118.5589794, 34.068616799999994], [-118.5589923, 34.06860459999999], [-118.55902090000001, 34.06859829999999], [-118.5590815, 34.06856890000001], [-118.55915430000002, 34.0686775], [-118.559014, 34.06874259999999]]]}, "properties": {"id": "palisades-000345", "damage_class": 0, "damage_label": "no-damage", "confidence": 1.0, "area_m2": 286.85, "centroid": [-118.559018, 34.068672], "confidence_tier": "high", "sources": {"heuristic": 0, "cnn": 0, "margin": 1.0}, "footprint_source": "osm"}}, {"type": "Feature", "geometry": {"type": "Polygon", "coordinates": [[[-118.55249930000001, 34.07461909999999], [-118.55251220000001, 34.0746403], [-118.5526194, 34.07459469999999], [-118.5526512, 34.0746465], [-118.55267440000001, 34.07464569999999], [-118.5526875, 34.07466519999999], [-118.5526807, 34.074679800000006], [-118.55268829999999, 34.07468089999999], [-118.55269999999999, 34.07469799999999], [-118.5527037, 34.074716499999994], [-118.5525288, 34.0747908], [-118.5525079, 34.0747568], [-118.5524637, 34.07477500000001], [-118.5523952, 34.07466339999999], [-118.55249930000001, 34.07461909999999]]]}, "properties": {"id": "palisades-000346", "damage_class": 0, "damage_label": "no-damage", "confidence": 0.85, "area_m2": 362.86, "centroid": [-118.552552, 34.074693], "confidence_tier": "high", "sources": {"heuristic": 1, "cnn": 0, "margin": 1.0}, "footprint_source": "osm"}}, {"type": "Feature", "geometry": {"type": "Polygon", "coordinates": [[[-118.55142870000002, 34.0718751], [-118.5514439, 34.07183739999999], [-118.5515607, 34.0718702], [-118.5515632, 34.07184789999999], [-118.5517134, 34.07185299999999], [-118.551716, 34.07190409999999], [-118.5517109, 34.0719039], [-118.5517099, 34.07192450000001], [-118.5515727, 34.07192830000001], [-118.55156290000001, 34.071948799999994], [-118.55153610000002, 34.07195790000001], [-118.55151600000002, 34.07201009999999], [-118.55135850000002, 34.0719617], [-118.5513972, 34.071866199999995], [-118.55142870000002, 34.0718751]]]}, "properties": {"id": "palisades-000347", "damage_class": 0, "damage_label": "no-damage", "confidence": 1.0, "area_m2": 356.11, "centroid": [-118.551525, 34.071911], "confidence_tier": "high", "sources": {"heuristic": 0, "cnn": 0, "margin": 1.0}, "footprint_source": "osm"}}, {"type": "Feature", "geometry": {"type": "Polygon", "coordinates": [[[-118.5523845, 34.0746345], [-118.5523389, 34.0745462], [-118.5523883, 34.07452849999999], [-118.5524002, 34.07450080000001], [-118.552379, 34.07446130000001], [-118.5525481, 34.0744021], [-118.55257870000001, 34.074453500000004], [-118.5525732, 34.074458], [-118.5525948, 34.07445], [-118.55262319999999, 34.0745032], [-118.55261620000002, 34.07450570000001], [-118.55263670000001, 34.074543999999996], [-118.5523845, 34.0746345]]]}, "properties": {"id": "palisades-000348", "damage_class": 0, "damage_label": "no-damage", "confidence": 0.7, "area_m2": 399.47, "centroid": [-118.552486, 34.074519], "confidence_tier": "review", "sources": {"heuristic": 2, "cnn": 0, "margin": 1.0}, "footprint_source": "osm"}}, {"type": "Feature", "geometry": {"type": "Polygon", "coordinates": [[[-118.551512, 34.068283699999995], [-118.5515147, 34.0682993], [-118.55152680000002, 34.068297900000005], [-118.5515393, 34.06837099999999], [-118.55151550000001, 34.0683739], [-118.55151670000001, 34.0683808], [-118.5512859, 34.0684081], [-118.5512707, 34.06831919999999], [-118.55129010000002, 34.068316900000006], [-118.55127970000001, 34.0682563], [-118.5514541, 34.0682357], [-118.5514518, 34.068222399999996], [-118.5516283, 34.0682016], [-118.5516398, 34.0682686], [-118.551512, 34.068283699999995]]]}, "properties": {"id": "palisades-000349", "damage_class": 0, "damage_label": "no-damage", "confidence": 0.85, "area_m2": 470.9, "centroid": [-118.551434, 34.068304], "confidence_tier": "high", "sources": {"heuristic": 1, "cnn": 0, "margin": 1.0}, "footprint_source": "osm"}}, {"type": "Feature", "geometry": {"type": "Polygon", "coordinates": [[[-118.55015699999998, 34.0741142], [-118.55017520000001, 34.07411280000001], [-118.5501832, 34.074136300000006], [-118.55017220000002, 34.0741389], [-118.55018210000001, 34.07416779999999], [-118.5501576, 34.0741736], [-118.5501514, 34.07418409999999], [-118.55015840000002, 34.074204300000005], [-118.55005, 34.07422999999999], [-118.5500405, 34.074202199999995], [-118.5499742, 34.0742179], [-118.5499518, 34.07413189999999], [-118.5501471, 34.0740854], [-118.55015699999998, 34.0741142]]]}, "properties": {"id": "palisades-000350", "damage_class": 0, "damage_label": "no-damage", "confidence": 1.0, "area_m2": 225.89, "centroid": [-118.550071, 34.074159], "confidence_tier": "high", "sources": {"heuristic": 0, "cnn": 0, "margin": 1.0}, "footprint_source": "osm"}}, {"type": "Feature", "geometry": {"type": "Polygon", "coordinates": [[[-118.5612925, 34.0710536], [-118.56130760000002, 34.0711096], [-118.56143690000002, 34.0710854], [-118.56146390000002, 34.071185500000006], [-118.5614269, 34.0711924], [-118.56141659999999, 34.0711544], [-118.5612933, 34.07117740000001], [-118.5612884, 34.0711593], [-118.56123200000002, 34.0711698], [-118.5612104, 34.0711965], [-118.56118, 34.071177199999994], [-118.56114840000001, 34.0711825], [-118.5611563, 34.07121499999999], [-118.56111510000001, 34.07122179999999], [-118.5610948, 34.0711374], [-118.561123, 34.0711327], [-118.561112, 34.071087299999995], [-118.5612925, 34.0710536]]]}, "properties": {"id": "palisades-000351", "damage_class": 0, "damage_label": "no-damage", "confidence": 1.0, "area_m2": 336.98, "centroid": [-118.561261, 34.071132], "confidence_tier": "high", "sources": {"heuristic": 0, "cnn": 0, "margin": 1.0}, "footprint_source": "osm"}}, {"type": "Feature", "geometry": {"type": "Polygon", "coordinates": [[[-118.547783, 34.07613829999998], [-118.547777, 34.076122], [-118.547786, 34.07611129999999], [-118.5477471, 34.0760793], [-118.54789110000002, 34.0759631], [-118.5480087, 34.0760572], [-118.54799139999999, 34.07607219999999], [-118.5479954, 34.0760754], [-118.5478168, 34.07623350000001], [-118.54774080000001, 34.07617270000001], [-118.547783, 34.07613829999998]]]}, "properties": {"id": "palisades-000352", "damage_class": 0, "damage_label": "no-damage", "confidence": 1.0, "area_m2": 375.23, "centroid": [-118.547865, 34.076094], "confidence_tier": "high", "sources": {"heuristic": 0, "cnn": 0, "margin": 1.0}, "footprint_source": "osm"}}, {"type": "Feature", "geometry": {"type": "Polygon", "coordinates": [[[-118.5654124, 34.077971899999994], [-118.5654301, 34.077990299999996], [-118.5654701, 34.07796379999999], [-118.56546209999999, 34.077955399999986], [-118.56548250000002, 34.0779419], [-118.56547680000001, 34.07793589999999], [-118.565519, 34.07790800000001], [-118.56554940000001, 34.0779399], [-118.56557019999998, 34.0779261], [-118.56557840000002, 34.07793470000001], [-118.5655765, 34.0779224], [-118.565564, 34.0779094], [-118.5655943, 34.0778893], [-118.5656492, 34.07794679999999], [-118.56570879999998, 34.077914199999995], [-118.56579039999998, 34.0779942], [-118.56578490000001, 34.07799779999999], [-118.56579900000001, 34.07801249999999], [-118.56580320000002, 34.0780097], [-118.56581769999998, 34.0780248], [-118.5658139, 34.0780273], [-118.5658214, 34.0780352], [-118.565803, 34.078047399999996], [-118.565813, 34.0780579], [-118.5658468, 34.078029900000004], [-118.5658504, 34.07803369999999], [-118.5658776, 34.07801580000001], [-118.56592350000001, 34.07806380000001], [-118.5659348, 34.07805629999999], [-118.5659566, 34.0780791], [-118.5659738, 34.0780677], [-118.56599920000001, 34.0780943], [-118.5659669, 34.0781157], [-118.5659783, 34.0781276], [-118.565991, 34.07811920000001], [-118.5659987, 34.0781272], [-118.5660126, 34.078118], [-118.56603300000002, 34.07813919999999], [-118.56601899999998, 34.0781484], [-118.5660255, 34.078155300000006], [-118.5659934, 34.07817649999999], [-118.56603429999998, 34.07821189999999], [-118.5660265, 34.07821699999999], [-118.566034, 34.078224899999995], [-118.56604180000001, 34.07821979999999], [-118.566065, 34.078244100000006], [-118.5660589, 34.07824810000001], [-118.56611469999999, 34.07830659999999], [-118.5660614, 34.0783482], [-118.5661014, 34.07838999999999], [-118.5660416, 34.07842960000001], [-118.5660704, 34.078459800000005], [-118.56602880000001, 34.07848739999999], [-118.5660227, 34.07848099999999], [-118.5660042, 34.078493300000005], [-118.5659975, 34.07848620000001], [-118.56599070000001, 34.07849070000001], [-118.5660079, 34.07850869999999], [-118.56599200000001, 34.0785193], [-118.56597399999998, 34.07850049999998], [-118.5659556, 34.07851269999999], [-118.56597239999999, 34.0785303], [-118.5659426, 34.07855], [-118.5658765, 34.07848079999999], [-118.56584490000002, 34.0785018], [-118.56585300000002, 34.0785104], [-118.5658254, 34.0785286], [-118.56580380000001, 34.078506], [-118.5657983, 34.0785096], [-118.5657841, 34.078494799999994], [-118.5657914, 34.078489999999995], [-118.5657287, 34.0784303], [-118.5657323, 34.0784279], [-118.5657145, 34.0784093], [-118.56577300000001, 34.07836669999999], [-118.56578439999998, 34.0783786], [-118.5657914, 34.078374000000004], [-118.5658078, 34.0783911], [-118.56579990000002, 34.0783963], [-118.56581580000001, 34.07841299999999], [-118.56583979999999, 34.0783971], [-118.5658431, 34.0784006], [-118.56594180000002, 34.0783327], [-118.5659227, 34.0783126], [-118.5659818, 34.07827480000001], [-118.56593040000001, 34.0782209], [-118.56588159999998, 34.07825319999999], [-118.56587700000001, 34.07824850000001], [-118.5658646, 34.0782567], [-118.5658175, 34.0782073], [-118.5658276, 34.0782007], [-118.56578550000002, 34.078156699999994], [-118.565778, 34.07816160000001], [-118.5657292, 34.07811050000001], [-118.5657852, 34.0780734], [-118.56577869999998, 34.0780666], [-118.56576000000001, 34.0780789], [-118.56571479999998, 34.0780316], [-118.56565350000001, 34.07806399999998], [-118.5656351, 34.07804470000001], [-118.5655117, 34.0781264], [-118.5655505, 34.0781596], [-118.56554430000001, 34.078163700000005], [-118.56555720000001, 34.07817730000001], [-118.56561210000001, 34.078140999999995], [-118.56565890000002, 34.07818999999999], [-118.56566960000002, 34.078182899999995], [-118.5657143, 34.07822970000001], [-118.5657364, 34.0782151], [-118.5657872, 34.0782684], [-118.5656404, 34.0783616], [-118.56562839999998, 34.078349], [-118.56561189999998, 34.0783598], [-118.5655931, 34.07834], [-118.5656102, 34.0783287], [-118.56559509999998, 34.0783128], [-118.5655565, 34.078338200000005], [-118.5655498, 34.07833110000001], [-118.56553020000001, 34.078344], [-118.5655046, 34.07831709999999], [-118.56554279999999, 34.0782877], [-118.56553319999999, 34.07827749999999], [-118.565494, 34.0783003], [-118.56547020000001, 34.07827520000001], [-118.56548490000002, 34.0782656], [-118.5654605, 34.07823989999999], [-118.5655268, 34.0781963], [-118.5655213, 34.0781905], [-118.56548960000002, 34.0782113], [-118.5654752, 34.07819609999999], [-118.56546900000001, 34.0782001], [-118.5654526, 34.0781828], [-118.5654592, 34.0781784], [-118.5654085, 34.07812499999999], [-118.56540330000001, 34.0781284], [-118.5653899, 34.078114400000004], [-118.56539490000002, 34.0781111], [-118.56538049999999, 34.0780959], [-118.56543890000002, 34.0780528], [-118.56541640000002, 34.078036499999996], [-118.56542130000001, 34.0780333], [-118.56538190000002, 34.077992099999996], [-118.5654124, 34.077971899999994]]]}, "properties": {"id": "palisades-000353", "damage_class": 0, "damage_label": "no-damage", "confidence": 0.7, "area_m2": 2091.85, "centroid": [-118.565754, 34.078203], "confidence_tier": "review", "sources": {"heuristic": 2, "cnn": 0, "margin": 1.0}, "footprint_source": "osm"}}, {"type": "Feature", "geometry": {"type": "Polygon", "coordinates": [[[-118.55195670000002, 34.069169999999986], [-118.5519623, 34.0691449], [-118.55199810000002, 34.0691505], [-118.5520083, 34.069105], [-118.5521563, 34.06913109999999], [-118.5521361, 34.0692203], [-118.55214430000001, 34.06922159999999], [-118.5521292, 34.0692758], [-118.5519903, 34.069257099999994], [-118.5519881, 34.06926789999999], [-118.55189770000001, 34.06925220000001], [-118.55191749999999, 34.06916390000001], [-118.55195670000002, 34.069169999999986]]]}, "properties": {"id": "palisades-000354", "damage_class": 0, "damage_label": "no-damage", "confidence": 0.7, "area_m2": 323.64, "centroid": [-118.552036, 34.069197], "confidence_tier": "review", "sources": {"heuristic": 2, "cnn": 0, "margin": 1.0}, "footprint_source": "osm"}}, {"type": "Feature", "geometry": {"type": "Polygon", "coordinates": [[[-118.5465242, 34.07422079999999], [-118.5465476, 34.0742081], [-118.5465404, 34.074198900000006], [-118.54661780000002, 34.0741569], [-118.5466372, 34.074181700000004], [-118.54664390000002, 34.0741781], [-118.5467188, 34.0742738], [-118.54671180000001, 34.074277599999995], [-118.54671660000001, 34.074283699999995], [-118.5465618, 34.074367699999996], [-118.5465103, 34.074302], [-118.5464269, 34.0743472], [-118.5464182, 34.074335999999995], [-118.5464122, 34.0743392], [-118.546381, 34.0742994], [-118.54638719999998, 34.074296], [-118.5463792, 34.0742858], [-118.5465166, 34.07421120000001], [-118.5465242, 34.07422079999999]]]}, "properties": {"id": "palisades-000355", "damage_class": 0, "damage_label": "no-damage", "confidence": 0.85, "area_m2": 370.91, "centroid": [-118.546561, 34.074269], "confidence_tier": "high", "sources": {"heuristic": 1, "cnn": 0, "margin": 1.0}, "footprint_source": "osm"}}, {"type": "Feature", "geometry": {"type": "Polygon", "coordinates": [[[-118.55135430000001, 34.074338999999995], [-118.5513415, 34.0743449], [-118.5513241, 34.07431869999999], [-118.5513144, 34.07431], [-118.55130940000001, 34.0743124], [-118.55128450000001, 34.07427499999999], [-118.55129040000001, 34.0742723], [-118.551284, 34.074262699999984], [-118.551459, 34.0741821], [-118.5514804, 34.0742143], [-118.5514863, 34.07421159999999], [-118.5515051, 34.0742399], [-118.5515138, 34.074235900000005], [-118.5515321, 34.074263499999994], [-118.5515181, 34.0742699], [-118.5515206, 34.0742735], [-118.55136000000002, 34.0743475], [-118.55135430000001, 34.074338999999995]]]}, "properties": {"id": "palisades-000356", "damage_class": 0, "damage_label": "no-damage", "confidence": 0.7, "area_m2": 222.75, "centroid": [-118.551405, 34.074267], "confidence_tier": "review", "sources": {"heuristic": 2, "cnn": 0, "margin": 1.0}, "footprint_source": "osm"}}, {"type": "Feature", "geometry": {"type": "Polygon", "coordinates": [[[-118.56335839999998, 34.07411780000001], [-118.56340009999998, 34.0741904], [-118.56332659999998, 34.07421959999999], [-118.56334629999999, 34.0742541], [-118.5632268, 34.07429779999999], [-118.5632471, 34.0743332], [-118.56322270000001, 34.074342899999984], [-118.56317349999999, 34.074270299999995], [-118.5631559, 34.074277300000006], [-118.56312049999998, 34.07421550000001], [-118.5631617, 34.074199099999994], [-118.5631686, 34.074211], [-118.5632433, 34.074181300000006], [-118.56323499999999, 34.07416690000001], [-118.56335839999998, 34.07411780000001]]]}, "properties": {"id": "palisades-000357", "damage_class": 0, "damage_label": "no-damage", "confidence": 1.0, "area_m2": 273.1, "centroid": [-118.563263, 34.074221], "confidence_tier": "high", "sources": {"heuristic": 0, "cnn": 0, "margin": 1.0}, "footprint_source": "osm"}}, {"type": "Feature", "geometry": {"type": "Polygon", "coordinates": [[[-118.5595241, 34.0725774], [-118.5595761, 34.0726049], [-118.55958160000002, 34.0725977], [-118.559637, 34.072627], [-118.559625, 34.0726428], [-118.5596447, 34.0726532], [-118.55962269999999, 34.072682], [-118.5596397, 34.07269099999999], [-118.5596059, 34.0727353], [-118.55958970000002, 34.0727268], [-118.55956860000002, 34.0727544], [-118.559522, 34.0727298], [-118.5594885, 34.0727738], [-118.55941939999998, 34.07273729999999], [-118.5594638, 34.0726791], [-118.559471, 34.0726829], [-118.5594879, 34.07266080000001], [-118.5594684, 34.072650499999995], [-118.5595241, 34.0725774]]]}, "properties": {"id": "palisades-000358", "damage_class": 0, "damage_label": "no-damage", "confidence": 1.0, "area_m2": 249.09, "centroid": [-118.559539, 34.072678], "confidence_tier": "high", "sources": {"heuristic": 0, "cnn": 0, "margin": 1.0}, "footprint_source": "osm"}}, {"type": "Feature", "geometry": {"type": "Polygon", "coordinates": [[[-118.54770240000002, 34.073441499999994], [-118.5477127, 34.0734262], [-118.54768119999999, 34.073411500000006], [-118.54769940000001, 34.07338459999998], [-118.54766580000002, 34.073368900000006], [-118.5476789, 34.0733494], [-118.5476712, 34.07334589999999], [-118.5476681, 34.0733506], [-118.5476512, 34.0733428], [-118.5476547, 34.073337599999995], [-118.54763160000002, 34.07332719999999], [-118.54768980000001, 34.0732455], [-118.5477212, 34.0732602], [-118.54774629999999, 34.073223000000006], [-118.54784829999998, 34.07327060000001], [-118.5478358, 34.073288999999995], [-118.54788360000002, 34.07331119999999], [-118.5477734, 34.07347459999999], [-118.54770240000002, 34.073441499999994]]]}, "properties": {"id": "palisades-000359", "damage_class": 0, "damage_label": "no-damage", "confidence": 0.7, "area_m2": 354.84, "centroid": [-118.547757, 34.07334], "confidence_tier": "review", "sources": {"heuristic": 2, "cnn": 0, "margin": 1.0}, "footprint_source": "osm"}}, {"type": "Feature", "geometry": {"type": "Polygon", "coordinates": [[[-118.5622284, 34.0793914], [-118.56221949999998, 34.079388300000005], [-118.5622167, 34.0793939], [-118.562194, 34.079386], [-118.56219720000001, 34.0793798], [-118.56219030000001, 34.07937739999999], [-118.56219690000002, 34.07936449999999], [-118.5621743, 34.079356600000004], [-118.5621469, 34.0794103], [-118.56208470000001, 34.0793852], [-118.56216540000001, 34.0792271], [-118.56215700000001, 34.07922409999999], [-118.5621758, 34.0791872], [-118.562238, 34.07920899999999], [-118.562218, 34.0792483], [-118.5622888, 34.0792731], [-118.5622284, 34.0793914]]]}, "properties": {"id": "palisades-000360", "damage_class": 0, "damage_label": "no-damage", "confidence": 1.0, "area_m2": 234.36, "centroid": [-118.562188, 34.079307], "confidence_tier": "high", "sources": {"heuristic": 0, "cnn": 0, "margin": 1.0}, "footprint_source": "osm"}}, {"type": "Feature", "geometry": {"type": "Polygon", "coordinates": [[[-118.56366, 34.07362220000001], [-118.5637596, 34.0737956], [-118.5637413, 34.0738028], [-118.5637443, 34.07380810000001], [-118.5636823, 34.07382809999999], [-118.5636855, 34.0738337], [-118.5636326, 34.073849499999994], [-118.5636093, 34.0738088], [-118.5636279, 34.0738015], [-118.5635901, 34.0737358], [-118.56358240000002, 34.07373900000001], [-118.5635509, 34.073684300000004], [-118.56359260000002, 34.07366770000001], [-118.56358390000001, 34.073652499999994], [-118.56366, 34.07362220000001]]]}, "properties": {"id": "palisades-000361", "damage_class": 0, "damage_label": "no-damage", "confidence": 0.85, "area_m2": 253.97, "centroid": [-118.563655, 34.073737], "confidence_tier": "high", "sources": {"heuristic": 1, "cnn": 0, "margin": 1.0}, "footprint_source": "osm"}}, {"type": "Feature", "geometry": {"type": "Polygon", "coordinates": [[[-118.54588550000001, 34.074650299999995], [-118.54586050000002, 34.07465309999999], [-118.5458409, 34.0746418], [-118.5458349, 34.07462089999999], [-118.5458394, 34.074610099999994], [-118.54585550000002, 34.074598800000004], [-118.5458776, 34.0745963], [-118.5459027, 34.0746155], [-118.5459022, 34.0746356], [-118.54588550000001, 34.074650299999995]]]}, "properties": {"id": "palisades-000362", "damage_class": 3, "damage_label": "destroyed", "confidence": 0.7, "area_m2": 31.85, "centroid": [-118.545869, 34.074625], "confidence_tier": "review", "sources": {"heuristic": 1, "cnn": 3, "margin": 1.0}, "footprint_source": "osm"}}, {"type": "Feature", "geometry": {"type": "Polygon", "coordinates": [[[-118.55176150000001, 34.0767574], [-118.55175820000001, 34.0767627], [-118.5517134, 34.0767432], [-118.55171680000001, 34.0767379], [-118.55167150000001, 34.0767162], [-118.5516779, 34.0767059], [-118.5516689, 34.076702], [-118.5517541, 34.07656660000001], [-118.5517592, 34.076568800000004], [-118.55176740000002, 34.0765558], [-118.5518001, 34.07656999999999], [-118.55179560000002, 34.0765771], [-118.5518315, 34.0765928], [-118.55182810000001, 34.07659809999999], [-118.55186670000002, 34.07661379999998], [-118.55177320000001, 34.07676250000001], [-118.55176150000001, 34.0767574]]]}, "properties": {"id": "palisades-000363", "damage_class": 0, "damage_label": "no-damage", "confidence": 0.85, "area_m2": 224.32, "centroid": [-118.551765, 34.076662], "confidence_tier": "high", "sources": {"heuristic": 1, "cnn": 0, "margin": 1.0}, "footprint_source": "osm"}}, {"type": "Feature", "geometry": {"type": "Polygon", "coordinates": [[[-118.56924599999999, 34.076499999999996], [-118.5691595, 34.07652620000001], [-118.5691556, 34.07651719999999], [-118.56904059999998, 34.07655200000001], [-118.56903390000001, 34.0765366], [-118.56900030000001, 34.0765467], [-118.56897410000002, 34.0764868], [-118.5690247, 34.076471500000004], [-118.56901710000001, 34.0764541], [-118.569064, 34.07643989999999], [-118.56905930000002, 34.0764291], [-118.5691028, 34.07641590000001], [-118.56910740000001, 34.076426500000004], [-118.5691558, 34.076411799999995], [-118.56916319999999, 34.0764289], [-118.5692591, 34.0763999], [-118.569293, 34.0764773], [-118.56924269999999, 34.07649249999999], [-118.56924599999999, 34.076499999999996]]]}, "properties": {"id": "palisades-000364", "damage_class": 0, "damage_label": "no-damage", "confidence": 1.0, "area_m2": 287.23, "centroid": [-118.569133, 34.076476], "confidence_tier": "high", "sources": {"heuristic": 0, "cnn": 0, "margin": 1.0}, "footprint_source": "osm"}}, {"type": "Feature", "geometry": {"type": "Polygon", "coordinates": [[[-118.56136020000001, 34.0742496], [-118.56133490000002, 34.07423790000001], [-118.5613162, 34.07426590000001], [-118.5612255, 34.0742241], [-118.5612882, 34.0741168], [-118.561309, 34.074126400000004], [-118.5613198, 34.07411020000001], [-118.56135410000002, 34.0741261], [-118.5613639, 34.07411139999999], [-118.56142040000002, 34.074137500000006], [-118.5614107, 34.0741521], [-118.5614446, 34.0741678], [-118.56141810000001, 34.0742074], [-118.56146999999999, 34.074231400000016], [-118.5614293, 34.07429249999999], [-118.5613546, 34.074258], [-118.56136020000001, 34.0742496]]]}, "properties": {"id": "palisades-000365", "damage_class": 0, "damage_label": "no-damage", "confidence": 1.0, "area_m2": 263.15, "centroid": [-118.56135, 34.074198], "confidence_tier": "high", "sources": {"heuristic": 0, "cnn": 0, "margin": 1.0}, "footprint_source": "osm"}}, {"type": "Feature", "geometry": {"type": "Polygon", "coordinates": [[[-118.54767279999999, 34.07225459999999], [-118.54767900000002, 34.072255000000006], [-118.54767429999998, 34.0723096], [-118.54757970000001, 34.072304], [-118.5475648, 34.0724014], [-118.5474857, 34.0723967], [-118.5474878, 34.0723718], [-118.5473718, 34.07236489999999], [-118.54737249999998, 34.07235689999999], [-118.5473579, 34.072356], [-118.5473642, 34.072282099999995], [-118.5473789, 34.0722745], [-118.54738259999999, 34.07221719999999], [-118.54767450000001, 34.07223449999999], [-118.54767279999999, 34.07225459999999]]]}, "properties": {"id": "palisades-000366", "damage_class": 0, "damage_label": "no-damage", "confidence": 1.0, "area_m2": 408.51, "centroid": [-118.547504, 34.072297], "confidence_tier": "high", "sources": {"heuristic": 0, "cnn": 0, "margin": 1.0}, "footprint_source": "osm"}}, {"type": "Feature", "geometry": {"type": "Polygon", "coordinates": [[[-118.56050210000001, 34.07776069999999], [-118.56053350000002, 34.07774069999999], [-118.56046070000001, 34.07766229999999], [-118.5604689, 34.077657], [-118.56044510000001, 34.077631399999994], [-118.5605316, 34.077576300000004], [-118.5605575, 34.07760419999999], [-118.5605695, 34.07759649999999], [-118.56066229999999, 34.077696399999994], [-118.5606561, 34.0777004], [-118.56066080000001, 34.07770539999999], [-118.56064310000001, 34.0777167], [-118.5606381, 34.0777113], [-118.56063019999999, 34.07771639999999], [-118.560619, 34.0777043], [-118.56059860000002, 34.0777173], [-118.5606433, 34.0777654], [-118.56055730000001, 34.07782009999998], [-118.56050210000001, 34.07776069999999]]]}, "properties": {"id": "palisades-000367", "damage_class": 0, "damage_label": "no-damage", "confidence": 1.0, "area_m2": 272.78, "centroid": [-118.560556, 34.077692], "confidence_tier": "high", "sources": {"heuristic": 0, "cnn": 0, "margin": 1.0}, "footprint_source": "osm"}}, {"type": "Feature", "geometry": {"type": "Polygon", "coordinates": [[[-118.5523375, 34.06708580000001], [-118.552399, 34.06708549999998], [-118.55239939999998, 34.06714430000001], [-118.55241499999998, 34.067144199999994], [-118.5524154, 34.0671986], [-118.5524403, 34.06721569999999], [-118.55244, 34.06723900000001], [-118.5524226, 34.0672558], [-118.55220489999999, 34.0672537], [-118.55220609999999, 34.06716670000001], [-118.5522537, 34.067167100000006], [-118.55225410000001, 34.06713699999999], [-118.55226930000002, 34.06713719999999], [-118.5522741, 34.067068299999995], [-118.5523374, 34.067068], [-118.5523375, 34.06708580000001]]]}, "properties": {"id": "palisades-000368", "damage_class": 0, "damage_label": "no-damage", "confidence": 1.0, "area_m2": 326.53, "centroid": [-118.552323, 34.067178], "confidence_tier": "high", "sources": {"heuristic": 0, "cnn": 0, "margin": 1.0}, "footprint_source": "osm"}}, {"type": "Feature", "geometry": {"type": "Polygon", "coordinates": [[[-118.5524157, 34.0755535], [-118.55241160000001, 34.0755585], [-118.55237079999999, 34.075534700000006], [-118.55237440000002, 34.07553029999999], [-118.55236540000001, 34.0755208], [-118.55233459999998, 34.0755029], [-118.55234180000001, 34.0754943], [-118.5523329, 34.07548909999999], [-118.5524381, 34.07536399999999], [-118.5524424, 34.075366499999994], [-118.55245210000001, 34.0753549], [-118.552483, 34.0753729], [-118.5524775, 34.07537949999999], [-118.5525096, 34.0753982], [-118.5525063, 34.0754021], [-118.5525424, 34.0754228], [-118.55242690000001, 34.0755601], [-118.5524157, 34.0755535]]]}, "properties": {"id": "palisades-000369", "damage_class": 0, "damage_label": "no-damage", "confidence": 1.0, "area_m2": 223.12, "centroid": [-118.552435, 34.075459], "confidence_tier": "high", "sources": {"heuristic": 0, "cnn": 0, "margin": 1.0}, "footprint_source": "osm"}}, {"type": "Feature", "geometry": {"type": "Polygon", "coordinates": [[[-118.56205749999998, 34.0700723], [-118.5620618, 34.0700824], [-118.56186000000001, 34.0701415], [-118.5618056, 34.0700129], [-118.5619369, 34.0699745], [-118.56194240000002, 34.0699875], [-118.56201590000002, 34.06996600000001], [-118.5620308, 34.07000119999999], [-118.56216969999998, 34.0699606], [-118.56219970000001, 34.070031500000006], [-118.5622511, 34.07001640000001], [-118.56226020000001, 34.070038000000004], [-118.56227080000001, 34.0700349], [-118.5622859, 34.0700707], [-118.56227670000001, 34.0700734], [-118.5623244, 34.0701864], [-118.5621832, 34.0702277], [-118.56211080000001, 34.0700566], [-118.56205749999998, 34.0700723]]]}, "properties": {"id": "palisades-000370", "damage_class": 3, "damage_label": "destroyed", "confidence": 0.7, "area_m2": 684.62, "centroid": [-118.56208, 34.070074], "confidence_tier": "review", "sources": {"heuristic": 0, "cnn": 3, "margin": 1.0}, "footprint_source": "osm"}}, {"type": "Feature", "geometry": {"type": "Polygon", "coordinates": [[[-118.55992150000002, 34.073303299999985], [-118.56000920000001, 34.0733887], [-118.5599945, 34.0733991], [-118.560056, 34.07345539999999], [-118.5600165, 34.07348349999999], [-118.5600298, 34.0734965], [-118.5599526, 34.073546799999995], [-118.5599267, 34.07352150000001], [-118.55993680000002, 34.0735143], [-118.5599234, 34.0735013], [-118.5599346, 34.0734933], [-118.5598643, 34.0734248], [-118.55989570000001, 34.0734024], [-118.55984770000002, 34.0733557], [-118.55992150000002, 34.073303299999985]]]}, "properties": {"id": "palisades-000371", "damage_class": 0, "damage_label": "no-damage", "confidence": 0.85, "area_m2": 251.54, "centroid": [-118.559949, 34.073424], "confidence_tier": "high", "sources": {"heuristic": 1, "cnn": 0, "margin": 1.0}, "footprint_source": "osm"}}, {"type": "Feature", "geometry": {"type": "Polygon", "coordinates": [[[-118.5507734, 34.0754737], [-118.5507931, 34.075462899999984], [-118.55081300000002, 34.075487999999986], [-118.55079959999999, 34.0754953], [-118.55081159999999, 34.075510400000006], [-118.55082300000001, 34.0755042], [-118.55085539999999, 34.07554520000001], [-118.55066939999999, 34.0756472], [-118.55066310000001, 34.0756391], [-118.55065800000001, 34.07564190000001], [-118.5506303, 34.07560680000001], [-118.5506357, 34.0756038], [-118.5506314, 34.0755925], [-118.5506108, 34.0755666], [-118.5506228, 34.0755602], [-118.55061749999999, 34.0755536], [-118.5507703, 34.0754698], [-118.5507734, 34.0754737]]]}, "properties": {"id": "palisades-000372", "damage_class": 0, "damage_label": "no-damage", "confidence": 0.7, "area_m2": 229.22, "centroid": [-118.550728, 34.075555], "confidence_tier": "review", "sources": {"heuristic": 2, "cnn": 0, "margin": 1.0}, "footprint_source": "osm"}}, {"type": "Feature", "geometry": {"type": "Polygon", "coordinates": [[[-118.5505027, 34.0759587], [-118.55051040000001, 34.07594629999999], [-118.5505438, 34.07596049999999], [-118.550539, 34.07596840000001], [-118.55060970000001, 34.0760046], [-118.550519, 34.0761521], [-118.550506, 34.0761465], [-118.5505019, 34.07615309999999], [-118.5504585, 34.0761346], [-118.55046230000002, 34.07612829999999], [-118.5504179, 34.0761064], [-118.55042330000002, 34.07609759999999], [-118.5504142, 34.0760943], [-118.5504986, 34.075956999999995], [-118.5505027, 34.0759587]]]}, "properties": {"id": "palisades-000373", "damage_class": 0, "damage_label": "no-damage", "confidence": 1.0, "area_m2": 221.2, "centroid": [-118.55051, 34.076053], "confidence_tier": "high", "sources": {"heuristic": 0, "cnn": 0, "margin": 1.0}, "footprint_source": "osm"}}, {"type": "Feature", "geometry": {"type": "Polygon", "coordinates": [[[-118.55872690000001, 34.069275899999994], [-118.5587202, 34.069279], [-118.55869959999998, 34.06924779999999], [-118.5587666, 34.0692171], [-118.5587762, 34.0692028], [-118.5587925, 34.0691978], [-118.5587984, 34.069201699999994], [-118.55888169999999, 34.0691612], [-118.55890659999999, 34.06919680000001], [-118.558952, 34.06917479999999], [-118.55899989999999, 34.06924299999999], [-118.55893090000001, 34.069276499999994], [-118.55891280000002, 34.0692505], [-118.558898, 34.0692577], [-118.55891589999999, 34.06928309999999], [-118.5587746, 34.0693479], [-118.55872690000001, 34.069275899999994]]]}, "properties": {"id": "palisades-000374", "damage_class": 0, "damage_label": "no-damage", "confidence": 0.7, "area_m2": 289.98, "centroid": [-118.558845, 34.069249], "confidence_tier": "review", "sources": {"heuristic": 2, "cnn": 0, "margin": 1.0}, "footprint_source": "osm"}}, {"type": "Feature", "geometry": {"type": "Polygon", "coordinates": [[[-118.5509074, 34.06750389999999], [-118.55099369999999, 34.0675071], [-118.5509923, 34.06756200000001], [-118.55100030000001, 34.0675609], [-118.5510016, 34.067582499999986], [-118.55103440000002, 34.067621300000006], [-118.55103420000002, 34.06765119999999], [-118.5507614, 34.06777009999999], [-118.550764, 34.0676921], [-118.55091030000001, 34.0676248], [-118.5509074, 34.06750389999999]]]}, "properties": {"id": "palisades-000375", "damage_class": 0, "damage_label": "no-damage", "confidence": 0.85, "area_m2": 302.93, "centroid": [-118.550911, 34.067639], "confidence_tier": "high", "sources": {"heuristic": 1, "cnn": 0, "margin": 1.0}, "footprint_source": "osm"}}, {"type": "Feature", "geometry": {"type": "Polygon", "coordinates": [[[-118.5552188, 34.07557739999999], [-118.5552288, 34.07551969999999], [-118.5551754, 34.07551329999999], [-118.5551766, 34.0755064], [-118.55518779999998, 34.07550770000001], [-118.55519770000001, 34.075450599999996], [-118.55541369999999, 34.075476599999995], [-118.55539630000001, 34.07557709999999], [-118.555382, 34.0755754], [-118.55536920000002, 34.0756494], [-118.55525320000001, 34.075639699999996], [-118.55525529999998, 34.07562759999999], [-118.5552374, 34.075625499999994], [-118.5552353, 34.075637900000004], [-118.5551646, 34.0756291], [-118.55517450000002, 34.075572099999995], [-118.5552188, 34.07557739999999]]]}, "properties": {"id": "palisades-000376", "damage_class": 0, "damage_label": "no-damage", "confidence": 0.7, "area_m2": 362.92, "centroid": [-118.555293, 34.07555], "confidence_tier": "review", "sources": {"heuristic": 2, "cnn": 0, "margin": 1.0}, "footprint_source": "osm"}}, {"type": "Feature", "geometry": {"type": "Polygon", "coordinates": [[[-118.56869450000002, 34.0761916], [-118.5687433, 34.07630259999999], [-118.56859320000001, 34.07634830000001], [-118.5685909, 34.0763432], [-118.56853980000001, 34.0763588], [-118.56853760000001, 34.0763536], [-118.56851930000002, 34.07635919999999], [-118.5684621, 34.07622920000001], [-118.56847010000001, 34.0762268], [-118.5684619, 34.07620829999999], [-118.56847490000001, 34.0761909], [-118.5685459, 34.0761687], [-118.5685585, 34.0761761], [-118.5685698, 34.0761735], [-118.5685721, 34.0761636], [-118.5686243, 34.076147999999996], [-118.5686409, 34.07615479999999], [-118.5686614, 34.076201700000006], [-118.56869450000002, 34.0761916]]]}, "properties": {"id": "palisades-000377", "damage_class": 0, "damage_label": "no-damage", "confidence": 1.0, "area_m2": 398.29, "centroid": [-118.568594, 34.076256], "confidence_tier": "high", "sources": {"heuristic": 0, "cnn": 0, "margin": 1.0}, "footprint_source": "osm"}}, {"type": "Feature", "geometry": {"type": "Polygon", "coordinates": [[[-118.55935029999999, 34.06926219999999], [-118.55932830000002, 34.0692279], [-118.5593205, 34.0692313], [-118.5593096, 34.0692142], [-118.5592416, 34.0692442], [-118.5592083, 34.0691922], [-118.55930590000001, 34.06914929999999], [-118.5593206, 34.0691723], [-118.5593333, 34.06916669999998], [-118.55931529999998, 34.06913870000001], [-118.5594942, 34.069059900000006], [-118.55953810000001, 34.06912849999999], [-118.5595044, 34.0691433], [-118.5595076, 34.0691484], [-118.55951499999999, 34.0691451], [-118.559534, 34.0691813], [-118.55935029999999, 34.06926219999999]]]}, "properties": {"id": "palisades-000378", "damage_class": 0, "damage_label": "no-damage", "confidence": 0.7, "area_m2": 336.12, "centroid": [-118.559394, 34.069168], "confidence_tier": "review", "sources": {"heuristic": 2, "cnn": 0, "margin": 1.0}, "footprint_source": "osm"}}, {"type": "Feature", "geometry": {"type": "Polygon", "coordinates": [[[-118.54800360000002, 34.07537899999999], [-118.5480077, 34.0753762], [-118.5479865, 34.0753548], [-118.5479999, 34.075345600000006], [-118.5479969, 34.0753425], [-118.54803220000001, 34.075318300000006], [-118.5480357, 34.07532179999999], [-118.54804960000001, 34.075312100000005], [-118.54805310000002, 34.07531560000002], [-118.5480683, 34.075305099999994], [-118.5480368, 34.0752734], [-118.54817680000001, 34.075182600000005], [-118.54827460000001, 34.07527700000001], [-118.5480534, 34.07542910000001], [-118.54800360000002, 34.07537899999999]]]}, "properties": {"id": "palisades-000379", "damage_class": 0, "damage_label": "no-damage", "confidence": 0.7, "area_m2": 332.54, "centroid": [-118.548127, 34.075303], "confidence_tier": "review", "sources": {"heuristic": 3, "cnn": 0, "margin": 1.0}, "footprint_source": "osm"}}, {"type": "Feature", "geometry": {"type": "Polygon", "coordinates": [[[-118.56092120000001, 34.0719012], [-118.56090980000002, 34.071970300000004], [-118.56084629999998, 34.0719631], [-118.560841, 34.0719956], [-118.5609012, 34.07200430000001], [-118.5608965, 34.0720356], [-118.5608302, 34.0720254], [-118.56081880000002, 34.0720131], [-118.5608145, 34.071996099999986], [-118.56072770000002, 34.071986200000005], [-118.56072539999998, 34.072], [-118.5606648, 34.0719931], [-118.56068540000001, 34.07187879999999], [-118.56092120000001, 34.0719012]]]}, "properties": {"id": "palisades-000380", "damage_class": 0, "damage_label": "no-damage", "confidence": 1.0, "area_m2": 261.47, "centroid": [-118.560791, 34.071946], "confidence_tier": "high", "sources": {"heuristic": 0, "cnn": 0, "margin": 1.0}, "footprint_source": "osm"}}, {"type": "Feature", "geometry": {"type": "Polygon", "coordinates": [[[-118.56140030000002, 34.071694700000016], [-118.5612231, 34.071725900000004], [-118.56120750000001, 34.071659000000004], [-118.56128039999999, 34.0716473], [-118.56128270000002, 34.071657200000004], [-118.5612988, 34.07165460000001], [-118.56128879999999, 34.07161200000001], [-118.56137660000002, 34.07159779999999], [-118.5613732, 34.0715831], [-118.5614255, 34.071574699999985], [-118.5614284, 34.07158689999999], [-118.5614354, 34.0715857], [-118.5614424, 34.071615400000006], [-118.5614356, 34.071616500000005], [-118.5614528, 34.07169009999999], [-118.56140120000002, 34.07169849999999], [-118.56140030000002, 34.071694700000016]]]}, "properties": {"id": "palisades-000381", "damage_class": 0, "damage_label": "no-damage", "confidence": 0.7, "area_m2": 218.88, "centroid": [-118.561342, 34.071657], "confidence_tier": "review", "sources": {"heuristic": 3, "cnn": 0, "margin": 1.0}, "footprint_source": "osm"}}, {"type": "Feature", "geometry": {"type": "Polygon", "coordinates": [[[-118.5509336, 34.0786987], [-118.55093960000002, 34.07870100000001], [-118.5508952, 34.0787824], [-118.5508163, 34.0787526], [-118.5508393, 34.0787104], [-118.55085000000001, 34.07871440000001], [-118.55086500000002, 34.078686899999994], [-118.55085030000001, 34.078681399999994], [-118.5508465, 34.07868839999998], [-118.55079719999999, 34.078669799999986], [-118.5508015, 34.07866200000001], [-118.5507316, 34.0786355], [-118.5508102, 34.0784911], [-118.55082950000002, 34.0784984], [-118.550842, 34.078475399999995], [-118.5509936, 34.078532599999996], [-118.5509806, 34.0785565], [-118.55100590000002, 34.07856600000001], [-118.5509336, 34.0786987]]]}, "properties": {"id": "palisades-000382", "damage_class": 0, "damage_label": "no-damage", "confidence": 1.0, "area_m2": 463.0, "centroid": [-118.550874, 34.078612], "confidence_tier": "high", "sources": {"heuristic": 0, "cnn": 0, "margin": 1.0}, "footprint_source": "osm"}}, {"type": "Feature", "geometry": {"type": "Polygon", "coordinates": [[[-118.56193419999998, 34.0722324], [-118.56173910000001, 34.07233900000001], [-118.56169250000002, 34.07228], [-118.56170940000001, 34.0722708], [-118.56167259999998, 34.0722241], [-118.56168090000001, 34.07221959999998], [-118.5616759, 34.0722133], [-118.5616958, 34.0722024], [-118.56170130000001, 34.07220939999999], [-118.5617134, 34.0722028], [-118.561708, 34.07219599999999], [-118.5617285, 34.07218480000001], [-118.5617333, 34.0721909], [-118.56174240000001, 34.072186], [-118.56175760000002, 34.0722053], [-118.56182289999998, 34.0721697], [-118.56181439999999, 34.0721589], [-118.5618577, 34.072135299999985], [-118.56193419999998, 34.0722324]]]}, "properties": {"id": "palisades-000383", "damage_class": 0, "damage_label": "no-damage", "confidence": 0.7, "area_m2": 270.18, "centroid": [-118.561799, 34.072237], "confidence_tier": "review", "sources": {"heuristic": 2, "cnn": 0, "margin": 1.0}, "footprint_source": "osm"}}, {"type": "Feature", "geometry": {"type": "Polygon", "coordinates": [[[-118.55043930000001, 34.0785446], [-118.55036910000001, 34.0785233], [-118.55037380000002, 34.07851269999999], [-118.5503428, 34.07850330000001], [-118.55036450000001, 34.0784541], [-118.55029190000002, 34.0784359], [-118.5503717, 34.07826759999999], [-118.55042370000001, 34.07828339999999], [-118.550431, 34.0782669], [-118.5504975, 34.078287], [-118.55048600000002, 34.078313099999995], [-118.55053490000002, 34.0783279], [-118.55043930000001, 34.0785446]]]}, "properties": {"id": "palisades-000384", "damage_class": 0, "damage_label": "no-damage", "confidence": 0.85, "area_m2": 405.06, "centroid": [-118.550415, 34.078395], "confidence_tier": "high", "sources": {"heuristic": 1, "cnn": 0, "margin": 1.0}, "footprint_source": "osm"}}, {"type": "Feature", "geometry": {"type": "Polygon", "coordinates": [[[-118.5517902, 34.0763151], [-118.55178720000002, 34.0763198], [-118.551743, 34.0763005], [-118.5517466, 34.0762948], [-118.5517356, 34.07628650000001], [-118.55170240000001, 34.076272100000004], [-118.55170830000002, 34.076262699999994], [-118.55169870000002, 34.076258599999996], [-118.5517845, 34.0761221], [-118.5517941, 34.0761262], [-118.55180170000001, 34.076114100000005], [-118.55183710000001, 34.076129500000015], [-118.55183250000002, 34.0761367], [-118.5518618, 34.0761495], [-118.55185780000001, 34.0761559], [-118.55189640000002, 34.076172299999996], [-118.5518031, 34.0763207], [-118.5517902, 34.0763151]]]}, "properties": {"id": "palisades-000385", "damage_class": 0, "damage_label": "no-damage", "confidence": 1.0, "area_m2": 225.72, "centroid": [-118.551796, 34.076219], "confidence_tier": "high", "sources": {"heuristic": 0, "cnn": 0, "margin": 1.0}, "footprint_source": "osm"}}, {"type": "Feature", "geometry": {"type": "Polygon", "coordinates": [[[-118.5492879, 34.0783101], [-118.54928450000001, 34.0783127], [-118.54924660000002, 34.0782755], [-118.5491702, 34.0783431], [-118.5490923, 34.07827540000001], [-118.5492981, 34.0781112], [-118.54932130000002, 34.07813190000001], [-118.54933999999999, 34.0781169], [-118.54937330000001, 34.078145899999996], [-118.5493657, 34.0781519], [-118.54940629999999, 34.0781873], [-118.54939040000001, 34.0782], [-118.5494343, 34.07823889999999], [-118.5493152, 34.0783338], [-118.5492879, 34.0783101]]]}, "properties": {"id": "palisades-000386", "damage_class": 3, "damage_label": "destroyed", "confidence": 0.7, "area_m2": 422.83, "centroid": [-118.549274, 34.078233], "confidence_tier": "review", "sources": {"heuristic": 0, "cnn": 3, "margin": 1.0}, "footprint_source": "osm"}}, {"type": "Feature", "geometry": {"type": "Polygon", "coordinates": [[[-118.54672260000001, 34.075706100000005], [-118.5466954, 34.0756687], [-118.546672, 34.07567339999999], [-118.5466612, 34.0756679], [-118.54662260000002, 34.0756865], [-118.54656390000001, 34.07560569999999], [-118.5466341, 34.075570400000004], [-118.5466402, 34.0755788], [-118.5467839, 34.075506499999996], [-118.5467891, 34.0755137], [-118.5468164, 34.075500000000005], [-118.54686810000001, 34.07557119999999], [-118.5468437, 34.075587], [-118.54687469999999, 34.0756296], [-118.54672260000001, 34.075706100000005]]]}, "properties": {"id": "palisades-000387", "damage_class": 0, "damage_label": "no-damage", "confidence": 1.0, "area_m2": 364.54, "centroid": [-118.546733, 34.075607], "confidence_tier": "high", "sources": {"heuristic": 0, "cnn": 0, "margin": 1.0}, "footprint_source": "osm"}}, {"type": "Feature", "geometry": {"type": "Polygon", "coordinates": [[[-118.54868560000001, 34.0765997], [-118.54866640000002, 34.0766161], [-118.54871839999998, 34.0766577], [-118.5486542, 34.07671289999999], [-118.54867510000001, 34.07672960000001], [-118.54862269999998, 34.0767745], [-118.54853709999999, 34.07670610000001], [-118.54847100000002, 34.076762800000004], [-118.5484619, 34.07676419999999], [-118.54842250000002, 34.0767328], [-118.5484277, 34.076728299999985], [-118.54840899999999, 34.07671339999999], [-118.54861100000001, 34.0765401], [-118.54868560000001, 34.0765997]]]}, "properties": {"id": "palisades-000388", "damage_class": 3, "damage_label": "destroyed", "confidence": 0.7, "area_m2": 366.27, "centroid": [-118.548577, 34.076667], "confidence_tier": "review", "sources": {"heuristic": 0, "cnn": 3, "margin": 1.0}, "footprint_source": "osm"}}, {"type": "Feature", "geometry": {"type": "Polygon", "coordinates": [[[-118.55115759999998, 34.0751067], [-118.55113710000002, 34.075078], [-118.5511442, 34.07507459999999], [-118.5511415, 34.0750708], [-118.5513193, 34.07498399999999], [-118.5513371, 34.0750067], [-118.55136630000001, 34.0750072], [-118.5513841, 34.0750224], [-118.5513872, 34.075043099999995], [-118.5513726, 34.0750587], [-118.5513903, 34.0750817], [-118.5512113, 34.075170699999994], [-118.55116359999998, 34.07510380000001], [-118.55115759999998, 34.0751067]]]}, "properties": {"id": "palisades-000389", "damage_class": 0, "damage_label": "no-damage", "confidence": 0.85, "area_m2": 261.67, "centroid": [-118.551269, 34.075075], "confidence_tier": "high", "sources": {"heuristic": 1, "cnn": 0, "margin": 1.0}, "footprint_source": "osm"}}, {"type": "Feature", "geometry": {"type": "Polygon", "coordinates": [[[-118.5629054, 34.07820190000001], [-118.5629966, 34.07822079999998], [-118.5629993, 34.07821159999999], [-118.56305080000001, 34.0782223], [-118.56303969999999, 34.0782595], [-118.563051, 34.0782618], [-118.56305670000002, 34.07827280000001], [-118.5630512, 34.0782874], [-118.56303880000002, 34.0782968], [-118.56302820000002, 34.078336699999994], [-118.56301599999999, 34.0783345], [-118.56299850000002, 34.07840039999999], [-118.56288960000002, 34.0783804], [-118.562897, 34.0783523], [-118.56289080000002, 34.0783512], [-118.5628893, 34.0783566], [-118.56286089999999, 34.0783513], [-118.5629054, 34.07820190000001]]]}, "properties": {"id": "palisades-000390", "damage_class": 0, "damage_label": "no-damage", "confidence": 0.85, "area_m2": 271.16, "centroid": [-118.562958, 34.078298], "confidence_tier": "high", "sources": {"heuristic": 1, "cnn": 0, "margin": 1.0}, "footprint_source": "osm"}}, {"type": "Feature", "geometry": {"type": "Polygon", "coordinates": [[[-118.54982080000002, 34.0757853], [-118.54975190000002, 34.0758076], [-118.5497113, 34.0757206], [-118.54993790000002, 34.075647499999995], [-118.5499432, 34.07565889999999], [-118.5499527, 34.07565579999999], [-118.54996310000001, 34.07567809999998], [-118.54995449999998, 34.0756809], [-118.5499588, 34.075690699999996], [-118.5499756, 34.0756959], [-118.54998290000002, 34.075711399999996], [-118.54997570000002, 34.0757275], [-118.5499779, 34.075732], [-118.5499873, 34.075729], [-118.54999700000002, 34.0757497], [-118.5499875, 34.07575279999999], [-118.54999109999999, 34.0757605], [-118.549833, 34.0758115], [-118.54982080000002, 34.0757853]]]}, "properties": {"id": "palisades-000391", "damage_class": 0, "damage_label": "no-damage", "confidence": 0.7, "area_m2": 289.83, "centroid": [-118.549859, 34.075734], "confidence_tier": "review", "sources": {"heuristic": 3, "cnn": 0, "margin": 1.0}, "footprint_source": "osm"}}, {"type": "Feature", "geometry": {"type": "Polygon", "coordinates": [[[-118.5552782, 34.0750481], [-118.55533270000001, 34.075055], [-118.5553406, 34.07501189999999], [-118.5553187, 34.07500910000001], [-118.5553271, 34.07496299999999], [-118.55549470000001, 34.0749842], [-118.5554859, 34.0750323], [-118.5554534, 34.075028200000006], [-118.5554444, 34.07507780000001], [-118.55547399999999, 34.0750816], [-118.55547300000002, 34.07508670000001], [-118.55548180000001, 34.07508779999999], [-118.55547660000002, 34.075116], [-118.5555129, 34.075122300000004], [-118.55550430000001, 34.07516909999999], [-118.5552617, 34.07513829999999], [-118.5552782, 34.0750481]]]}, "properties": {"id": "palisades-000392", "damage_class": 0, "damage_label": "no-damage", "confidence": 0.85, "area_m2": 341.66, "centroid": [-118.555389, 34.075073], "confidence_tier": "high", "sources": {"heuristic": 1, "cnn": 0, "margin": 1.0}, "footprint_source": "osm"}}, {"type": "Feature", "geometry": {"type": "Polygon", "coordinates": [[[-118.5592634, 34.0689574], [-118.5592664, 34.06896160000001], [-118.55923449999999, 34.06897699999999], [-118.55923089999999, 34.068971899999994], [-118.5591465, 34.069018500000006], [-118.55911149999999, 34.0689688], [-118.55906169999999, 34.068992900000005], [-118.55902479999999, 34.0689406], [-118.55903439999999, 34.068935899999985], [-118.5590294, 34.0689288], [-118.55927020000001, 34.068812300000005], [-118.5592961, 34.0688491], [-118.5593124, 34.0688412], [-118.5593381, 34.068877599999986], [-118.55931190000001, 34.068890299999985], [-118.5593349, 34.068922799999996], [-118.5592634, 34.0689574]]]}, "properties": {"id": "palisades-000393", "damage_class": 0, "damage_label": "no-damage", "confidence": 0.85, "area_m2": 338.12, "centroid": [-118.559192, 34.068918], "confidence_tier": "high", "sources": {"heuristic": 1, "cnn": 0, "margin": 1.0}, "footprint_source": "osm"}}, {"type": "Feature", "geometry": {"type": "Polygon", "coordinates": [[[-118.5511108, 34.0764805], [-118.55110779999998, 34.07648530000001], [-118.5510626, 34.0764661], [-118.5510662, 34.07646019999999], [-118.55105460000001, 34.07645209999999], [-118.5510227, 34.07643849999999], [-118.5510283, 34.07642930000001], [-118.5510191, 34.0764254], [-118.55110320000001, 34.07628849999999], [-118.55111, 34.076291299999994], [-118.55111730000002, 34.0762793], [-118.55114919999998, 34.0762929], [-118.5511452, 34.07629940000001], [-118.5511823, 34.076315199999996], [-118.5511784, 34.0763215], [-118.55121570000001, 34.07633729999999], [-118.5511241, 34.0764863], [-118.5511108, 34.0764805]]]}, "properties": {"id": "palisades-000394", "damage_class": 0, "damage_label": "no-damage", "confidence": 1.0, "area_m2": 225.09, "centroid": [-118.551115, 34.076385], "confidence_tier": "high", "sources": {"heuristic": 0, "cnn": 0, "margin": 1.0}, "footprint_source": "osm"}}, {"type": "Feature", "geometry": {"type": "Polygon", "coordinates": [[[-118.55147980000001, 34.072854799999995], [-118.55155269999999, 34.0727406], [-118.55156940000002, 34.072748], [-118.5516165, 34.072674299999996], [-118.55168830000001, 34.072706], [-118.5516686, 34.0727368], [-118.55173570000001, 34.0727664], [-118.5517596, 34.072728999999995], [-118.5518012, 34.07274739999999], [-118.55175, 34.07282750000001], [-118.55176060000001, 34.0728322], [-118.5517436, 34.0728587], [-118.55176780000001, 34.072869499999996], [-118.55172810000002, 34.07293169999999], [-118.551701, 34.07291969999999], [-118.5516886, 34.072938999999984], [-118.55164890000002, 34.0729215], [-118.5516449, 34.07292779999999], [-118.55147980000001, 34.072854799999995]]]}, "properties": {"id": "palisades-000395", "damage_class": 0, "damage_label": "no-damage", "confidence": 0.7, "area_m2": 478.01, "centroid": [-118.551643, 34.072816], "confidence_tier": "review", "sources": {"heuristic": 2, "cnn": 0, "margin": 1.0}, "footprint_source": "osm"}}, {"type": "Feature", "geometry": {"type": "Polygon", "coordinates": [[[-118.548948, 34.07782619999999], [-118.5489558, 34.077832900000004], [-118.54883360000001, 34.07793289999999], [-118.54884040000002, 34.0779387], [-118.54877139999999, 34.0779952], [-118.5486932, 34.077929], [-118.54873990000002, 34.0778908], [-118.54873480000002, 34.0778785], [-118.5487443, 34.0778619], [-118.54870900000002, 34.077832], [-118.5488355, 34.0777285], [-118.54888510000002, 34.07776760000001], [-118.5489217, 34.0777379], [-118.5489878, 34.0777937], [-118.548948, 34.07782619999999]]]}, "properties": {"id": "palisades-000396", "damage_class": 1, "damage_label": "minor-damage", "confidence": 1.0, "area_m2": 398.21, "centroid": [-118.548828, 34.07785], "confidence_tier": "high", "sources": {"heuristic": 1, "cnn": 1, "margin": 1.0}, "footprint_source": "osm"}}, {"type": "Feature", "geometry": {"type": "Polygon", "coordinates": [[[-118.5494317, 34.072204199999995], [-118.54939490000001, 34.0721226], [-118.54958060000001, 34.07205329999999], [-118.5495858, 34.07206359999999], [-118.5496332, 34.0720494], [-118.5496792, 34.07214], [-118.5496117, 34.072163700000004], [-118.54961540000001, 34.07217099999999], [-118.5495964, 34.07217769999999], [-118.54959380000001, 34.07217259999999], [-118.5494919, 34.0722085], [-118.54948090000002, 34.072186900000005], [-118.5494317, 34.072204199999995]]]}, "properties": {"id": "palisades-000397", "damage_class": 0, "damage_label": "no-damage", "confidence": 0.7, "area_m2": 278.27, "centroid": [-118.549538, 34.07213], "confidence_tier": "review", "sources": {"heuristic": 2, "cnn": 0, "margin": 1.0}, "footprint_source": "osm"}}, {"type": "Feature", "geometry": {"type": "Polygon", "coordinates": [[[-118.5483654, 34.0711495], [-118.54829260000001, 34.07107539999999], [-118.54833459999999, 34.0710478], [-118.54831840000001, 34.0710313], [-118.54845670000002, 34.07093509999999], [-118.548618, 34.0710955], [-118.5485828, 34.07112], [-118.5486377, 34.0711745], [-118.5486479, 34.07116739999999], [-118.548642, 34.0711615], [-118.5486801, 34.0711351], [-118.5487285, 34.0711832], [-118.54868779999998, 34.07121149999999], [-118.54867630000001, 34.0712], [-118.54855630000002, 34.0712707], [-118.54847140000001, 34.07118280000001], [-118.54844980000001, 34.07119699999999], [-118.5483891, 34.071133999999994], [-118.5483654, 34.0711495]]]}, "properties": {"id": "palisades-000398", "damage_class": 0, "damage_label": "no-damage", "confidence": 0.85, "area_m2": 647.34, "centroid": [-118.548493, 34.071106], "confidence_tier": "high", "sources": {"heuristic": 1, "cnn": 0, "margin": 1.0}, "footprint_source": "osm"}}, {"type": "Feature", "geometry": {"type": "Polygon", "coordinates": [[[-118.5522804, 34.0679981], [-118.55231070000002, 34.0679041], [-118.55238169999998, 34.0679199], [-118.5523887, 34.06789799999999], [-118.5524466, 34.0679109], [-118.55243959999999, 34.0679327], [-118.55246560000002, 34.06793840000001], [-118.5524352, 34.068032499999994], [-118.5522804, 34.0679981]]]}, "properties": {"id": "palisades-000399", "damage_class": 0, "damage_label": "no-damage", "confidence": 1.0, "area_m2": 173.55, "centroid": [-118.552376, 34.067964], "confidence_tier": "high", "sources": {"heuristic": 0, "cnn": 0, "margin": 1.0}, "footprint_source": "osm"}}, {"type": "Feature", "geometry": {"type": "Polygon", "coordinates": [[[-118.5623233, 34.0771605], [-118.56238989999999, 34.07726279999999], [-118.56237579999998, 34.0772691], [-118.5624425, 34.0773715], [-118.5624367, 34.077374], [-118.56244350000001, 34.077384499999994], [-118.5623837, 34.07741139999999], [-118.5623171, 34.077309199999995], [-118.5622453, 34.077341700000005], [-118.562173, 34.0772307], [-118.56214500000002, 34.077243300000006], [-118.5621091, 34.0771881], [-118.5621253, 34.07718080000001], [-118.5621167, 34.0771677], [-118.56210930000002, 34.077171], [-118.5620927, 34.07714539999999], [-118.5622332, 34.07708160000001], [-118.56229330000001, 34.077174], [-118.5623233, 34.0771605]]]}, "properties": {"id": "palisades-000400", "damage_class": 0, "damage_label": "no-damage", "confidence": 1.0, "area_m2": 489.77, "centroid": [-118.562268, 34.077235], "confidence_tier": "high", "sources": {"heuristic": 0, "cnn": 0, "margin": 1.0}, "footprint_source": "osm"}}, {"type": "Feature", "geometry": {"type": "Polygon", "coordinates": [[[-118.5509381, 34.07567619999999], [-118.5509483, 34.0756673], [-118.5509774, 34.0756903], [-118.5509674, 34.075698999999986], [-118.5509761, 34.075705799999994], [-118.5509876, 34.075695700000004], [-118.5510275, 34.0757273], [-118.5510196, 34.07573419999999], [-118.55102370000002, 34.07573740000001], [-118.5508826, 34.0758593], [-118.5508393, 34.0758251], [-118.5508337, 34.075829999999996], [-118.5507938, 34.0757949], [-118.5509333, 34.0756724], [-118.5509381, 34.07567619999999]]]}, "properties": {"id": "palisades-000401", "damage_class": 0, "damage_label": "no-damage", "confidence": 0.85, "area_m2": 217.34, "centroid": [-118.550912, 34.075763], "confidence_tier": "high", "sources": {"heuristic": 1, "cnn": 0, "margin": 1.0}, "footprint_source": "osm"}}, {"type": "Feature", "geometry": {"type": "Polygon", "coordinates": [[[-118.5524271, 34.0766048], [-118.5524201, 34.0766126], [-118.5523752, 34.0765883], [-118.5523707, 34.0765933], [-118.5523327, 34.0765696], [-118.5523377, 34.0765641], [-118.5523266, 34.0765571], [-118.55244610000001, 34.07642410000001], [-118.5524819, 34.0764464], [-118.5524855, 34.07644229999999], [-118.55251429999998, 34.076460299999994], [-118.55252020000002, 34.0764537], [-118.55255200000002, 34.0764734], [-118.55254159999998, 34.0764853], [-118.5525456, 34.076487599999986], [-118.5524356, 34.076609999999995], [-118.5524271, 34.0766048]]]}, "properties": {"id": "palisades-000402", "damage_class": 0, "damage_label": "no-damage", "confidence": 1.0, "area_m2": 221.72, "centroid": [-118.552438, 34.07652], "confidence_tier": "high", "sources": {"heuristic": 0, "cnn": 0, "margin": 1.0}, "footprint_source": "osm"}}, {"type": "Feature", "geometry": {"type": "Polygon", "coordinates": [[[-118.55993600000001, 34.071524199999985], [-118.5599634, 34.0714895], [-118.5599673, 34.071491900000005], [-118.5599763, 34.071482], [-118.55996300000001, 34.0714735], [-118.5599928, 34.071441], [-118.5600066, 34.071449799999996], [-118.5600294, 34.071425], [-118.5600821, 34.071458500000006], [-118.5600878, 34.0714522], [-118.5601206, 34.0714731], [-118.5601162, 34.07147789999999], [-118.5601731, 34.0715141], [-118.5601294, 34.071561700000004], [-118.5601605, 34.0715814], [-118.56011090000001, 34.07163529999999], [-118.55993600000001, 34.071524199999985]]]}, "properties": {"id": "palisades-000403", "damage_class": 0, "damage_label": "no-damage", "confidence": 1.0, "area_m2": 271.62, "centroid": [-118.56006, 34.071526], "confidence_tier": "high", "sources": {"heuristic": 0, "cnn": 0, "margin": 1.0}, "footprint_source": "osm"}}, {"type": "Feature", "geometry": {"type": "Polygon", "coordinates": [[[-118.55100369999998, 34.075947799999994], [-118.55099969999999, 34.07595239999999], [-118.55095920000001, 34.0759277], [-118.55096349999998, 34.075922799999994], [-118.5509552, 34.075914100000006], [-118.55092449999998, 34.07589539999999], [-118.5509323, 34.075886499999996], [-118.5509236, 34.0758812], [-118.5510328, 34.075757], [-118.55103909999998, 34.0757608], [-118.5510478, 34.07575099999999], [-118.55107809999998, 34.0757694], [-118.55107239999998, 34.07577589999999], [-118.55110419999998, 34.07579530000001], [-118.55109939999998, 34.07580070000001], [-118.55113349999999, 34.0758212], [-118.5510158, 34.07595510000001], [-118.55100369999998, 34.075947799999994]]]}, "properties": {"id": "palisades-000404", "damage_class": 0, "damage_label": "no-damage", "confidence": 1.0, "area_m2": 223.77, "centroid": [-118.551026, 34.075854], "confidence_tier": "high", "sources": {"heuristic": 0, "cnn": 0, "margin": 1.0}, "footprint_source": "osm"}}, {"type": "Feature", "geometry": {"type": "Polygon", "coordinates": [[[-118.55140410000001, 34.076143099999996], [-118.5513997, 34.07614999999999], [-118.5513581, 34.07613159999999], [-118.55136219999999, 34.0761252], [-118.55135080000001, 34.07611700000001], [-118.55131599999999, 34.0761016], [-118.5513218, 34.0760926], [-118.5513137, 34.076088999999996], [-118.55141230000001, 34.0759433], [-118.55144499999999, 34.0759578], [-118.5514402, 34.0759654], [-118.55147589999999, 34.0759813], [-118.55147229999999, 34.07598689999999], [-118.5515111, 34.0760033], [-118.5514178, 34.076149199999996], [-118.55140410000001, 34.076143099999996]]]}, "properties": {"id": "palisades-000405", "damage_class": 0, "damage_label": "no-damage", "confidence": 1.0, "area_m2": 222.24, "centroid": [-118.551411, 34.07605], "confidence_tier": "high", "sources": {"heuristic": 0, "cnn": 0, "margin": 1.0}, "footprint_source": "osm"}}, {"type": "Feature", "geometry": {"type": "Polygon", "coordinates": [[[-118.5713236, 34.07701699999999], [-118.5711958, 34.077035699999996], [-118.57119289999999, 34.0770218], [-118.5711603, 34.07702660000001], [-118.57117300000002, 34.07708699999999], [-118.57122610000002, 34.0770793], [-118.57124650000002, 34.0771762], [-118.5710303, 34.0772077], [-118.57100500000001, 34.0770565], [-118.57099790000001, 34.077057599999996], [-118.57098319999999, 34.076987700000004], [-118.57099670000001, 34.0769858], [-118.57099030000002, 34.0769554], [-118.57105720000001, 34.0769456], [-118.5710635, 34.0769758], [-118.5713074, 34.07694020000001], [-118.5713236, 34.07701699999999]]]}, "properties": {"id": "palisades-000406", "damage_class": 0, "damage_label": "no-damage", "confidence": 1.0, "area_m2": 575.0, "centroid": [-118.571131, 34.077064], "confidence_tier": "high", "sources": {"heuristic": 0, "cnn": 0, "margin": 1.0}, "footprint_source": "osm"}}, {"type": "Feature", "geometry": {"type": "Polygon", "coordinates": [[[-118.57211690000001, 34.079964700000005], [-118.572102, 34.07993170000001], [-118.5721098, 34.079929299999996], [-118.5720748, 34.07986470000001], [-118.5720827, 34.079862299999995], [-118.57206950000001, 34.0798332], [-118.5721291, 34.07981459999999], [-118.5721252, 34.079806], [-118.5721693, 34.0797922], [-118.57217240000001, 34.0797992], [-118.57222640000002, 34.079782300000005], [-118.57230270000001, 34.07995089999999], [-118.5721907, 34.079986], [-118.57219500000001, 34.07999569999999], [-118.57215299999999, 34.0800088], [-118.57213100000001, 34.0799603], [-118.57211690000001, 34.079964700000005]]]}, "properties": {"id": "palisades-000407", "damage_class": 0, "damage_label": "no-damage", "confidence": 1.0, "area_m2": 324.52, "centroid": [-118.572184, 34.079892], "confidence_tier": "high", "sources": {"heuristic": 0, "cnn": 0, "margin": 1.0}, "footprint_source": "osm"}}, {"type": "Feature", "geometry": {"type": "Polygon", "coordinates": [[[-118.5473434, 34.0730336], [-118.5472051, 34.0729574], [-118.54725039999998, 34.0729004], [-118.54727649999998, 34.0729148], [-118.547296, 34.0728903], [-118.54735350000001, 34.0729219], [-118.547418, 34.07284089999999], [-118.5474628, 34.07286559999999], [-118.54747050000002, 34.07285589999999], [-118.54753470000001, 34.0728913], [-118.54747779999998, 34.072962700000005], [-118.5474892, 34.07296899999999], [-118.54747200000001, 34.0729907], [-118.54748820000002, 34.0729996], [-118.5474168, 34.0730828], [-118.5473386, 34.07303979999999], [-118.5473434, 34.0730336]]]}, "properties": {"id": "palisades-000408", "damage_class": 2, "damage_label": "major-damage", "confidence": 0.7, "area_m2": 402.73, "centroid": [-118.547384, 34.072957], "confidence_tier": "review", "sources": {"heuristic": 0, "cnn": 2, "margin": 1.0}, "footprint_source": "osm"}}, {"type": "Feature", "geometry": {"type": "Polygon", "coordinates": [[[-118.5483488, 34.071848100000004], [-118.5482901, 34.07179010000001], [-118.54844200000001, 34.071683699999994], [-118.5484824, 34.0717236], [-118.54850089999998, 34.071717299999996], [-118.548563, 34.0717852], [-118.54855150000002, 34.0717933], [-118.5485567, 34.0717983], [-118.5485063, 34.0718336], [-118.5485324, 34.071859399999994], [-118.54848310000001, 34.0718939], [-118.54845690000002, 34.07186800000001], [-118.54833070000001, 34.0719569], [-118.5482738, 34.071900599999985], [-118.5483488, 34.071848100000004]]]}, "properties": {"id": "palisades-000409", "damage_class": 0, "damage_label": "no-damage", "confidence": 1.0, "area_m2": 413.1, "centroid": [-118.548416, 34.071816], "confidence_tier": "high", "sources": {"heuristic": 0, "cnn": 0, "margin": 1.0}, "footprint_source": "osm"}}, {"type": "Feature", "geometry": {"type": "Polygon", "coordinates": [[[-118.5701501, 34.0782245], [-118.570136, 34.0782355], [-118.5700867, 34.078191800000006], [-118.57010050000001, 34.0781811], [-118.57006209999999, 34.0781469], [-118.5701087, 34.07811060000001], [-118.570109, 34.078099099999996], [-118.57012420000001, 34.07807759999999], [-118.5701558, 34.07805979999999], [-118.5701787, 34.078058399999996], [-118.57020490000001, 34.07803800000001], [-118.57015600000001, 34.07793259999999], [-118.5702419, 34.077904999999994], [-118.5702762, 34.0779791], [-118.57037770000001, 34.078070899999986], [-118.5701645, 34.0782372], [-118.5701501, 34.0782245]]]}, "properties": {"id": "palisades-000410", "damage_class": 0, "damage_label": "no-damage", "confidence": 0.85, "area_m2": 483.92, "centroid": [-118.570216, 34.078084], "confidence_tier": "high", "sources": {"heuristic": 1, "cnn": 0, "margin": 1.0}, "footprint_source": "osm"}}, {"type": "Feature", "geometry": {"type": "Polygon", "coordinates": [[[-118.55014409999998, 34.0732175], [-118.55013920000002, 34.0732218], [-118.5500692, 34.073166900000004], [-118.5500914, 34.073147299999995], [-118.55011, 34.0731619], [-118.55011559999998, 34.073156899999994], [-118.55009780000002, 34.073142999999995], [-118.550141, 34.0731048], [-118.55014760000002, 34.07310989999999], [-118.55015819999998, 34.07309889999999], [-118.5501532, 34.07309419999999], [-118.5502358, 34.0730222], [-118.5503234, 34.0730878], [-118.55027810000001, 34.073127299999996], [-118.5502909, 34.0731374], [-118.5501739, 34.073240799999994], [-118.55014409999998, 34.0732175]]]}, "properties": {"id": "palisades-000411", "damage_class": 0, "damage_label": "no-damage", "confidence": 0.85, "area_m2": 265.95, "centroid": [-118.5502, 34.073133], "confidence_tier": "high", "sources": {"heuristic": 1, "cnn": 0, "margin": 1.0}, "footprint_source": "osm"}}, {"type": "Feature", "geometry": {"type": "Polygon", "coordinates": [[[-118.552464, 34.068308300000005], [-118.55247849999999, 34.0683017], [-118.552443, 34.06824830000001], [-118.55249899999998, 34.068222799999994], [-118.55252479999999, 34.0682615], [-118.5526169, 34.068219400000004], [-118.55263870000002, 34.06825220000001], [-118.5526475, 34.0682482], [-118.5526747, 34.068289], [-118.5526547, 34.0682981], [-118.55267170000002, 34.06832360000001], [-118.55264840000001, 34.0683342], [-118.55266490000001, 34.068358999999994], [-118.55259139999998, 34.068392499999995], [-118.55258539999998, 34.0683834], [-118.55256070000002, 34.06839459999999], [-118.55257249999998, 34.0684123], [-118.5525423, 34.068426], [-118.552464, 34.068308300000005]]]}, "properties": {"id": "palisades-000412", "damage_class": 0, "damage_label": "no-damage", "confidence": 0.85, "area_m2": 284.96, "centroid": [-118.552564, 34.068311], "confidence_tier": "high", "sources": {"heuristic": 1, "cnn": 0, "margin": 1.0}, "footprint_source": "osm"}}, {"type": "Feature", "geometry": {"type": "Polygon", "coordinates": [[[-118.5729599, 34.078245], [-118.57293330000002, 34.07825979999999], [-118.57295010000001, 34.07828070000001], [-118.5729461, 34.0782973], [-118.5728111, 34.0783656], [-118.5727556, 34.0782897], [-118.57281870000001, 34.0782578], [-118.5728206, 34.07823889999999], [-118.57286760000001, 34.0782211], [-118.5728726, 34.0781838], [-118.57290569999999, 34.07816630000001], [-118.5729605, 34.078175399999985], [-118.5729847, 34.0781645], [-118.5729875, 34.07813900000001], [-118.57302659999999, 34.078116099999995], [-118.5730856, 34.0781859], [-118.57306250000002, 34.0781995], [-118.5730786, 34.0782186], [-118.57298199999998, 34.07827249999999], [-118.5729599, 34.078245]]]}, "properties": {"id": "palisades-000413", "damage_class": 0, "damage_label": "no-damage", "confidence": 0.7, "area_m2": 344.17, "centroid": [-118.572923, 34.078241], "confidence_tier": "review", "sources": {"heuristic": 2, "cnn": 0, "margin": 1.0}, "footprint_source": "osm"}}, {"type": "Feature", "geometry": {"type": "Polygon", "coordinates": [[[-118.5621833, 34.0739249], [-118.56209970000002, 34.07396270000001], [-118.56207390000002, 34.0739544], [-118.5620663, 34.07394179999999], [-118.5620284, 34.0739575], [-118.5619943, 34.0739006], [-118.56198540000001, 34.0739043], [-118.5619672, 34.07387400000001], [-118.56197330000002, 34.0738715], [-118.5619453, 34.073824899999984], [-118.56194010000002, 34.073827099999995], [-118.56193539999998, 34.0738193], [-118.5619772, 34.073802], [-118.5619717, 34.07379290000001], [-118.56201510000001, 34.07377489999999], [-118.56202019999999, 34.073783299999995], [-118.5620831, 34.07375720000001], [-118.5620864, 34.0737626], [-118.5620792, 34.07376559999999], [-118.5621833, 34.0739249]]]}, "properties": {"id": "palisades-000414", "damage_class": 0, "damage_label": "no-damage", "confidence": 1.0, "area_m2": 290.44, "centroid": [-118.56206, 34.073866], "confidence_tier": "high", "sources": {"heuristic": 0, "cnn": 0, "margin": 1.0}, "footprint_source": "osm"}}, {"type": "Feature", "geometry": {"type": "Polygon", "coordinates": [[[-118.54863319999998, 34.0719964], [-118.5485525, 34.07194619999999], [-118.5485983, 34.07189069999999], [-118.5486789, 34.0719404], [-118.54874350000001, 34.071890100000005], [-118.54875640000002, 34.07190309999999], [-118.54880959999998, 34.07186639999999], [-118.54888429999998, 34.0719413], [-118.5488755, 34.0719473], [-118.5488856, 34.0719574], [-118.54884499999999, 34.0719855], [-118.5488838, 34.0720244], [-118.5488231, 34.07206630000001], [-118.5488091, 34.0720523], [-118.54875320000001, 34.07209089999999], [-118.5487014, 34.0720389], [-118.54868680000001, 34.07204889999999], [-118.54863319999998, 34.0719964]]]}, "properties": {"id": "palisades-000415", "damage_class": 0, "damage_label": "no-damage", "confidence": 1.0, "area_m2": 408.47, "centroid": [-118.548743, 34.071974], "confidence_tier": "high", "sources": {"heuristic": 0, "cnn": 0, "margin": 1.0}, "footprint_source": "osm"}}, {"type": "Feature", "geometry": {"type": "Polygon", "coordinates": [[[-118.5717811, 34.0789741], [-118.5718212, 34.07892669999999], [-118.57181870000001, 34.0789057], [-118.5718645, 34.0788998], [-118.57193540000002, 34.07894579999999], [-118.57188710000001, 34.078997400000006], [-118.5718195, 34.078953600000006], [-118.5717522, 34.0790253], [-118.5717751, 34.0790401], [-118.5718231, 34.078988899999985], [-118.5718687, 34.079018500000004], [-118.5718224, 34.0790679], [-118.5718413, 34.07908019999999], [-118.57179769999999, 34.07912670000001], [-118.57175420000002, 34.0790985], [-118.5717126, 34.07914280000001], [-118.57165949999998, 34.07910840000001], [-118.5716475, 34.07903], [-118.57172350000002, 34.07894039999999], [-118.5717811, 34.0789741]]]}, "properties": {"id": "palisades-000416", "damage_class": 0, "damage_label": "no-damage", "confidence": 1.0, "area_m2": 332.35, "centroid": [-118.571771, 34.079023], "confidence_tier": "high", "sources": {"heuristic": 0, "cnn": 0, "margin": 1.0}, "footprint_source": "osm"}}, {"type": "Feature", "geometry": {"type": "Polygon", "coordinates": [[[-118.55087730000001, 34.07779130000001], [-118.55085699999998, 34.077779], [-118.5508454, 34.077792300000006], [-118.55077560000001, 34.077749999999995], [-118.55078330000002, 34.07774119999999], [-118.55077280000002, 34.0777348], [-118.550893, 34.0775974], [-118.55091150000001, 34.077608600000005], [-118.5509293, 34.077588299999995], [-118.55098110000002, 34.0776197], [-118.55096309999999, 34.07764029999999], [-118.5509866, 34.0776339], [-118.55100720000002, 34.077645999999994], [-118.55100849999998, 34.077667099999985], [-118.55104050000001, 34.0776873], [-118.55096130000001, 34.0777777], [-118.5509911, 34.07779579999999], [-118.550951, 34.0778414], [-118.5508742, 34.07779479999999], [-118.55087730000001, 34.07779130000001]]]}, "properties": {"id": "palisades-000417", "damage_class": 0, "damage_label": "no-damage", "confidence": 1.0, "area_m2": 370.04, "centroid": [-118.550911, 34.077712], "confidence_tier": "high", "sources": {"heuristic": 0, "cnn": 0, "margin": 1.0}, "footprint_source": "osm"}}, {"type": "Feature", "geometry": {"type": "Polygon", "coordinates": [[[-118.5501085, 34.0729366], [-118.5501145, 34.0729322], [-118.5501401, 34.07294639999999], [-118.55018549999998, 34.07299699999999], [-118.5501487, 34.073026], [-118.55016530000002, 34.0730407], [-118.55006339999998, 34.0731347], [-118.55004200000002, 34.0731187], [-118.5500335, 34.07312659999999], [-118.5500131, 34.0731113], [-118.5500068, 34.07311709999999], [-118.5499683, 34.073088299999995], [-118.54997369999998, 34.0730832], [-118.5499513, 34.073067], [-118.55010290000001, 34.072932300000005], [-118.5501085, 34.0729366]]]}, "properties": {"id": "palisades-000418", "damage_class": 0, "damage_label": "no-damage", "confidence": 0.7, "area_m2": 251.6, "centroid": [-118.550074, 34.073036], "confidence_tier": "review", "sources": {"heuristic": 2, "cnn": 0, "margin": 1.0}, "footprint_source": "osm"}}, {"type": "Feature", "geometry": {"type": "Polygon", "coordinates": [[[-118.5698769, 34.079691700000005], [-118.56988140000001, 34.0796785], [-118.56983410000001, 34.079667099999995], [-118.56981870000001, 34.079676600000006], [-118.5697929, 34.079672], [-118.5697832, 34.079652100000004], [-118.5697893, 34.0796321], [-118.56975180000002, 34.07962419999999], [-118.56979740000001, 34.0794747], [-118.56991659999998, 34.07949990000001], [-118.56991050000002, 34.0795197], [-118.5699944, 34.07953740000001], [-118.569992, 34.079545100000004], [-118.5700572, 34.07955879999999], [-118.5700448, 34.07959939999999], [-118.5700287, 34.079596], [-118.5700019, 34.0796838], [-118.56998880000002, 34.07968100000001], [-118.56997809999999, 34.0797159], [-118.5698769, 34.079691700000005]]]}, "properties": {"id": "palisades-000419", "damage_class": 0, "damage_label": "no-damage", "confidence": 1.0, "area_m2": 461.3, "centroid": [-118.569896, 34.079596], "confidence_tier": "high", "sources": {"heuristic": 0, "cnn": 0, "margin": 1.0}, "footprint_source": "osm"}}, {"type": "Feature", "geometry": {"type": "Polygon", "coordinates": [[[-118.5596666, 34.0780263], [-118.55956150000002, 34.0781479], [-118.55949390000002, 34.07810620000001], [-118.55950360000001, 34.0780953], [-118.5594498, 34.078061999999996], [-118.5595277, 34.07797459999999], [-118.5595371, 34.0779805], [-118.5595505, 34.0779655], [-118.55954109999999, 34.077956500000006], [-118.5595647, 34.0779317], [-118.5595824, 34.0779303], [-118.55959960000001, 34.0779423], [-118.5596019, 34.07796079999999], [-118.5595947, 34.0779695], [-118.5596097, 34.077979], [-118.55960320000001, 34.0779862], [-118.5596666, 34.0780263]]]}, "properties": {"id": "palisades-000420", "damage_class": 3, "damage_label": "destroyed", "confidence": 0.7, "area_m2": 237.6, "centroid": [-118.559559, 34.078042], "confidence_tier": "review", "sources": {"heuristic": 0, "cnn": 3, "margin": 1.0}, "footprint_source": "osm"}}, {"type": "Feature", "geometry": {"type": "Polygon", "coordinates": [[[-118.55023520000002, 34.0764572], [-118.5501475, 34.076600299999996], [-118.5501121, 34.0765848], [-118.5500941, 34.07661349999999], [-118.5499896, 34.07656779999999], [-118.5500962, 34.076398899999994], [-118.55010290000001, 34.0764019], [-118.55012990000002, 34.0763592], [-118.5501897, 34.07638540000001], [-118.5501717, 34.07641689999999], [-118.5501863, 34.07642009999999], [-118.55019380000002, 34.07643800000001], [-118.5502002, 34.0764354], [-118.55023520000002, 34.0764572]]]}, "properties": {"id": "palisades-000421", "damage_class": 0, "damage_label": "no-damage", "confidence": 0.85, "area_m2": 333.69, "centroid": [-118.550117, 34.076497], "confidence_tier": "high", "sources": {"heuristic": 1, "cnn": 0, "margin": 1.0}, "footprint_source": "osm"}}, {"type": "Feature", "geometry": {"type": "Polygon", "coordinates": [[[-118.5501827, 34.07086659999999], [-118.5501816, 34.070857999999994], [-118.55019470000002, 34.070856799999994], [-118.55019410000001, 34.07085210000001], [-118.5502406, 34.070847999999984], [-118.55025560000001, 34.070849100000004], [-118.55025690000001, 34.0708589], [-118.55030280000001, 34.07085479999999], [-118.5503102, 34.0709121], [-118.55032550000001, 34.0709108], [-118.5503388, 34.07101290000001], [-118.5503083, 34.0710156], [-118.55031209999999, 34.0710452], [-118.55033669999999, 34.071043], [-118.55034290000002, 34.0710911], [-118.55029790000002, 34.07109510000001], [-118.550295, 34.071072799999996], [-118.5502699, 34.07107499999999], [-118.55026740000001, 34.0710559], [-118.5501562, 34.0710658], [-118.5501377, 34.070922499999995], [-118.5501577, 34.070920699999995], [-118.5501511, 34.0708694], [-118.5501827, 34.07086659999999]]]}, "properties": {"id": "palisades-000422", "damage_class": 0, "damage_label": "no-damage", "confidence": 1.0, "area_m2": 381.97, "centroid": [-118.55024, 34.070966], "confidence_tier": "high", "sources": {"heuristic": 0, "cnn": 0, "margin": 1.0}, "footprint_source": "osm"}}, {"type": "Feature", "geometry": {"type": "Polygon", "coordinates": [[[-118.5501943, 34.0719159], [-118.5502231, 34.0718949], [-118.5503311, 34.07198859999999], [-118.550278, 34.07202719999999], [-118.55028230000002, 34.0720313], [-118.55020460000001, 34.0720946], [-118.55020910000002, 34.07209889999998], [-118.5501505, 34.07214150000001], [-118.5501034, 34.072096699999996], [-118.5500985, 34.07210020000001], [-118.5500662, 34.0720743], [-118.5500056, 34.07200789999999], [-118.5501672, 34.07189019999999], [-118.5501943, 34.0719159]]]}, "properties": {"id": "palisades-000423", "damage_class": 0, "damage_label": "no-damage", "confidence": 1.0, "area_m2": 438.93, "centroid": [-118.550167, 34.072008], "confidence_tier": "high", "sources": {"heuristic": 0, "cnn": 0, "margin": 1.0}, "footprint_source": "osm"}}, {"type": "Feature", "geometry": {"type": "Polygon", "coordinates": [[[-118.5633734, 34.073116999999996], [-118.56336820000001, 34.07311910000001], [-118.56342850000001, 34.07321739999999], [-118.56330310000001, 34.0732709], [-118.56327730000001, 34.073225], [-118.5632916, 34.0732194], [-118.56325480000001, 34.07315400000001], [-118.5633012, 34.073136], [-118.56329380000001, 34.07312280000001], [-118.5632831, 34.0731269], [-118.5632517, 34.07307099999999], [-118.5633303, 34.0730404], [-118.5633734, 34.073116999999996]]]}, "properties": {"id": "palisades-000424", "damage_class": 0, "damage_label": "no-damage", "confidence": 1.0, "area_m2": 226.39, "centroid": [-118.563331, 34.073161], "confidence_tier": "high", "sources": {"heuristic": 0, "cnn": 0, "margin": 1.0}, "footprint_source": "osm"}}, {"type": "Feature", "geometry": {"type": "Polygon", "coordinates": [[[-118.57024630000001, 34.0757972], [-118.5702939, 34.075756299999995], [-118.5702359, 34.0757095], [-118.570218, 34.0757249], [-118.5701637, 34.07568109999999], [-118.5702875, 34.075574800000005], [-118.5702983, 34.07558349999999], [-118.57030719999999, 34.07557589999999], [-118.57033899999999, 34.07560149999998], [-118.57033030000001, 34.07560899999999], [-118.5703422, 34.07561869999999], [-118.5703194, 34.07563830000001], [-118.5703812, 34.075688], [-118.57041870000002, 34.07565579999999], [-118.5704327, 34.0756672], [-118.57044250000001, 34.0756588], [-118.5704741, 34.0756843], [-118.57046260000001, 34.0756942], [-118.57047420000002, 34.075703499999996], [-118.5703076, 34.07584669999999], [-118.57024630000001, 34.0757972]]]}, "properties": {"id": "palisades-000425", "damage_class": 0, "damage_label": "no-damage", "confidence": 1.0, "area_m2": 380.15, "centroid": [-118.570317, 34.075706], "confidence_tier": "high", "sources": {"heuristic": 0, "cnn": 0, "margin": 1.0}, "footprint_source": "osm"}}, {"type": "Feature", "geometry": {"type": "Polygon", "coordinates": [[[-118.5465762, 34.07553310000001], [-118.54649060000001, 34.0755765], [-118.5464467, 34.0755164], [-118.54648640000002, 34.075496300000005], [-118.546492, 34.0755039], [-118.54652480000001, 34.07548729999999], [-118.5465151, 34.075474], [-118.5465058, 34.07547869999999], [-118.54647870000001, 34.0754416], [-118.5464914, 34.0754352], [-118.5464704, 34.07540639999999], [-118.5466273, 34.0753269], [-118.5466592, 34.075364], [-118.5466707, 34.07535819999999], [-118.54672079999999, 34.07542660000001], [-118.54670570000002, 34.0754342], [-118.54672010000002, 34.0754537], [-118.54657280000002, 34.0755284], [-118.5465762, 34.07553310000001]]]}, "properties": {"id": "palisades-000426", "damage_class": 0, "damage_label": "no-damage", "confidence": 0.85, "area_m2": 362.65, "centroid": [-118.546582, 34.075446], "confidence_tier": "high", "sources": {"heuristic": 1, "cnn": 0, "margin": 1.0}, "footprint_source": "osm"}}, {"type": "Feature", "geometry": {"type": "Polygon", "coordinates": [[[-118.55088290000002, 34.07670559999999], [-118.55088030000002, 34.07672109999999], [-118.5507695, 34.07689580000001], [-118.5507059, 34.07686709999999], [-118.5507343, 34.07681850000001], [-118.55072340000001, 34.076808400000004], [-118.5507227, 34.0767967], [-118.55067440000002, 34.076774799999995], [-118.550743, 34.07665889999999], [-118.5507475, 34.07666099999999], [-118.5507676, 34.0766301], [-118.5508649, 34.07667409999999], [-118.55085480000001, 34.07668949999999], [-118.550873, 34.0766934], [-118.55088290000002, 34.07670559999999]]]}, "properties": {"id": "palisades-000427", "damage_class": 0, "damage_label": "no-damage", "confidence": 1.0, "area_m2": 305.29, "centroid": [-118.550779, 34.076754], "confidence_tier": "high", "sources": {"heuristic": 0, "cnn": 0, "margin": 1.0}, "footprint_source": "osm"}}, {"type": "Feature", "geometry": {"type": "Polygon", "coordinates": [[[-118.5624206, 34.0736759], [-118.56243969999998, 34.073667099999994], [-118.5624712, 34.0737144], [-118.562462, 34.0737187], [-118.56253779999999, 34.073832700000004], [-118.5625315, 34.073835599999995], [-118.56253779999999, 34.073845], [-118.5624716, 34.07387549999999], [-118.5624651, 34.073865700000006], [-118.5624592, 34.0738684], [-118.5624013, 34.07378140000001], [-118.5623513, 34.07380450000001], [-118.5622866, 34.073712500000006], [-118.5623177, 34.07369820000001], [-118.5623105, 34.0736874], [-118.56236619999999, 34.0736617], [-118.56237459999998, 34.07367440000001], [-118.56240900000002, 34.0736585], [-118.5624206, 34.0736759]]]}, "properties": {"id": "palisades-000428", "damage_class": 1, "damage_label": "minor-damage", "confidence": 0.85, "area_m2": 271.97, "centroid": [-118.562416, 34.073757], "confidence_tier": "high", "sources": {"heuristic": 2, "cnn": 1, "margin": 1.0}, "footprint_source": "osm"}}, {"type": "Feature", "geometry": {"type": "Polygon", "coordinates": [[[-118.5494638, 34.072254599999994], [-118.54951079999998, 34.0722383], [-118.5495073, 34.0722315], [-118.54952660000001, 34.0722248], [-118.5495288, 34.072229199999995], [-118.54954760000001, 34.072222700000005], [-118.54955680000002, 34.07224110000001], [-118.5496033, 34.072225], [-118.5496144, 34.072247000000004], [-118.54962200000001, 34.07224440000001], [-118.54963939999999, 34.0722659], [-118.5496474, 34.0723094], [-118.54943540000001, 34.0723842], [-118.54939229999998, 34.072299599999994], [-118.54942190000001, 34.07228920000001], [-118.54941050000001, 34.072267999999994], [-118.5494617, 34.07225030000001], [-118.5494638, 34.072254599999994]]]}, "properties": {"id": "palisades-000429", "damage_class": 0, "damage_label": "no-damage", "confidence": 0.7, "area_m2": 255.14, "centroid": [-118.549518, 34.072298], "confidence_tier": "review", "sources": {"heuristic": 3, "cnn": 0, "margin": 1.0}, "footprint_source": "osm"}}, {"type": "Feature", "geometry": {"type": "Polygon", "coordinates": [[[-118.54949119999999, 34.0724187], [-118.54948130000001, 34.0724001], [-118.5496612, 34.072335], [-118.5496753, 34.072364599999986], [-118.54968260000001, 34.0723619], [-118.5497098, 34.0724229], [-118.54967930000001, 34.0724324], [-118.5496818, 34.07243809999999], [-118.54965109999999, 34.072445099999996], [-118.5496581, 34.0724606], [-118.5496419, 34.072465599999994], [-118.54964389999999, 34.0724701], [-118.5496248, 34.0724762], [-118.5496225, 34.072472], [-118.5495053, 34.0725156], [-118.5494907, 34.07248469999999], [-118.5494824, 34.0724879], [-118.549453, 34.0724329], [-118.54949119999999, 34.0724187]]]}, "properties": {"id": "palisades-000430", "damage_class": 0, "damage_label": "no-damage", "confidence": 0.7, "area_m2": 257.94, "centroid": [-118.549582, 34.072425], "confidence_tier": "review", "sources": {"heuristic": 2, "cnn": 0, "margin": 1.0}, "footprint_source": "osm"}}, {"type": "Feature", "geometry": {"type": "Polygon", "coordinates": [[[-118.557865, 34.0718821], [-118.5578698, 34.071894], [-118.55790860000002, 34.0718833], [-118.5579154, 34.07190009999999], [-118.5579379, 34.07189389999999], [-118.55800500000001, 34.0720753], [-118.55792409999998, 34.0720976], [-118.557922, 34.0720922], [-118.55788520000002, 34.07210239999999], [-118.5578679, 34.0720589], [-118.55784950000002, 34.072064], [-118.5578324, 34.0720213], [-118.5578248, 34.07202339999999], [-118.55780370000001, 34.0719704], [-118.5577957, 34.0719726], [-118.5577769, 34.0719255], [-118.55781119999999, 34.0719161], [-118.55780429999999, 34.0718989], [-118.557865, 34.0718821]]]}, "properties": {"id": "palisades-000431", "damage_class": 0, "damage_label": "no-damage", "confidence": 1.0, "area_m2": 311.51, "centroid": [-118.557894, 34.071989], "confidence_tier": "high", "sources": {"heuristic": 0, "cnn": 0, "margin": 1.0}, "footprint_source": "osm"}}, {"type": "Feature", "geometry": {"type": "Polygon", "coordinates": [[[-118.5686172, 34.0793491], [-118.56862520000001, 34.0793505], [-118.56864990000001, 34.079248], [-118.56873839999999, 34.0792627], [-118.56873959999999, 34.07925779999999], [-118.568767, 34.0792623], [-118.56877259999999, 34.0792737], [-118.5688546, 34.0792874], [-118.56885089999999, 34.0793027], [-118.5688601, 34.07930420000001], [-118.56884390000002, 34.0793714], [-118.5689476, 34.079388800000004], [-118.5689299, 34.0794624], [-118.5688104, 34.07944239999999], [-118.5688125, 34.07943370000001], [-118.56873990000001, 34.07942160000001], [-118.5687367, 34.0794349], [-118.5686019, 34.0794124], [-118.5686172, 34.0793491]]]}, "properties": {"id": "palisades-000432", "damage_class": 0, "damage_label": "no-damage", "confidence": 1.0, "area_m2": 450.39, "centroid": [-118.568761, 34.07936], "confidence_tier": "high", "sources": {"heuristic": 0, "cnn": 0, "margin": 1.0}, "footprint_source": "osm"}}, {"type": "Feature", "geometry": {"type": "Polygon", "coordinates": [[[-118.55071410000001, 34.0733505], [-118.5506893, 34.0733721], [-118.5506827, 34.0733668], [-118.5506771, 34.0733716], [-118.55070420000001, 34.0733933], [-118.55062220000002, 34.07346450000001], [-118.550615, 34.073458699999996], [-118.55060120000002, 34.073470699999994], [-118.55060720000002, 34.0734755], [-118.55056830000001, 34.0735093], [-118.55055230000002, 34.0734965], [-118.5505207, 34.07352389999999], [-118.55046590000002, 34.0734802], [-118.5504709, 34.07347589999999], [-118.55044349999999, 34.07345399999999], [-118.5505615, 34.07335150000001], [-118.5505766, 34.073363600000015], [-118.5506221, 34.07332399999999], [-118.5506087, 34.0733133], [-118.5506368, 34.073288899999994], [-118.55071410000001, 34.0733505]]]}, "properties": {"id": "palisades-000433", "damage_class": 0, "damage_label": "no-damage", "confidence": 1.0, "area_m2": 295.65, "centroid": [-118.550584, 34.073413], "confidence_tier": "high", "sources": {"heuristic": 0, "cnn": 0, "margin": 1.0}, "footprint_source": "osm"}}, {"type": "Feature", "geometry": {"type": "Polygon", "coordinates": [[[-118.5620707, 34.0746472], [-118.56189599999999, 34.0747093], [-118.56188220000001, 34.0746838], [-118.56185240000002, 34.074695], [-118.5618235, 34.074641500000006], [-118.56185120000002, 34.0746312], [-118.56183729999998, 34.074605299999995], [-118.56185480000002, 34.0745987], [-118.56184920000001, 34.074588299999995], [-118.5619379, 34.074555100000005], [-118.5619432, 34.074565], [-118.5620062, 34.0745415], [-118.56203280000001, 34.0745908], [-118.5620533, 34.0745883], [-118.5620794, 34.0746366], [-118.5620674, 34.074641], [-118.5620707, 34.0746472]]]}, "properties": {"id": "palisades-000434", "damage_class": 0, "damage_label": "no-damage", "confidence": 1.0, "area_m2": 262.14, "centroid": [-118.561947, 34.074626], "confidence_tier": "high", "sources": {"heuristic": 0, "cnn": 0, "margin": 1.0}, "footprint_source": "osm"}}, {"type": "Feature", "geometry": {"type": "Polygon", "coordinates": [[[-118.56042100000002, 34.078198199999996], [-118.5604443, 34.07818329999999], [-118.5604368, 34.07817510000001], [-118.56046010000001, 34.0781602], [-118.56046480000002, 34.0781654], [-118.5604726, 34.0781605], [-118.5605392, 34.078233199999985], [-118.56054550000002, 34.0782292], [-118.5605568, 34.0782416], [-118.560546, 34.07824839999999], [-118.5605653, 34.078269500000005], [-118.5605262, 34.078294299999996], [-118.56053110000002, 34.07829969999999], [-118.5604606, 34.0783376], [-118.5604369, 34.0783117], [-118.56043220000001, 34.07831470000001], [-118.56032530000002, 34.07819800000001], [-118.56038570000001, 34.07815969999999], [-118.56042100000002, 34.078198199999996]]]}, "properties": {"id": "palisades-000435", "damage_class": 0, "damage_label": "no-damage", "confidence": 1.0, "area_m2": 234.48, "centroid": [-118.560451, 34.078242], "confidence_tier": "high", "sources": {"heuristic": 0, "cnn": 0, "margin": 1.0}, "footprint_source": "osm"}}, {"type": "Feature", "geometry": {"type": "Polygon", "coordinates": [[[-118.5475715, 34.0754992], [-118.5475741, 34.07550260000001], [-118.54747290000002, 34.075552], [-118.5474202, 34.0754843], [-118.5473554, 34.075518900000006], [-118.5473129, 34.0754637], [-118.5475529, 34.07533900000001], [-118.5475812, 34.07537579999999], [-118.547567, 34.07538329999999], [-118.5475966, 34.0754216], [-118.5475895, 34.07542540000001], [-118.5476246, 34.075470899999985], [-118.5475715, 34.0754992]]]}, "properties": {"id": "palisades-000436", "damage_class": 0, "damage_label": "no-damage", "confidence": 0.7, "area_m2": 339.58, "centroid": [-118.547484, 34.075451], "confidence_tier": "review", "sources": {"heuristic": 2, "cnn": 0, "margin": 1.0}, "footprint_source": "osm"}}, {"type": "Feature", "geometry": {"type": "Polygon", "coordinates": [[[-118.55557860000002, 34.0745979], [-118.5555791, 34.07461049999999], [-118.5555026, 34.0746126], [-118.55550529999998, 34.07468159999999], [-118.55537860000001, 34.0746851], [-118.555379, 34.0746944], [-118.55531430000002, 34.07469619999999], [-118.55530870000001, 34.0745541], [-118.5553317, 34.0745534], [-118.55534200000001, 34.074532], [-118.5553624, 34.074529899999995], [-118.55537860000001, 34.07453529999999], [-118.5553781, 34.0745232], [-118.5555746, 34.07451789999999], [-118.5555755, 34.074539399999985], [-118.55565430000001, 34.074537600000006], [-118.55565660000002, 34.07459579999999], [-118.55557860000002, 34.0745979]]]}, "properties": {"id": "palisades-000437", "damage_class": 0, "damage_label": "no-damage", "confidence": 0.7, "area_m2": 431.16, "centroid": [-118.555453, 34.074596], "confidence_tier": "review", "sources": {"heuristic": 2, "cnn": 0, "margin": 1.0}, "footprint_source": "osm"}}, {"type": "Feature", "geometry": {"type": "Polygon", "coordinates": [[[-118.55254900000001, 34.074912099999985], [-118.55253799999998, 34.0748806], [-118.5525234, 34.0748866], [-118.55249050000002, 34.0748313], [-118.5525582, 34.0748033], [-118.5525813, 34.074842100000005], [-118.5525753, 34.074856399999994], [-118.55258810000001, 34.0748863], [-118.55264110000002, 34.0748549], [-118.55262799999998, 34.07483959999999], [-118.5526216, 34.0748434], [-118.55258890000002, 34.0747911], [-118.55270470000002, 34.0747411], [-118.55274, 34.074783700000005], [-118.552746, 34.07478030000001], [-118.5528189, 34.0748748], [-118.5526197, 34.0749939], [-118.55254900000001, 34.074912099999985]]]}, "properties": {"id": "palisades-000438", "damage_class": 0, "damage_label": "no-damage", "confidence": 1.0, "area_m2": 414.73, "centroid": [-118.552661, 34.074864], "confidence_tier": "high", "sources": {"heuristic": 0, "cnn": 0, "margin": 1.0}, "footprint_source": "osm"}}, {"type": "Feature", "geometry": {"type": "Polygon", "coordinates": [[[-118.5479341, 34.0783201], [-118.5479793, 34.0783822], [-118.547879, 34.0784328], [-118.54787049999999, 34.07842109999999], [-118.54781859999999, 34.0784473], [-118.5478242, 34.078455000000005], [-118.54779640000001, 34.078468999999984], [-118.5477814, 34.0784682], [-118.5477568, 34.078480599999985], [-118.5477531, 34.078475499999996], [-118.5477332, 34.078485500000006], [-118.54770540000001, 34.0784473], [-118.5477142, 34.0784429], [-118.54768510000001, 34.07840289999999], [-118.54770120000002, 34.07839479999999], [-118.54766850000001, 34.07834980000001], [-118.54781400000002, 34.0782757], [-118.54786980000002, 34.07835250000001], [-118.5479341, 34.0783201]]]}, "properties": {"id": "palisades-000439", "damage_class": 0, "damage_label": "no-damage", "confidence": 1.0, "area_m2": 347.55, "centroid": [-118.547807, 34.078381], "confidence_tier": "high", "sources": {"heuristic": 0, "cnn": 0, "margin": 1.0}, "footprint_source": "osm"}}, {"type": "Feature", "geometry": {"type": "Polygon", "coordinates": [[[-118.5602917, 34.07303799999998], [-118.560166, 34.07299359999999], [-118.56018, 34.072963099999996], [-118.56017470000002, 34.07296139999999], [-118.5602379, 34.072834799999995], [-118.5602781, 34.0728475], [-118.5602893, 34.0728278], [-118.56032260000002, 34.0728245], [-118.5603613, 34.07284669999999], [-118.5603506, 34.072870400000006], [-118.56036590000001, 34.0728752], [-118.5602917, 34.07303799999998]]]}, "properties": {"id": "palisades-000440", "damage_class": 0, "damage_label": "no-damage", "confidence": 1.0, "area_m2": 265.64, "centroid": [-118.560269, 34.072928], "confidence_tier": "high", "sources": {"heuristic": 0, "cnn": 0, "margin": 1.0}, "footprint_source": "osm"}}, {"type": "Feature", "geometry": {"type": "Polygon", "coordinates": [[[-118.5482162, 34.076220400000004], [-118.54822849999998, 34.07621219999999], [-118.5482579, 34.07623329999999], [-118.54825320000002, 34.07623789999999], [-118.5483084, 34.076277499999996], [-118.54810570000001, 34.07647130000001], [-118.54804230000002, 34.0764258], [-118.5480506, 34.076417799999994], [-118.5480453, 34.076414], [-118.54810359999999, 34.0763583], [-118.5480602, 34.0763272], [-118.54807930000001, 34.076308999999995], [-118.5480549, 34.076291499999996], [-118.5481665, 34.076184700000006], [-118.5482162, 34.076220400000004]]]}, "properties": {"id": "palisades-000441", "damage_class": 0, "damage_label": "no-damage", "confidence": 0.85, "area_m2": 385.59, "centroid": [-118.548161, 34.076318], "confidence_tier": "high", "sources": {"heuristic": 1, "cnn": 0, "margin": 1.0}, "footprint_source": "osm"}}, {"type": "Feature", "geometry": {"type": "Polygon", "coordinates": [[[-118.57299030000001, 34.0791303], [-118.5729973, 34.0791406], [-118.57295669999999, 34.07915989999999], [-118.5729427, 34.0791395], [-118.5729118, 34.0791542], [-118.5728843, 34.0791142], [-118.5728774, 34.0791175], [-118.57279860000001, 34.0790025], [-118.5728431, 34.0789814], [-118.5728596, 34.079005599999995], [-118.5729089, 34.078982200000006], [-118.5729149, 34.078990899999994], [-118.5729638, 34.07896769999999], [-118.5729898, 34.0790057], [-118.57298100000001, 34.0790099], [-118.5729994, 34.079036800000004], [-118.5731048, 34.07898689999999], [-118.573147, 34.0790485], [-118.57313740000001, 34.079052999999995], [-118.5731413, 34.07905860000001], [-118.57299030000001, 34.0791303]]]}, "properties": {"id": "palisades-000442", "damage_class": 0, "damage_label": "no-damage", "confidence": 1.0, "area_m2": 362.15, "centroid": [-118.572966, 34.079057], "confidence_tier": "high", "sources": {"heuristic": 0, "cnn": 0, "margin": 1.0}, "footprint_source": "osm"}}, {"type": "Feature", "geometry": {"type": "Polygon", "coordinates": [[[-118.55959390000001, 34.07190009999999], [-118.5595514, 34.07194139999999], [-118.55956359999999, 34.07195049999999], [-118.5595292, 34.0719827], [-118.5595219, 34.0719773], [-118.5594947, 34.0720027], [-118.559408, 34.0719404], [-118.5594129, 34.071935800000006], [-118.55935660000002, 34.07189410000001], [-118.5594012, 34.0718525], [-118.5593723, 34.0718311], [-118.5594291, 34.071777999999995], [-118.55959390000001, 34.07190009999999]]]}, "properties": {"id": "palisades-000443", "damage_class": 0, "damage_label": "no-damage", "confidence": 1.0, "area_m2": 280.08, "centroid": [-118.559471, 34.071893], "confidence_tier": "high", "sources": {"heuristic": 0, "cnn": 0, "margin": 1.0}, "footprint_source": "osm"}}, {"type": "Feature", "geometry": {"type": "Polygon", "coordinates": [[[-118.5597195, 34.073096899999996], [-118.5598082, 34.07312569999999], [-118.5597797, 34.0731865], [-118.5598206, 34.07320330000001], [-118.5597409, 34.0733543], [-118.5597117, 34.0733449], [-118.5596919, 34.073319399999995], [-118.55963990000001, 34.0733011], [-118.55968570000002, 34.07320550000001], [-118.559671, 34.0732003], [-118.5597195, 34.073096899999996]]]}, "properties": {"id": "palisades-000444", "damage_class": 0, "damage_label": "no-damage", "confidence": 1.0, "area_m2": 265.95, "centroid": [-118.559733, 34.073225], "confidence_tier": "high", "sources": {"heuristic": 0, "cnn": 0, "margin": 1.0}, "footprint_source": "osm"}}, {"type": "Feature", "geometry": {"type": "Polygon", "coordinates": [[[-118.55092350000001, 34.073284199999996], [-118.55095589999999, 34.0733054], [-118.5509617, 34.07329920000001], [-118.55099430000001, 34.0733205], [-118.55099969999999, 34.07331479999999], [-118.5510315, 34.073335500000006], [-118.55100830000002, 34.07336709999999], [-118.55091060000001, 34.07346879999999], [-118.5509039, 34.0734645], [-118.5508957, 34.07347319999999], [-118.55085090000001, 34.073444], [-118.55084430000001, 34.073451000000006], [-118.55080740000001, 34.07342690000001], [-118.5508138, 34.07342009999999], [-118.5508025, 34.073412700000006], [-118.55092350000001, 34.073284199999996]]]}, "properties": {"id": "palisades-000445", "damage_class": 0, "damage_label": "no-damage", "confidence": 1.0, "area_m2": 224.41, "centroid": [-118.550915, 34.073379], "confidence_tier": "high", "sources": {"heuristic": 0, "cnn": 0, "margin": 1.0}, "footprint_source": "osm"}}, {"type": "Feature", "geometry": {"type": "Polygon", "coordinates": [[[-118.54819599999999, 34.072895], [-118.5481685, 34.07287899999999], [-118.54818669999999, 34.0728573], [-118.5481626, 34.072843299999995], [-118.54817680000001, 34.0728264], [-118.54816600000001, 34.0728201], [-118.54824699999999, 34.07272710000001], [-118.54825200000002, 34.0727301], [-118.5482633, 34.0727172], [-118.5483024, 34.0727408], [-118.54830540000002, 34.0727373], [-118.5483381, 34.0727477], [-118.548347, 34.072761199999995], [-118.54833850000001, 34.072770399999996], [-118.54838359999998, 34.0727964], [-118.54825539999999, 34.0729446], [-118.5481876, 34.0729051], [-118.54819599999999, 34.072895]]]}, "properties": {"id": "palisades-000446", "damage_class": 0, "damage_label": "no-damage", "confidence": 0.85, "area_m2": 284.53, "centroid": [-118.548264, 34.072827], "confidence_tier": "high", "sources": {"heuristic": 1, "cnn": 0, "margin": 1.0}, "footprint_source": "osm"}}, {"type": "Feature", "geometry": {"type": "Polygon", "coordinates": [[[-118.55217250000001, 34.0740689], [-118.55209479999999, 34.0740943], [-118.55206419999999, 34.07402939999999], [-118.55210230000002, 34.074017], [-118.5520908, 34.0739925], [-118.55209549999998, 34.0739909], [-118.55206560000002, 34.0739362], [-118.5521444, 34.0739064], [-118.5521471, 34.0739114], [-118.55220060000002, 34.0738912], [-118.55220409999998, 34.0738975], [-118.5522512, 34.0738797], [-118.5522537, 34.0738843], [-118.5522632, 34.07388069999998], [-118.55228359999998, 34.07391809999999], [-118.5522924, 34.073916200000006], [-118.55230960000002, 34.073947499999996], [-118.5522947, 34.0739531], [-118.5523275, 34.07401320000001], [-118.55217040000001, 34.0740645], [-118.55217250000001, 34.0740689]]]}, "properties": {"id": "palisades-000447", "damage_class": 0, "damage_label": "no-damage", "confidence": 0.7, "area_m2": 356.59, "centroid": [-118.552188, 34.073982], "confidence_tier": "review", "sources": {"heuristic": 2, "cnn": 0, "margin": 1.0}, "footprint_source": "osm"}}, {"type": "Feature", "geometry": {"type": "Polygon", "coordinates": [[[-118.56366890000001, 34.0745262], [-118.5636729, 34.07453309999999], [-118.563679, 34.074530599999996], [-118.5637664, 34.07468319999999], [-118.56370870000002, 34.07470609999999], [-118.56370429999998, 34.0746985], [-118.5636526, 34.0747191], [-118.56366680000001, 34.074743999999995], [-118.5635883, 34.07477519999999], [-118.56357400000002, 34.07475019999999], [-118.56352429999998, 34.07476989999999], [-118.5635284, 34.07477709999999], [-118.5634692, 34.0748006], [-118.5634239, 34.074721600000004], [-118.56343690000001, 34.0747164], [-118.56343360000001, 34.0747107], [-118.56342100000002, 34.0747157], [-118.5633837, 34.074650600000005], [-118.5633888, 34.0746486], [-118.56338350000001, 34.074639399999995], [-118.56366890000001, 34.0745262]]]}, "properties": {"id": "palisades-000448", "damage_class": 0, "damage_label": "no-damage", "confidence": 1.0, "area_m2": 599.64, "centroid": [-118.563573, 34.074664], "confidence_tier": "high", "sources": {"heuristic": 0, "cnn": 0, "margin": 1.0}, "footprint_source": "osm"}}, {"type": "Feature", "geometry": {"type": "Polygon", "coordinates": [[[-118.5694106, 34.07633260000001], [-118.56965070000001, 34.07626259999999], [-118.56968670000002, 34.076347999999996], [-118.56967770000001, 34.07635059999999], [-118.5696806, 34.0763575], [-118.5696695, 34.07637820000001], [-118.5696595, 34.0763806], [-118.56966480000001, 34.0763958], [-118.5696579, 34.07640799999999], [-118.5696211, 34.076417199999995], [-118.569613, 34.0764267], [-118.5695747, 34.076437899999995], [-118.56956490000002, 34.076432999999994], [-118.5695324, 34.0764435], [-118.569524, 34.076437099999985], [-118.5694598, 34.076455], [-118.5694106, 34.07633260000001]]]}, "properties": {"id": "palisades-000449", "damage_class": 0, "damage_label": "no-damage", "confidence": 0.85, "area_m2": 345.22, "centroid": [-118.569554, 34.076361], "confidence_tier": "high", "sources": {"heuristic": 1, "cnn": 0, "margin": 1.0}, "footprint_source": "osm"}}, {"type": "Feature", "geometry": {"type": "Polygon", "coordinates": [[[-118.5645232, 34.0736298], [-118.56455989999999, 34.0737001], [-118.56469320000001, 34.0736524], [-118.5647207, 34.07370499999999], [-118.56478619999999, 34.0736816], [-118.5648232, 34.073752500000005], [-118.56476480000002, 34.0737735], [-118.5647737, 34.07379060000001], [-118.56478190000001, 34.07378769999999], [-118.5648012, 34.0738247], [-118.56465470000002, 34.07387709999999], [-118.5646738, 34.0739138], [-118.5646071, 34.0739377], [-118.56455200000002, 34.0738321], [-118.564619, 34.073808099999994], [-118.56462690000001, 34.0738233], [-118.56467840000002, 34.0738049], [-118.56464189999998, 34.073735000000006], [-118.56452150000001, 34.073778100000006], [-118.5644565, 34.0736536], [-118.5645232, 34.0736298]]]}, "properties": {"id": "palisades-000450", "damage_class": 3, "damage_label": "destroyed", "confidence": 0.7, "area_m2": 492.11, "centroid": [-118.564649, 34.073766], "confidence_tier": "review", "sources": {"heuristic": 0, "cnn": 3, "margin": 1.0}, "footprint_source": "osm"}}, {"type": "Feature", "geometry": {"type": "Polygon", "coordinates": [[[-118.5507155, 34.076653799999995], [-118.550611, 34.0768271], [-118.5505433, 34.0767991], [-118.5505496, 34.07678859999999], [-118.55053820000002, 34.0767839], [-118.55055990000001, 34.0767475], [-118.55050560000001, 34.07672509999999], [-118.55058320000002, 34.076595], [-118.55064740000002, 34.076625299999996], [-118.5506575, 34.0766145], [-118.5506764, 34.0766193], [-118.550683, 34.076623500000004], [-118.55068259999999, 34.076639199999995], [-118.5507155, 34.076653799999995]]]}, "properties": {"id": "palisades-000451", "damage_class": 0, "damage_label": "no-damage", "confidence": 1.0, "area_m2": 271.07, "centroid": [-118.550608, 34.076704], "confidence_tier": "high", "sources": {"heuristic": 0, "cnn": 0, "margin": 1.0}, "footprint_source": "osm"}}, {"type": "Feature", "geometry": {"type": "Polygon", "coordinates": [[[-118.5489594, 34.078036000000004], [-118.5489491, 34.078044199999994], [-118.5489126, 34.0780128], [-118.5489193, 34.07800749999999], [-118.54890670000002, 34.0779967], [-118.5488812, 34.078017100000004], [-118.54889020000002, 34.0780248], [-118.5488341, 34.0780695], [-118.5487782, 34.07802149999999], [-118.54899700000001, 34.07784689999999], [-118.54901600000001, 34.077863099999995], [-118.54902970000002, 34.0778522], [-118.5490965, 34.07790959999999], [-118.5490866, 34.077917500000005], [-118.54912130000001, 34.07795250000001], [-118.548987, 34.0780597], [-118.5489594, 34.078036000000004]]]}, "properties": {"id": "palisades-000452", "damage_class": 0, "damage_label": "no-damage", "confidence": 0.7, "area_m2": 380.59, "centroid": [-118.548965, 34.077963], "confidence_tier": "review", "sources": {"heuristic": 2, "cnn": 0, "margin": 1.0}, "footprint_source": "osm"}}, {"type": "Feature", "geometry": {"type": "Polygon", "coordinates": [[[-118.55319619999999, 34.06949229999999], [-118.55319829999999, 34.0694958], [-118.5531085, 34.0695321], [-118.5530796, 34.06948299999999], [-118.5531985, 34.06943969999999], [-118.55317219999999, 34.069395], [-118.5531461, 34.06940560000001], [-118.55312069999998, 34.06936249999998], [-118.55331239999998, 34.0692851], [-118.5533146, 34.0692888], [-118.55332460000001, 34.0692847], [-118.5533568, 34.069339299999996], [-118.5533275, 34.0693512], [-118.5533683, 34.069420499999985], [-118.55319619999999, 34.06949229999999]]]}, "properties": {"id": "palisades-000453", "damage_class": 0, "damage_label": "no-damage", "confidence": 1.0, "area_m2": 342.51, "centroid": [-118.553236, 34.069402], "confidence_tier": "high", "sources": {"heuristic": 0, "cnn": 0, "margin": 1.0}, "footprint_source": "osm"}}, {"type": "Feature", "geometry": {"type": "Polygon", "coordinates": [[[-118.5472118, 34.074058199999996], [-118.54722269999999, 34.0740508], [-118.5472045, 34.074032299999985], [-118.54722360000001, 34.07401920000001], [-118.54719449999999, 34.0739897], [-118.54722180000002, 34.073970899999985], [-118.54725039999998, 34.073999799999996], [-118.54727280000002, 34.07398450000001], [-118.5472358, 34.07394699999999], [-118.5472744, 34.073920599999994], [-118.547279, 34.0739252], [-118.5472936, 34.07391520000001], [-118.54730370000001, 34.07392540000001], [-118.5473266, 34.07390969999999], [-118.54731220000001, 34.073895099999994], [-118.5473453, 34.0738724], [-118.5474061, 34.07393390000001], [-118.54741269999998, 34.0739294], [-118.54745739999998, 34.0739747], [-118.5472616, 34.074108599999995], [-118.5472118, 34.074058199999996]]]}, "properties": {"id": "palisades-000454", "damage_class": 0, "damage_label": "no-damage", "confidence": 1.0, "area_m2": 303.66, "centroid": [-118.547318, 34.073991], "confidence_tier": "high", "sources": {"heuristic": 0, "cnn": 0, "margin": 1.0}, "footprint_source": "osm"}}, {"type": "Feature", "geometry": {"type": "Polygon", "coordinates": [[[-118.571017, 34.0800673], [-118.57102750000001, 34.08006090000001], [-118.5710223, 34.0800551], [-118.57106140000002, 34.08003099999999], [-118.57106620000002, 34.08003649999999], [-118.5711099, 34.0800096], [-118.5711192, 34.080020000000005], [-118.57120510000001, 34.07996720000001], [-118.5713043, 34.08006889999999], [-118.5712762, 34.080086200000004], [-118.57128670000002, 34.080098], [-118.57125110000001, 34.0801199], [-118.5712413, 34.0801088], [-118.5712161, 34.0801243], [-118.57122940000002, 34.080149299999995], [-118.5711391, 34.08020489999999], [-118.571017, 34.0800673]]]}, "properties": {"id": "palisades-000455", "damage_class": 0, "damage_label": "no-damage", "confidence": 1.0, "area_m2": 362.14, "centroid": [-118.571162, 34.080082], "confidence_tier": "high", "sources": {"heuristic": 0, "cnn": 0, "margin": 1.0}, "footprint_source": "osm"}}, {"type": "Feature", "geometry": {"type": "Polygon", "coordinates": [[[-118.5504419, 34.07650160000001], [-118.55055960000001, 34.07654599999999], [-118.5505568, 34.076550700000006], [-118.55057160000001, 34.07655689999999], [-118.5505711, 34.0765664], [-118.55045330000002, 34.07676469999999], [-118.55037950000002, 34.07673429999999], [-118.5503896, 34.07671719999998], [-118.5503496, 34.0766945], [-118.550341, 34.0766723], [-118.55034200000001, 34.0766515], [-118.55042610000001, 34.076512199999996], [-118.5504337, 34.07651529999998], [-118.5504419, 34.07650160000001]]]}, "properties": {"id": "palisades-000456", "damage_class": 0, "damage_label": "no-damage", "confidence": 0.85, "area_m2": 358.14, "centroid": [-118.55045, 34.076627], "confidence_tier": "high", "sources": {"heuristic": 1, "cnn": 0, "margin": 1.0}, "footprint_source": "osm"}}, {"type": "Feature", "geometry": {"type": "Polygon", "coordinates": [[[-118.5520061, 34.068740399999996], [-118.5519548, 34.0687446], [-118.5519534, 34.0687328], [-118.55191479999999, 34.0687359], [-118.5519078, 34.0686756], [-118.5519443, 34.0686726], [-118.5519428, 34.06865919999999], [-118.55214850000002, 34.06865239999999], [-118.55215560000002, 34.06871389999999], [-118.5521655, 34.0687194], [-118.552172, 34.0687364], [-118.55215960000001, 34.0687564], [-118.55216620000002, 34.0688106], [-118.5520157, 34.068822700000005], [-118.5520061, 34.068740399999996]]]}, "properties": {"id": "palisades-000457", "damage_class": 0, "damage_label": "no-damage", "confidence": 0.7, "area_m2": 327.56, "centroid": [-118.552056, 34.068728], "confidence_tier": "review", "sources": {"heuristic": 3, "cnn": 0, "margin": 1.0}, "footprint_source": "osm"}}, {"type": "Feature", "geometry": {"type": "Polygon", "coordinates": [[[-118.5507517, 34.0775228], [-118.5507651, 34.0775076], [-118.55080839999998, 34.0775341], [-118.55079510000002, 34.07754920000001], [-118.55082329999999, 34.077546], [-118.55084910000001, 34.0775616], [-118.55085320000002, 34.07757959999999], [-118.5507406, 34.0777069], [-118.5507245, 34.07771109999999], [-118.55069820000001, 34.07769679999999], [-118.55069690000002, 34.0776798], [-118.55067539999999, 34.077667], [-118.5506572, 34.0776875], [-118.5506516, 34.0776841], [-118.55064620000002, 34.0776902], [-118.5505738, 34.07764590000001], [-118.55057990000002, 34.077638499999985], [-118.550571, 34.07763329999999], [-118.55069789999999, 34.07748990000001], [-118.5507517, 34.0775228]]]}, "properties": {"id": "palisades-000458", "damage_class": 0, "damage_label": "no-damage", "confidence": 1.0, "area_m2": 356.96, "centroid": [-118.550714, 34.077602], "confidence_tier": "high", "sources": {"heuristic": 0, "cnn": 0, "margin": 1.0}, "footprint_source": "osm"}}, {"type": "Feature", "geometry": {"type": "Polygon", "coordinates": [[[-118.54936430000001, 34.077555999999994], [-118.54932230000001, 34.07762979999999], [-118.5492165, 34.0775881], [-118.54924519999999, 34.0775431], [-118.54923010000002, 34.07752880000001], [-118.54923620000001, 34.07751170000001], [-118.5492079, 34.0775008], [-118.54928000000001, 34.0773677], [-118.54931530000002, 34.0773815], [-118.5493287, 34.0773725], [-118.54941820000002, 34.0774077], [-118.54941119999998, 34.077420100000005], [-118.5494213, 34.077424099999995], [-118.54934960000001, 34.077550200000005], [-118.54936430000001, 34.077555999999994]]]}, "properties": {"id": "palisades-000459", "damage_class": 0, "damage_label": "no-damage", "confidence": 0.7, "area_m2": 341.03, "centroid": [-118.549309, 34.07749], "confidence_tier": "review", "sources": {"heuristic": 2, "cnn": 0, "margin": 1.0}, "footprint_source": "osm"}}, {"type": "Feature", "geometry": {"type": "Polygon", "coordinates": [[[-118.5481983, 34.072354499999996], [-118.54812550000001, 34.0722896], [-118.5481784, 34.07224849999999], [-118.54815490000001, 34.07222759999999], [-118.5482064, 34.072187599999985], [-118.54820260000001, 34.072184299999996], [-118.54821640000002, 34.072173499999984], [-118.54822020000002, 34.072176899999995], [-118.5482387, 34.07216259999999], [-118.5482643, 34.07218540000001], [-118.54831899999999, 34.0721505], [-118.548339, 34.07216830000001], [-118.5483557, 34.0721685], [-118.54836, 34.07218939999999], [-118.5483317, 34.07221359999999], [-118.548354, 34.072233499999996], [-118.5481983, 34.072354499999996]]]}, "properties": {"id": "palisades-000460", "damage_class": 0, "damage_label": "no-damage", "confidence": 0.85, "area_m2": 252.76, "centroid": [-118.548244, 34.072246], "confidence_tier": "high", "sources": {"heuristic": 1, "cnn": 0, "margin": 1.0}, "footprint_source": "osm"}}, {"type": "Feature", "geometry": {"type": "Polygon", "coordinates": [[[-118.55008340000002, 34.07166869999999], [-118.55008349999999, 34.0716628], [-118.550332, 34.0716631], [-118.5503318, 34.0717336], [-118.55025179999998, 34.07173350000001], [-118.55025179999998, 34.0717452], [-118.55021880000001, 34.0717452], [-118.55020649999999, 34.0717632], [-118.5501826, 34.0717756], [-118.5501792, 34.0717883], [-118.5502027, 34.07180499999999], [-118.55020310000002, 34.0718218], [-118.5501886, 34.07183169999999], [-118.55018669999998, 34.071841], [-118.55003630000002, 34.071836399999995], [-118.55003660000001, 34.0716686], [-118.55008340000002, 34.07166869999999]]]}, "properties": {"id": "palisades-000461", "damage_class": 2, "damage_label": "major-damage", "confidence": 0.7, "area_m2": 390.67, "centroid": [-118.550156, 34.071738], "confidence_tier": "review", "sources": {"heuristic": 0, "cnn": 2, "margin": 1.0}, "footprint_source": "osm"}}, {"type": "Feature", "geometry": {"type": "Polygon", "coordinates": [[[-118.5626403, 34.07538360000001], [-118.5626837, 34.07531560000001], [-118.5626525, 34.0753018], [-118.5626846, 34.07525160000001], [-118.562615, 34.07522079999999], [-118.5625968, 34.075249299999996], [-118.56247179999998, 34.075194], [-118.56255130000001, 34.07506970000001], [-118.5626168, 34.07509869999999], [-118.56261280000001, 34.075105], [-118.5626717, 34.075131000000006], [-118.56264810000002, 34.075168], [-118.56279739999998, 34.075233999999995], [-118.5627656, 34.07528369999999], [-118.5628278, 34.075311199999994], [-118.56280210000001, 34.0753513], [-118.5628344, 34.07536559999999], [-118.5627491, 34.075498899999985], [-118.5626132, 34.0754388], [-118.56264669999999, 34.0753864], [-118.5626403, 34.07538360000001]]]}, "properties": {"id": "palisades-000462", "damage_class": 0, "damage_label": "no-damage", "confidence": 1.0, "area_m2": 623.08, "centroid": [-118.562674, 34.075283], "confidence_tier": "high", "sources": {"heuristic": 0, "cnn": 0, "margin": 1.0}, "footprint_source": "osm"}}, {"type": "Feature", "geometry": {"type": "Polygon", "coordinates": [[[-118.55086500000002, 34.07083069999999], [-118.5508609, 34.07081110000001], [-118.55078370000001, 34.070822099999994], [-118.5507877, 34.07084170000001], [-118.5507188, 34.07085150000001], [-118.5506264, 34.070721600000006], [-118.55063079999998, 34.0707088], [-118.55064600000001, 34.070701500000006], [-118.5506386, 34.070683700000004], [-118.55078930000002, 34.0706642], [-118.5507943, 34.070690899999995], [-118.55081070000001, 34.070688700000005], [-118.55082929999999, 34.0706775], [-118.5508442, 34.0706829], [-118.550905, 34.0706745], [-118.5509351, 34.07082069999999], [-118.55086500000002, 34.07083069999999]]]}, "properties": {"id": "palisades-000463", "damage_class": 0, "damage_label": "no-damage", "confidence": 0.7, "area_m2": 413.98, "centroid": [-118.550784, 34.070752], "confidence_tier": "review", "sources": {"heuristic": 3, "cnn": 0, "margin": 1.0}, "footprint_source": "osm"}}, {"type": "Feature", "geometry": {"type": "Polygon", "coordinates": [[[-118.5530499, 34.0690749], [-118.55308960000002, 34.0691498], [-118.5530974, 34.0691401], [-118.55311640000001, 34.0691328], [-118.5531261, 34.06913939999999], [-118.5531927, 34.0691124], [-118.55321029999999, 34.0691167], [-118.5532348, 34.0691594], [-118.5532288, 34.0691709], [-118.55320330000002, 34.0691813], [-118.55322410000001, 34.0692175], [-118.5530914, 34.06927149999999], [-118.553088, 34.069265599999994], [-118.5530725, 34.0692718], [-118.552972, 34.0691081], [-118.5530499, 34.0690749]]]}, "properties": {"id": "palisades-000464", "damage_class": 0, "damage_label": "no-damage", "confidence": 1.0, "area_m2": 283.1, "centroid": [-118.553106, 34.069176], "confidence_tier": "high", "sources": {"heuristic": 0, "cnn": 0, "margin": 1.0}, "footprint_source": "osm"}}, {"type": "Feature", "geometry": {"type": "Polygon", "coordinates": [[[-118.55066400000001, 34.07855699999999], [-118.5506264, 34.0785457], [-118.5506233, 34.0785528], [-118.55057280000001, 34.07853759999999], [-118.5505765, 34.0785293], [-118.550564, 34.078525500000005], [-118.5505303, 34.0786021], [-118.5504585, 34.0785805], [-118.55057249999999, 34.078333900000004], [-118.5506008, 34.0783424], [-118.55059650000001, 34.0783521], [-118.5506776, 34.07837649999998], [-118.5506927, 34.078342000000006], [-118.5507508, 34.0783595], [-118.55066400000001, 34.07855699999999]]]}, "properties": {"id": "palisades-000465", "damage_class": 0, "damage_label": "no-damage", "confidence": 0.85, "area_m2": 410.11, "centroid": [-118.550605, 34.078461], "confidence_tier": "high", "sources": {"heuristic": 1, "cnn": 0, "margin": 1.0}, "footprint_source": "osm"}}, {"type": "Feature", "geometry": {"type": "Polygon", "coordinates": [[[-118.55357050000002, 34.0762826], [-118.55351960000002, 34.0763812], [-118.5534598, 34.07636], [-118.553466, 34.07634799999999], [-118.5534063, 34.0763268], [-118.5534016, 34.076336], [-118.5533649, 34.076323], [-118.55338229999998, 34.07628929999999], [-118.5533592, 34.076281099999996], [-118.5533451, 34.0763084], [-118.55324380000002, 34.07627260000001], [-118.55324870000001, 34.076263100000006], [-118.55320069999999, 34.0762461], [-118.55323190000001, 34.07618579999999], [-118.5532435, 34.0761899], [-118.55324830000002, 34.07618070000001], [-118.5532849, 34.0761937], [-118.55328040000002, 34.07620249999999], [-118.55335169999998, 34.0762278], [-118.55340119999998, 34.07613189999999], [-118.55336339999998, 34.07611849999999], [-118.55339069999998, 34.076065699999994], [-118.55331650000001, 34.076039400000006], [-118.55334049999999, 34.07599289999999], [-118.55340359999998, 34.076015299999995], [-118.5534112, 34.07600059999999], [-118.5534619, 34.07601859999999], [-118.55343830000001, 34.0760644], [-118.55346770000001, 34.0760749], [-118.55345699999998, 34.076095599999995], [-118.5535014, 34.0761114], [-118.5535236, 34.0760684], [-118.5536032, 34.0760966], [-118.55355660000001, 34.076186799999995], [-118.55349110000002, 34.0761636], [-118.5534515, 34.076240399999996], [-118.55357050000002, 34.0762826]]]}, "properties": {"id": "palisades-000466", "damage_class": 0, "damage_label": "no-damage", "confidence": 1.0, "area_m2": 644.5, "centroid": [-118.553422, 34.076197], "confidence_tier": "high", "sources": {"heuristic": 0, "cnn": 0, "margin": 1.0}, "footprint_source": "osm"}}, {"type": "Feature", "geometry": {"type": "Polygon", "coordinates": [[[-118.56186180000002, 34.070919499999995], [-118.5615026, 34.070982099999995], [-118.56148190000002, 34.0709031], [-118.56156960000001, 34.0708871], [-118.56158160000001, 34.07093290000001], [-118.5615835, 34.0709256], [-118.5616066, 34.0709214], [-118.56161189999999, 34.07092740000001], [-118.5616039, 34.0708967], [-118.56158030000002, 34.07090099999999], [-118.56156630000001, 34.07084759999999], [-118.56171570000001, 34.070820399999995], [-118.56173580000001, 34.0708972], [-118.5617438, 34.0708958], [-118.5617414, 34.0708867], [-118.5617878, 34.0708783], [-118.5617902, 34.07088739999999], [-118.5618505, 34.0708764], [-118.56186180000002, 34.070919499999995]]]}, "properties": {"id": "palisades-000467", "damage_class": 0, "damage_label": "no-damage", "confidence": 0.85, "area_m2": 322.42, "centroid": [-118.561654, 34.070905], "confidence_tier": "high", "sources": {"heuristic": 1, "cnn": 0, "margin": 1.0}, "footprint_source": "osm"}}, {"type": "Feature", "geometry": {"type": "Polygon", "coordinates": [[[-118.54991480000001, 34.0778323], [-118.549918, 34.07782529999999], [-118.54993730000001, 34.0778191], [-118.5499594, 34.07782660000001], [-118.54996640000002, 34.0778403], [-118.54998259999999, 34.07780499999999], [-118.55007059999998, 34.07783299999999], [-118.54995320000002, 34.0780735], [-118.5498733, 34.078048700000004], [-118.5498641, 34.07806910000001], [-118.5498088, 34.0780519], [-118.54982549999998, 34.078014800000005], [-118.54980779999998, 34.078009300000005], [-118.5498235, 34.0779745], [-118.5497716, 34.07795899999999], [-118.54980590000001, 34.0778826], [-118.5497845, 34.077875899999995], [-118.5498178, 34.077802], [-118.54991480000001, 34.0778323]]]}, "properties": {"id": "palisades-000468", "damage_class": 0, "damage_label": "no-damage", "confidence": 1.0, "area_m2": 535.83, "centroid": [-118.549911, 34.077927], "confidence_tier": "high", "sources": {"heuristic": 0, "cnn": 0, "margin": 1.0}, "footprint_source": "osm"}}, {"type": "Feature", "geometry": {"type": "Polygon", "coordinates": [[[-118.5547693, 34.07426720000001], [-118.5547741, 34.074266099999996], [-118.55477949999998, 34.07428329999999], [-118.55478810000001, 34.07428530000001], [-118.5548033, 34.0743335], [-118.55474219999999, 34.0743457], [-118.55469420000001, 34.0743407], [-118.55464110000001, 34.0743519], [-118.5546247, 34.07429719999998], [-118.5546356, 34.07429499999999], [-118.5546335, 34.07428769999999], [-118.554593, 34.074303400000005], [-118.5546074, 34.0743515], [-118.55452590000002, 34.0743684], [-118.5545021, 34.07427099999999], [-118.55475299999999, 34.07421589999999], [-118.5547693, 34.07426720000001]]]}, "properties": {"id": "palisades-000469", "damage_class": 0, "damage_label": "no-damage", "confidence": 1.0, "area_m2": 283.91, "centroid": [-118.554655, 34.074294], "confidence_tier": "high", "sources": {"heuristic": 0, "cnn": 0, "margin": 1.0}, "footprint_source": "osm"}}, {"type": "Feature", "geometry": {"type": "Polygon", "coordinates": [[[-118.55782590000001, 34.07522120000001], [-118.5578296, 34.07522440000001], [-118.5577958, 34.07525209999999], [-118.55779, 34.07524719999999], [-118.5577577, 34.0752736], [-118.5577357, 34.07525489999999], [-118.55772990000001, 34.0752597], [-118.5577363, 34.075265099999996], [-118.5576701, 34.0753193], [-118.5575719, 34.0752361], [-118.55759579999999, 34.075216600000005], [-118.5575637, 34.07519000000001], [-118.5576031, 34.0751584], [-118.5576359, 34.07515110000001], [-118.5576797, 34.0751205], [-118.55768000000002, 34.075106], [-118.55773020000001, 34.0751051], [-118.55773010000001, 34.07512020000001], [-118.55775449999999, 34.07512070000001], [-118.55778419999999, 34.075145500000005], [-118.5577819, 34.07515780000001], [-118.5578417, 34.0752084], [-118.55782590000001, 34.07522120000001]]]}, "properties": {"id": "palisades-000470", "damage_class": 0, "damage_label": "no-damage", "confidence": 1.0, "area_m2": 339.17, "centroid": [-118.557697, 34.075207], "confidence_tier": "high", "sources": {"heuristic": 0, "cnn": 0, "margin": 1.0}, "footprint_source": "osm"}}, {"type": "Feature", "geometry": {"type": "Polygon", "coordinates": [[[-118.5505912, 34.0739349], [-118.55059200000001, 34.0739068], [-118.5505839, 34.073906699999995], [-118.5505851, 34.0738647], [-118.55059469999999, 34.0738648], [-118.55059530000001, 34.07384259999999], [-118.55061050000002, 34.073842899999995], [-118.5506112, 34.07381879999999], [-118.5507679, 34.073824200000004], [-118.5507683, 34.073809999999995], [-118.55081649999998, 34.073811], [-118.550815, 34.073869200000004], [-118.55082140000002, 34.0738693], [-118.550828, 34.073897], [-118.55082240000002, 34.0739284], [-118.55081430000001, 34.0739391], [-118.5505912, 34.0739349]]]}, "properties": {"id": "palisades-000471", "damage_class": 0, "damage_label": "no-damage", "confidence": 0.7, "area_m2": 274.24, "centroid": [-118.550709, 34.073879], "confidence_tier": "review", "sources": {"heuristic": 3, "cnn": 0, "margin": 1.0}, "footprint_source": "osm"}}, {"type": "Feature", "geometry": {"type": "Polygon", "coordinates": [[[-118.5552063, 34.07582210000001], [-118.5551966, 34.07582099999999], [-118.55520309999999, 34.075781500000005], [-118.5552143, 34.0757828], [-118.5552152, 34.07577710000001], [-118.55517150000001, 34.0757721], [-118.55516880000002, 34.07578839999999], [-118.5550901, 34.07577949999999], [-118.5551043, 34.07569370000001], [-118.55514, 34.0756977], [-118.5551434, 34.07567689999999], [-118.5551846, 34.075681599999996], [-118.5551838, 34.07568650000001], [-118.55530029999998, 34.075699799999995], [-118.5552928, 34.0757452], [-118.55531319999999, 34.0757717], [-118.5553198, 34.07577249999999], [-118.55531470000001, 34.0758036], [-118.55533470000002, 34.0758059], [-118.5553262, 34.0758592], [-118.5552026, 34.0758451], [-118.5552063, 34.07582210000001]]]}, "properties": {"id": "palisades-000472", "damage_class": 0, "damage_label": "no-damage", "confidence": 0.85, "area_m2": 278.88, "centroid": [-118.55522, 34.075763], "confidence_tier": "high", "sources": {"heuristic": 1, "cnn": 0, "margin": 1.0}, "footprint_source": "osm"}}, {"type": "Feature", "geometry": {"type": "Polygon", "coordinates": [[[-118.54747259999999, 34.0752222], [-118.5474771, 34.075228199999984], [-118.54748760000001, 34.07522259999998], [-118.5475398, 34.0752972], [-118.54752780000001, 34.0753036], [-118.5475315, 34.07530849999999], [-118.5473906, 34.0753834], [-118.5474002, 34.07539580000001], [-118.54731450000001, 34.0754413], [-118.5472498, 34.0753569], [-118.5473044, 34.0753288], [-118.5473027, 34.07531860000001], [-118.54731429999998, 34.07530690000001], [-118.54728870000001, 34.0752642], [-118.5474357, 34.0751854], [-118.5474665, 34.075225499999995], [-118.54747259999999, 34.0752222]]]}, "properties": {"id": "palisades-000473", "damage_class": 0, "damage_label": "no-damage", "confidence": 0.7, "area_m2": 377.62, "centroid": [-118.54739, 34.075309], "confidence_tier": "review", "sources": {"heuristic": 2, "cnn": 0, "margin": 1.0}, "footprint_source": "osm"}}, {"type": "Feature", "geometry": {"type": "Polygon", "coordinates": [[[-118.55225269999998, 34.07794940000001], [-118.5522546, 34.077955200000005], [-118.5521814, 34.07797159999999], [-118.55217949999998, 34.0779658], [-118.5521598, 34.077970199999996], [-118.55214610000002, 34.07792800000001], [-118.55212830000002, 34.077932000000004], [-118.5520736, 34.077763499999996], [-118.5520908, 34.07775959999999], [-118.5520691, 34.077708], [-118.55207869999998, 34.07770579999999], [-118.55206600000001, 34.0776667], [-118.5521849, 34.07764], [-118.5521895, 34.0776544], [-118.5522336, 34.0776445], [-118.5522877, 34.077811300000015], [-118.552133, 34.077845999999994], [-118.5521505, 34.077899699999996], [-118.5522486, 34.077877099999995], [-118.5522708, 34.0779454], [-118.55225269999998, 34.07794940000001]]]}, "properties": {"id": "palisades-000474", "damage_class": 2, "damage_label": "major-damage", "confidence": 0.7, "area_m2": 453.68, "centroid": [-118.552175, 34.077787], "confidence_tier": "review", "sources": {"heuristic": 0, "cnn": 2, "margin": 1.0}, "footprint_source": "osm"}}, {"type": "Feature", "geometry": {"type": "Polygon", "coordinates": [[[-118.55983510000002, 34.071262899999994], [-118.55983990000001, 34.071258500000006], [-118.55979260000001, 34.0712229], [-118.5598299, 34.071188600000006], [-118.5597389, 34.07112], [-118.5598002, 34.0710636], [-118.5598164, 34.07107570000001], [-118.5598221, 34.0710705], [-118.55984809999998, 34.071090099999985], [-118.55984209999998, 34.0710956], [-118.5599161, 34.07115139999999], [-118.5599254, 34.0711428], [-118.560018, 34.07120580000001], [-118.55998879999999, 34.0712326], [-118.5599688, 34.0712175], [-118.5599502, 34.0712346], [-118.55996200000001, 34.07124350000001], [-118.5599197, 34.071282399999994], [-118.5599094, 34.071274599999995], [-118.5598829, 34.071298999999996], [-118.55983510000002, 34.071262899999994]]]}, "properties": {"id": "palisades-000475", "damage_class": 0, "damage_label": "no-damage", "confidence": 0.85, "area_m2": 290.97, "centroid": [-118.559872, 34.071184], "confidence_tier": "high", "sources": {"heuristic": 1, "cnn": 0, "margin": 1.0}, "footprint_source": "osm"}}, {"type": "Feature", "geometry": {"type": "Polygon", "coordinates": [[[-118.5505927, 34.0737581], [-118.5505853, 34.07375859999999], [-118.55058680000002, 34.0737079], [-118.5505807, 34.0737083], [-118.55057790000001, 34.0736773], [-118.55061149999999, 34.07367519999999], [-118.550612, 34.0736806], [-118.55078450000002, 34.073669300000006], [-118.5507875, 34.073701500000006], [-118.5508016, 34.0736985], [-118.5508195, 34.073712099999995], [-118.5508198, 34.07373730000001], [-118.5507946, 34.0737541], [-118.55079479999999, 34.073782300000005], [-118.550596, 34.0737948], [-118.5505927, 34.0737581]]]}, "properties": {"id": "palisades-000476", "damage_class": 0, "damage_label": "no-damage", "confidence": 0.7, "area_m2": 252.0, "centroid": [-118.550694, 34.073731], "confidence_tier": "review", "sources": {"heuristic": 3, "cnn": 0, "margin": 1.0}, "footprint_source": "osm"}}, {"type": "Feature", "geometry": {"type": "Polygon", "coordinates": [[[-118.5496359, 34.0768979], [-118.54964789999998, 34.0769033], [-118.5495435, 34.077062500000004], [-118.5494725, 34.0770303], [-118.5495265, 34.076948], [-118.5495606, 34.0769635], [-118.5495777, 34.0769375], [-118.54951550000001, 34.0769135], [-118.54951249999999, 34.0769182], [-118.54947469999999, 34.076901], [-118.54947860000001, 34.076895], [-118.54943140000002, 34.07687349999999], [-118.54944209999998, 34.0768573], [-118.5494613, 34.076866], [-118.5495298, 34.0767616], [-118.5495847, 34.0767865], [-118.5495939, 34.076772399999996], [-118.5496402, 34.0767938], [-118.54964680000002, 34.07678539999999], [-118.54969520000002, 34.076807300000006], [-118.5496359, 34.0768979]]]}, "properties": {"id": "palisades-000477", "damage_class": 0, "damage_label": "no-damage", "confidence": 0.85, "area_m2": 369.9, "centroid": [-118.549564, 34.076889], "confidence_tier": "high", "sources": {"heuristic": 1, "cnn": 0, "margin": 1.0}, "footprint_source": "osm"}}, {"type": "Feature", "geometry": {"type": "Polygon", "coordinates": [[[-118.55205960000002, 34.0719293], [-118.55215000000001, 34.0718917], [-118.55214019999998, 34.0718754], [-118.55218999999998, 34.0718547], [-118.55221449999999, 34.0718954], [-118.5522462, 34.071868300000006], [-118.5522416, 34.0718522], [-118.55226229999998, 34.0718361], [-118.55227030000002, 34.0718493], [-118.5523265, 34.071810799999994], [-118.5523715, 34.0718525], [-118.55234890000001, 34.071869299999996], [-118.5524409, 34.07195039999999], [-118.5523235, 34.072047299999994], [-118.5522901, 34.07202759999999], [-118.55229060000002, 34.0720186], [-118.55220400000002, 34.0719437], [-118.55209540000001, 34.071988899999994], [-118.55205960000002, 34.0719293]]]}, "properties": {"id": "palisades-000478", "damage_class": 0, "damage_label": "no-damage", "confidence": 1.0, "area_m2": 417.49, "centroid": [-118.55227, 34.071929], "confidence_tier": "high", "sources": {"heuristic": 0, "cnn": 0, "margin": 1.0}, "footprint_source": "osm"}}, {"type": "Feature", "geometry": {"type": "Polygon", "coordinates": [[[-118.55278660000002, 34.0776253], [-118.5526726, 34.07765080000001], [-118.55265080000001, 34.0775831], [-118.5527478, 34.077561499999995], [-118.5527377, 34.077529999999996], [-118.5527551, 34.077526099999986], [-118.55274040000002, 34.077480200000004], [-118.5527568, 34.0774766], [-118.55275150000001, 34.0774601], [-118.5527853, 34.077452599999994], [-118.5527909, 34.07746970000001], [-118.552907, 34.077443800000005], [-118.5529225, 34.077492], [-118.5529448, 34.0774906], [-118.55296759999999, 34.0775753], [-118.5527847, 34.0776196], [-118.55278660000002, 34.0776253]]]}, "properties": {"id": "palisades-000479", "damage_class": 0, "damage_label": "no-damage", "confidence": 0.7, "area_m2": 367.76, "centroid": [-118.552818, 34.077547], "confidence_tier": "review", "sources": {"heuristic": 2, "cnn": 0, "margin": 1.0}, "footprint_source": "osm"}}, {"type": "Feature", "geometry": {"type": "Polygon", "coordinates": [[[-118.5699588, 34.0792277], [-118.5700385, 34.079217799999995], [-118.5700474, 34.079267200000004], [-118.56996750000002, 34.07927709999999], [-118.56997950000002, 34.07934430000001], [-118.56996790000001, 34.0793457], [-118.569977, 34.0793963], [-118.5699239, 34.07940289999999], [-118.56991890000002, 34.0793748], [-118.56988590000002, 34.079378899999995], [-118.56987729999999, 34.0793307], [-118.5698641, 34.07933229999999], [-118.56985740000002, 34.079294999999995], [-118.5698096, 34.0793009], [-118.5698046, 34.07927279999999], [-118.569787, 34.079275], [-118.5697757, 34.0792117], [-118.56989160000002, 34.0791972], [-118.5698987, 34.0792371], [-118.5699209, 34.0792344], [-118.5699197, 34.0792278], [-118.56995799999999, 34.07922309999999], [-118.5699588, 34.0792277]]]}, "properties": {"id": "palisades-000480", "damage_class": 0, "damage_label": "no-damage", "confidence": 0.85, "area_m2": 287.57, "centroid": [-118.569908, 34.079282], "confidence_tier": "high", "sources": {"heuristic": 1, "cnn": 0, "margin": 1.0}, "footprint_source": "osm"}}, {"type": "Feature", "geometry": {"type": "Polygon", "coordinates": [[[-118.5499519, 34.07277249999999], [-118.5499714, 34.072798], [-118.54978220000001, 34.0728981], [-118.54976870000002, 34.07288040000001], [-118.5497337, 34.072899], [-118.5496947, 34.072848], [-118.5497055, 34.0728423], [-118.54968590000001, 34.072816599999996], [-118.54979329999999, 34.07275979999999], [-118.5497887, 34.0727538], [-118.54980560000001, 34.07274489999999], [-118.54980950000001, 34.07275], [-118.54982200000002, 34.0727434], [-118.5498325, 34.07275709999999], [-118.54985900000001, 34.0727372], [-118.549863, 34.0727425], [-118.54990949999998, 34.07271790000001], [-118.5499285, 34.07274270000001], [-118.54996529999998, 34.07272330000001], [-118.5499882, 34.072753299999995], [-118.5499519, 34.07277249999999]]]}, "properties": {"id": "palisades-000481", "damage_class": 0, "damage_label": "no-damage", "confidence": 0.7, "area_m2": 294.24, "centroid": [-118.549832, 34.072807], "confidence_tier": "review", "sources": {"heuristic": 2, "cnn": 0, "margin": 1.0}, "footprint_source": "osm"}}, {"type": "Feature", "geometry": {"type": "Polygon", "coordinates": [[[-118.5474961, 34.072493200000004], [-118.5474965, 34.0724876], [-118.54758879999999, 34.0724935], [-118.5475873, 34.0725033], [-118.54764960000001, 34.0724938], [-118.5476644, 34.07256159999999], [-118.5476536, 34.07256709999999], [-118.5476664, 34.0726206], [-118.5476344, 34.07262570000001], [-118.54763139999999, 34.07265000000001], [-118.54765200000001, 34.07264980000001], [-118.5476444, 34.07274], [-118.5475279, 34.0727332], [-118.54752849999998, 34.072725500000004], [-118.54748700000002, 34.0727231], [-118.5474926, 34.07265710000001], [-118.5474727, 34.07265600000001], [-118.5474784, 34.072589], [-118.5474241, 34.0725859], [-118.5474284, 34.0725347], [-118.5474758, 34.0725375], [-118.5474788, 34.0725031], [-118.5474961, 34.072493200000004]]]}, "properties": {"id": "palisades-000482", "damage_class": 0, "damage_label": "no-damage", "confidence": 0.7, "area_m2": 446.61, "centroid": [-118.54756, 34.072608], "confidence_tier": "review", "sources": {"heuristic": 2, "cnn": 0, "margin": 1.0}, "footprint_source": "osm"}}, {"type": "Feature", "geometry": {"type": "Polygon", "coordinates": [[[-118.5587616, 34.07156], [-118.5588102, 34.071515700000006], [-118.55890170000002, 34.071585299999995], [-118.55887689999999, 34.07160789999999], [-118.5588873, 34.071615900000005], [-118.5588437, 34.0716556], [-118.5588344, 34.071648499999995], [-118.55880720000002, 34.07167330000001], [-118.5587897, 34.07166], [-118.5587749, 34.0716734], [-118.55872600000001, 34.0716363], [-118.5587306, 34.0716321], [-118.5586226, 34.071549999999995], [-118.55861319999998, 34.0715585], [-118.5586391, 34.07157819999999], [-118.55861529999999, 34.0715998], [-118.5585542, 34.071549100000006], [-118.5585848, 34.07152119999999], [-118.55861040000002, 34.071540699999986], [-118.55866770000002, 34.071488599999995], [-118.5587616, 34.07156]]]}, "properties": {"id": "palisades-000483", "damage_class": 0, "damage_label": "no-damage", "confidence": 1.0, "area_m2": 297.46, "centroid": [-118.558747, 34.071581], "confidence_tier": "high", "sources": {"heuristic": 0, "cnn": 0, "margin": 1.0}, "footprint_source": "osm"}}, {"type": "Feature", "geometry": {"type": "Polygon", "coordinates": [[[-118.5688694, 34.078832299999995], [-118.56889229999999, 34.07883530000001], [-118.56889380000001, 34.0788273], [-118.5689965, 34.078840500000005], [-118.5689832, 34.0789119], [-118.5688681, 34.078897], [-118.56887160000001, 34.0788781], [-118.5688609, 34.0788767], [-118.5688597, 34.0788833], [-118.56870770000002, 34.078863299999995], [-118.56866279999998, 34.078892], [-118.56855860000002, 34.078772199999996], [-118.5686596, 34.078786799999996], [-118.5687001, 34.078763800000004], [-118.5687215, 34.0786461], [-118.56875369999999, 34.0786502], [-118.5687592, 34.078619599999996], [-118.5688366, 34.0786449], [-118.56883020000001, 34.07865840000001], [-118.5689, 34.078668099999994], [-118.5688694, 34.078832299999995]]]}, "properties": {"id": "palisades-000484", "damage_class": 0, "damage_label": "no-damage", "confidence": 0.85, "area_m2": 596.87, "centroid": [-118.568791, 34.078784], "confidence_tier": "high", "sources": {"heuristic": 1, "cnn": 0, "margin": 1.0}, "footprint_source": "osm"}}, {"type": "Feature", "geometry": {"type": "Polygon", "coordinates": [[[-118.5518517, 34.069464800000006], [-118.55184319999998, 34.069455899999994], [-118.5518615, 34.0693966], [-118.5518741, 34.069394399999986], [-118.55187910000001, 34.06938159999999], [-118.5518911, 34.0693848], [-118.5519123, 34.0693177], [-118.55193279999999, 34.0693079], [-118.5519815, 34.0693184], [-118.5519891, 34.0693286], [-118.5520386, 34.069344], [-118.55205270000002, 34.06933769999999], [-118.5520772, 34.0693436], [-118.55208949999998, 34.0693606], [-118.5520829, 34.06938219999999], [-118.55209519999998, 34.06940079999999], [-118.55207040000002, 34.0694724], [-118.5520412, 34.06948619999999], [-118.55200210000001, 34.0694765], [-118.55199970000001, 34.069483299999995], [-118.55193310000001, 34.0694668], [-118.55192370000002, 34.06949329999999], [-118.551848, 34.06947569999999], [-118.5518517, 34.069464800000006]]]}, "properties": {"id": "palisades-000485", "damage_class": 0, "damage_label": "no-damage", "confidence": 0.85, "area_m2": 331.78, "centroid": [-118.551973, 34.069407], "confidence_tier": "high", "sources": {"heuristic": 1, "cnn": 0, "margin": 1.0}, "footprint_source": "osm"}}, {"type": "Feature", "geometry": {"type": "Polygon", "coordinates": [[[-118.55191660000001, 34.07087049999999], [-118.55184670000001, 34.07087070000001], [-118.55184639999999, 34.0708028], [-118.55194180000001, 34.0708025], [-118.5519416, 34.0707633], [-118.5519288, 34.07076339999999], [-118.5519288, 34.0707577], [-118.551923, 34.070757699999994], [-118.5519228, 34.07071760000001], [-118.5520709, 34.0707172], [-118.552071, 34.0707594], [-118.5520923, 34.07075939999999], [-118.55212140000002, 34.070786000000005], [-118.5521205, 34.0707984], [-118.5521586, 34.0707976], [-118.5521589, 34.07080619999999], [-118.5521825, 34.070805699999994], [-118.55218420000001, 34.0708573], [-118.55206179999999, 34.07086], [-118.55206059999999, 34.070821200000005], [-118.5520277, 34.0708219], [-118.55202940000001, 34.0708754], [-118.55191660000001, 34.0708757], [-118.55191660000001, 34.07087049999999]]]}, "properties": {"id": "palisades-000486", "damage_class": 0, "damage_label": "no-damage", "confidence": 1.0, "area_m2": 349.17, "centroid": [-118.552008, 34.070806], "confidence_tier": "high", "sources": {"heuristic": 0, "cnn": 0, "margin": 1.0}, "footprint_source": "osm"}}, {"type": "Feature", "geometry": {"type": "Polygon", "coordinates": [[[-118.5535753, 34.0698786], [-118.55359560000001, 34.069870900000005], [-118.5535996, 34.069878200000005], [-118.553623, 34.0698693], [-118.5536536, 34.0699254], [-118.5535846, 34.069951499999995], [-118.55359220000001, 34.0699654], [-118.5536173, 34.06995589999999], [-118.5536517, 34.070018999999995], [-118.5536182, 34.070038100000005], [-118.5536269, 34.070054000000006], [-118.5535741, 34.07007399999999], [-118.5535612, 34.0700505], [-118.55351960000002, 34.07006620000001], [-118.55349799999999, 34.070026399999996], [-118.55345000000001, 34.070044499999995], [-118.55343680000001, 34.070036900000005], [-118.55339309999998, 34.069968499999995], [-118.5534981, 34.06992300000001], [-118.5534928, 34.0699162], [-118.5535782, 34.0698839], [-118.5535753, 34.0698786]]]}, "properties": {"id": "palisades-000487", "damage_class": 0, "damage_label": "no-damage", "confidence": 1.0, "area_m2": 313.25, "centroid": [-118.55354, 34.069977], "confidence_tier": "high", "sources": {"heuristic": 0, "cnn": 0, "margin": 1.0}, "footprint_source": "osm"}}, {"type": "Feature", "geometry": {"type": "Polygon", "coordinates": [[[-118.54987160000002, 34.0730013], [-118.54987729999999, 34.0729962], [-118.54985510000002, 34.07297880000001], [-118.5498489, 34.0729844], [-118.54982330000001, 34.0729645], [-118.5498477, 34.07294279999999], [-118.54985519999998, 34.0729486], [-118.5500212, 34.0728017], [-118.55005610000002, 34.0728289], [-118.5500253, 34.0728562], [-118.5500425, 34.07286250000001], [-118.55005280000002, 34.072877399999996], [-118.55008260000001, 34.0728506], [-118.5501176, 34.07287749999999], [-118.5499276, 34.073045099999995], [-118.54987160000002, 34.0730013]]]}, "properties": {"id": "palisades-000488", "damage_class": 0, "damage_label": "no-damage", "confidence": 0.85, "area_m2": 303.19, "centroid": [-118.54997, 34.072926], "confidence_tier": "high", "sources": {"heuristic": 1, "cnn": 0, "margin": 1.0}, "footprint_source": "osm"}}, {"type": "Feature", "geometry": {"type": "Polygon", "coordinates": [[[-118.55220190000001, 34.0736397], [-118.55221030000001, 34.07367639999999], [-118.55219860000001, 34.0736783], [-118.55220400000002, 34.0737022], [-118.5522164, 34.0737082], [-118.55222089999998, 34.073726300000004], [-118.5522119, 34.07373650000001], [-118.5522158, 34.0737549], [-118.5522273, 34.0737532], [-118.55223310000001, 34.0737805], [-118.5522226, 34.073782099999995], [-118.55222350000001, 34.073786399999996], [-118.55207080000001, 34.073809], [-118.55205910000001, 34.07375400000001], [-118.55206819999998, 34.07375259999999], [-118.5520667, 34.0737453], [-118.5520932, 34.07374140000001], [-118.5520851, 34.0737035], [-118.55206419999999, 34.0736894], [-118.55205960000002, 34.0736676], [-118.55207299999998, 34.073654700000006], [-118.55218930000001, 34.0736343], [-118.5521909, 34.07364139999999], [-118.55220190000001, 34.0736397]]]}, "properties": {"id": "palisades-000489", "damage_class": 0, "damage_label": "no-damage", "confidence": 0.7, "area_m2": 224.37, "centroid": [-118.552143, 34.073724], "confidence_tier": "review", "sources": {"heuristic": 2, "cnn": 0, "margin": 1.0}, "footprint_source": "osm"}}, {"type": "Feature", "geometry": {"type": "Polygon", "coordinates": [[[-118.55221540000001, 34.07302789999999], [-118.5522138, 34.07304309999999], [-118.55220180000002, 34.07305769999999], [-118.55217580000001, 34.07305929999999], [-118.55201340000002, 34.0729901], [-118.5520004, 34.07300789999999], [-118.5519347, 34.07297489999999], [-118.5519813, 34.0729107], [-118.55201599999998, 34.07292029999999], [-118.55204169999999, 34.07294159999998], [-118.5521003, 34.07285099999999], [-118.55219199999999, 34.0728922], [-118.55221990000001, 34.07297539999999], [-118.55219559999999, 34.0730077], [-118.55221540000001, 34.07302789999999]]]}, "properties": {"id": "palisades-000490", "damage_class": 3, "damage_label": "destroyed", "confidence": 0.7, "area_m2": 328.29, "centroid": [-118.552104, 34.07296], "confidence_tier": "review", "sources": {"heuristic": 0, "cnn": 3, "margin": 1.0}, "footprint_source": "osm"}}, {"type": "Feature", "geometry": {"type": "Polygon", "coordinates": [[[-118.5611192, 34.072516], [-118.56111830000002, 34.0725313], [-118.5611237, 34.07253149999999], [-118.56112199999998, 34.0725604], [-118.5611166, 34.07256019999999], [-118.5611179, 34.0726147], [-118.56111119999998, 34.0726144], [-118.5611101, 34.0726333], [-118.5610879, 34.07263239999999], [-118.5610859, 34.0726655], [-118.56104150000002, 34.07266369999999], [-118.56104360000002, 34.0726283], [-118.560952, 34.07262449999999], [-118.5609509, 34.072642000000016], [-118.56077479999999, 34.072639800000005], [-118.56077999999998, 34.072553299999996], [-118.5609723, 34.072561300000004], [-118.5609745, 34.0725239], [-118.56106409999998, 34.0725276], [-118.56106499999999, 34.072513699999995], [-118.5611192, 34.072516]]]}, "properties": {"id": "palisades-000491", "damage_class": 0, "damage_label": "no-damage", "confidence": 1.0, "area_m2": 338.57, "centroid": [-118.560964, 34.07259], "confidence_tier": "high", "sources": {"heuristic": 0, "cnn": 0, "margin": 1.0}, "footprint_source": "osm"}}, {"type": "Feature", "geometry": {"type": "Polygon", "coordinates": [[[-118.55329930000002, 34.06961369999999], [-118.5532716, 34.0695581], [-118.553293, 34.069549000000016], [-118.55328869999998, 34.06954189999999], [-118.55330540000001, 34.0695348], [-118.55331020000001, 34.06954249999999], [-118.55332969999999, 34.06953420000001], [-118.5533389, 34.06954919999999], [-118.55342480000002, 34.0695128], [-118.55346160000002, 34.06957239999999], [-118.5534399, 34.0695816], [-118.5534579, 34.06961090000001], [-118.5534484, 34.06961489999999], [-118.5534667, 34.0696444], [-118.5534516, 34.0696508], [-118.55345680000002, 34.06965929999999], [-118.5534113, 34.0696786], [-118.55340050000001, 34.069661100000005], [-118.5533589, 34.0696788], [-118.55333300000001, 34.06963669999999], [-118.5533225, 34.0696412], [-118.55330420000001, 34.06961160000001], [-118.55329930000002, 34.06961369999999]]]}, "properties": {"id": "palisades-000492", "damage_class": 0, "damage_label": "no-damage", "confidence": 1.0, "area_m2": 207.11, "centroid": [-118.553378, 34.069596], "confidence_tier": "high", "sources": {"heuristic": 0, "cnn": 0, "margin": 1.0}, "footprint_source": "osm"}}, {"type": "Feature", "geometry": {"type": "Polygon", "coordinates": [[[-118.5543191, 34.0690731], [-118.55430450000001, 34.06900939999999], [-118.55440179999998, 34.0689939], [-118.55438390000002, 34.068916200000004], [-118.55442290000002, 34.068904800000006], [-118.55442420000001, 34.0689103], [-118.55450520000001, 34.068897400000004], [-118.5545038, 34.0688915], [-118.55451930000001, 34.06888899999999], [-118.5545219, 34.068900199999995], [-118.55454630000001, 34.06889630000001], [-118.5545764, 34.06901249999999], [-118.55454609999998, 34.06901740000001], [-118.55455110000001, 34.06903919999999], [-118.5545386, 34.0690545], [-118.5545126, 34.0690569], [-118.55449349999999, 34.0690421], [-118.5543191, 34.0690731]]]}, "properties": {"id": "palisades-000493", "damage_class": 0, "damage_label": "no-damage", "confidence": 0.7, "area_m2": 308.14, "centroid": [-118.554455, 34.068987], "confidence_tier": "review", "sources": {"heuristic": 3, "cnn": 0, "margin": 1.0}, "footprint_source": "osm"}}, {"type": "Feature", "geometry": {"type": "Polygon", "coordinates": [[[-118.5516354, 34.0777818], [-118.55163970000001, 34.077762299999996], [-118.5516966, 34.077771000000006], [-118.5516926, 34.07778950000001], [-118.5517183, 34.07777699999999], [-118.5517457, 34.0777812], [-118.55175820000001, 34.0777961], [-118.55172429999999, 34.07795219999999], [-118.5517055, 34.07796119999999], [-118.5516797, 34.077957], [-118.5516698, 34.0779439], [-118.5516452, 34.0779402], [-118.5516401, 34.0779637], [-118.55163010000001, 34.0779622], [-118.5516284, 34.07796989999999], [-118.5515945, 34.0779648], [-118.5515964, 34.077955599999996], [-118.55157810000001, 34.0779529], [-118.5515762, 34.077961900000005], [-118.55154210000002, 34.07795670000001], [-118.5515442, 34.0779486], [-118.55153320000001, 34.07794679999999], [-118.5515715, 34.07777209999999], [-118.5516354, 34.0777818]]]}, "properties": {"id": "palisades-000494", "damage_class": 0, "damage_label": "no-damage", "confidence": 0.7, "area_m2": 355.18, "centroid": [-118.551646, 34.077866], "confidence_tier": "review", "sources": {"heuristic": 2, "cnn": 0, "margin": 1.0}, "footprint_source": "osm"}}, {"type": "Feature", "geometry": {"type": "Polygon", "coordinates": [[[-118.55004950000001, 34.07515329999999], [-118.55004600000001, 34.0751706], [-118.55005400000002, 34.07517579999999], [-118.55011220000002, 34.07516669999999], [-118.55013720000001, 34.0752773], [-118.55000749999999, 34.07529259999999], [-118.55001749999998, 34.0752578], [-118.5499042, 34.07523750000001], [-118.5497967, 34.07517980000001], [-118.5498167, 34.07515389999999], [-118.54975879999999, 34.0751228], [-118.54974320000001, 34.0750359], [-118.5498555, 34.07502199999999], [-118.5498598, 34.075046], [-118.5498927, 34.075047900000015], [-118.5499422, 34.07508630000001], [-118.54991629999999, 34.07511010000001], [-118.54996550000001, 34.0751388], [-118.54996040000002, 34.0751449], [-118.54999860000001, 34.0751672], [-118.5500026, 34.07514689999999], [-118.55004950000001, 34.07515329999999]]]}, "properties": {"id": "palisades-000495", "damage_class": 0, "damage_label": "no-damage", "confidence": 0.7, "area_m2": 508.7, "centroid": [-118.54993, 34.075162], "confidence_tier": "review", "sources": {"heuristic": 2, "cnn": 0, "margin": 1.0}, "footprint_source": "osm"}}, {"type": "Feature", "geometry": {"type": "Polygon", "coordinates": [[[-118.5593681, 34.069826400000004], [-118.5593181, 34.069874399999996], [-118.55929290000002, 34.06985619999999], [-118.5592619, 34.0698859], [-118.5592874, 34.069904399999984], [-118.55918029999998, 34.07000730000001], [-118.5591047, 34.0699528], [-118.5591003, 34.069956999999995], [-118.55906979999999, 34.06993500000001], [-118.5590757, 34.069929299999984], [-118.55906800000001, 34.06992369999999], [-118.55908419999999, 34.0699081], [-118.5590909, 34.06991289999999], [-118.5591229, 34.0698822], [-118.55911980000002, 34.0698757], [-118.5591308, 34.0698597], [-118.5591512, 34.06985679999999], [-118.55920530000002, 34.06980070000001], [-118.55924379999999, 34.0698265], [-118.5592497, 34.0698204], [-118.5592682, 34.0698327], [-118.55931280000001, 34.06978649999999], [-118.5593681, 34.069826400000004]]]}, "properties": {"id": "palisades-000496", "damage_class": 0, "damage_label": "no-damage", "confidence": 1.0, "area_m2": 293.65, "centroid": [-118.559208, 34.069892], "confidence_tier": "high", "sources": {"heuristic": 0, "cnn": 0, "margin": 1.0}, "footprint_source": "osm"}}, {"type": "Feature", "geometry": {"type": "Polygon", "coordinates": [[[-118.55219319999999, 34.06900989999998], [-118.55219359999998, 34.0690485], [-118.55218540000001, 34.06904769999999], [-118.5521835, 34.069061], [-118.5521207, 34.0690549], [-118.55212140000002, 34.0690502], [-118.55195020000001, 34.06903450000001], [-118.55195739999999, 34.068983199999984], [-118.551966, 34.06898400000001], [-118.55196990000002, 34.068956500000006], [-118.55203780000001, 34.0689632], [-118.5520428, 34.068927200000005], [-118.55205370000002, 34.06892830000001], [-118.55205670000001, 34.068907499999995], [-118.55207200000001, 34.068908999999984], [-118.552076, 34.068880799999995], [-118.55218479999999, 34.06889139999999], [-118.5521684, 34.06900749999999], [-118.55219319999999, 34.06900989999998]]]}, "properties": {"id": "palisades-000497", "damage_class": 0, "damage_label": "no-damage", "confidence": 0.7, "area_m2": 297.12, "centroid": [-118.552089, 34.068979], "confidence_tier": "review", "sources": {"heuristic": 3, "cnn": 0, "margin": 1.0}, "footprint_source": "osm"}}, {"type": "Feature", "geometry": {"type": "Polygon", "coordinates": [[[-118.5704486, 34.0758903], [-118.57048030000001, 34.0758928], [-118.5704841, 34.0758596], [-118.57055359999998, 34.0758651], [-118.5705425, 34.0759632], [-118.5705212, 34.07596149999999], [-118.5705203, 34.07596920000001], [-118.57052779999998, 34.0759698], [-118.57052, 34.0760382], [-118.5705449, 34.076040199999994], [-118.57054050000002, 34.0760788], [-118.570515, 34.0760767], [-118.5705107, 34.0761147], [-118.57044309999999, 34.076109300000006], [-118.5704411, 34.0761263], [-118.57038199999998, 34.0761216], [-118.57038790000001, 34.076069399999994], [-118.57037799999999, 34.07606859999999], [-118.57038250000001, 34.0760286], [-118.57039359999999, 34.0760295], [-118.5703994, 34.075962], [-118.57044010000001, 34.075965200000006], [-118.5704486, 34.0758903]]]}, "properties": {"id": "palisades-000498", "damage_class": 0, "damage_label": "no-damage", "confidence": 0.85, "area_m2": 312.19, "centroid": [-118.57047, 34.076003], "confidence_tier": "high", "sources": {"heuristic": 1, "cnn": 0, "margin": 1.0}, "footprint_source": "osm"}}, {"type": "Feature", "geometry": {"type": "Polygon", "coordinates": [[[-118.54913090000001, 34.070820700000006], [-118.54905130000002, 34.0707651], [-118.54901000000001, 34.070769600000006], [-118.5490122, 34.07078349999999], [-118.5489572, 34.07078949999999], [-118.54893250000002, 34.0706345], [-118.5490295, 34.0706238], [-118.54905340000002, 34.0706145], [-118.54908169999999, 34.07061730000001], [-118.54916239999999, 34.0706082], [-118.54916470000002, 34.0706224], [-118.5492282, 34.070615199999985], [-118.5492328, 34.07064339999999], [-118.549226, 34.07064419999999], [-118.5492283, 34.0706604], [-118.549266, 34.070680299999985], [-118.54913090000001, 34.070820700000006]]]}, "properties": {"id": "palisades-000499", "damage_class": 0, "damage_label": "no-damage", "confidence": 0.85, "area_m2": 478.69, "centroid": [-118.549089, 34.0707], "confidence_tier": "high", "sources": {"heuristic": 1, "cnn": 0, "margin": 1.0}, "footprint_source": "osm"}}, {"type": "Feature", "geometry": {"type": "Polygon", "coordinates": [[[-118.54962950000001, 34.0727357], [-118.5496108, 34.07271219999999], [-118.5496311, 34.07270100000001], [-118.54961729999998, 34.0726836], [-118.54970849999998, 34.0726397], [-118.54970369999998, 34.0726338], [-118.5497206, 34.072624499999996], [-118.5497236, 34.07262870000001], [-118.5497442, 34.07261919999999], [-118.54975670000002, 34.072636], [-118.5497955, 34.0726138], [-118.5498117, 34.0726342], [-118.5498191, 34.0726301], [-118.54982940000001, 34.072639], [-118.5498541, 34.0726748], [-118.5498573, 34.07268950000001], [-118.54967150000002, 34.072788599999996], [-118.5496536, 34.0727653], [-118.5496459, 34.072769400000006], [-118.54962230000001, 34.07273969999999], [-118.54962950000001, 34.0727357]]]}, "properties": {"id": "palisades-000500", "damage_class": 0, "damage_label": "no-damage", "confidence": 0.7, "area_m2": 245.29, "centroid": [-118.549729, 34.072696], "confidence_tier": "review", "sources": {"heuristic": 2, "cnn": 0, "margin": 1.0}, "footprint_source": "osm"}}, {"type": "Feature", "geometry": {"type": "Polygon", "coordinates": [[[-118.56385610000001, 34.072359], [-118.5637602, 34.0723744], [-118.5637305, 34.072246299999996], [-118.5638254, 34.072230999999995], [-118.5638274, 34.072239799999984], [-118.5638817, 34.07223110000001], [-118.56386450000001, 34.072157], [-118.56380470000002, 34.072166599999996], [-118.5638068, 34.0721757], [-118.56373360000002, 34.072187400000004], [-118.56370519999999, 34.0720647], [-118.56372700000001, 34.072061199999986], [-118.563725, 34.0720528], [-118.56377450000001, 34.07204479999999], [-118.5637891, 34.07210779999999], [-118.5639486, 34.07208220000001], [-118.56396140000001, 34.0721378], [-118.56401450000001, 34.07212929999999], [-118.56403250000001, 34.07220720000001], [-118.5639732, 34.072216700000006], [-118.5639772, 34.07223400000001], [-118.56398510000001, 34.07223269999999], [-118.5639945, 34.0722732], [-118.56384190000001, 34.0722977], [-118.56385610000001, 34.072359]]]}, "properties": {"id": "palisades-000501", "damage_class": 3, "damage_label": "destroyed", "confidence": 0.7, "area_m2": 541.26, "centroid": [-118.563856, 34.072201], "confidence_tier": "review", "sources": {"heuristic": 0, "cnn": 3, "margin": 1.0}, "footprint_source": "osm"}}, {"type": "Feature", "geometry": {"type": "Polygon", "coordinates": [[[-118.5647814, 34.0791322], [-118.56477449999998, 34.07917210000001], [-118.56479970000001, 34.07917719999999], [-118.5647875, 34.0792186], [-118.5647515, 34.07921129999999], [-118.5647443, 34.0792357], [-118.5647562, 34.0792381], [-118.5647461, 34.07927220000001], [-118.56473789999998, 34.0792706], [-118.5647303, 34.07929649999999], [-118.56474029999998, 34.0792986], [-118.564728, 34.0793402], [-118.5645907, 34.0793157], [-118.5645925, 34.0793097], [-118.56453059999998, 34.079297100000005], [-118.5645894, 34.079098599999995], [-118.5646918, 34.07911389999999], [-118.56470150000001, 34.0790809], [-118.56466199999998, 34.079072899999986], [-118.56466350000001, 34.0790678], [-118.5646519, 34.0790655], [-118.5646501, 34.07907169999999], [-118.56460790000001, 34.0790631], [-118.56460969999999, 34.0790569], [-118.56460129999999, 34.079055200000006], [-118.5646188, 34.07899599999999], [-118.56462470000001, 34.0789972], [-118.5646261, 34.078992199999995], [-118.56460760000002, 34.078988499999994], [-118.56461120000002, 34.0789761], [-118.5646054, 34.07897489999999], [-118.5646452, 34.078840899999996], [-118.5648334, 34.0788792], [-118.56482309999998, 34.0789138], [-118.5648309, 34.07891540000001], [-118.5648268, 34.078929499999994], [-118.56485159999998, 34.0789345], [-118.5648421, 34.07896649999999], [-118.5648192, 34.0789619], [-118.5648108, 34.07899], [-118.5648286, 34.0789936], [-118.56481760000001, 34.079030499999995], [-118.5648097, 34.0790289], [-118.56480290000002, 34.07905170000001], [-118.5648124, 34.0790537], [-118.56479850000001, 34.0791005], [-118.56477380000001, 34.079095499999994], [-118.56476399999998, 34.079128600000004], [-118.5647814, 34.0791322]]]}, "properties": {"id": "palisades-000502", "damage_class": 0, "damage_label": "no-damage", "confidence": 0.7, "area_m2": 939.75, "centroid": [-118.564693, 34.07909], "confidence_tier": "review", "sources": {"heuristic": 2, "cnn": 0, "margin": 1.0}, "footprint_source": "osm"}}, {"type": "Feature", "geometry": {"type": "Polygon", "coordinates": [[[-118.5510992, 34.06720809999998], [-118.5510929, 34.0672013], [-118.5511591, 34.0671583], [-118.55117520000002, 34.06716599999999], [-118.55121940000001, 34.0671373], [-118.55131509999998, 34.06723939999999], [-118.55127970000001, 34.06727], [-118.55126609999999, 34.06726809999999], [-118.55123940000001, 34.0672837], [-118.5512534, 34.0672993], [-118.5512839, 34.0672802], [-118.55131140000002, 34.0673114], [-118.5512116, 34.0673764], [-118.5511727, 34.0673349], [-118.551163, 34.0673413], [-118.55112549999998, 34.0673071], [-118.5510614, 34.067232800000006], [-118.5510992, 34.06720809999998]]]}, "properties": {"id": "palisades-000503", "damage_class": 0, "damage_label": "no-damage", "confidence": 1.0, "area_m2": 341.99, "centroid": [-118.551196, 34.067253], "confidence_tier": "high", "sources": {"heuristic": 0, "cnn": 0, "margin": 1.0}, "footprint_source": "osm"}}, {"type": "Feature", "geometry": {"type": "Polygon", "coordinates": [[[-118.5639687, 34.07772990000001], [-118.5640636, 34.0776631], [-118.56404599999999, 34.07764449999999], [-118.56411, 34.0776027], [-118.564128, 34.077621799999996], [-118.56412090000002, 34.07762640000001], [-118.56416089999999, 34.0776618], [-118.56415079999998, 34.0776684], [-118.56416969999998, 34.0776884], [-118.56419219999998, 34.077673700000005], [-118.56421999999999, 34.0777031], [-118.56419899999999, 34.0777168], [-118.56424009999999, 34.0777603], [-118.56426289999999, 34.07774539999999], [-118.56428240000001, 34.07776599999999], [-118.5642628, 34.07777879999999], [-118.56427910000001, 34.0777961], [-118.5641778, 34.07786219999999], [-118.56417320000001, 34.0778573], [-118.56412109999998, 34.0778913], [-118.5639687, 34.07772990000001]]]}, "properties": {"id": "palisades-000504", "damage_class": 0, "damage_label": "no-damage", "confidence": 0.85, "area_m2": 455.85, "centroid": [-118.564124, 34.077754], "confidence_tier": "high", "sources": {"heuristic": 1, "cnn": 0, "margin": 1.0}, "footprint_source": "osm"}}, {"type": "Feature", "geometry": {"type": "Polygon", "coordinates": [[[-118.5496548, 34.07536090000001], [-118.5496192, 34.075372], [-118.54962410000002, 34.0753829], [-118.54954850000001, 34.0754063], [-118.54951520000002, 34.07533190000001], [-118.54954190000001, 34.0753237], [-118.54952020000002, 34.0752645], [-118.5496947, 34.07520469999999], [-118.54972160000001, 34.0752155], [-118.54974730000002, 34.0752611], [-118.5497941, 34.0752466], [-118.5498055, 34.07527219999999], [-118.54981970000001, 34.07527420000001], [-118.5498349, 34.0753052], [-118.5498307, 34.075314500000005], [-118.5496596, 34.0753715], [-118.5496548, 34.07536090000001]]]}, "properties": {"id": "palisades-000505", "damage_class": 0, "damage_label": "no-damage", "confidence": 0.85, "area_m2": 376.81, "centroid": [-118.549658, 34.075301], "confidence_tier": "high", "sources": {"heuristic": 1, "cnn": 0, "margin": 1.0}, "footprint_source": "osm"}}, {"type": "Feature", "geometry": {"type": "Polygon", "coordinates": [[[-118.5644145, 34.0751591], [-118.5643171, 34.0751954], [-118.56432230000001, 34.0752038], [-118.56422930000001, 34.0752437], [-118.5642009, 34.075197800000005], [-118.56417670000002, 34.0752082], [-118.56416230000002, 34.075185], [-118.5641877, 34.0751741], [-118.5641776, 34.07515789999999], [-118.5641563, 34.07516700000001], [-118.5641325, 34.0751286], [-118.5641532, 34.07511980000001], [-118.56413839999999, 34.075095999999995], [-118.5641517, 34.075090299999985], [-118.56411730000002, 34.0750348], [-118.5640825, 34.0750497], [-118.5640387, 34.0749789], [-118.5640601, 34.0749697], [-118.5640113, 34.0748909], [-118.56418939999999, 34.074814499999995], [-118.56419210000001, 34.0748188], [-118.56420139999999, 34.0748148], [-118.5644145, 34.0751591]]]}, "properties": {"id": "palisades-000506", "damage_class": 0, "damage_label": "no-damage", "confidence": 1.0, "area_m2": 874.49, "centroid": [-118.56421, 34.075028], "confidence_tier": "high", "sources": {"heuristic": 0, "cnn": 0, "margin": 1.0}, "footprint_source": "osm"}}, {"type": "Feature", "geometry": {"type": "Polygon", "coordinates": [[[-118.56058940000001, 34.0716554], [-118.56041420000001, 34.0716123], [-118.5604392, 34.0715465], [-118.5605116, 34.071565500000005], [-118.5605081, 34.07157469999999], [-118.56052100000001, 34.0715781], [-118.5605364, 34.0715379], [-118.5606231, 34.0715607], [-118.560628, 34.0715478], [-118.5606795, 34.0715614], [-118.56067519999999, 34.07157290000001], [-118.5606813, 34.071574500000004], [-118.56066980000001, 34.07160480000002], [-118.5606612, 34.0716025], [-118.5606592, 34.071625], [-118.5606358, 34.071673099999984], [-118.5605875, 34.0716604], [-118.56058940000001, 34.0716554]]]}, "properties": {"id": "palisades-000507", "damage_class": 0, "damage_label": "no-damage", "confidence": 1.0, "area_m2": 221.85, "centroid": [-118.560558, 34.071599], "confidence_tier": "high", "sources": {"heuristic": 0, "cnn": 0, "margin": 1.0}, "footprint_source": "osm"}}, {"type": "Feature", "geometry": {"type": "Polygon", "coordinates": [[[-118.5721537, 34.07949529999999], [-118.57211630000002, 34.07950689999999], [-118.57210940000002, 34.0794915], [-118.5720827, 34.0794997], [-118.5720795, 34.07951], [-118.57203710000002, 34.079524400000004], [-118.57202159999999, 34.07951719999999], [-118.57197110000001, 34.07953340000001], [-118.57197440000002, 34.0794846], [-118.57201, 34.07947339999999], [-118.5719822, 34.07941209999999], [-118.57210250000001, 34.079369400000004], [-118.5721124, 34.0793472], [-118.5721447, 34.0793379], [-118.57216530000001, 34.0793481], [-118.5723209, 34.07929659999999], [-118.5723941, 34.0794006], [-118.5723269, 34.07943339999999], [-118.572298, 34.0793923], [-118.57222880000002, 34.079414099999994], [-118.572245, 34.0794497], [-118.57214689999999, 34.07947999999999], [-118.5721537, 34.07949529999999]]]}, "properties": {"id": "palisades-000508", "damage_class": 0, "damage_label": "no-damage", "confidence": 1.0, "area_m2": 470.45, "centroid": [-118.572167, 34.079412], "confidence_tier": "high", "sources": {"heuristic": 0, "cnn": 0, "margin": 1.0}, "footprint_source": "osm"}}, {"type": "Feature", "geometry": {"type": "Polygon", "coordinates": [[[-118.55191450000001, 34.07774810000001], [-118.5519123, 34.07775809999999], [-118.55196219999999, 34.077765600000006], [-118.55195710000001, 34.07778879999999], [-118.5519751, 34.077776], [-118.552002, 34.0777805], [-118.5520187, 34.077798099999995], [-118.55200119999999, 34.0778779], [-118.55204910000002, 34.0779366], [-118.55203870000001, 34.0779421], [-118.5520377, 34.077953400000006], [-118.5520155, 34.0779661], [-118.552002, 34.0779628], [-118.5519906, 34.077969599999996], [-118.5519431, 34.0779113], [-118.5519399, 34.0779252], [-118.5518931, 34.0779178], [-118.55187369999999, 34.0780023], [-118.5518529, 34.0779985], [-118.55184310000001, 34.07800579999999], [-118.55181570000002, 34.0780009], [-118.5518087, 34.077991299999994], [-118.5517874, 34.07798829999999], [-118.5518423, 34.07773709999999], [-118.55191450000001, 34.07774810000001]]]}, "properties": {"id": "palisades-000509", "damage_class": 0, "damage_label": "no-damage", "confidence": 1.0, "area_m2": 422.0, "centroid": [-118.551906, 34.077869], "confidence_tier": "high", "sources": {"heuristic": 0, "cnn": 0, "margin": 1.0}, "footprint_source": "osm"}}, {"type": "Feature", "geometry": {"type": "Polygon", "coordinates": [[[-118.54975639999999, 34.0724513], [-118.5497727, 34.07248209999999], [-118.54976159999998, 34.07249839999999], [-118.5497728, 34.072522500000005], [-118.5497992, 34.07252969999999], [-118.5498153, 34.07256110000001], [-118.54957879999999, 34.0726407], [-118.54957610000001, 34.0726355], [-118.54957069999999, 34.0726374], [-118.5495559, 34.0726086], [-118.5495612, 34.072606699999994], [-118.5495489, 34.07258259999999], [-118.549555, 34.0725804], [-118.54952360000001, 34.0725331], [-118.54955440000002, 34.0725221], [-118.54955810000001, 34.0725293], [-118.54959559999999, 34.072516], [-118.54959319999999, 34.0725113], [-118.54975639999999, 34.0724513]]]}, "properties": {"id": "palisades-000510", "damage_class": 3, "damage_label": "destroyed", "confidence": 0.85, "area_m2": 292.46, "centroid": [-118.549668, 34.072549], "confidence_tier": "high", "sources": {"heuristic": 2, "cnn": 3, "margin": 1.0}, "footprint_source": "osm"}}, {"type": "Feature", "geometry": {"type": "Polygon", "coordinates": [[[-118.5483932, 34.076698], [-118.54833850000001, 34.0766542], [-118.5483435, 34.0766498], [-118.5483182, 34.07662950000001], [-118.5483578, 34.076595299999994], [-118.5483578, 34.07657729999999], [-118.548321, 34.076548300000006], [-118.54845679999998, 34.0764295], [-118.5484641, 34.0764353], [-118.5484767, 34.07642439999999], [-118.54850680000001, 34.076448299999996], [-118.54849489999998, 34.07646570000001], [-118.5485025, 34.07647169999999], [-118.5485081, 34.0764668], [-118.54853890000001, 34.0764912], [-118.5485324, 34.076496799999994], [-118.5485499, 34.0765026], [-118.54856110000001, 34.07649270000001], [-118.5485912, 34.076516500000004], [-118.5485796, 34.0765266], [-118.54858600000001, 34.0765316], [-118.5483932, 34.076698]]]}, "properties": {"id": "palisades-000511", "damage_class": 0, "damage_label": "no-damage", "confidence": 0.85, "area_m2": 385.12, "centroid": [-118.548442, 34.076557], "confidence_tier": "high", "sources": {"heuristic": 1, "cnn": 0, "margin": 1.0}, "footprint_source": "osm"}}, {"type": "Feature", "geometry": {"type": "Polygon", "coordinates": [[[-118.5513059, 34.07107070000001], [-118.5514165, 34.0710691], [-118.5514169, 34.07108889999999], [-118.5515051, 34.07108759999999], [-118.55150470000001, 34.0710694], [-118.55156820000002, 34.0710685], [-118.55157550000001, 34.07121289999999], [-118.5515576, 34.071226700000004], [-118.5515372, 34.0712321], [-118.55151729999999, 34.07122579999999], [-118.55150470000001, 34.0712073], [-118.5513559, 34.0712085], [-118.55135560000001, 34.0711713], [-118.551308, 34.07117139999999], [-118.5513059, 34.07107070000001]]]}, "properties": {"id": "palisades-000512", "damage_class": 0, "damage_label": "no-damage", "confidence": 0.85, "area_m2": 352.49, "centroid": [-118.551448, 34.071142], "confidence_tier": "high", "sources": {"heuristic": 1, "cnn": 0, "margin": 1.0}, "footprint_source": "osm"}}, {"type": "Feature", "geometry": {"type": "Polygon", "coordinates": [[[-118.550313, 34.07663519999999], [-118.5503083, 34.076643], [-118.5502691, 34.07662669999999], [-118.55027340000001, 34.0766195], [-118.55026740000001, 34.07661699999999], [-118.5502783, 34.0765988], [-118.5502516, 34.07658769999999], [-118.5502452, 34.07659829999999], [-118.55026, 34.0766044], [-118.5502584, 34.07661579999999], [-118.5502447, 34.0766387], [-118.55023730000002, 34.07663569999999], [-118.5502192, 34.07666580000001], [-118.5501564, 34.0766397], [-118.5501659, 34.0766238], [-118.550161, 34.076621799999984], [-118.55026700000002, 34.076445099999994], [-118.5502866, 34.076438800000005], [-118.55031200000002, 34.0764492], [-118.5503293, 34.076444599999995], [-118.5503968, 34.0764729], [-118.5504122, 34.076490799999995], [-118.550323, 34.0766393], [-118.550313, 34.07663519999999]]]}, "properties": {"id": "palisades-000513", "damage_class": 0, "damage_label": "no-damage", "confidence": 0.85, "area_m2": 319.81, "centroid": [-118.550287, 34.076548], "confidence_tier": "high", "sources": {"heuristic": 1, "cnn": 0, "margin": 1.0}, "footprint_source": "osm"}}, {"type": "Feature", "geometry": {"type": "Polygon", "coordinates": [[[-118.54945550000001, 34.0748263], [-118.5494676, 34.074787400000005], [-118.54947829999999, 34.07478969999999], [-118.54948700000001, 34.0747618], [-118.54951100000001, 34.074766999999994], [-118.549524, 34.07472499999999], [-118.54955810000001, 34.0747286], [-118.54953859999999, 34.074700699999994], [-118.54959530000001, 34.07467329999999], [-118.54961540000001, 34.074702], [-118.5496285, 34.0746956], [-118.54976980000002, 34.07472229999999], [-118.5497673, 34.0747336], [-118.549774, 34.0747444], [-118.54976959999999, 34.0747607], [-118.5497575, 34.07477000000001], [-118.5497667, 34.07478259999999], [-118.5497622, 34.0747984], [-118.5497492, 34.0748025], [-118.54973840000001, 34.07484459999999], [-118.54961569999999, 34.0748186], [-118.54960340000001, 34.074858199999994], [-118.54945550000001, 34.0748263]]]}, "properties": {"id": "palisades-000514", "damage_class": 0, "damage_label": "no-damage", "confidence": 1.0, "area_m2": 369.63, "centroid": [-118.549622, 34.074773], "confidence_tier": "high", "sources": {"heuristic": 0, "cnn": 0, "margin": 1.0}, "footprint_source": "osm"}}, {"type": "Feature", "geometry": {"type": "Polygon", "coordinates": [[[-118.55331959999998, 34.0757497], [-118.5534234, 34.07574110000001], [-118.5534277, 34.07572480000001], [-118.55344400000001, 34.0757137], [-118.5534387, 34.0756607], [-118.5535062, 34.07565759999999], [-118.55350790000001, 34.07568239999999], [-118.5535441, 34.07568069999999], [-118.5535416, 34.07564219999999], [-118.5536107, 34.075639100000004], [-118.55361430000002, 34.07569420000001], [-118.5536351, 34.07569339999999], [-118.55365220000002, 34.0757084], [-118.5537079, 34.07570590000001], [-118.5537087, 34.0757171], [-118.5537261, 34.0757163], [-118.55373, 34.07577489999999], [-118.55371820000002, 34.07577549999999], [-118.55372000000001, 34.07579479999999], [-118.5533238, 34.0758128], [-118.55331959999998, 34.0757497]]]}, "properties": {"id": "palisades-000515", "damage_class": 0, "damage_label": "no-damage", "confidence": 1.0, "area_m2": 449.89, "centroid": [-118.553535, 34.075743], "confidence_tier": "high", "sources": {"heuristic": 0, "cnn": 0, "margin": 1.0}, "footprint_source": "osm"}}, {"type": "Feature", "geometry": {"type": "Polygon", "coordinates": [[[-118.55338580000002, 34.069898499999994], [-118.5533733, 34.0698706], [-118.5533838, 34.0698522], [-118.5533683, 34.069824300000015], [-118.55336330000002, 34.0698282], [-118.5533557, 34.0698151], [-118.55333569999999, 34.069812999999996], [-118.55332319999998, 34.0697863], [-118.55333569999999, 34.069767899999995], [-118.55333030000001, 34.06975679999999], [-118.5534089, 34.06973060000001], [-118.5534063, 34.0697254], [-118.55354549999998, 34.0696702], [-118.5535809, 34.0697319], [-118.5535263, 34.0697524], [-118.5535756, 34.069838499999996], [-118.5535513, 34.06984809999999], [-118.5535557, 34.0698559], [-118.55342060000001, 34.06990869999999], [-118.55338580000002, 34.069898499999994]]]}, "properties": {"id": "palisades-000516", "damage_class": 0, "damage_label": "no-damage", "confidence": 1.0, "area_m2": 370.11, "centroid": [-118.553459, 34.069793], "confidence_tier": "high", "sources": {"heuristic": 0, "cnn": 0, "margin": 1.0}, "footprint_source": "osm"}}, {"type": "Feature", "geometry": {"type": "Polygon", "coordinates": [[[-118.5513904, 34.068186999999995], [-118.5513845, 34.068178199999984], [-118.5513382, 34.0681997], [-118.55134089999999, 34.068191299999995], [-118.5513228, 34.0681984], [-118.5513077, 34.068195499999995], [-118.5512944, 34.068174199999994], [-118.5512975, 34.0681625], [-118.5513108, 34.068156599999995], [-118.5513052, 34.06814750000001], [-118.5512738, 34.068160999999996], [-118.5512522, 34.0681261], [-118.5512836, 34.0681127], [-118.55125200000002, 34.068083300000005], [-118.55125800000002, 34.0680692], [-118.55149590000002, 34.0679615], [-118.5515382, 34.06802450000001], [-118.5514013, 34.06808430000001], [-118.5514151, 34.0681048], [-118.55143960000001, 34.06809339999999], [-118.5514757, 34.06814729999999], [-118.5513904, 34.068186999999995]]]}, "properties": {"id": "palisades-000517", "damage_class": 0, "damage_label": "no-damage", "confidence": 1.0, "area_m2": 345.25, "centroid": [-118.551384, 34.068087], "confidence_tier": "high", "sources": {"heuristic": 0, "cnn": 0, "margin": 1.0}, "footprint_source": "osm"}}, {"type": "Feature", "geometry": {"type": "Polygon", "coordinates": [[[-118.55229460000001, 34.074253], [-118.5522675, 34.07421459999999], [-118.552272, 34.074203499999996], [-118.55225260000002, 34.074173], [-118.5522644, 34.0741678], [-118.55225709999999, 34.07414889999999], [-118.5521466, 34.0741873], [-118.55211300000002, 34.0741203], [-118.55234, 34.0740376], [-118.5523431, 34.07404340000001], [-118.5523669, 34.07403480000001], [-118.55237929999998, 34.0740586], [-118.5523554, 34.07406719999999], [-118.55236550000001, 34.07407539999999], [-118.5523764, 34.0740737], [-118.55238550000001, 34.07409119999999], [-118.55237839999998, 34.074100200000004], [-118.55238160000002, 34.0741063], [-118.55239729999998, 34.0741007], [-118.5524478, 34.074197700000006], [-118.55229460000001, 34.074253]]]}, "properties": {"id": "palisades-000518", "damage_class": 0, "damage_label": "no-damage", "confidence": 0.85, "area_m2": 382.38, "centroid": [-118.552297, 34.074142], "confidence_tier": "high", "sources": {"heuristic": 1, "cnn": 0, "margin": 1.0}, "footprint_source": "osm"}}, {"type": "Feature", "geometry": {"type": "Polygon", "coordinates": [[[-118.5477581, 34.07823960000001], [-118.5476107, 34.0783141], [-118.5475574, 34.0782409], [-118.54757620000001, 34.0782314], [-118.5475458, 34.0781899], [-118.54768830000002, 34.0781178], [-118.54770300000001, 34.0781406], [-118.54770870000002, 34.078134000000006], [-118.54772550000001, 34.07813180000001], [-118.547744, 34.0781427], [-118.5477436, 34.07816259999999], [-118.54772730000002, 34.0781729], [-118.5477354, 34.0781832], [-118.54780930000001, 34.0781499], [-118.54784109999999, 34.0781936], [-118.5478335, 34.078197499999995], [-118.5478613, 34.0782353], [-118.54778350000001, 34.07827459999999], [-118.5477581, 34.07823960000001]]]}, "properties": {"id": "palisades-000519", "damage_class": 0, "damage_label": "no-damage", "confidence": 1.0, "area_m2": 345.62, "centroid": [-118.547692, 34.078213], "confidence_tier": "high", "sources": {"heuristic": 0, "cnn": 0, "margin": 1.0}, "footprint_source": "osm"}}, {"type": "Feature", "geometry": {"type": "Polygon", "coordinates": [[[-118.5524075, 34.07215240000001], [-118.5523665, 34.07208440000001], [-118.55238289999998, 34.07207749999999], [-118.5523859, 34.0720643], [-118.5524229, 34.07205040000001], [-118.55241730000002, 34.072040199999996], [-118.55244730000001, 34.072029], [-118.55244109999998, 34.0720175], [-118.5525115, 34.0719895], [-118.5525153, 34.0719961], [-118.55253590000001, 34.071988000000005], [-118.5525486, 34.07199289999999], [-118.55257030000001, 34.072015699999994], [-118.55256310000001, 34.072028100000004], [-118.5525699, 34.072038], [-118.55256800000001, 34.072055], [-118.5525549, 34.072059], [-118.55257690000002, 34.0721129], [-118.5525975, 34.072119599999986], [-118.5526169, 34.0721528], [-118.5526087, 34.07217240000001], [-118.55241970000002, 34.07224909999999], [-118.5523706, 34.07216779999999], [-118.5524075, 34.07215240000001]]]}, "properties": {"id": "palisades-000520", "damage_class": 0, "damage_label": "no-damage", "confidence": 1.0, "area_m2": 408.3, "centroid": [-118.552486, 34.072119], "confidence_tier": "high", "sources": {"heuristic": 0, "cnn": 0, "margin": 1.0}, "footprint_source": "osm"}}, {"type": "Feature", "geometry": {"type": "Polygon", "coordinates": [[[-118.55082960000001, 34.07406319999998], [-118.5507962, 34.0740619], [-118.5507959, 34.07406769999999], [-118.55076419999999, 34.074062100000006], [-118.55076339999998, 34.0740787], [-118.5507438, 34.07407799999999], [-118.5507436, 34.074083], [-118.5507229, 34.07408229999999], [-118.55072310000001, 34.07407849999999], [-118.55059160000002, 34.0740771], [-118.55058779999999, 34.0739634], [-118.55061890000002, 34.0739638], [-118.55061860000002, 34.073982699999995], [-118.55062980000001, 34.073982799999996], [-118.5506301, 34.0739627], [-118.5506914, 34.0739634], [-118.55069130000001, 34.0739691], [-118.55070890000002, 34.0739693], [-118.5507085, 34.0739643], [-118.55082689999999, 34.0739659], [-118.5508262, 34.0739961], [-118.55083310000002, 34.073996400000006], [-118.55082960000001, 34.07406319999998]]]}, "properties": {"id": "palisades-000521", "damage_class": 0, "damage_label": "no-damage", "confidence": 0.7, "area_m2": 268.98, "centroid": [-118.550707, 34.07402], "confidence_tier": "review", "sources": {"heuristic": 3, "cnn": 0, "margin": 1.0}, "footprint_source": "osm"}}, {"type": "Feature", "geometry": {"type": "Polygon", "coordinates": [[[-118.57007640000002, 34.0762443], [-118.56986559999999, 34.076305], [-118.5698294, 34.076218100000006], [-118.5698471, 34.076212999999996], [-118.5698447, 34.0762074], [-118.56987630000002, 34.07619830000001], [-118.56987870000002, 34.0762042], [-118.5698901, 34.0762009], [-118.569887, 34.0761934], [-118.56993120000001, 34.07618059999999], [-118.5699349, 34.0761895], [-118.56994500000002, 34.076186600000014], [-118.5699419, 34.0761792], [-118.5699716, 34.07617069999999], [-118.56997440000002, 34.0761774], [-118.5700001, 34.07617], [-118.56999720000002, 34.07616289999999], [-118.5700274, 34.07615419999999], [-118.5700304, 34.07616120000001], [-118.5700461, 34.0761567], [-118.570055, 34.0761779], [-118.5700916, 34.076167299999994], [-118.5700959, 34.07617769999999], [-118.5701648, 34.07615779999999], [-118.5701968, 34.0762346], [-118.57008570000002, 34.07626659999999], [-118.57007640000002, 34.0762443]]]}, "properties": {"id": "palisades-000522", "damage_class": 0, "damage_label": "no-damage", "confidence": 1.0, "area_m2": 323.36, "centroid": [-118.570007, 34.076223], "confidence_tier": "high", "sources": {"heuristic": 0, "cnn": 0, "margin": 1.0}, "footprint_source": "osm"}}, {"type": "Feature", "geometry": {"type": "Polygon", "coordinates": [[[-118.56129359999998, 34.0763866], [-118.5612202, 34.0762813], [-118.56124739999998, 34.0762682], [-118.56123590000001, 34.076251600000006], [-118.5612091, 34.076264599999995], [-118.5611695, 34.0762078], [-118.56132200000002, 34.076134100000004], [-118.56133530000001, 34.0761533], [-118.56135540000001, 34.0761435], [-118.56137310000001, 34.0761688], [-118.5613676, 34.07617150000001], [-118.5613774, 34.0761855], [-118.56134090000002, 34.0762031], [-118.5613548, 34.07622299999999], [-118.56137220000001, 34.0762146], [-118.5613945, 34.0762466], [-118.56138719999998, 34.076250099999996], [-118.56139520000002, 34.076261699999996], [-118.5614138, 34.07625269999999], [-118.5614849, 34.0763449], [-118.56146519999999, 34.07635429999999], [-118.5614767, 34.07637080000001], [-118.5613241, 34.0764445], [-118.5612862, 34.076390200000006], [-118.56129359999998, 34.0763866]]]}, "properties": {"id": "palisades-000523", "damage_class": 0, "damage_label": "no-damage", "confidence": 1.0, "area_m2": 495.36, "centroid": [-118.56133, 34.076288], "confidence_tier": "high", "sources": {"heuristic": 0, "cnn": 0, "margin": 1.0}, "footprint_source": "osm"}}, {"type": "Feature", "geometry": {"type": "Polygon", "coordinates": [[[-118.5516056, 34.068507499999996], [-118.5514755, 34.068518399999995], [-118.5514832, 34.06858129999999], [-118.551498, 34.068580100000005], [-118.5515015, 34.068608999999995], [-118.55148690000001, 34.0686102], [-118.5514884, 34.06862280000001], [-118.55144490000002, 34.06862650000001], [-118.551446, 34.06863489999999], [-118.5514066, 34.0686382], [-118.55140590000002, 34.06863229999999], [-118.5513533, 34.0686367], [-118.5513525, 34.068630199999994], [-118.55132590000001, 34.06863239999999], [-118.5513228, 34.06860659999999], [-118.55133670000001, 34.06860540000001], [-118.5513314, 34.0685619], [-118.5513168, 34.0685631], [-118.55131110000002, 34.068515999999995], [-118.5513168, 34.0685155], [-118.55131599999999, 34.068508400000006], [-118.55130540000002, 34.068504099999984], [-118.55130069999998, 34.06846970000001], [-118.55130909999998, 34.068464699999986], [-118.5513072, 34.0684548], [-118.5515963, 34.0684304], [-118.5516056, 34.068507499999996]]]}, "properties": {"id": "palisades-000524", "damage_class": 0, "damage_label": "no-damage", "confidence": 1.0, "area_m2": 410.62, "centroid": [-118.551434, 34.068523], "confidence_tier": "high", "sources": {"heuristic": 0, "cnn": 0, "margin": 1.0}, "footprint_source": "osm"}}, {"type": "Feature", "geometry": {"type": "Polygon", "coordinates": [[[-118.551677, 34.0687235], [-118.55159350000001, 34.0687296], [-118.5515978, 34.06876919999999], [-118.55155, 34.0687727], [-118.55154930000002, 34.0687658], [-118.55153859999999, 34.0687666], [-118.5515395, 34.0687751], [-118.5515475, 34.068776500000006], [-118.5515429, 34.068808399999995], [-118.5514032, 34.06882], [-118.5514009, 34.068801], [-118.55136630000001, 34.06880369999999], [-118.5513596, 34.06874679999999], [-118.5514169, 34.068742], [-118.55141220000002, 34.0687026], [-118.55139780000002, 34.0687038], [-118.5513863, 34.06869619999999], [-118.5513827, 34.0686722], [-118.5513949, 34.06866440000001], [-118.55144610000002, 34.06866130000001], [-118.551447, 34.06867160000001], [-118.5515693, 34.0686641], [-118.5515677, 34.06864610000001], [-118.551668, 34.06863869999999], [-118.551677, 34.0687235]]]}, "properties": {"id": "palisades-000525", "damage_class": 0, "damage_label": "no-damage", "confidence": 0.85, "area_m2": 367.14, "centroid": [-118.551512, 34.068727], "confidence_tier": "high", "sources": {"heuristic": 1, "cnn": 0, "margin": 1.0}, "footprint_source": "osm"}}, {"type": "Feature", "geometry": {"type": "Polygon", "coordinates": [[[-118.5712884, 34.07871579999999], [-118.5713193, 34.0786977], [-118.5713001, 34.078675], [-118.5713086, 34.07867], [-118.57128979999999, 34.078647800000006], [-118.5713427, 34.0786169], [-118.5713361, 34.07860910000001], [-118.57134830000001, 34.0786019], [-118.5713448, 34.0785978], [-118.57142500000002, 34.078550899999996], [-118.57141810000002, 34.07854259999999], [-118.57149850000002, 34.0784956], [-118.5715167, 34.07851719999999], [-118.5715264, 34.07851149999999], [-118.57159570000002, 34.0785935], [-118.571628, 34.07857460000001], [-118.5717075, 34.0786687], [-118.57162249999999, 34.07871840000001], [-118.5715633, 34.07864820000001], [-118.57146770000001, 34.0787041], [-118.57149229999999, 34.07873320000001], [-118.5713931, 34.078785100000005], [-118.5713546, 34.0787395], [-118.5713236, 34.07875760000001], [-118.5712884, 34.07871579999999]]]}, "properties": {"id": "palisades-000526", "damage_class": 0, "damage_label": "no-damage", "confidence": 0.7, "area_m2": 601.08, "centroid": [-118.571475, 34.078642], "confidence_tier": "review", "sources": {"heuristic": 2, "cnn": 0, "margin": 1.0}, "footprint_source": "osm"}}, {"type": "Feature", "geometry": {"type": "Polygon", "coordinates": [[[-118.56356230000002, 34.0719912], [-118.5635646, 34.0719948], [-118.5636189, 34.0719697], [-118.5635754, 34.071904399999994], [-118.5635262, 34.07192700000001], [-118.56353380000002, 34.07193839999999], [-118.563467, 34.07196909999999], [-118.5633948, 34.0718605], [-118.5634602, 34.0718304], [-118.56349210000002, 34.0718783], [-118.56363070000002, 34.071814399999994], [-118.5636554, 34.071851599999995], [-118.5636479, 34.071855], [-118.56365600000001, 34.07186720000001], [-118.5637116, 34.0718415], [-118.56375770000001, 34.0719108], [-118.56371230000002, 34.0719317], [-118.5637431, 34.07197789999999], [-118.56370279999999, 34.071996399999996], [-118.5637061, 34.0720013], [-118.563602, 34.0720461], [-118.5636444, 34.07210979999999], [-118.56358000000002, 34.07213950000001], [-118.5635004, 34.0720197], [-118.56356230000002, 34.0719912]]]}, "properties": {"id": "palisades-000527", "damage_class": 0, "damage_label": "no-damage", "confidence": 1.0, "area_m2": 510.67, "centroid": [-118.563592, 34.071947], "confidence_tier": "high", "sources": {"heuristic": 0, "cnn": 0, "margin": 1.0}, "footprint_source": "osm"}}, {"type": "Feature", "geometry": {"type": "Polygon", "coordinates": [[[-118.55550049999998, 34.074915], [-118.55549740000001, 34.0749301], [-118.55544040000001, 34.074922], [-118.5554433, 34.074908], [-118.5552956, 34.07488719999999], [-118.5553088, 34.07482329999999], [-118.55540350000001, 34.0748369], [-118.55540470000001, 34.074830999999996], [-118.55542710000002, 34.074834200000005], [-118.55544570000002, 34.074744200000005], [-118.5555047, 34.074752600000004], [-118.555508, 34.0747366], [-118.55559129999999, 34.07474849999999], [-118.5555942, 34.074734299999996], [-118.5556155, 34.0747374], [-118.5556275, 34.0747502], [-118.55561739999999, 34.0748038], [-118.55559939999999, 34.0748111], [-118.5556183, 34.07481299999999], [-118.55561019999999, 34.0748672], [-118.55558929999998, 34.0748651], [-118.55560209999999, 34.0748777], [-118.55559939999999, 34.0748952], [-118.55558100000002, 34.0749052], [-118.5555681, 34.07490330000001], [-118.55556319999998, 34.074923899999995], [-118.55550049999998, 34.074915]]]}, "properties": {"id": "palisades-000528", "damage_class": 0, "damage_label": "no-damage", "confidence": 0.7, "area_m2": 405.91, "centroid": [-118.555489, 34.074837], "confidence_tier": "review", "sources": {"heuristic": 2, "cnn": 0, "margin": 1.0}, "footprint_source": "osm"}}, {"type": "Feature", "geometry": {"type": "Polygon", "coordinates": [[[-118.5695929, 34.0757868], [-118.56958660000001, 34.0757722], [-118.56962049999998, 34.07576199999999], [-118.56962760000002, 34.07577820000001], [-118.56965070000001, 34.0757712], [-118.56970449999999, 34.0758946], [-118.56988710000002, 34.0758395], [-118.56988830000002, 34.07583449999999], [-118.5698801, 34.0758332], [-118.56988920000002, 34.07579560000002], [-118.56989649999998, 34.0757968], [-118.5699009, 34.075779000000004], [-118.569959, 34.07578879999999], [-118.5700985, 34.075744399999984], [-118.57012959999999, 34.075812099999986], [-118.570097, 34.0758224], [-118.5700947, 34.075817400000005], [-118.56996129999999, 34.0758597], [-118.56995380000001, 34.0758988], [-118.56997089999999, 34.0759428], [-118.56984909999998, 34.075975699999994], [-118.56985180000001, 34.0759827], [-118.56967200000001, 34.07602829999998], [-118.56956970000002, 34.07579379999999], [-118.5695929, 34.0757868]]]}, "properties": {"id": "palisades-000529", "damage_class": 0, "damage_label": "no-damage", "confidence": 1.0, "area_m2": 675.62, "centroid": [-118.569819, 34.075884], "confidence_tier": "high", "sources": {"heuristic": 0, "cnn": 0, "margin": 1.0}, "footprint_source": "osm"}}, {"type": "Feature", "geometry": {"type": "Polygon", "coordinates": [[[-118.5698049, 34.07830169999999], [-118.56978990000002, 34.078271699999995], [-118.5697046, 34.0782955], [-118.56966219999998, 34.07821059999999], [-118.56958770000001, 34.07821770000001], [-118.5695845, 34.07819390000001], [-118.56949749999998, 34.0782022], [-118.56947030000002, 34.0781941], [-118.5694634, 34.0781588], [-118.5694913, 34.0781446], [-118.56951090000001, 34.0781428], [-118.5695101, 34.07813719999999], [-118.56962640000002, 34.0781265], [-118.5696273, 34.07813269999999], [-118.5697041, 34.07810789999999], [-118.5696992, 34.07809740000001], [-118.56973450000001, 34.078086], [-118.5697388, 34.0780955], [-118.5697527, 34.07809099999999], [-118.5697764, 34.07813190000001], [-118.5698047, 34.078122799999996], [-118.56988089999999, 34.07827549999999], [-118.5698049, 34.07830169999999]]]}, "properties": {"id": "palisades-000530", "damage_class": 0, "damage_label": "no-damage", "confidence": 1.0, "area_m2": 451.17, "centroid": [-118.569701, 34.078192], "confidence_tier": "high", "sources": {"heuristic": 0, "cnn": 0, "margin": 1.0}, "footprint_source": "osm"}}, {"type": "Feature", "geometry": {"type": "Polygon", "coordinates": [[[-118.54776690000001, 34.0757843], [-118.5477496, 34.075799100000005], [-118.54775340000002, 34.0758021], [-118.54764330000002, 34.07589669999999], [-118.5476549, 34.07590589999999], [-118.54756629999999, 34.07598209999999], [-118.54750599999998, 34.0759339], [-118.54755819999998, 34.075889], [-118.5474719, 34.0758201], [-118.5474892, 34.075805200000005], [-118.5474785, 34.0757967], [-118.5475019, 34.07577659999999], [-118.5475199, 34.075791], [-118.5475458, 34.075768700000005], [-118.547542, 34.07576569999999], [-118.5476189, 34.0757028], [-118.5476665, 34.07574079999999], [-118.54768119999999, 34.07572819999999], [-118.5477194, 34.0757586], [-118.54772670000001, 34.0757523], [-118.54776690000001, 34.0757843]]]}, "properties": {"id": "palisades-000531", "damage_class": 0, "damage_label": "no-damage", "confidence": 1.0, "area_m2": 405.21, "centroid": [-118.547611, 34.07583], "confidence_tier": "high", "sources": {"heuristic": 0, "cnn": 0, "margin": 1.0}, "footprint_source": "osm"}}, {"type": "Feature", "geometry": {"type": "Polygon", "coordinates": [[[-118.56905829999998, 34.076211], [-118.5690434, 34.07617679999999], [-118.569001, 34.0761895], [-118.56900750000001, 34.0762043], [-118.5688654, 34.0762532], [-118.5688514, 34.076230699999996], [-118.56885590000002, 34.0762294], [-118.56884640000001, 34.076207499999995], [-118.5688362, 34.07621049999999], [-118.56883190000002, 34.07620070000001], [-118.5688444, 34.076197], [-118.56883919999999, 34.076185100000004], [-118.5689203, 34.076160699999996], [-118.5689262, 34.076174400000006], [-118.5689784, 34.07615869999999], [-118.56896789999999, 34.0761344], [-118.5690186, 34.076119299999995], [-118.56899820000001, 34.07610279999999], [-118.56899439999998, 34.0760899], [-118.56900180000001, 34.0760792], [-118.56897560000002, 34.0760173], [-118.56910329999998, 34.07597989999999], [-118.5691867, 34.0761724], [-118.56905829999998, 34.076211]]]}, "properties": {"id": "palisades-000532", "damage_class": 0, "damage_label": "no-damage", "confidence": 1.0, "area_m2": 420.04, "centroid": [-118.569036, 34.076125], "confidence_tier": "high", "sources": {"heuristic": 0, "cnn": 0, "margin": 1.0}, "footprint_source": "osm"}}, {"type": "Feature", "geometry": {"type": "Polygon", "coordinates": [[[-118.55174439999999, 34.069718099999996], [-118.5517547, 34.0696474], [-118.5518436, 34.06965639999999], [-118.55183740000001, 34.06964120000001], [-118.5518499, 34.0696109], [-118.55185660000001, 34.0696114], [-118.5518589, 34.069591], [-118.5518529, 34.06959049999999], [-118.5518484, 34.0695635], [-118.55185980000002, 34.0695361], [-118.5519534, 34.069545399999996], [-118.5519522, 34.069554], [-118.55201020000001, 34.069559700000006], [-118.55200879999998, 34.06956939999999], [-118.55202729999999, 34.069571200000006], [-118.55201580000002, 34.06965219999999], [-118.55203390000001, 34.06965400000001], [-118.55202540000002, 34.0697464], [-118.55174439999999, 34.069718099999996]]]}, "properties": {"id": "palisades-000533", "damage_class": 0, "damage_label": "no-damage", "confidence": 0.85, "area_m2": 414.84, "centroid": [-118.551912, 34.069652], "confidence_tier": "high", "sources": {"heuristic": 1, "cnn": 0, "margin": 1.0}, "footprint_source": "osm"}}, {"type": "Feature", "geometry": {"type": "Polygon", "coordinates": [[[-118.5480042, 34.07172799999999], [-118.5480005, 34.071731799999995], [-118.54772410000001, 34.07155759999999], [-118.5477545, 34.07152310000001], [-118.54776159999999, 34.0715274], [-118.54779060000001, 34.0714945], [-118.5478103, 34.0715064], [-118.54783090000001, 34.071489299999996], [-118.5478472, 34.0714859], [-118.54787409999999, 34.07149], [-118.5479056, 34.0714553], [-118.54791909999999, 34.071463900000005], [-118.5479237, 34.0714588], [-118.5480466, 34.07153600000001], [-118.54800240000002, 34.07158479999999], [-118.5479852, 34.07157399999999], [-118.5479766, 34.071583499999996], [-118.5479805, 34.071602600000006], [-118.5479658, 34.07161949999999], [-118.5480521, 34.071673399999995], [-118.5480489, 34.071677], [-118.5480585, 34.071683], [-118.5480137, 34.0717338], [-118.5480042, 34.07172799999999]]]}, "properties": {"id": "palisades-000534", "damage_class": 0, "damage_label": "no-damage", "confidence": 0.85, "area_m2": 464.79, "centroid": [-118.547908, 34.071581], "confidence_tier": "high", "sources": {"heuristic": 1, "cnn": 0, "margin": 1.0}, "footprint_source": "osm"}}, {"type": "Feature", "geometry": {"type": "Polygon", "coordinates": [[[-118.55342609999998, 34.06848279999999], [-118.55342329999999, 34.06847810000001], [-118.55343680000001, 34.068472500000006], [-118.5534487, 34.0684757], [-118.5534636, 34.06846839999999], [-118.5534949, 34.0685209], [-118.55348309999998, 34.0685258], [-118.5535182, 34.06859539999999], [-118.5535095, 34.06859899999999], [-118.55351329999999, 34.0686055], [-118.5534946, 34.06861729999999], [-118.5534976, 34.06862240000001], [-118.5534726, 34.06863280000001], [-118.5534645, 34.06862900000001], [-118.5534703, 34.0686388], [-118.553392, 34.0686712], [-118.5533659, 34.0686276], [-118.55330789999998, 34.068651599999995], [-118.55329220000002, 34.068625400000016], [-118.55328520000002, 34.068628399999994], [-118.55324380000002, 34.0685591], [-118.55342609999998, 34.06848279999999]]]}, "properties": {"id": "palisades-000535", "damage_class": 0, "damage_label": "no-damage", "confidence": 0.7, "area_m2": 329.74, "centroid": [-118.553393, 34.068573], "confidence_tier": "review", "sources": {"heuristic": 2, "cnn": 0, "margin": 1.0}, "footprint_source": "osm"}}, {"type": "Feature", "geometry": {"type": "Polygon", "coordinates": [[[-118.5641143, 34.0745416], [-118.5641244, 34.07453689999999], [-118.5641206, 34.0745311], [-118.564194, 34.074496999999994], [-118.56420040000002, 34.0745066], [-118.56420869999998, 34.074502700000004], [-118.56420170000001, 34.074492199999995], [-118.56429620000002, 34.07444850000001], [-118.5643273, 34.0744949], [-118.564347, 34.074485700000004], [-118.5643608, 34.0745063], [-118.5643383, 34.0745167], [-118.5643462, 34.0745287], [-118.5643695, 34.07451789999999], [-118.56441620000001, 34.074587799999996], [-118.5643828, 34.074603299999985], [-118.5644153, 34.07465189999999], [-118.56444710000001, 34.0746371], [-118.56449330000001, 34.074706], [-118.56447140000002, 34.074716200000005], [-118.56447949999999, 34.0747283], [-118.5645049, 34.074716499999994], [-118.56452270000001, 34.074743], [-118.5644991, 34.0747539], [-118.5645279, 34.074797], [-118.56433910000001, 34.0748775], [-118.5641143, 34.0745416]]]}, "properties": {"id": "palisades-000536", "damage_class": 0, "damage_label": "no-damage", "confidence": 0.7, "area_m2": 900.21, "centroid": [-118.564324, 34.074663], "confidence_tier": "review", "sources": {"heuristic": 3, "cnn": 0, "margin": 1.0}, "footprint_source": "osm"}}, {"type": "Feature", "geometry": {"type": "Polygon", "coordinates": [[[-118.551071, 34.071735399999994], [-118.55106150000002, 34.0717355], [-118.55106210000001, 34.07177969999999], [-118.55094690000001, 34.0717799], [-118.55094680000002, 34.0717373], [-118.5509146, 34.0717374], [-118.55091470000002, 34.07177849999999], [-118.55082950000002, 34.07177870000001], [-118.5508294, 34.071737000000006], [-118.55081760000002, 34.071737], [-118.55081760000002, 34.071714099999994], [-118.5507961, 34.071714099999994], [-118.55079599999999, 34.0716888], [-118.55068, 34.071689000000006], [-118.5506798, 34.0716125], [-118.5508085, 34.07161229999999], [-118.55080860000001, 34.0716218], [-118.5509214, 34.0716256], [-118.5509214, 34.0716353], [-118.5509632, 34.07163520000001], [-118.5509702, 34.07164629999999], [-118.55102490000002, 34.071646799999996], [-118.5510287, 34.071692999999996], [-118.5510705, 34.0716933], [-118.551071, 34.071735399999994]]]}, "properties": {"id": "palisades-000537", "damage_class": 0, "damage_label": "no-damage", "confidence": 1.0, "area_m2": 440.76, "centroid": [-118.550887, 34.071692], "confidence_tier": "high", "sources": {"heuristic": 0, "cnn": 0, "margin": 1.0}, "footprint_source": "osm"}}, {"type": "Feature", "geometry": {"type": "Polygon", "coordinates": [[[-118.55212300000001, 34.070647600000015], [-118.55212489999998, 34.0706532], [-118.5520316, 34.07065499999999], [-118.5520317, 34.07066089999999], [-118.55200269999999, 34.07066149999999], [-118.5520025, 34.070654], [-118.5518895, 34.070656099999994], [-118.5518886, 34.070621800000005], [-118.55190109999998, 34.070621599999996], [-118.5519002, 34.07058859999999], [-118.55191330000001, 34.0705884], [-118.5519123, 34.07055359999999], [-118.5518427, 34.0705591], [-118.5518462, 34.0704979], [-118.5519137, 34.0704966], [-118.5519135, 34.0704894], [-118.5519881, 34.070488000000005], [-118.5520166, 34.0704906], [-118.55201719999998, 34.070508800000006], [-118.55207650000001, 34.0705076], [-118.5520677, 34.0704857], [-118.55209890000002, 34.070478200000004], [-118.55215099999998, 34.0706414], [-118.55212300000001, 34.070647600000015]]]}, "properties": {"id": "palisades-000538", "damage_class": 0, "damage_label": "no-damage", "confidence": 1.0, "area_m2": 408.88, "centroid": [-118.552002, 34.070573], "confidence_tier": "high", "sources": {"heuristic": 0, "cnn": 0, "margin": 1.0}, "footprint_source": "osm"}}, {"type": "Feature", "geometry": {"type": "Polygon", "coordinates": [[[-118.57294890000001, 34.079855], [-118.5729139, 34.07985330000001], [-118.57292270000002, 34.079730699999985], [-118.5728782, 34.079671], [-118.57284059999999, 34.0796697], [-118.5727817, 34.0796977], [-118.57277010000001, 34.0796808], [-118.5727195, 34.079704799999995], [-118.5726383, 34.079586299999995], [-118.57265150000002, 34.07958009999999], [-118.57264710000001, 34.079573700000005], [-118.5726748, 34.0795605], [-118.57267979999999, 34.07956780000001], [-118.5727184, 34.07954939999999], [-118.5727211, 34.0795534], [-118.5728503, 34.0794921], [-118.57287600000001, 34.07952949999999], [-118.5728912, 34.07952240000001], [-118.5729674, 34.07963349999999], [-118.5729388, 34.07964700000001], [-118.5729557, 34.0796716], [-118.5730526, 34.0796741], [-118.57304880000001, 34.0796988], [-118.5730745, 34.0797161], [-118.5730697, 34.0798237], [-118.57304700000002, 34.07983329999999], [-118.5730415, 34.0799114], [-118.57294520000002, 34.079906599999994], [-118.57294890000001, 34.079855]]]}, "properties": {"id": "palisades-000539", "damage_class": 0, "damage_label": "no-damage", "confidence": 1.0, "area_m2": 753.23, "centroid": [-118.572888, 34.079684], "confidence_tier": "high", "sources": {"heuristic": 0, "cnn": 0, "margin": 1.0}, "footprint_source": "osm"}}, {"type": "Feature", "geometry": {"type": "Polygon", "coordinates": [[[-118.55191290000002, 34.068446599999994], [-118.55199160000001, 34.0684413], [-118.5519906, 34.0684317], [-118.55201239999998, 34.0684274], [-118.5520118, 34.06842110000001], [-118.5520676, 34.06842339999999], [-118.5521555, 34.0684175], [-118.55215699999998, 34.0684332], [-118.55217930000002, 34.0684309], [-118.5521931, 34.06844709999999], [-118.55218450000001, 34.06846649999999], [-118.55219230000002, 34.0685673], [-118.5520518, 34.068575599999996], [-118.55204560000001, 34.0685034], [-118.552038, 34.0685038], [-118.55203600000002, 34.068480999999984], [-118.55201479999998, 34.0684822], [-118.55201710000001, 34.0685087], [-118.55191959999999, 34.06851519999999], [-118.55191290000002, 34.068446599999994]]]}, "properties": {"id": "palisades-000540", "damage_class": 1, "damage_label": "minor-damage", "confidence": 0.7, "area_m2": 309.78, "centroid": [-118.552075, 34.068489], "confidence_tier": "review", "sources": {"heuristic": 3, "cnn": 1, "margin": 1.0}, "footprint_source": "osm"}}, {"type": "Feature", "geometry": {"type": "Polygon", "coordinates": [[[-118.56986580000002, 34.0788121], [-118.56975309999999, 34.0787245], [-118.56973210000001, 34.0787432], [-118.56976629999998, 34.07884039999999], [-118.5696797, 34.0788615], [-118.56964690000001, 34.07876810000001], [-118.56966900000002, 34.0787628], [-118.5696317, 34.078657], [-118.5696163, 34.078645599999994], [-118.56962649999998, 34.07863609999999], [-118.56958180000001, 34.078603099999995], [-118.5695881, 34.078597200000004], [-118.5695608, 34.078576999999996], [-118.5694565, 34.078569800000004], [-118.5694622, 34.0785133], [-118.5695478, 34.07851920000001], [-118.569549, 34.078507300000005], [-118.56956379999998, 34.078488099999994], [-118.56958829999999, 34.07848789999999], [-118.56960550000001, 34.0784725], [-118.56968439999999, 34.07853339999999], [-118.5696358, 34.07857709999999], [-118.5696644, 34.0785992], [-118.5697078, 34.0785602], [-118.5697214, 34.0785707], [-118.5697688, 34.078570199999994], [-118.5697691, 34.07858710000001], [-118.5699557, 34.0787321], [-118.56986580000002, 34.0788121]]]}, "properties": {"id": "palisades-000541", "damage_class": 2, "damage_label": "major-damage", "confidence": 0.85, "area_m2": 710.49, "centroid": [-118.569715, 34.078665], "confidence_tier": "high", "sources": {"heuristic": 1, "cnn": 2, "margin": 1.0}, "footprint_source": "osm"}}, {"type": "Feature", "geometry": {"type": "Polygon", "coordinates": [[[-118.5500144, 34.07800950000001], [-118.55002470000001, 34.07801270000001], [-118.5500594, 34.07794739999999], [-118.55009780000002, 34.07795910000001], [-118.5500913, 34.0779737], [-118.550098, 34.07797579999999], [-118.5501016, 34.0779678], [-118.55011130000001, 34.0779708], [-118.5501269, 34.07796470000001], [-118.55015390000001, 34.077970399999984], [-118.55017280000001, 34.07798429999999], [-118.55017589999999, 34.0779959], [-118.55019630000001, 34.07794989999999], [-118.5502375, 34.0779625], [-118.5501163, 34.07823640000001], [-118.55002110000001, 34.0782073], [-118.5500323, 34.0781687], [-118.5500008, 34.07815909999999], [-118.5500144, 34.0781284], [-118.5499681, 34.0781143], [-118.5500144, 34.07800950000001]]]}, "properties": {"id": "palisades-000542", "damage_class": 0, "damage_label": "no-damage", "confidence": 1.0, "area_m2": 451.1, "centroid": [-118.550097, 34.07808], "confidence_tier": "high", "sources": {"heuristic": 0, "cnn": 0, "margin": 1.0}, "footprint_source": "osm"}}, {"type": "Feature", "geometry": {"type": "Polygon", "coordinates": [[[-118.5518244, 34.069976999999994], [-118.55181160000001, 34.069919399999996], [-118.55187760000001, 34.0699056], [-118.55187579999999, 34.0698975], [-118.5518666, 34.0698989], [-118.5518612, 34.069875], [-118.5518027, 34.0698866], [-118.55179560000002, 34.06985439999998], [-118.5518687, 34.06984799999999], [-118.5518579, 34.0697992], [-118.5519299, 34.06978809999999], [-118.5519337, 34.0698052], [-118.55199130000001, 34.06979629999999], [-118.55199789999999, 34.0698264], [-118.5520592, 34.069816900000006], [-118.552065, 34.0698429], [-118.55207440000001, 34.06984149999999], [-118.5520865, 34.069896199999995], [-118.55201559999999, 34.069907099999995], [-118.5520179, 34.0699175], [-118.5520022, 34.0699199], [-118.5520086, 34.069948700000005], [-118.5518244, 34.069976999999994]]]}, "properties": {"id": "palisades-000543", "damage_class": 0, "damage_label": "no-damage", "confidence": 1.0, "area_m2": 341.01, "centroid": [-118.551938, 34.069881], "confidence_tier": "high", "sources": {"heuristic": 0, "cnn": 0, "margin": 1.0}, "footprint_source": "osm"}}, {"type": "Feature", "geometry": {"type": "Polygon", "coordinates": [[[-118.56050980000002, 34.073690199999994], [-118.56058340000001, 34.0736251], [-118.56061969999999, 34.073651099999985], [-118.56060380000001, 34.0736664], [-118.56062000000001, 34.073677999999994], [-118.56061249999999, 34.0736853], [-118.56062470000002, 34.073694], [-118.56063070000002, 34.0736882], [-118.56062390000001, 34.073683300000006], [-118.56063470000001, 34.073672900000005], [-118.56061670000001, 34.07366], [-118.5606262, 34.0736508], [-118.5606439, 34.0736635], [-118.56065450000001, 34.0736532], [-118.56066500000001, 34.0736607], [-118.5606616, 34.073664099999995], [-118.5607252, 34.0737096], [-118.56073610000001, 34.073699100000006], [-118.5607813, 34.0737315], [-118.5606861, 34.0738165], [-118.56050980000002, 34.073690199999994]]]}, "properties": {"id": "palisades-000544", "damage_class": 0, "damage_label": "no-damage", "confidence": 1.0, "area_m2": 238.98, "centroid": [-118.560645, 34.07372], "confidence_tier": "high", "sources": {"heuristic": 0, "cnn": 0, "margin": 1.0}, "footprint_source": "osm"}}, {"type": "Feature", "geometry": {"type": "Polygon", "coordinates": [[[-118.55174620000001, 34.06707659999999], [-118.55179419999999, 34.06710189999999], [-118.5517472, 34.0671639], [-118.551719, 34.06714909999999], [-118.55169939999999, 34.06717499999999], [-118.5517065, 34.0671788], [-118.5516838, 34.06720859999999], [-118.5516777, 34.0672054], [-118.55166210000002, 34.0672259], [-118.55165610000002, 34.0672228], [-118.55163600000002, 34.067249100000005], [-118.5516237, 34.067242699999994], [-118.55161800000002, 34.06725010000001], [-118.5515849, 34.0672327], [-118.5515916, 34.067224], [-118.55157639999999, 34.067216], [-118.55158420000001, 34.0672057], [-118.55152569999998, 34.0671749], [-118.55151510000002, 34.0671887], [-118.55152689999998, 34.06719489999999], [-118.5514792, 34.06725769999999], [-118.55141110000001, 34.0672219], [-118.5515402, 34.06705650000001], [-118.55165250000002, 34.06711550000001], [-118.5516635, 34.067101], [-118.55170939999998, 34.0671251], [-118.55174620000001, 34.06707659999999]]]}, "properties": {"id": "palisades-000545", "damage_class": 0, "damage_label": "no-damage", "confidence": 0.85, "area_m2": 369.45, "centroid": [-118.551592, 34.067158], "confidence_tier": "high", "sources": {"heuristic": 1, "cnn": 0, "margin": 1.0}, "footprint_source": "osm"}}, {"type": "Feature", "geometry": {"type": "Polygon", "coordinates": [[[-118.5521051, 34.07251060000001], [-118.55195169999999, 34.072449000000006], [-118.55195550000002, 34.072443], [-118.55191629999999, 34.0724257], [-118.5519111, 34.07243379999999], [-118.5518613, 34.0724118], [-118.5518984, 34.0723536], [-118.5518795, 34.07234520000001], [-118.551885, 34.07233649999999], [-118.55188110000002, 34.07232760000001], [-118.5518922, 34.0723112], [-118.551912, 34.0723038], [-118.5519392, 34.072261299999994], [-118.55195209999998, 34.072267], [-118.5519578, 34.0722611], [-118.55198989999998, 34.07221079999999], [-118.5521253, 34.0722707], [-118.552047, 34.07239880000001], [-118.55214699999999, 34.072444899999994], [-118.5521051, 34.07251060000001]]]}, "properties": {"id": "palisades-000546", "damage_class": 0, "damage_label": "no-damage", "confidence": 0.7, "area_m2": 466.65, "centroid": [-118.552007, 34.072361], "confidence_tier": "review", "sources": {"heuristic": 2, "cnn": 0, "margin": 1.0}, "footprint_source": "osm"}}, {"type": "Feature", "geometry": {"type": "Polygon", "coordinates": [[[-118.54743030000002, 34.071904], [-118.54741980000001, 34.0719172], [-118.5473675, 34.07188829999999], [-118.5474124, 34.07183710000001], [-118.5474272, 34.0718453], [-118.5474356, 34.071841299999996], [-118.547449, 34.07182469999999], [-118.5474369, 34.071818], [-118.5474872, 34.0717552], [-118.5475127, 34.0717694], [-118.5475177, 34.07176309999999], [-118.54767270000002, 34.0718491], [-118.5476681, 34.07185479999999], [-118.54777740000002, 34.0719154], [-118.5477329, 34.07197089999998], [-118.5476252, 34.071911199999995], [-118.54762080000002, 34.0719167], [-118.5475958, 34.0719028], [-118.5475816, 34.0719206], [-118.5475931, 34.07192700000001], [-118.54758879999999, 34.07193250000001], [-118.5475933, 34.071934999999996], [-118.5475647, 34.0719707], [-118.54755939999998, 34.0719677], [-118.547555, 34.071973199999995], [-118.54743030000002, 34.071904]]]}, "properties": {"id": "palisades-000547", "damage_class": 0, "damage_label": "no-damage", "confidence": 0.85, "area_m2": 436.01, "centroid": [-118.54756, 34.071874], "confidence_tier": "high", "sources": {"heuristic": 1, "cnn": 0, "margin": 1.0}, "footprint_source": "osm"}}, {"type": "Feature", "geometry": {"type": "Polygon", "coordinates": [[[-118.5515311, 34.06749320000001], [-118.5516605, 34.0674319], [-118.5516488, 34.0674154], [-118.5516303, 34.06742449999999], [-118.5515881, 34.0673651], [-118.55160510000002, 34.0673567], [-118.5515903, 34.0673359], [-118.5516272, 34.067317700000004], [-118.55161920000002, 34.06730650000001], [-118.55166330000002, 34.067284699999995], [-118.55167030000001, 34.06729459999999], [-118.55171070000002, 34.067274700000006], [-118.55173060000001, 34.06730259999999], [-118.5517703, 34.06728309999999], [-118.55179680000002, 34.0673203], [-118.55175999999999, 34.0673384], [-118.5517784, 34.0673643], [-118.551822, 34.0673429], [-118.55185600000002, 34.067390700000004], [-118.55171139999999, 34.0674619], [-118.55171520000002, 34.0674672], [-118.55165229999999, 34.06749219999999], [-118.5516567, 34.0674983], [-118.5515663, 34.0675428], [-118.5515311, 34.06749320000001]]]}, "properties": {"id": "palisades-000548", "damage_class": 0, "damage_label": "no-damage", "confidence": 0.7, "area_m2": 388.68, "centroid": [-118.55169, 34.067395], "confidence_tier": "review", "sources": {"heuristic": 2, "cnn": 0, "margin": 1.0}, "footprint_source": "osm"}}, {"type": "Feature", "geometry": {"type": "Polygon", "coordinates": [[[-118.5518473, 34.070441499999994], [-118.55184, 34.0704076], [-118.5518309, 34.07040889999999], [-118.551822, 34.07036709999999], [-118.55183079999999, 34.070365800000005], [-118.55182450000001, 34.0703359], [-118.55189160000002, 34.070326099999996], [-118.55188200000002, 34.0702809], [-118.55197320000002, 34.0702676], [-118.55198139999999, 34.07030650000001], [-118.55201620000001, 34.07030139999999], [-118.55200930000001, 34.070268899999995], [-118.55210350000002, 34.07025519999999], [-118.55210650000001, 34.0702697], [-118.5521135, 34.070268600000006], [-118.55212369999998, 34.0703164], [-118.5520485, 34.0703274], [-118.5520547, 34.0703569], [-118.5520971, 34.0703507], [-118.5521004, 34.0703663], [-118.5521339, 34.07036140000001], [-118.5521424, 34.0704012], [-118.5519515, 34.07043339999999], [-118.55194990000001, 34.070425799999995], [-118.5518473, 34.070441499999994]]]}, "properties": {"id": "palisades-000549", "damage_class": 0, "damage_label": "no-damage", "confidence": 0.85, "area_m2": 401.32, "centroid": [-118.551977, 34.070354], "confidence_tier": "high", "sources": {"heuristic": 1, "cnn": 0, "margin": 1.0}, "footprint_source": "osm"}}, {"type": "Feature", "geometry": {"type": "Polygon", "coordinates": [[[-118.54685040000001, 34.073233699999996], [-118.5468754, 34.0732476], [-118.54693920000001, 34.07315950000001], [-118.54695059999999, 34.0731658], [-118.54695480000001, 34.073160400000006], [-118.54697810000002, 34.07317329999999], [-118.5469739, 34.0731786], [-118.54704120000001, 34.07321580000001], [-118.54703619999998, 34.073221999999994], [-118.54704210000001, 34.0732253], [-118.5470141, 34.0732604], [-118.54703610000001, 34.073272599999996], [-118.54705850000002, 34.0732557], [-118.5470873, 34.0732577], [-118.5470935, 34.073263099999984], [-118.5471043, 34.07324590000001], [-118.54716330000001, 34.0732784], [-118.54710720000001, 34.07334869999999], [-118.5471739, 34.0733858], [-118.5471548, 34.0734096], [-118.54716359999999, 34.073414500000005], [-118.5471197, 34.073469399999986], [-118.5468023, 34.073293899999996], [-118.54685040000001, 34.073233699999996]]]}, "properties": {"id": "palisades-000550", "damage_class": 0, "damage_label": "no-damage", "confidence": 1.0, "area_m2": 557.33, "centroid": [-118.547003, 34.073312], "confidence_tier": "high", "sources": {"heuristic": 0, "cnn": 0, "margin": 1.0}, "footprint_source": "osm"}}, {"type": "Feature", "geometry": {"type": "Polygon", "coordinates": [[[-118.57034070000002, 34.0797436], [-118.5703284, 34.079740599999994], [-118.57031700000002, 34.079750499999996], [-118.57029210000002, 34.07974490000001], [-118.5702869, 34.07973700000001], [-118.57027690000001, 34.0797739], [-118.5702404, 34.07976699999999], [-118.5702323, 34.0797712], [-118.5701884, 34.0797531], [-118.57025110000001, 34.0795998], [-118.57031800000001, 34.079616699999995], [-118.57031350000001, 34.079629], [-118.57038420000002, 34.07964689999999], [-118.5703917, 34.07962640000001], [-118.5704439, 34.07963959999999], [-118.57045530000002, 34.0796341], [-118.57048140000002, 34.079641499999994], [-118.5704939, 34.079655], [-118.57046719999998, 34.0797319], [-118.5704745, 34.0797337], [-118.57045060000002, 34.0798026], [-118.57044480000002, 34.0798012], [-118.57043920000001, 34.079817399999996], [-118.5703246, 34.07978949999999], [-118.57034070000002, 34.0797436]]]}, "properties": {"id": "palisades-000551", "damage_class": 0, "damage_label": "no-damage", "confidence": 0.85, "area_m2": 417.31, "centroid": [-118.570348, 34.079707], "confidence_tier": "high", "sources": {"heuristic": 1, "cnn": 0, "margin": 1.0}, "footprint_source": "osm"}}, {"type": "Feature", "geometry": {"type": "Polygon", "coordinates": [[[-118.56446680000002, 34.07648230000001], [-118.5644563, 34.07647999999999], [-118.5644914, 34.0763676], [-118.56450359999998, 34.0763702], [-118.564522, 34.0763111], [-118.56450719999998, 34.0763079], [-118.56452390000001, 34.0762544], [-118.56453139999999, 34.076256], [-118.5645549, 34.076180699999995], [-118.5645454, 34.0761787], [-118.5645636, 34.0761204], [-118.56453890000002, 34.07611519999999], [-118.5645565, 34.0760585], [-118.5647208, 34.0760937], [-118.5646918, 34.0761867], [-118.5647008, 34.07618859999999], [-118.56469430000001, 34.07620949999998], [-118.56471110000001, 34.076212999999996], [-118.5646701, 34.0763444], [-118.5646765, 34.0763458], [-118.5646645, 34.076384299999994], [-118.5646579, 34.07638289999999], [-118.5646522, 34.076401], [-118.56463970000001, 34.07639830000001], [-118.5646222, 34.07645439999999], [-118.5646399, 34.076458200000005], [-118.56459840000001, 34.0765914], [-118.5641963, 34.0765112], [-118.56426049999999, 34.0763052], [-118.5642678, 34.07630679999999], [-118.5642724, 34.07629180000001], [-118.5642484, 34.0762866], [-118.56429029999998, 34.07615210000001], [-118.56430669999999, 34.076155599999986], [-118.56432380000001, 34.076100399999994], [-118.5643042, 34.0760962], [-118.56432359999998, 34.076034099999994], [-118.56447440000001, 34.076066299999994], [-118.56445579999999, 34.076125999999995], [-118.5644748, 34.07613009999999], [-118.5644389, 34.07624549999999], [-118.5644275, 34.0762431], [-118.56440479999999, 34.0763162], [-118.56442060000002, 34.076319500000004], [-118.5644032, 34.0763755], [-118.56441620000001, 34.076378299999995], [-118.5643719, 34.07652059999999], [-118.5644496, 34.076537200000004], [-118.56446680000002, 34.07648230000001]]]}, "properties": {"id": "palisades-000552", "damage_class": 0, "damage_label": "no-damage", "confidence": 0.85, "area_m2": 1682.68, "centroid": [-118.564464, 34.076314], "confidence_tier": "high", "sources": {"heuristic": 1, "cnn": 0, "margin": 1.0}, "footprint_source": "osm"}}, {"type": "Feature", "geometry": {"type": "Polygon", "coordinates": [[[-118.55749080000001, 34.07491519999999], [-118.55745440000001, 34.0749062], [-118.5574396, 34.0748895], [-118.5574495, 34.0748761], [-118.55742410000002, 34.07486310000001], [-118.557436, 34.074847], [-118.5574131, 34.0748353], [-118.55741840000002, 34.074828], [-118.55738759999998, 34.07481229999999], [-118.55740700000001, 34.074786], [-118.55739950000002, 34.07478209999999], [-118.55740580000001, 34.07477359999999], [-118.5573868, 34.0747639], [-118.557438, 34.0746942], [-118.5574729, 34.07471209999999], [-118.5574744, 34.0747293], [-118.5575308, 34.074757999999996], [-118.5575344, 34.07475320000001], [-118.5575437, 34.074758], [-118.55755010000001, 34.07474929999999], [-118.55758400000002, 34.0747666], [-118.55757750000001, 34.0747754], [-118.5575897, 34.074781], [-118.55749080000001, 34.07491519999999]]]}, "properties": {"id": "palisades-000553", "damage_class": 0, "damage_label": "no-damage", "confidence": 0.85, "area_m2": 246.34, "centroid": [-118.557479, 34.074803], "confidence_tier": "high", "sources": {"heuristic": 1, "cnn": 0, "margin": 1.0}, "footprint_source": "osm"}}, {"type": "Feature", "geometry": {"type": "Polygon", "coordinates": [[[-118.55101430000002, 34.07916209999999], [-118.5510473, 34.079234], [-118.55103680000002, 34.079237400000004], [-118.5510482, 34.0792623], [-118.5510008, 34.079277399999995], [-118.55099, 34.07925379999999], [-118.550938, 34.07927039999999], [-118.55094909999998, 34.079294600000004], [-118.5509048, 34.0793087], [-118.55085299999999, 34.079213399999986], [-118.55101430000002, 34.07916209999999]]]}, "properties": {"id": "palisades-000554", "damage_class": 0, "damage_label": "no-damage", "confidence": 1.0, "area_m2": 163.5, "centroid": [-118.550955, 34.079232], "confidence_tier": "high", "sources": {"heuristic": 0, "cnn": 0, "margin": 1.0}, "footprint_source": "osm"}}, {"type": "Feature", "geometry": {"type": "Polygon", "coordinates": [[[-118.5631629, 34.07595109999999], [-118.56316420000002, 34.075942399999995], [-118.56309700000001, 34.075935300000005], [-118.56310420000001, 34.0758879], [-118.5630068, 34.0758776], [-118.5629982, 34.07593419999999], [-118.5630113, 34.07593550000001], [-118.5630024, 34.0759941], [-118.5631376, 34.07600839999999], [-118.56313609999998, 34.0760183], [-118.5632789, 34.07603009999999], [-118.56325930000001, 34.0761588], [-118.56316389999999, 34.0761487], [-118.56316269999999, 34.0761564], [-118.56297600000002, 34.0761339], [-118.5629883, 34.076063000000005], [-118.56291580000001, 34.0760543], [-118.5629373, 34.0759299], [-118.56282789999999, 34.075916799999995], [-118.56283870000001, 34.075854299999996], [-118.5629177, 34.0758638], [-118.5629273, 34.0758088], [-118.56311230000001, 34.075829199999994], [-118.5631152, 34.075811], [-118.56313710000002, 34.075813399999994], [-118.5631382, 34.075806400000005], [-118.5633243, 34.0758269], [-118.563303, 34.0759659], [-118.5631629, 34.07595109999999]]]}, "properties": {"id": "palisades-000555", "damage_class": 0, "damage_label": "no-damage", "confidence": 0.85, "area_m2": 1006.15, "centroid": [-118.5631, 34.075969], "confidence_tier": "high", "sources": {"heuristic": 1, "cnn": 0, "margin": 1.0}, "footprint_source": "osm"}}, {"type": "Feature", "geometry": {"type": "Polygon", "coordinates": [[[-118.5527307, 34.0751177], [-118.5527349, 34.075114299999996], [-118.55270540000001, 34.075088900000004], [-118.5527259, 34.07507129999999], [-118.5527331, 34.07505569999999], [-118.5527579, 34.07504659999999], [-118.55270290000001, 34.075006699999996], [-118.5526992, 34.0749858], [-118.5527115, 34.07497119999999], [-118.552734, 34.074967599999994], [-118.5527993, 34.074916], [-118.55280830000001, 34.0749237], [-118.55281790000001, 34.0749154], [-118.55287460000001, 34.0749712], [-118.55289800000001, 34.0749775], [-118.5529057, 34.07499789999999], [-118.5529398, 34.0750241], [-118.55293909999999, 34.07503619999999], [-118.5527827, 34.075162299999995], [-118.5527307, 34.0751177]]]}, "properties": {"id": "palisades-000556", "damage_class": 0, "damage_label": "no-damage", "confidence": 1.0, "area_m2": 341.11, "centroid": [-118.552809, 34.075034], "confidence_tier": "high", "sources": {"heuristic": 0, "cnn": 0, "margin": 1.0}, "footprint_source": "osm"}}, {"type": "Feature", "geometry": {"type": "Polygon", "coordinates": [[[-118.5529036, 34.075148199999994], [-118.55292770000001, 34.0751272], [-118.55291680000002, 34.075118599999996], [-118.5529672, 34.07507449999999], [-118.5529716, 34.075078000000005], [-118.55298230000001, 34.0750686], [-118.5530227, 34.07510059999999], [-118.5530336, 34.0750935], [-118.5530581, 34.07509829999999], [-118.5530655, 34.075116], [-118.55310739999999, 34.075150699999995], [-118.5530649, 34.0751878], [-118.5530778, 34.075198], [-118.5529519, 34.075308099999994], [-118.5528962, 34.075264], [-118.55291270000001, 34.07524800000001], [-118.55289470000001, 34.0752393], [-118.55289289999999, 34.0752156], [-118.5528432, 34.075182000000005], [-118.55284819999999, 34.0751777], [-118.5528342, 34.0751666], [-118.55287820000001, 34.07512809999999], [-118.5529036, 34.075148199999994]]]}, "properties": {"id": "palisades-000557", "damage_class": 0, "damage_label": "no-damage", "confidence": 1.0, "area_m2": 342.7, "centroid": [-118.552973, 34.075181], "confidence_tier": "high", "sources": {"heuristic": 0, "cnn": 0, "margin": 1.0}, "footprint_source": "osm"}}, {"type": "Feature", "geometry": {"type": "Polygon", "coordinates": [[[-118.5638917, 34.074157500000005], [-118.5639009, 34.0741538], [-118.5638968, 34.07414649999999], [-118.5639735, 34.074116], [-118.5639793, 34.074126], [-118.56398870000001, 34.074122300000006], [-118.56398260000002, 34.07411160000001], [-118.5640789, 34.0740733], [-118.5641041, 34.0741171], [-118.56413149999999, 34.074106199999996], [-118.56415039999999, 34.0741388], [-118.56412069999999, 34.074150599999996], [-118.5641287, 34.0741646], [-118.5641513, 34.0741555], [-118.5641895, 34.0742219], [-118.56415550000001, 34.07423539999999], [-118.5641856, 34.074287700000006], [-118.56422050000002, 34.074279000000004], [-118.56425630000001, 34.0743412], [-118.56423559999999, 34.07434949999998], [-118.5642423, 34.07436130000001], [-118.5642654, 34.0743521], [-118.56428480000001, 34.0743858], [-118.56425969999998, 34.0743958], [-118.5642815, 34.074433600000006], [-118.5640905, 34.0745032], [-118.5638917, 34.074157500000005]]]}, "properties": {"id": "palisades-000558", "damage_class": 0, "damage_label": "no-damage", "confidence": 0.85, "area_m2": 897.23, "centroid": [-118.564091, 34.074287], "confidence_tier": "high", "sources": {"heuristic": 1, "cnn": 0, "margin": 1.0}, "footprint_source": "osm"}}, {"type": "Feature", "geometry": {"type": "Polygon", "coordinates": [[[-118.56470750000001, 34.0759922], [-118.5647113, 34.0759801], [-118.56469190000001, 34.07597589999999], [-118.5646851, 34.0759976], [-118.5646084, 34.075980900000005], [-118.56460520000002, 34.075991099999996], [-118.5644547, 34.075963099999996], [-118.5644518, 34.0759726], [-118.56437320000002, 34.0759555], [-118.56442049999998, 34.0758049], [-118.5645228, 34.0758271], [-118.5645286, 34.075808599999995], [-118.5645632, 34.075816200000006], [-118.5645613, 34.0758222], [-118.5646501, 34.075841499999996], [-118.5646546, 34.075827199999985], [-118.56467060000001, 34.0758307], [-118.56467300000001, 34.0758232], [-118.56470850000001, 34.0758309], [-118.5647026, 34.0758494], [-118.5647287, 34.075855], [-118.5647263, 34.075862799999996], [-118.56475370000001, 34.0758687], [-118.5647581, 34.075854600000014], [-118.5648179, 34.0758725], [-118.56477569999998, 34.0760071], [-118.56470750000001, 34.0759922]]]}, "properties": {"id": "palisades-000559", "damage_class": 0, "damage_label": "no-damage", "confidence": 0.85, "area_m2": 629.42, "centroid": [-118.564593, 34.075907], "confidence_tier": "high", "sources": {"heuristic": 1, "cnn": 0, "margin": 1.0}, "footprint_source": "osm"}}, {"type": "Feature", "geometry": {"type": "Polygon", "coordinates": [[[-118.56476390000002, 34.0752381], [-118.56485489999999, 34.075396899999994], [-118.5647466, 34.0754363], [-118.56475590000001, 34.07545390000001], [-118.5646843, 34.07547999999999], [-118.5646749, 34.0754622], [-118.5645517, 34.0755072], [-118.56449719999999, 34.075403599999994], [-118.5644488, 34.0754037], [-118.56444899999998, 34.0754872], [-118.5643392, 34.0754873], [-118.5643392, 34.075509], [-118.5642815, 34.075509], [-118.5642815, 34.07548839999998], [-118.56411920000001, 34.07548870000001], [-118.56411890000001, 34.07532119999999], [-118.56412490000001, 34.0753212], [-118.56412490000001, 34.0753117], [-118.564386, 34.0753143], [-118.564386, 34.075310400000006], [-118.56444050000002, 34.075310400000006], [-118.56444050000002, 34.075321999999986], [-118.5644476, 34.075322], [-118.5644476, 34.07534629999999], [-118.5644752, 34.07534630000001], [-118.56476390000002, 34.0752381]]]}, "properties": {"id": "palisades-000560", "damage_class": 0, "damage_label": "no-damage", "confidence": 1.0, "area_m2": 1224.67, "centroid": [-118.564472, 34.075389], "confidence_tier": "high", "sources": {"heuristic": 0, "cnn": 0, "margin": 1.0}, "footprint_source": "osm"}}, {"type": "Feature", "geometry": {"type": "Polygon", "coordinates": [[[-118.55717939999998, 34.071167200000005], [-118.5572346, 34.0711747], [-118.5572425, 34.07111220000001], [-118.5572334, 34.0711114], [-118.55723780000001, 34.0710761], [-118.557247, 34.071076899999994], [-118.5572534, 34.07102679999999], [-118.5572977, 34.0710307], [-118.55729630000002, 34.0710092], [-118.557303, 34.0709897], [-118.5573103, 34.0709904], [-118.5573151, 34.07095210000001], [-118.5573667, 34.0709566], [-118.5573619, 34.07099459999999], [-118.5573693, 34.07099529999999], [-118.5573659, 34.07102209999999], [-118.55738759999998, 34.071024], [-118.55738550000001, 34.0710404], [-118.55741180000001, 34.0710427], [-118.5573933, 34.07118839999999], [-118.55737069999999, 34.0711864], [-118.5573676, 34.0712113], [-118.557303, 34.07120559999999], [-118.55730620000001, 34.07118090000001], [-118.55729510000002, 34.0711799], [-118.5572886, 34.071232099999996], [-118.55716979999998, 34.07121600000001], [-118.55717939999998, 34.071167200000005]]]}, "properties": {"id": "palisades-000561", "damage_class": 0, "damage_label": "no-damage", "confidence": 1.0, "area_m2": 375.33, "centroid": [-118.557311, 34.071111], "confidence_tier": "high", "sources": {"heuristic": 0, "cnn": 0, "margin": 1.0}, "footprint_source": "osm"}}, {"type": "Feature", "geometry": {"type": "Polygon", "coordinates": [[[-118.5483234, 34.07750579999999], [-118.5483531, 34.077569], [-118.5483582, 34.077567], [-118.54837410000002, 34.0775968], [-118.5483509, 34.07760530000001], [-118.5483738, 34.077648200000006], [-118.5482519, 34.0776933], [-118.548216, 34.0776259], [-118.5483234, 34.077586299999986], [-118.54828150000002, 34.0775077], [-118.54822150000001, 34.0775299], [-118.5482007, 34.0774908], [-118.54821750000002, 34.077484599999984], [-118.54816539999999, 34.07738669999999], [-118.54824310000001, 34.077358000000004], [-118.5482483, 34.0773677], [-118.54830280000002, 34.07734760000001], [-118.54829860000001, 34.0773398], [-118.54837410000002, 34.077312], [-118.5484149, 34.07737299999999], [-118.5484092, 34.0773751], [-118.54842339999999, 34.077401900000005], [-118.5484136, 34.07740549999999], [-118.54845469999998, 34.0774826], [-118.5483893, 34.0775067], [-118.54837810000001, 34.077485700000004], [-118.5483234, 34.07750579999999]]]}, "properties": {"id": "palisades-000562", "damage_class": 0, "damage_label": "no-damage", "confidence": 1.0, "area_m2": 520.1, "centroid": [-118.54831, 34.077476], "confidence_tier": "high", "sources": {"heuristic": 0, "cnn": 0, "margin": 1.0}, "footprint_source": "osm"}}, {"type": "Feature", "geometry": {"type": "Polygon", "coordinates": [[[-118.55153530000001, 34.06933719999999], [-118.55152779999999, 34.069405200000006], [-118.55151550000001, 34.0694043], [-118.55150790000002, 34.06943290000001], [-118.55151270000002, 34.0694333], [-118.5515052, 34.0694688], [-118.5515133, 34.0694695], [-118.55151030000002, 34.069497000000005], [-118.5515028, 34.0694964], [-118.5514982, 34.069538099999995], [-118.55151660000001, 34.0695395], [-118.55150940000001, 34.06960689999999], [-118.5512965, 34.06958900000001], [-118.5513025, 34.0695395], [-118.551286, 34.0695254], [-118.5512895, 34.0694884], [-118.5512755, 34.069471400000005], [-118.5512776, 34.0694492], [-118.5512957, 34.069436399999994], [-118.5513035, 34.0693703], [-118.5513652, 34.0693754], [-118.5513659, 34.069369], [-118.5513845, 34.0693705], [-118.55138580000002, 34.06936019999999], [-118.5514209, 34.069363], [-118.551425, 34.069328899999995], [-118.55153530000001, 34.06933719999999]]]}, "properties": {"id": "palisades-000563", "damage_class": 0, "damage_label": "no-damage", "confidence": 0.7, "area_m2": 555.8, "centroid": [-118.55141, 34.069472], "confidence_tier": "review", "sources": {"heuristic": 2, "cnn": 0, "margin": 1.0}, "footprint_source": "osm"}}, {"type": "Feature", "geometry": {"type": "Polygon", "coordinates": [[[-118.55123110000001, 34.0676288], [-118.55126979999999, 34.06769289999999], [-118.55118360000002, 34.067729699999994], [-118.5511751, 34.067716000000004], [-118.55114580000001, 34.0677285], [-118.5511549, 34.06774339999999], [-118.5511457, 34.0677473], [-118.5511583, 34.0677677], [-118.5511757, 34.06777359999999], [-118.5511852, 34.06778849999999], [-118.5511862, 34.0678063], [-118.55115239999999, 34.0678207], [-118.5511561, 34.067826700000005], [-118.55113830000002, 34.06783430000001], [-118.5511348, 34.067828600000006], [-118.55102619999998, 34.0678776], [-118.55100569999999, 34.06787219999999], [-118.55099369999999, 34.067856199999994], [-118.5509996, 34.06783939999999], [-118.55094440000002, 34.0677562], [-118.5510899, 34.06769500000001], [-118.5510863, 34.067689], [-118.55111960000002, 34.06767490000001], [-118.55112690000001, 34.06768689999999], [-118.55114919999998, 34.0676775], [-118.55114250000001, 34.0676664], [-118.55123110000001, 34.0676288]]]}, "properties": {"id": "palisades-000564", "damage_class": 0, "damage_label": "no-damage", "confidence": 0.85, "area_m2": 360.77, "centroid": [-118.551099, 34.067757], "confidence_tier": "high", "sources": {"heuristic": 1, "cnn": 0, "margin": 1.0}, "footprint_source": "osm"}}, {"type": "Feature", "geometry": {"type": "Polygon", "coordinates": [[[-118.5644165, 34.07342929999999], [-118.5644482, 34.07347179999999], [-118.5645241, 34.073433], [-118.56449190000001, 34.07338980000001], [-118.5644826, 34.07339460000001], [-118.5644436, 34.0733423], [-118.56445430000001, 34.0733369], [-118.56442300000002, 34.0732948], [-118.564345, 34.07333469999999], [-118.56437900000002, 34.0733804], [-118.56431719999999, 34.073412000000005], [-118.56422900000001, 34.0732937], [-118.5642879, 34.0732636], [-118.56426049999999, 34.073226999999996], [-118.5643426, 34.07318500000001], [-118.5643759, 34.07322959999999], [-118.56439330000002, 34.0732207], [-118.5643888, 34.07321460000001], [-118.56442849999999, 34.0731943], [-118.56451200000001, 34.07330629999999], [-118.56457, 34.07327659999999], [-118.5646099, 34.073330199999994], [-118.5645559, 34.0733578], [-118.56462810000001, 34.0734547], [-118.5645654, 34.0734868], [-118.564606, 34.07354130000001], [-118.5645262, 34.07358210000001], [-118.56449900000001, 34.0735455], [-118.5644413, 34.073575], [-118.5643558, 34.07346040000001], [-118.5644165, 34.07342929999999]]]}, "properties": {"id": "palisades-000565", "damage_class": 0, "damage_label": "no-damage", "confidence": 1.0, "area_m2": 717.15, "centroid": [-118.564443, 34.073376], "confidence_tier": "high", "sources": {"heuristic": 0, "cnn": 0, "margin": 1.0}, "footprint_source": "osm"}}, {"type": "Feature", "geometry": {"type": "Polygon", "coordinates": [[[-118.55217669999999, 34.07858579999999], [-118.55207200000001, 34.078497], [-118.5520854, 34.078485300000004], [-118.55204289999999, 34.0784519], [-118.5520626, 34.078434599999994], [-118.55205499999998, 34.0784286], [-118.5521115, 34.0783791], [-118.5521466, 34.078378699999995], [-118.5521799, 34.078369], [-118.5522036, 34.07837250000001], [-118.5522876, 34.0784381], [-118.55227390000002, 34.07845009999999], [-118.5522816, 34.07845610000001], [-118.5522923, 34.0784467], [-118.5523236, 34.078471300000004], [-118.55231200000001, 34.078481399999994], [-118.55233339999998, 34.07849830000001], [-118.552265, 34.07855829999999], [-118.55223670000001, 34.07853589999999], [-118.55222070000002, 34.07855], [-118.5522238, 34.0785677], [-118.55220439999998, 34.078584899999996], [-118.55217669999999, 34.07858579999999]]]}, "properties": {"id": "palisades-000566", "damage_class": 0, "damage_label": "no-damage", "confidence": 1.0, "area_m2": 387.48, "centroid": [-118.552185, 34.078472], "confidence_tier": "high", "sources": {"heuristic": 0, "cnn": 0, "margin": 1.0}, "footprint_source": "osm"}}, {"type": "Feature", "geometry": {"type": "Polygon", "coordinates": [[[-118.55146050000002, 34.06980730000001], [-118.55128080000001, 34.0697998], [-118.5512819, 34.0697818], [-118.5512561, 34.069780699999995], [-118.5512554, 34.06979230000001], [-118.55122950000002, 34.06979329999999], [-118.5512219, 34.06978589999999], [-118.5512222, 34.0697677], [-118.5512273, 34.0697677], [-118.5512285, 34.0696962], [-118.55123580000001, 34.0696898], [-118.55123130000001, 34.0696897], [-118.5512324, 34.069640199999995], [-118.55132370000001, 34.0696336], [-118.55132340000002, 34.069645], [-118.55141590000001, 34.0696464], [-118.5514166, 34.0696928], [-118.5514366, 34.06970119999999], [-118.5514422, 34.069709499999995], [-118.55143920000002, 34.06973609999999], [-118.5514649, 34.06973550000001], [-118.55146050000002, 34.06980730000001]]]}, "properties": {"id": "palisades-000567", "damage_class": 0, "damage_label": "no-damage", "confidence": 0.85, "area_m2": 346.5, "centroid": [-118.551337, 34.069725], "confidence_tier": "high", "sources": {"heuristic": 1, "cnn": 0, "margin": 1.0}, "footprint_source": "osm"}}, {"type": "Feature", "geometry": {"type": "Polygon", "coordinates": [[[-118.5730169, 34.078731899999994], [-118.57295589999998, 34.07875750000001], [-118.5729589, 34.0787624], [-118.572952, 34.07876939999999], [-118.5728782, 34.0787967], [-118.57286640000001, 34.078777300000006], [-118.5728627, 34.07878840000001], [-118.57282169999999, 34.07877880000001], [-118.57282470000001, 34.0787696], [-118.5727468, 34.0787515], [-118.57273220000002, 34.07876050000001], [-118.572713, 34.07875599999999], [-118.5727006, 34.07874079999999], [-118.5727303, 34.0786523], [-118.5727522, 34.0786574], [-118.5727609, 34.0786315], [-118.57277259999998, 34.0786342], [-118.5727763, 34.07862329999999], [-118.5728971, 34.07865139999999], [-118.57293360000001, 34.0786351], [-118.5729389, 34.07864319999999], [-118.57295010000001, 34.07863820000001], [-118.57294640000002, 34.078632400000004], [-118.5729716, 34.07862119999998], [-118.57298900000002, 34.0786483], [-118.5731023, 34.078597900000005], [-118.5731452, 34.0786645], [-118.57301030000002, 34.078721], [-118.5730169, 34.078731899999994]]]}, "properties": {"id": "palisades-000568", "damage_class": 0, "damage_label": "no-damage", "confidence": 1.0, "area_m2": 485.17, "centroid": [-118.572904, 34.078696], "confidence_tier": "high", "sources": {"heuristic": 0, "cnn": 0, "margin": 1.0}, "footprint_source": "osm"}}, {"type": "Feature", "geometry": {"type": "Polygon", "coordinates": [[[-118.5708257, 34.0802783], [-118.57074550000002, 34.0802684], [-118.5707399, 34.08029969999999], [-118.57072069999998, 34.080312600000006], [-118.5706974, 34.080309799999995], [-118.57068259999998, 34.0802944], [-118.57068520000001, 34.08027620000001], [-118.5706585, 34.080273600000005], [-118.5706698, 34.08019409999999], [-118.570653, 34.0801747], [-118.5706585, 34.08015309999999], [-118.5706776, 34.080141299999994], [-118.57071140000001, 34.0801458], [-118.5707152, 34.0801263], [-118.5707898, 34.0801362], [-118.5707923, 34.08012310000001], [-118.5708012, 34.0801243], [-118.5708029, 34.08011530000001], [-118.57084009999998, 34.0801202], [-118.5708431, 34.080105], [-118.5709083, 34.0801137], [-118.57090159999998, 34.08014849999999], [-118.5709113, 34.0801497], [-118.570899, 34.080214100000006], [-118.57091630000001, 34.080216400000005], [-118.5709298, 34.0802312], [-118.57092580000001, 34.0802511], [-118.5709108, 34.0802602], [-118.5708868, 34.08025739999999], [-118.57087720000001, 34.0802434], [-118.57083289999998, 34.080237900000014], [-118.5708257, 34.0802783]]]}, "properties": {"id": "palisades-000569", "damage_class": 0, "damage_label": "no-damage", "confidence": 1.0, "area_m2": 375.38, "centroid": [-118.570784, 34.080201], "confidence_tier": "high", "sources": {"heuristic": 0, "cnn": 0, "margin": 1.0}, "footprint_source": "osm"}}, {"type": "Feature", "geometry": {"type": "Polygon", "coordinates": [[[-118.57243040000002, 34.079856299999996], [-118.57245620000002, 34.0798438], [-118.57245290000002, 34.079839], [-118.5724368, 34.079846800000006], [-118.5724097, 34.0798078], [-118.57242050000002, 34.0798026], [-118.572392, 34.0797616], [-118.5724012, 34.079746099999994], [-118.57245, 34.0797327], [-118.57242530000002, 34.0796999], [-118.57243709999999, 34.079693799999994], [-118.5724283, 34.07968209999999], [-118.57250520000001, 34.0796419], [-118.5725629, 34.079718500000006], [-118.57256790000001, 34.07971589999999], [-118.5725302, 34.079665899999995], [-118.57257480000001, 34.07964259999999], [-118.5726548, 34.0797577], [-118.57259219999999, 34.07979039999999], [-118.5725695, 34.0797603], [-118.5725641, 34.079763099999994], [-118.57256880000001, 34.0797693], [-118.57256300000002, 34.079772299999995], [-118.57257350000002, 34.0797863], [-118.5725674, 34.0797895], [-118.57259219999999, 34.0798223], [-118.5724534, 34.079889200000004], [-118.57243040000002, 34.079856299999996]]]}, "properties": {"id": "palisades-000570", "damage_class": 0, "damage_label": "no-damage", "confidence": 0.7, "area_m2": 372.44, "centroid": [-118.572514, 34.079758], "confidence_tier": "review", "sources": {"heuristic": 2, "cnn": 0, "margin": 1.0}, "footprint_source": "osm"}}, {"type": "Feature", "geometry": {"type": "Polygon", "coordinates": [[[-118.5643594, 34.0749049], [-118.5643765, 34.07489879999999], [-118.56437269999999, 34.07489139999999], [-118.56444329999998, 34.07486610000001], [-118.5644476, 34.07487449999999], [-118.5644553, 34.0748718], [-118.5644505, 34.07486240000001], [-118.5645415, 34.0748244], [-118.5645475, 34.07482529999999], [-118.564569, 34.074867], [-118.56459230000002, 34.07485859999999], [-118.56460729999999, 34.0748877], [-118.5645822, 34.0748966], [-118.5645893, 34.074910300000006], [-118.5646135, 34.0749017], [-118.56464989999999, 34.07497219999999], [-118.5646154, 34.07498460000001], [-118.56464300000002, 34.0750381], [-118.5646781, 34.0750255], [-118.5647066, 34.07508090000001], [-118.56468380000001, 34.07508910000001], [-118.5646978, 34.075116200000004], [-118.5647218, 34.07510760000001], [-118.5647362, 34.075135499999995], [-118.56471379999999, 34.07514359999998], [-118.5647384, 34.0751911], [-118.5646405, 34.0752261], [-118.5646369, 34.0752191], [-118.5645396, 34.0752538], [-118.5643594, 34.0749049]]]}, "properties": {"id": "palisades-000571", "damage_class": 0, "damage_label": "no-damage", "confidence": 0.7, "area_m2": 889.12, "centroid": [-118.564551, 34.07504], "confidence_tier": "review", "sources": {"heuristic": 3, "cnn": 0, "margin": 1.0}, "footprint_source": "osm"}}, {"type": "Feature", "geometry": {"type": "Polygon", "coordinates": [[[-118.5511919, 34.0679253], [-118.55116209999998, 34.0678757], [-118.5513875, 34.06777629999999], [-118.55144070000001, 34.06786030000001], [-118.5514354, 34.06786269999999], [-118.55144280000002, 34.06787430000001], [-118.55136210000002, 34.0679143], [-118.5513506, 34.06789609999999], [-118.55133900000001, 34.0679012], [-118.5513677, 34.06794659999999], [-118.55133240000002, 34.067961999999994], [-118.551335, 34.06796609999999], [-118.5512885, 34.06798119999999], [-118.5512639, 34.067942200000005], [-118.55124180000001, 34.06795189999999], [-118.55126310000001, 34.0679857], [-118.5511982, 34.068019], [-118.5511958, 34.0680151], [-118.5511298, 34.068044], [-118.5510991, 34.06799530000001], [-118.55112960000001, 34.06798199999999], [-118.5511142, 34.0679576], [-118.5511919, 34.0679253]]]}, "properties": {"id": "palisades-000572", "damage_class": 0, "damage_label": "no-damage", "confidence": 0.7, "area_m2": 412.52, "centroid": [-118.551274, 34.067907], "confidence_tier": "review", "sources": {"heuristic": 2, "cnn": 0, "margin": 1.0}, "footprint_source": "osm"}}, {"type": "Feature", "geometry": {"type": "Polygon", "coordinates": [[[-118.5531144, 34.07541950000002], [-118.55308609999999, 34.0753941], [-118.55307689999998, 34.0754012], [-118.55304340000002, 34.0753711], [-118.55306180000001, 34.075357000000004], [-118.5530551, 34.0753509], [-118.55307340000002, 34.07533680000001], [-118.55307920000001, 34.0753421], [-118.55309090000002, 34.07533310000001], [-118.55307950000001, 34.0753228], [-118.55308760000001, 34.07531], [-118.553074, 34.0752978], [-118.55305910000001, 34.07530930000001], [-118.5530511, 34.075302], [-118.5530395, 34.075310899999984], [-118.5530139, 34.0752879], [-118.55302610000001, 34.075278499999996], [-118.5530185, 34.0752716], [-118.553073, 34.07522959999999], [-118.5530878, 34.0752428], [-118.55311000000002, 34.0752258], [-118.5530955, 34.07521270000001], [-118.55318099999998, 34.0751468], [-118.55324660000001, 34.0752057], [-118.5532359, 34.07521400000001], [-118.5532588, 34.0752346], [-118.55328749999998, 34.075212400000005], [-118.5533265, 34.0752475], [-118.5533028, 34.0752657], [-118.553308, 34.07527040000001], [-118.5531144, 34.07541950000002]]]}, "properties": {"id": "palisades-000573", "damage_class": 0, "damage_label": "no-damage", "confidence": 0.85, "area_m2": 417.53, "centroid": [-118.553161, 34.075281], "confidence_tier": "high", "sources": {"heuristic": 1, "cnn": 0, "margin": 1.0}, "footprint_source": "osm"}}, {"type": "Feature", "geometry": {"type": "Polygon", "coordinates": [[[-118.56938139999998, 34.0759387], [-118.569395, 34.07597369999999], [-118.5694831, 34.075950000000006], [-118.5695122, 34.07602510000001], [-118.5695504, 34.0760148], [-118.5695753, 34.0760791], [-118.5694662, 34.0761084], [-118.5694424, 34.076047100000004], [-118.5694582, 34.07604280000001], [-118.5694495, 34.0760205], [-118.5694176, 34.07602910000001], [-118.56942090000001, 34.0760378], [-118.56940539999998, 34.0760419], [-118.56940140000002, 34.0760488], [-118.5693112, 34.0760682], [-118.5693055, 34.076075700000004], [-118.56928649999999, 34.07608120000001], [-118.56926159999999, 34.07608229999999], [-118.5692564, 34.0760688], [-118.5692375, 34.0760738], [-118.5692237, 34.07603819999999], [-118.5692426, 34.076033200000005], [-118.56923760000001, 34.076020099999994], [-118.5692509, 34.0760165], [-118.5692543, 34.0760082], [-118.5692758, 34.0760026], [-118.56928110000001, 34.0760085], [-118.5693161, 34.0759991], [-118.5693011, 34.0759603], [-118.56938139999998, 34.0759387]]]}, "properties": {"id": "palisades-000574", "damage_class": 0, "damage_label": "no-damage", "confidence": 1.0, "area_m2": 304.54, "centroid": [-118.569403, 34.076024], "confidence_tier": "high", "sources": {"heuristic": 0, "cnn": 0, "margin": 1.0}, "footprint_source": "osm"}}, {"type": "Feature", "geometry": {"type": "Polygon", "coordinates": [[[-118.564818, 34.07775300000001], [-118.56481380000001, 34.07774980000001], [-118.5648084, 34.0777546], [-118.56481580000002, 34.077760299999994], [-118.56478550000001, 34.0777878], [-118.5647782, 34.0777822], [-118.5647719, 34.077787900000004], [-118.56471739999999, 34.0777464], [-118.56470219999999, 34.077760299999994], [-118.5645753, 34.077663699999995], [-118.56461939999998, 34.0776248], [-118.5646138, 34.07762050000001], [-118.56465349999999, 34.077584399999985], [-118.5646307, 34.077566999999995], [-118.5646789, 34.0775232], [-118.56472589999998, 34.07755889999999], [-118.5647311, 34.07755409999999], [-118.56473749999999, 34.07755900000001], [-118.56476060000001, 34.077537899999996], [-118.5647998, 34.07756770000001], [-118.5647693, 34.0775953], [-118.56478979999999, 34.077610899999996], [-118.56481469999999, 34.0775883], [-118.564843, 34.077609800000005], [-118.56485540000001, 34.07759840000001], [-118.5648922, 34.07762639999999], [-118.56487670000001, 34.0776404], [-118.56490820000002, 34.0776709], [-118.5648842, 34.07769270000001], [-118.56490589999999, 34.077716], [-118.56493079999998, 34.0777003], [-118.5649506, 34.07772099999999], [-118.5649558, 34.07771749999999], [-118.5649623, 34.07772429999999], [-118.56499040000001, 34.077705599999994], [-118.56502439999998, 34.07774119999999], [-118.5649975, 34.077759], [-118.5650205, 34.077783], [-118.56499380000001, 34.07780069999999], [-118.5650153, 34.07782319999999], [-118.56502470000001, 34.077816999999996], [-118.56505190000001, 34.07784529999999], [-118.5650266, 34.0778621], [-118.56505019999999, 34.0778868], [-118.5650599, 34.0778803], [-118.56508610000002, 34.0779078], [-118.56506730000001, 34.0779202], [-118.5650755, 34.0779288], [-118.5650704, 34.07793209999999], [-118.5651181, 34.0779713], [-118.5650548, 34.0780132], [-118.5650344, 34.077991999999995], [-118.5649879, 34.07802279999999], [-118.5649822, 34.0780168], [-118.5649313, 34.07804879999998], [-118.56487640000002, 34.0779915], [-118.56489440000001, 34.0779795], [-118.564852, 34.0779352], [-118.56485630000002, 34.0779323], [-118.5648514, 34.077927200000005], [-118.56486360000001, 34.07791910000001], [-118.56481970000002, 34.077873199999985], [-118.5648252, 34.07786949999999], [-118.5648189, 34.077862999999994], [-118.56483380000002, 34.0778531], [-118.5647814, 34.07780369999999], [-118.56488000000002, 34.0777332], [-118.5648629, 34.07771219999999], [-118.564818, 34.07775300000001]]]}, "properties": {"id": "palisades-000575", "damage_class": 0, "damage_label": "no-damage", "confidence": 0.7, "area_m2": 1131.87, "centroid": [-118.564857, 34.077779], "confidence_tier": "review", "sources": {"heuristic": 2, "cnn": 0, "margin": 1.0}, "footprint_source": "osm"}}, {"type": "Feature", "geometry": {"type": "Polygon", "coordinates": [[[-118.5635156, 34.07633969999999], [-118.56348769999998, 34.0765535], [-118.5633972, 34.0765454], [-118.5633894, 34.0766056], [-118.5632396, 34.076592099999985], [-118.5632316, 34.07665359999999], [-118.5632097, 34.07665159999999], [-118.56320889999999, 34.076657999999995], [-118.563159, 34.076653500000006], [-118.5631649, 34.0766084], [-118.5630956, 34.0766022], [-118.56311559999999, 34.076449], [-118.56309700000001, 34.0764474], [-118.5630995, 34.076428400000005], [-118.5630893, 34.0764275], [-118.56311700000002, 34.07621499999999], [-118.5632862, 34.0762302], [-118.5632656, 34.0764022], [-118.5632561, 34.0764014], [-118.563249, 34.076460299999994], [-118.5631848, 34.07645489999999], [-118.5631769, 34.07652019999999], [-118.56332, 34.07653770000001], [-118.5633404, 34.076367100000006], [-118.5633496, 34.076367899999994], [-118.5633591, 34.076231], [-118.5635175, 34.0762438], [-118.5635051, 34.0763388], [-118.5635156, 34.07633969999999]]]}, "properties": {"id": "palisades-000576", "damage_class": 0, "damage_label": "no-damage", "confidence": 0.85, "area_m2": 1224.44, "centroid": [-118.563295, 34.076417], "confidence_tier": "high", "sources": {"heuristic": 1, "cnn": 0, "margin": 1.0}, "footprint_source": "osm"}}, {"type": "Feature", "geometry": {"type": "Polygon", "coordinates": [[[-118.56408769999999, 34.076070699999995], [-118.5641592, 34.07607809999999], [-118.56416329999999, 34.07605029999999], [-118.56423230000001, 34.07605740000001], [-118.56421130000001, 34.07619729999999], [-118.56414319999999, 34.076190200000006], [-118.56414119999998, 34.07620380000001], [-118.5640695, 34.07619629999999], [-118.56406639999999, 34.07621719999999], [-118.56394820000001, 34.07620500000001], [-118.56394930000002, 34.076197799999996], [-118.56379210000001, 34.07618140000001], [-118.56379100000001, 34.0761883], [-118.56374089999998, 34.0761831], [-118.5637422, 34.076175], [-118.5637194, 34.0761726], [-118.5637206, 34.076165], [-118.56365470000001, 34.0761582], [-118.5636526, 34.076172299999996], [-118.56357649999998, 34.0761644], [-118.56357890000001, 34.0761483], [-118.56356110000002, 34.0761465], [-118.5635601, 34.0761538], [-118.56351139999998, 34.07614869999999], [-118.5635309, 34.076018399999995], [-118.56374209999998, 34.0760403], [-118.56374089999998, 34.07604829999999], [-118.5638097, 34.0760554], [-118.5638118, 34.076041399999994], [-118.56395029999999, 34.0760558], [-118.563948, 34.076071299999995], [-118.56408550000002, 34.076085600000006], [-118.56408769999999, 34.076070699999995]]]}, "properties": {"id": "palisades-000577", "damage_class": 0, "damage_label": "no-damage", "confidence": 0.7, "area_m2": 963.2, "centroid": [-118.56387, 34.076119], "confidence_tier": "review", "sources": {"heuristic": 2, "cnn": 0, "margin": 1.0}, "footprint_source": "osm"}}, {"type": "Feature", "geometry": {"type": "Polygon", "coordinates": [[[-118.5501544, 34.0782204], [-118.55022680000002, 34.07806229999999], [-118.55023550000001, 34.07806510000001], [-118.5502407, 34.078053700000005], [-118.5502831, 34.07806729999999], [-118.55027810000001, 34.078078000000005], [-118.5502914, 34.0780863], [-118.5502741, 34.078123899999994], [-118.5502867, 34.0781317], [-118.55028860000002, 34.078144399999985], [-118.5502825, 34.0781565], [-118.55025869999999, 34.0781645], [-118.55035130000002, 34.07819409999999], [-118.5503491, 34.0781987], [-118.55036189999998, 34.078202700000006], [-118.5502736, 34.078396100000006], [-118.5502231, 34.078379999999996], [-118.5502303, 34.0783645], [-118.5501603, 34.07834220000001], [-118.55016749999999, 34.07832650000001], [-118.5501316, 34.0783151], [-118.5501708, 34.078225399999994], [-118.5501544, 34.0782204]]]}, "properties": {"id": "palisades-000578", "damage_class": 0, "damage_label": "no-damage", "confidence": 0.85, "area_m2": 429.02, "centroid": [-118.550243, 34.078236], "confidence_tier": "high", "sources": {"heuristic": 1, "cnn": 0, "margin": 1.0}, "footprint_source": "osm"}}, {"type": "Feature", "geometry": {"type": "Polygon", "coordinates": [[[-118.5641737, 34.07476489999999], [-118.5640801, 34.0748055], [-118.5640842, 34.0748121], [-118.5639902, 34.074852899999996], [-118.56396229999999, 34.0748085], [-118.56394240000002, 34.0748171], [-118.5639263, 34.074791399999995], [-118.5639475, 34.074782199999994], [-118.563939, 34.0747687], [-118.56391630000002, 34.0747785], [-118.5638901, 34.0747367], [-118.56391160000001, 34.0747274], [-118.5638982, 34.07470599999999], [-118.56391160000001, 34.074700099999994], [-118.5638755, 34.07464250000001], [-118.56384, 34.074658], [-118.5638025, 34.074598099999996], [-118.56382489999999, 34.07458840000001], [-118.5638125, 34.07456849999999], [-118.5637888, 34.0745787], [-118.56377090000001, 34.07455000000001], [-118.563795, 34.0745396], [-118.5637687, 34.0744977], [-118.56386050000002, 34.07445979999999], [-118.5638694, 34.0744739], [-118.5638778, 34.074470299999994], [-118.56386900000001, 34.07445619999999], [-118.5639454, 34.0744231], [-118.56394820000001, 34.07442749999999], [-118.5639592, 34.074422799999994], [-118.5641737, 34.07476489999999]]]}, "properties": {"id": "palisades-000579", "damage_class": 0, "damage_label": "no-damage", "confidence": 1.0, "area_m2": 886.57, "centroid": [-118.563968, 34.074636], "confidence_tier": "high", "sources": {"heuristic": 0, "cnn": 0, "margin": 1.0}, "footprint_source": "osm"}}, {"type": "Feature", "geometry": {"type": "Polygon", "coordinates": [[[-118.56434150000001, 34.0789287], [-118.56430999999999, 34.07892249999999], [-118.5643303, 34.0788516], [-118.56434899999999, 34.07885530000001], [-118.5643536, 34.078838899999994], [-118.5643654, 34.0788412], [-118.56437099999998, 34.07882180000001], [-118.56433969999999, 34.0788156], [-118.56435259999999, 34.07877049999999], [-118.56439580000001, 34.078779], [-118.5643941, 34.0787851], [-118.56441740000001, 34.0787897], [-118.564419, 34.078784000000006], [-118.56457109999998, 34.07881689999999], [-118.5645527, 34.078881300000006], [-118.564536, 34.078878], [-118.56452350000002, 34.078930400000004], [-118.5645361, 34.0789329], [-118.56451340000001, 34.078998], [-118.56445520000001, 34.078990399999995], [-118.56445640000001, 34.07898629999999], [-118.5643321, 34.0789617], [-118.56434150000001, 34.0789287]]]}, "properties": {"id": "palisades-000580", "damage_class": 1, "damage_label": "minor-damage", "confidence": 0.85, "area_m2": 404.07, "centroid": [-118.564438, 34.078885], "confidence_tier": "high", "sources": {"heuristic": 2, "cnn": 1, "margin": 1.0}, "footprint_source": "osm"}}, {"type": "Feature", "geometry": {"type": "Polygon", "coordinates": [[[-118.5522047, 34.071726], [-118.5521754, 34.071731099999994], [-118.55218410000002, 34.0717655], [-118.5521527, 34.071771], [-118.55215539999999, 34.0717816], [-118.55211190000001, 34.07178930000001], [-118.55210020000001, 34.07174320000001], [-118.55202540000002, 34.0717564], [-118.55200180000001, 34.07166350000001], [-118.5519822, 34.07166699999999], [-118.55197219999998, 34.0716279], [-118.5520619, 34.071612099999996], [-118.5520602, 34.07160499999999], [-118.55209780000001, 34.071598399999985], [-118.5521006, 34.0716094], [-118.55217580000001, 34.07159620000001], [-118.552174, 34.071589200000005], [-118.5522501, 34.0715758], [-118.55225140000002, 34.07158079999999], [-118.5522805, 34.07157569999998], [-118.55228680000002, 34.071600199999985], [-118.55231770000002, 34.0715947], [-118.55232010000002, 34.07160410000001], [-118.5523304, 34.07160519999999], [-118.5523375, 34.071631800000006], [-118.5523316, 34.071636599999984], [-118.55233339999998, 34.0716459], [-118.5522909, 34.071653700000006], [-118.5523206, 34.07174140000001], [-118.5522134, 34.0717603], [-118.5522047, 34.071726]]]}, "properties": {"id": "palisades-000581", "damage_class": 0, "damage_label": "no-damage", "confidence": 1.0, "area_m2": 507.44, "centroid": [-118.552163, 34.071674], "confidence_tier": "high", "sources": {"heuristic": 0, "cnn": 0, "margin": 1.0}, "footprint_source": "osm"}}, {"type": "Feature", "geometry": {"type": "Polygon", "coordinates": [[[-118.5499312, 34.07560840000001], [-118.5499111, 34.075614599999994], [-118.54991549999998, 34.07562480000001], [-118.5498571, 34.0756427], [-118.5498544, 34.07563660000001], [-118.5498475, 34.075638700000006], [-118.5498534, 34.07565199999999], [-118.54971670000002, 34.075693900000005], [-118.54971419999998, 34.075688099999994], [-118.54968830000001, 34.075696], [-118.54966790000002, 34.0756498], [-118.54969529999998, 34.07564240000001], [-118.54967210000001, 34.0756281], [-118.5496714, 34.0756132], [-118.5496833, 34.07559989999999], [-118.54966730000001, 34.0756042], [-118.54965040000002, 34.0755659], [-118.5498685, 34.075503700000006], [-118.54988729999998, 34.07553959999999], [-118.5499056, 34.075553], [-118.54990280000001, 34.0755678], [-118.54991220000001, 34.0755655], [-118.5499312, 34.07560840000001]]]}, "properties": {"id": "palisades-000582", "damage_class": 0, "damage_label": "no-damage", "confidence": 0.7, "area_m2": 339.32, "centroid": [-118.549787, 34.075599], "confidence_tier": "review", "sources": {"heuristic": 2, "cnn": 0, "margin": 1.0}, "footprint_source": "osm"}}, {"type": "Feature", "geometry": {"type": "Polygon", "coordinates": [[[-118.56368, 34.078306], [-118.56380380000002, 34.0782423], [-118.56382990000002, 34.078277500000006], [-118.56383680000002, 34.07827399999999], [-118.56384499999999, 34.0782851], [-118.56387340000002, 34.07827050000001], [-118.5638982, 34.078303899999995], [-118.56386080000001, 34.07832299999999], [-118.5638765, 34.07834429999999], [-118.5639157, 34.078324200000004], [-118.56394240000002, 34.078360199999985], [-118.56390289999999, 34.07838039999999], [-118.5639174, 34.078399999999995], [-118.5639535, 34.0783815], [-118.564001, 34.07844579999999], [-118.5639654, 34.0784639], [-118.5639844, 34.0784896], [-118.56396700000002, 34.078498399999994], [-118.5639853, 34.0785232], [-118.5639976, 34.078516900000004], [-118.56402560000001, 34.0785548], [-118.56384770000001, 34.078639599999995], [-118.5638085, 34.0785865], [-118.5638126, 34.0785844], [-118.56380620000002, 34.0785757], [-118.56381580000001, 34.078570799999994], [-118.56365000000001, 34.07834650000001], [-118.56366430000001, 34.07833919999999], [-118.5636554, 34.07832480000001], [-118.56354250000001, 34.0782232], [-118.56355720000002, 34.078212099999995], [-118.56344980000001, 34.07811449999999], [-118.5634599, 34.0781068], [-118.5634384, 34.0780873], [-118.5635628, 34.0779917], [-118.56368930000001, 34.0781067], [-118.56370519999999, 34.078094500000006], [-118.5637395, 34.07812559999999], [-118.5637047, 34.0781522], [-118.5637238, 34.0781696], [-118.5637494, 34.07815009999999], [-118.5637864, 34.0781837], [-118.56376690000002, 34.0781985], [-118.56377210000001, 34.0782032], [-118.5637666, 34.0782073], [-118.5637794, 34.078219], [-118.5636708, 34.0782958], [-118.56368, 34.078306]]]}, "properties": {"id": "palisades-000583", "damage_class": 0, "damage_label": "no-damage", "confidence": 0.7, "area_m2": 1354.67, "centroid": [-118.563745, 34.078318], "confidence_tier": "review", "sources": {"heuristic": 2, "cnn": 0, "margin": 1.0}, "footprint_source": "osm"}}, {"type": "Feature", "geometry": {"type": "Polygon", "coordinates": [[[-118.56398830000002, 34.0791998], [-118.5639914, 34.079192299999995], [-118.5641167, 34.07922829999999], [-118.56410320000002, 34.07927509999999], [-118.5640926, 34.079272], [-118.5640806, 34.0793008], [-118.5640629, 34.0792957], [-118.56405130000002, 34.0793238], [-118.5640633, 34.07932720000001], [-118.5640497, 34.07936], [-118.5640378, 34.0793566], [-118.5640279, 34.079380699999994], [-118.56403970000001, 34.079384099999984], [-118.5640151, 34.07942620000001], [-118.5638908, 34.0793943], [-118.5638931, 34.0793887], [-118.5638446, 34.0793748], [-118.56389710000002, 34.079244], [-118.5639015, 34.079245300000004], [-118.5639275, 34.07918239999999], [-118.5639396, 34.07918579999999], [-118.56394580000001, 34.0791652], [-118.5639081, 34.07916329999998], [-118.5639222, 34.07897059999999], [-118.5639297, 34.078970999999996], [-118.5639307, 34.078957499999994], [-118.5639231, 34.07895709999999], [-118.5639274, 34.0788978], [-118.56394240000002, 34.078898599999995], [-118.5639404, 34.0788766], [-118.5639263, 34.0788793], [-118.56389140000002, 34.07875709999998], [-118.5638979, 34.078755799999996], [-118.56389359999999, 34.078740799999984], [-118.5638877, 34.07874199999999], [-118.5638703, 34.07868109999999], [-118.5640684, 34.0786363], [-118.56408169999999, 34.078683100000006], [-118.5640989, 34.0786796], [-118.5641155, 34.0787378], [-118.5640887, 34.0787431], [-118.56410560000002, 34.078802200000005], [-118.5641119, 34.0788009], [-118.56411680000001, 34.07881820000001], [-118.5641101, 34.078819499999994], [-118.56411860000001, 34.0788494], [-118.5639927, 34.07887310000001], [-118.56399080000001, 34.07886659999999], [-118.5639816, 34.078868400000005], [-118.56398620000002, 34.078896900000004], [-118.5639961, 34.0788973], [-118.56399649999999, 34.07889080000001], [-118.56412589999998, 34.078897299999994], [-118.5641287, 34.07893729999999], [-118.56415079999998, 34.0789384], [-118.5641461, 34.0790041], [-118.564113, 34.079006600000014], [-118.5641107, 34.0790374], [-118.56412469999998, 34.0790381], [-118.56412220000001, 34.0790727], [-118.564107, 34.0790719], [-118.56410450000001, 34.07910639999999], [-118.5641338, 34.0791079], [-118.56413180000001, 34.0791364], [-118.56411680000001, 34.07913560000001], [-118.56411560000001, 34.079152], [-118.56410560000002, 34.079151499999995], [-118.56410330000001, 34.0791827], [-118.5639765, 34.079174300000005], [-118.56397039999999, 34.079194699999995], [-118.56398830000002, 34.0791998]]]}, "properties": {"id": "palisades-000584", "damage_class": 0, "damage_label": "no-damage", "confidence": 0.85, "area_m2": 1464.22, "centroid": [-118.564002, 34.079025], "confidence_tier": "high", "sources": {"heuristic": 1, "cnn": 0, "margin": 1.0}, "footprint_source": "osm"}}, {"type": "Feature", "geometry": {"type": "Polygon", "coordinates": [[[-118.5615991, 34.07587410000001], [-118.5615935, 34.0758772], [-118.56157979999999, 34.07586029999999], [-118.5615738, 34.0758637], [-118.5615496, 34.07583399999999], [-118.56152669999999, 34.0758468], [-118.5613627, 34.0756362], [-118.56134450000002, 34.0756464], [-118.56125120000002, 34.075531500000004], [-118.56126540000001, 34.075523499999996], [-118.5611864, 34.075426300000004], [-118.5611793, 34.075430299999994], [-118.56115130000002, 34.07539569999999], [-118.5611563, 34.0753929], [-118.5611446, 34.075378399999984], [-118.5612707, 34.0753075], [-118.5614353, 34.07550210000001], [-118.5614257, 34.0755075], [-118.56147689999999, 34.07557049999999], [-118.56148910000002, 34.07556369999999], [-118.5615276, 34.0756111], [-118.5615373, 34.0756057], [-118.5616156, 34.07570209999999], [-118.5616058, 34.075707599999994], [-118.5616566, 34.0757702], [-118.5616805, 34.0757568], [-118.56171999999998, 34.0758055], [-118.56174230000002, 34.07579299999999], [-118.5617818, 34.0758417], [-118.56163830000001, 34.07592230000001], [-118.5615991, 34.07587410000001]]]}, "properties": {"id": "palisades-000585", "damage_class": 0, "damage_label": "no-damage", "confidence": 1.0, "area_m2": 1129.28, "centroid": [-118.561448, 34.075624], "confidence_tier": "high", "sources": {"heuristic": 0, "cnn": 0, "margin": 1.0}, "footprint_source": "osm"}}, {"type": "Feature", "geometry": {"type": "Polygon", "coordinates": [[[-118.5538908, 34.069790299999994], [-118.5539092, 34.06974040000001], [-118.553886, 34.0697345], [-118.5539029, 34.06968869999999], [-118.55380410000001, 34.0696634], [-118.5538055, 34.06963579999999], [-118.5538462, 34.0696124], [-118.55392230000001, 34.069630399999994], [-118.55392790000002, 34.0696139], [-118.55398340000002, 34.069627499999996], [-118.5539863, 34.0696191], [-118.5540301, 34.0696298], [-118.55402760000001, 34.069637], [-118.55404379999999, 34.069641], [-118.55403209999999, 34.069674299999996], [-118.5540529, 34.0696794], [-118.55404920000001, 34.06968979999999], [-118.55405840000002, 34.06969209999999], [-118.5540472, 34.06972389999999], [-118.5540398, 34.069722099999986], [-118.5540362, 34.0697323], [-118.5540128, 34.069726599999996], [-118.554016, 34.06974520000001], [-118.55399999999999, 34.06976269999999], [-118.5539736, 34.0697559], [-118.5539722, 34.0697598], [-118.55400620000002, 34.06976849999999], [-118.5539916, 34.06980800000001], [-118.55395769999998, 34.0697993], [-118.5539549, 34.0698067], [-118.5538908, 34.069790299999994]]]}, "properties": {"id": "palisades-000586", "damage_class": 0, "damage_label": "no-damage", "confidence": 1.0, "area_m2": 289.58, "centroid": [-118.553945, 34.069696], "confidence_tier": "high", "sources": {"heuristic": 0, "cnn": 0, "margin": 1.0}, "footprint_source": "osm"}}, {"type": "Feature", "geometry": {"type": "Polygon", "coordinates": [[[-118.56225900000001, 34.07490920000001], [-118.5623273, 34.07488099999999], [-118.56235890000002, 34.074934], [-118.5623477, 34.0749385], [-118.5623783, 34.0749897], [-118.562393, 34.074983700000004], [-118.56242520000002, 34.07503770000001], [-118.56227289999998, 34.0751006], [-118.5621755, 34.0749276], [-118.56204810000001, 34.0749732], [-118.5620876, 34.0750394], [-118.5621431, 34.0750164], [-118.56223599999998, 34.0751722], [-118.56225240000002, 34.0751654], [-118.5622831, 34.075216899999994], [-118.5621287, 34.075278499999996], [-118.56209870000002, 34.075228199999984], [-118.5620828, 34.0752347], [-118.56201930000002, 34.075128199999995], [-118.5620293, 34.075124100000004], [-118.56199950000001, 34.07507410000001], [-118.56194520000001, 34.0750965], [-118.5619033, 34.0750262], [-118.561964, 34.0750011], [-118.5619334, 34.07494969999999], [-118.56207239999999, 34.0748923], [-118.5620684, 34.0748856], [-118.56221, 34.07482709999999], [-118.56225900000001, 34.07490920000001]]]}, "properties": {"id": "palisades-000587", "damage_class": 0, "damage_label": "no-damage", "confidence": 0.85, "area_m2": 1050.63, "centroid": [-118.562157, 34.07504], "confidence_tier": "high", "sources": {"heuristic": 1, "cnn": 0, "margin": 1.0}, "footprint_source": "osm"}}, {"type": "Feature", "geometry": {"type": "Polygon", "coordinates": [[[-118.5703683, 34.077922300000004], [-118.5703272, 34.07785620000001], [-118.57040289999999, 34.0778236], [-118.57040529999999, 34.077827500000005], [-118.57041819999999, 34.077821899999996], [-118.57044460000002, 34.07780060000001], [-118.57046410000001, 34.0778028], [-118.5704607, 34.07779649999999], [-118.57050870000002, 34.0777785], [-118.5705147, 34.07778969999999], [-118.57052160000002, 34.0777871], [-118.57052560000001, 34.0777669], [-118.57054780000001, 34.07775829999999], [-118.57057510000001, 34.07776429999999], [-118.5705677, 34.0777533], [-118.5706806, 34.0777009], [-118.57072420000002, 34.077766], [-118.5706587, 34.0777964], [-118.5706658, 34.077806999999986], [-118.57066270000001, 34.0778213], [-118.5706239, 34.0778399], [-118.57061890000001, 34.07785820000001], [-118.5706281, 34.077869199999995], [-118.57062220000002, 34.0778879], [-118.57059910000001, 34.0778976], [-118.5705828, 34.0778951], [-118.570501, 34.07793479999999], [-118.5704942, 34.07795789999999], [-118.5704733, 34.07796639999999], [-118.57044930000002, 34.07795879999999], [-118.57041529999998, 34.077972900000006], [-118.5703806, 34.077916999999985], [-118.5703683, 34.077922300000004]]]}, "properties": {"id": "palisades-000588", "damage_class": 0, "damage_label": "no-damage", "confidence": 1.0, "area_m2": 483.62, "centroid": [-118.570523, 34.077842], "confidence_tier": "high", "sources": {"heuristic": 0, "cnn": 0, "margin": 1.0}, "footprint_source": "osm"}}, {"type": "Feature", "geometry": {"type": "Polygon", "coordinates": [[[-118.56444299999998, 34.07846969999999], [-118.5644554, 34.078425], [-118.5644853, 34.078430700000006], [-118.5644905, 34.07841199999999], [-118.5644665, 34.078407399999996], [-118.564478, 34.0783657], [-118.56448810000002, 34.07836759999999], [-118.5644929, 34.07835029999999], [-118.5644851, 34.0783488], [-118.56449300000001, 34.07832], [-118.5645193, 34.078325], [-118.5645288, 34.0782907], [-118.56468360000001, 34.0783179], [-118.5646817, 34.0783247], [-118.56470939999998, 34.07833], [-118.564695, 34.0783949], [-118.56468350000002, 34.0783927], [-118.5646633, 34.0784448], [-118.5646805, 34.0784481], [-118.5646593, 34.07851379999999], [-118.5645867, 34.0785036], [-118.56458839999999, 34.07849749999999], [-118.56455810000001, 34.0784917], [-118.5645525, 34.07851189999999], [-118.56465950000002, 34.0785324], [-118.56464460000001, 34.07859960000001], [-118.5646317, 34.078597099999996], [-118.56462680000001, 34.07861479999999], [-118.56462059999998, 34.078613600000004], [-118.5646111, 34.0786481], [-118.5646303, 34.0786517], [-118.5646083, 34.078717000000005], [-118.5645343, 34.0787077], [-118.5645363, 34.078700500000004], [-118.5645253, 34.0786984], [-118.5645234, 34.078705199999995], [-118.56449420000001, 34.07869960000001], [-118.5644961, 34.07869279999999], [-118.5643939, 34.07867329999999], [-118.56440599999999, 34.0786296], [-118.56443609999998, 34.0786354], [-118.5644416, 34.0786156], [-118.56442640000002, 34.0786127], [-118.56444890000002, 34.0785228], [-118.56447050000001, 34.0785269], [-118.56447850000002, 34.0784977], [-118.56450239999998, 34.07850229999999], [-118.56450800000002, 34.0784821], [-118.56444299999998, 34.07846969999999]]]}, "properties": {"id": "palisades-000589", "damage_class": 0, "damage_label": "no-damage", "confidence": 0.7, "area_m2": 808.44, "centroid": [-118.564557, 34.078503], "confidence_tier": "review", "sources": {"heuristic": 2, "cnn": 0, "margin": 1.0}, "footprint_source": "osm"}}, {"type": "Feature", "geometry": {"type": "Polygon", "coordinates": [[[-118.5640836, 34.07946880000001], [-118.56409850000001, 34.0794626], [-118.564087, 34.0794434], [-118.5641125, 34.0794328], [-118.5641226, 34.0794495], [-118.56414919999999, 34.079438399999994], [-118.56412309999999, 34.07940489999999], [-118.5641314, 34.0794014], [-118.564122, 34.07938579999999], [-118.5641584, 34.079370700000005], [-118.56417619999999, 34.0793932], [-118.5641961, 34.079384899999994], [-118.5641905, 34.0793756], [-118.56420920000001, 34.07936780000001], [-118.56419920000002, 34.0793513], [-118.564245, 34.079332099999995], [-118.5642528, 34.079344999999996], [-118.56425849999998, 34.079342600000004], [-118.5643468, 34.079488999999995], [-118.5642804, 34.07951370000001], [-118.56428800000002, 34.0795262], [-118.5642235, 34.0795531], [-118.5642364, 34.07957449999999], [-118.5642153, 34.0795856], [-118.5641664, 34.079606000000005], [-118.5641501, 34.07957909999999], [-118.5641203, 34.0795913], [-118.56412340000001, 34.0795991], [-118.564135, 34.0795959], [-118.5641466, 34.0796451], [-118.56407110000002, 34.07966939999999], [-118.564068, 34.079661399999985], [-118.5640056, 34.0796746], [-118.5640116, 34.079689699999996], [-118.56393259999999, 34.079711200000006], [-118.5639274, 34.07969799999999], [-118.56386, 34.079720299999984], [-118.5638439, 34.079679399999996], [-118.56383569999998, 34.079681599999994], [-118.56382600000002, 34.0796569], [-118.5638326, 34.0796551], [-118.5638022, 34.0795774], [-118.5637947, 34.07957939999999], [-118.56378229999999, 34.0795476], [-118.56383089999999, 34.07953439999999], [-118.5638403, 34.07955840000001], [-118.56386860000002, 34.0795507], [-118.5638616, 34.07953289999999], [-118.5639066, 34.07952070000001], [-118.56392059999999, 34.079544799999994], [-118.5639423, 34.0795389], [-118.5639387, 34.0795296], [-118.56395570000001, 34.07952499999999], [-118.56394429999999, 34.079496000000006], [-118.56404050000002, 34.0794699], [-118.56405479999998, 34.0795065], [-118.564084, 34.07949849999999], [-118.56409850000001, 34.0795355], [-118.5641191, 34.079527799999994], [-118.5640836, 34.07946880000001]]]}, "properties": {"id": "palisades-000590", "damage_class": 0, "damage_label": "no-damage", "confidence": 0.85, "area_m2": 961.16, "centroid": [-118.564069, 34.079545], "confidence_tier": "high", "sources": {"heuristic": 1, "cnn": 0, "margin": 1.0}, "footprint_source": "osm"}}, {"type": "Feature", "geometry": {"type": "Polygon", "coordinates": [[[-118.5545431, 34.0691028], [-118.5545492, 34.0691672], [-118.5545348, 34.0691838], [-118.55453849999999, 34.0692633], [-118.55452559999999, 34.0692645], [-118.5545269, 34.0692742], [-118.5543844, 34.06928089999999], [-118.5543806, 34.06925079999999], [-118.55436780000001, 34.0692519], [-118.5543671, 34.06924670000001], [-118.55434770000001, 34.0692397], [-118.55434820000002, 34.0692262], [-118.5543656, 34.069219499999996], [-118.55436420000001, 34.06920749999998], [-118.5543304, 34.06921], [-118.55432400000001, 34.069222800000006], [-118.55431539999998, 34.0692248], [-118.5543004, 34.06922000000001], [-118.5542998, 34.06921279999999], [-118.55430960000001, 34.06920459999999], [-118.5542968, 34.0691236], [-118.5545431, 34.0691028]]]}, "properties": {"id": "palisades-000591", "damage_class": 0, "damage_label": "no-damage", "confidence": 0.7, "area_m2": 359.12, "centroid": [-118.554434, 34.069188], "confidence_tier": "review", "sources": {"heuristic": 3, "cnn": 0, "margin": 1.0}, "footprint_source": "osm"}}, {"type": "Feature", "geometry": {"type": "Polygon", "coordinates": [[[-118.56395500000002, 34.0764945], [-118.56402040000002, 34.076517], [-118.56396319999999, 34.0766324], [-118.56393890000001, 34.0766241], [-118.56393499999999, 34.07663199999999], [-118.5639134, 34.076624599999995], [-118.5639169, 34.07661749999998], [-118.56381560000001, 34.0765827], [-118.5638019, 34.0766103], [-118.5636578, 34.0765609], [-118.5636858, 34.0765045], [-118.5636072, 34.07647750000001], [-118.5636707, 34.076349399999984], [-118.56368800000001, 34.076355299999996], [-118.56369490000002, 34.0763414], [-118.56368780000001, 34.076338899999996], [-118.5637065, 34.07630110000001], [-118.5637773, 34.076325399999995], [-118.5638032, 34.0762731], [-118.56396050000001, 34.0763271], [-118.5639769, 34.0762941], [-118.564041, 34.0763161], [-118.5640471, 34.0763036], [-118.56411520000002, 34.07632699999999], [-118.56404989999999, 34.07645879999999], [-118.56391699999999, 34.0764132], [-118.5639322, 34.07638239999999], [-118.56385339999999, 34.0763553], [-118.56382760000001, 34.0764074], [-118.5638169, 34.0764037], [-118.5637817, 34.07647469999999], [-118.5637932, 34.0764787], [-118.56376669999999, 34.07653199999999], [-118.5638439, 34.0765585], [-118.56388940000001, 34.076466800000006], [-118.5639573, 34.07649010000001], [-118.56395500000002, 34.0764945]]]}, "properties": {"id": "palisades-000592", "damage_class": 0, "damage_label": "no-damage", "confidence": 0.85, "area_m2": 919.76, "centroid": [-118.56385, 34.076441], "confidence_tier": "high", "sources": {"heuristic": 1, "cnn": 0, "margin": 1.0}, "footprint_source": "osm"}}, {"type": "Feature", "geometry": {"type": "Polygon", "coordinates": [[[-118.571236, 34.0788177], [-118.5712764, 34.0787952], [-118.5712872, 34.0788088], [-118.57130050000002, 34.078801399999996], [-118.57134700000002, 34.0788594], [-118.5712573, 34.0789091], [-118.57124530000002, 34.0789626], [-118.57123780000002, 34.07896139999999], [-118.5712146, 34.07906440000001], [-118.5711938, 34.0790763], [-118.5711864, 34.079111499999996], [-118.57103059999999, 34.079094], [-118.5710553, 34.0789749], [-118.5711061, 34.0789822], [-118.5711086, 34.0789704], [-118.5710865, 34.0789672], [-118.5710884, 34.0789578], [-118.57107730000001, 34.07894209999998], [-118.5710242, 34.07893700000001], [-118.5710337, 34.07889670000001], [-118.571086, 34.078905299999995], [-118.57110280000002, 34.0788961], [-118.5711417, 34.078905], [-118.5711318, 34.0788882], [-118.5711348, 34.0788725], [-118.57115269999998, 34.078860399999996], [-118.5711735, 34.07886379999999], [-118.5711777, 34.07886959999999], [-118.5711966, 34.0788602], [-118.57118360000001, 34.07884229999999], [-118.571187, 34.0788203], [-118.5711971, 34.078813], [-118.571236, 34.0788177]]]}, "properties": {"id": "palisades-000593", "damage_class": 0, "damage_label": "no-damage", "confidence": 0.85, "area_m2": 516.36, "centroid": [-118.571168, 34.078958], "confidence_tier": "high", "sources": {"heuristic": 1, "cnn": 0, "margin": 1.0}, "footprint_source": "osm"}}, {"type": "Feature", "geometry": {"type": "Polygon", "coordinates": [[[-118.5500134, 34.0747593], [-118.5500345, 34.0747553], [-118.55006870000001, 34.07471539999999], [-118.5502354, 34.07481369999999], [-118.5502253, 34.07482889999999], [-118.5502419, 34.074838699999994], [-118.5502038, 34.0748834], [-118.5501863, 34.074873100000005], [-118.5501828, 34.07487679999999], [-118.55018759999999, 34.07489929999999], [-118.5501731, 34.0749126], [-118.55016290000002, 34.0749143], [-118.5501703, 34.07491949999999], [-118.5501401, 34.0749542], [-118.54991869999999, 34.0748232], [-118.5499249, 34.0748152], [-118.54989499999999, 34.074798], [-118.5498993, 34.07479219999999], [-118.5498868, 34.0747846], [-118.5499003, 34.07477060000001], [-118.54988150000001, 34.0747605], [-118.54990880000001, 34.07472299999999], [-118.5499141, 34.0747263], [-118.5499348, 34.07470910000001], [-118.549966, 34.074728], [-118.54995840000001, 34.07473749999998], [-118.54998899999998, 34.074758], [-118.5499765, 34.0747651], [-118.5499929, 34.074774], [-118.5500134, 34.0747593]]]}, "properties": {"id": "palisades-000594", "damage_class": 0, "damage_label": "no-damage", "confidence": 0.85, "area_m2": 466.08, "centroid": [-118.550069, 34.074822], "confidence_tier": "high", "sources": {"heuristic": 1, "cnn": 0, "margin": 1.0}, "footprint_source": "osm"}}, {"type": "Feature", "geometry": {"type": "Polygon", "coordinates": [[[-118.56438589999999, 34.0795189], [-118.5643928, 34.0795201], [-118.5643954, 34.07950939999999], [-118.56440719999999, 34.0795114], [-118.56442009999999, 34.0794586], [-118.5644266, 34.07945970000001], [-118.5644307, 34.07944319999999], [-118.56442439999998, 34.0794421], [-118.56443930000002, 34.0793817], [-118.5644491, 34.0793834], [-118.5644509, 34.079376200000006], [-118.5646429, 34.07941079999999], [-118.56461710000002, 34.07947790000001], [-118.5646246, 34.07947920000001], [-118.5646045, 34.0795454], [-118.56461089999999, 34.07954659999999], [-118.5646038, 34.0795754], [-118.564585, 34.0795722], [-118.56457469999998, 34.07961389999999], [-118.56456530000001, 34.0796123], [-118.5645643, 34.079616699999995], [-118.56443510000001, 34.0795947], [-118.5644338, 34.0795887], [-118.56440390000002, 34.079622699999994], [-118.5644506, 34.0796874], [-118.56439349999998, 34.0797211], [-118.56442940000001, 34.07976699999999], [-118.5643849, 34.0797911], [-118.5643687, 34.0797704], [-118.56435, 34.0797806], [-118.56435650000002, 34.079788900000004], [-118.56433820000001, 34.07979879999999], [-118.5643575, 34.0798235], [-118.56430700000001, 34.079850900000004], [-118.56427160000001, 34.0797976], [-118.5642646, 34.07980140000001], [-118.56425140000002, 34.079784499999995], [-118.5642577, 34.079781100000005], [-118.56418760000001, 34.0796916], [-118.56424769999998, 34.079659], [-118.5642389, 34.0796478], [-118.56429949999999, 34.079615], [-118.5642815, 34.07959209999998], [-118.5643506, 34.079554699999996], [-118.56437749999999, 34.0795891], [-118.5643867, 34.079580699999994], [-118.5643714, 34.079578], [-118.56438589999999, 34.0795189]]]}, "properties": {"id": "palisades-000595", "damage_class": 2, "damage_label": "major-damage", "confidence": 0.7, "area_m2": 870.94, "centroid": [-118.564422, 34.079594], "confidence_tier": "review", "sources": {"heuristic": 0, "cnn": 2, "margin": 1.0}, "footprint_source": "osm"}}, {"type": "Feature", "geometry": {"type": "Polygon", "coordinates": [[[-118.554072, 34.068123400000005], [-118.55408810000002, 34.0681195], [-118.5541052, 34.0681693], [-118.55413560000001, 34.068162], [-118.5541598, 34.068229099999996], [-118.55410070000002, 34.0682432], [-118.55409540000001, 34.068227900000004], [-118.5540811, 34.06823130000001], [-118.5540884, 34.0682526], [-118.55406210000001, 34.068258799999995], [-118.55408, 34.0683189], [-118.5540478, 34.0683266], [-118.55405370000001, 34.068343899999995], [-118.55401889999999, 34.0683522], [-118.5540224, 34.06836239999999], [-118.55397899999998, 34.06837269999999], [-118.55395760000002, 34.0683106], [-118.55398340000002, 34.068304499999996], [-118.5539382, 34.0681733], [-118.5539485, 34.0681709], [-118.55394110000002, 34.0681493], [-118.55395, 34.0681472], [-118.55394680000002, 34.0681379], [-118.5539269, 34.06814269999999], [-118.55390820000001, 34.0680881], [-118.5540248, 34.068066699999996], [-118.55403840000001, 34.0681064], [-118.554064, 34.0681003], [-118.554072, 34.068123400000005]]]}, "properties": {"id": "palisades-000596", "damage_class": 0, "damage_label": "no-damage", "confidence": 1.0, "area_m2": 401.61, "centroid": [-118.554023, 34.068204], "confidence_tier": "high", "sources": {"heuristic": 0, "cnn": 0, "margin": 1.0}, "footprint_source": "osm"}}, {"type": "Feature", "geometry": {"type": "Polygon", "coordinates": [[[-118.5638518, 34.0798868], [-118.5638575, 34.07988840000001], [-118.56384850000002, 34.07991049999999], [-118.56384170000001, 34.0799085], [-118.563835, 34.0799249], [-118.5637948, 34.079913600000005], [-118.56379940000001, 34.0799023], [-118.5637704, 34.079894100000004], [-118.56375970000002, 34.0799206], [-118.56371470000002, 34.07990800000001], [-118.5637167, 34.0799029], [-118.56369020000001, 34.07989549999999], [-118.56369349999999, 34.0798873], [-118.5636717, 34.0798811], [-118.5636687, 34.07988830000001], [-118.56361780000002, 34.079874], [-118.56363820000001, 34.0798374], [-118.5636467, 34.0798062], [-118.563639, 34.079804], [-118.56366310000001, 34.0797447], [-118.56367130000001, 34.079747], [-118.5636823, 34.0797127], [-118.5637604, 34.0797347], [-118.56375560000001, 34.079746699999994], [-118.5638173, 34.0797641], [-118.5638214, 34.07975389999999], [-118.5638731, 34.07976849999999], [-118.5638716, 34.07977239999999], [-118.5638955, 34.0797792], [-118.56388639999999, 34.079801499999995], [-118.5639026, 34.0798014], [-118.5639094, 34.079796], [-118.56389870000001, 34.079773100000004], [-118.5639177, 34.079763099999994], [-118.5639727, 34.0797453], [-118.56398030000001, 34.07976149999998], [-118.56403909999999, 34.07974240000001], [-118.5640338, 34.079731], [-118.5641062, 34.0797076], [-118.56411280000002, 34.0797217], [-118.5641826, 34.0796976], [-118.56426310000002, 34.07986999999999], [-118.5642178, 34.07988460000001], [-118.56420530000001, 34.0798578], [-118.5641726, 34.079868399999995], [-118.5641785, 34.0798809], [-118.564087, 34.07991049999999], [-118.564093, 34.07992329999999], [-118.5640455, 34.07993859999999], [-118.564032, 34.0799097], [-118.56396820000002, 34.0799303], [-118.56395050000002, 34.0798925], [-118.5639423, 34.0798952], [-118.5639334, 34.0798761], [-118.5639435, 34.079872900000005], [-118.56392230000002, 34.0798274], [-118.56387559999999, 34.07982799999999], [-118.5638518, 34.0798868]]]}, "properties": {"id": "palisades-000597", "damage_class": 0, "damage_label": "no-damage", "confidence": 0.85, "area_m2": 934.28, "centroid": [-118.563946, 34.07982], "confidence_tier": "high", "sources": {"heuristic": 1, "cnn": 0, "margin": 1.0}, "footprint_source": "osm"}}, {"type": "Feature", "geometry": {"type": "Polygon", "coordinates": [[[-118.5518425, 34.0676503], [-118.55177800000001, 34.0676594], [-118.55177569999998, 34.067648], [-118.551629, 34.06767560000001], [-118.5516115, 34.0675904], [-118.55164900000001, 34.067585], [-118.5516458, 34.0675696], [-118.5516552, 34.067568300000005], [-118.55165260000001, 34.0675558], [-118.5516732, 34.0675529], [-118.5516711, 34.0675424], [-118.55172309999999, 34.06753499999999], [-118.55172130000001, 34.0675266], [-118.5517786, 34.0675185], [-118.5517798, 34.0675243], [-118.55185449999999, 34.0675137], [-118.5518555, 34.06751859999999], [-118.5518744, 34.0675159], [-118.55187760000001, 34.06753179999999], [-118.55188960000001, 34.06753009999999], [-118.5519006, 34.06758369999999], [-118.55188339999998, 34.0675861], [-118.5518851, 34.067594699999994], [-118.55189400000002, 34.0675934], [-118.55189280000002, 34.0676301], [-118.55188480000001, 34.067631199999994], [-118.55188560000002, 34.0676364], [-118.55184090000002, 34.06764269999999], [-118.5518425, 34.0676503]]]}, "properties": {"id": "palisades-000598", "damage_class": 0, "damage_label": "no-damage", "confidence": 0.85, "area_m2": 340.06, "centroid": [-118.551761, 34.067593], "confidence_tier": "high", "sources": {"heuristic": 1, "cnn": 0, "margin": 1.0}, "footprint_source": "osm"}}, {"type": "Feature", "geometry": {"type": "Polygon", "coordinates": [[[-118.56312190000001, 34.0773405], [-118.5631794, 34.0773088], [-118.5631965, 34.0773302], [-118.56327319999998, 34.077287899999995], [-118.56328239999999, 34.0772994], [-118.56333940000002, 34.0772679], [-118.5632844, 34.077199], [-118.5632159, 34.07723539999999], [-118.5630245, 34.076988], [-118.56316789999998, 34.07690879999999], [-118.56320719999998, 34.07695809999999], [-118.5631914, 34.076966799999994], [-118.5632031, 34.076981399999994], [-118.5632088, 34.0769783], [-118.5632355, 34.077011799999994], [-118.5632264, 34.07701679999999], [-118.56330430000001, 34.077114399999985], [-118.56331830000002, 34.077106699999995], [-118.56335869999998, 34.0771573], [-118.5633435, 34.077165699999995], [-118.56344620000002, 34.077294499999994], [-118.5633876, 34.0773268], [-118.5634287, 34.0773783], [-118.56336950000001, 34.077411], [-118.56336070000002, 34.0773999], [-118.56328279999998, 34.077442999999995], [-118.5632712, 34.07742850000001], [-118.5632151, 34.077459399999995], [-118.5631803, 34.0774158], [-118.56312, 34.077449099999995], [-118.5630218, 34.07732669999999], [-118.5630836, 34.0772926], [-118.56312190000001, 34.0773405]]]}, "properties": {"id": "palisades-000599", "damage_class": 0, "damage_label": "no-damage", "confidence": 1.0, "area_m2": 1034.75, "centroid": [-118.563225, 34.077215], "confidence_tier": "high", "sources": {"heuristic": 0, "cnn": 0, "margin": 1.0}, "footprint_source": "osm"}}, {"type": "Feature", "geometry": {"type": "Polygon", "coordinates": [[[-118.5487443, 34.0709029], [-118.54871350000002, 34.07093090000001], [-118.54868299999998, 34.07094399999998], [-118.5486696, 34.070932199999994], [-118.5486182, 34.07096580000001], [-118.5486316, 34.0709787], [-118.5486055, 34.071002], [-118.54857129999999, 34.071017799999986], [-118.5484244, 34.070861199999996], [-118.54856569999998, 34.070762800000004], [-118.54858960000001, 34.07075269999999], [-118.5486069, 34.070772600000005], [-118.5486149, 34.07076790000001], [-118.5487443, 34.0709029]]]}, "properties": {"id": "palisades-000600", "damage_class": 0, "damage_label": "no-damage", "confidence": 0.7, "area_m2": 443.81, "centroid": [-118.548583, 34.070881], "confidence_tier": "review", "sources": {"heuristic": 3, "cnn": 0, "margin": 1.0}, "footprint_source": "osm"}}, {"type": "Feature", "geometry": {"type": "Polygon", "coordinates": [[[-118.57089140000001, 34.07940109999999], [-118.5709321, 34.0793965], [-118.5709274, 34.07928630000001], [-118.57096429999999, 34.0792899], [-118.57096250000001, 34.079248400000004], [-118.5710061, 34.0792471], [-118.571004, 34.07919840000001], [-118.5710596, 34.0791968], [-118.57106029999998, 34.07921350000001], [-118.5710832, 34.07921279999999], [-118.5711135, 34.0791827], [-118.571166, 34.07921319999999], [-118.57115959999999, 34.0792195], [-118.57117540000002, 34.0792305], [-118.5711058, 34.0792998], [-118.5711061, 34.079311], [-118.5711143, 34.079310799999995], [-118.5711157, 34.0793553], [-118.57113170000001, 34.0793549], [-118.5711331, 34.07939979999999], [-118.5711153, 34.07940020000001], [-118.5711168, 34.07944689999999], [-118.5710458, 34.079448400000004], [-118.5710463, 34.079464400000006], [-118.5709191, 34.0794624], [-118.570919, 34.0794567], [-118.5708936, 34.0794572], [-118.5708798, 34.07944669999999], [-118.5708773, 34.0794137], [-118.57089140000001, 34.07940109999999]]]}, "properties": {"id": "palisades-000601", "damage_class": 0, "damage_label": "no-damage", "confidence": 0.85, "area_m2": 508.26, "centroid": [-118.57103, 34.079338], "confidence_tier": "high", "sources": {"heuristic": 1, "cnn": 0, "margin": 1.0}, "footprint_source": "osm"}}, {"type": "Feature", "geometry": {"type": "Polygon", "coordinates": [[[-118.5542122, 34.07029659999999], [-118.5542089, 34.070292099999996], [-118.55420009999999, 34.0702966], [-118.55414400000001, 34.07022020000001], [-118.5541274, 34.0702287], [-118.55409660000001, 34.07018670000001], [-118.5541048, 34.070162999999994], [-118.5540873, 34.07013249999999], [-118.5540885, 34.0701149], [-118.55407709999999, 34.070116199999994], [-118.55405840000002, 34.070096199999995], [-118.5540661, 34.07007179999999], [-118.5540873, 34.07006270000001], [-118.554106, 34.0700678], [-118.55411249999999, 34.0700424], [-118.5541402, 34.0700244], [-118.5541687, 34.0700275], [-118.5541952, 34.0700533], [-118.5541846, 34.0700865], [-118.5541972, 34.0701014], [-118.5541891, 34.07011800000001], [-118.5542046, 34.0701374], [-118.55421920000002, 34.07013599999999], [-118.55423429999999, 34.07015849999999], [-118.5542297, 34.0701723], [-118.55425850000002, 34.07015770000001], [-118.55429760000001, 34.07021079999999], [-118.554286, 34.0702167], [-118.5543086, 34.07024750000001], [-118.5542122, 34.07029659999999]]]}, "properties": {"id": "palisades-000602", "damage_class": 0, "damage_label": "no-damage", "confidence": 0.7, "area_m2": 334.58, "centroid": [-118.554178, 34.070165], "confidence_tier": "review", "sources": {"heuristic": 2, "cnn": 0, "margin": 1.0}, "footprint_source": "osm"}}, {"type": "Feature", "geometry": {"type": "Polygon", "coordinates": [[[-118.5647292, 34.078646899999995], [-118.5647089, 34.0786427], [-118.5647479, 34.07851409999999], [-118.5647291, 34.07851010000001], [-118.5647705, 34.0783736], [-118.5648891, 34.07839289999999], [-118.5648972, 34.07836590000001], [-118.5649779, 34.0783827], [-118.56496850000002, 34.07841379999999], [-118.56496, 34.078412], [-118.5649539, 34.0784322], [-118.5649599, 34.07843349999999], [-118.56495569999998, 34.078447399999995], [-118.5649813, 34.078452699999985], [-118.56496139999999, 34.078518100000004], [-118.5649304, 34.0785116], [-118.56492170000001, 34.0785404], [-118.5649378, 34.0785437], [-118.5649268, 34.0785801], [-118.56495920000002, 34.07858989999999], [-118.5649409, 34.078650599999996], [-118.5649077, 34.0786437], [-118.56489920000001, 34.078671699999994], [-118.56495000000001, 34.0786823], [-118.5649378, 34.0787226], [-118.5649151, 34.0787178], [-118.56490370000002, 34.078755199999996], [-118.56477200000002, 34.078727799999996], [-118.5647737, 34.07872210000001], [-118.5647104, 34.0787089], [-118.5647292, 34.078646899999995]]]}, "properties": {"id": "palisades-000603", "damage_class": 0, "damage_label": "no-damage", "confidence": 0.85, "area_m2": 774.51, "centroid": [-118.564843, 34.078557], "confidence_tier": "high", "sources": {"heuristic": 1, "cnn": 0, "margin": 1.0}, "footprint_source": "osm"}}, {"type": "Feature", "geometry": {"type": "Polygon", "coordinates": [[[-118.5550685, 34.07633379999999], [-118.55504190000002, 34.07634630000001], [-118.55501850000002, 34.07633700000001], [-118.55501580000002, 34.0763302], [-118.5550215, 34.076328099999984], [-118.5549734, 34.07623619999999], [-118.5549665, 34.0762387], [-118.55491450000001, 34.07613940000001], [-118.55493480000001, 34.076131999999994], [-118.5549299, 34.0761226], [-118.55497329999999, 34.07610679999999], [-118.5549782, 34.07611620000001], [-118.55499939999999, 34.076108500000004], [-118.5550477, 34.0762008], [-118.5550682, 34.076183], [-118.5550946, 34.076181899999995], [-118.55510460000002, 34.076175899999996], [-118.5551, 34.0761672], [-118.5551429, 34.0761516], [-118.55514670000001, 34.076158899999996], [-118.5551599, 34.07615409999999], [-118.5551685, 34.07617059999999], [-118.5551609, 34.0761733], [-118.5551747, 34.07619979999998], [-118.5551909, 34.07619389999999], [-118.5552265, 34.0762617], [-118.55507169999998, 34.07631779999999], [-118.5550685, 34.07633379999999]]]}, "properties": {"id": "palisades-000604", "damage_class": 1, "damage_label": "minor-damage", "confidence": 0.85, "area_m2": 372.81, "centroid": [-118.555064, 34.076225], "confidence_tier": "high", "sources": {"heuristic": 0, "cnn": 1, "margin": 1.0}, "footprint_source": "osm"}}, {"type": "Feature", "geometry": {"type": "Polygon", "coordinates": [[[-118.55243740000002, 34.07262690000001], [-118.5524403, 34.07264709999999], [-118.5524313, 34.072647999999994], [-118.55243770000001, 34.07269169999999], [-118.55235319999998, 34.0727003], [-118.55235109999998, 34.0726865], [-118.55233330000002, 34.07269320000001], [-118.5523047, 34.0727384], [-118.5523349, 34.0727517], [-118.55234709999999, 34.0727849], [-118.5523311, 34.0728095], [-118.55233840000001, 34.072812799999994], [-118.5522957, 34.0728819], [-118.5522652, 34.07286880000001], [-118.5522624, 34.0728734], [-118.55224210000002, 34.07286460000001], [-118.5522451, 34.072859799999996], [-118.5521207, 34.072806500000006], [-118.55216140000002, 34.07273219999999], [-118.55216770000001, 34.0727349], [-118.55222230000001, 34.0726412], [-118.552227, 34.0726432], [-118.55224789999998, 34.07260939999999], [-118.5522618, 34.0726153], [-118.5522651, 34.07260990000001], [-118.55229800000001, 34.072624], [-118.55242789999998, 34.0726114], [-118.55243029999998, 34.07262759999998], [-118.55243740000002, 34.07262690000001]]]}, "properties": {"id": "palisades-000605", "damage_class": 3, "damage_label": "destroyed", "confidence": 0.7, "area_m2": 460.49, "centroid": [-118.552275, 34.072733], "confidence_tier": "review", "sources": {"heuristic": 0, "cnn": 3, "margin": 1.0}, "footprint_source": "osm"}}, {"type": "Feature", "geometry": {"type": "Polygon", "coordinates": [[[-118.549314, 34.07073979999999], [-118.5493455, 34.070726100000016], [-118.54937110000002, 34.0707669], [-118.5493518, 34.0707753], [-118.5493779, 34.07081680000001], [-118.54936129999999, 34.07082410000001], [-118.5493692, 34.070836700000015], [-118.5493645, 34.07085519999999], [-118.54935590000001, 34.0708589], [-118.5493988, 34.0709431], [-118.54936480000002, 34.0709576], [-118.54936739999998, 34.0709618], [-118.54929530000001, 34.07098820000001], [-118.5492529, 34.0709092], [-118.5491565, 34.07095030000001], [-118.5491217, 34.070893799999986], [-118.54918390000002, 34.070867199999995], [-118.54916990000001, 34.07084439999999], [-118.5491845, 34.070838200000004], [-118.5491806, 34.0708319], [-118.5491919, 34.0708245], [-118.54922, 34.0708126], [-118.54921099999999, 34.070798], [-118.5492474, 34.0707825], [-118.54923740000001, 34.0707662], [-118.5492612, 34.07075609999999], [-118.54925750000001, 34.0707501], [-118.54930189999999, 34.0707311], [-118.549314, 34.07073979999999]]]}, "properties": {"id": "palisades-000606", "damage_class": 0, "damage_label": "no-damage", "confidence": 0.7, "area_m2": 396.0, "centroid": [-118.54928, 34.070862], "confidence_tier": "review", "sources": {"heuristic": 2, "cnn": 0, "margin": 1.0}, "footprint_source": "osm"}}, {"type": "Feature", "geometry": {"type": "Polygon", "coordinates": [[[-118.55482590000001, 34.07482859999999], [-118.55483490000002, 34.07482050000001], [-118.55493720000001, 34.07489189999999], [-118.55487959999999, 34.074950400000006], [-118.5546149, 34.0747652], [-118.5546098, 34.07477029999999], [-118.5545678, 34.074740999999996], [-118.5545945, 34.074714500000006], [-118.55458680000001, 34.0747092], [-118.5546713, 34.074625399999995], [-118.55469839999999, 34.0746443], [-118.55471199999998, 34.0746273], [-118.5547469, 34.0746247], [-118.55475720000001, 34.0746311], [-118.55476509999998, 34.0746492], [-118.5548035, 34.07465799999999], [-118.5548432, 34.074681999999996], [-118.5548618, 34.0746514], [-118.55490520000001, 34.07466869999999], [-118.55491450000001, 34.07470639999999], [-118.5549067, 34.0747233], [-118.5549139, 34.07472629999999], [-118.5549062, 34.074737899999995], [-118.55491050000002, 34.074760399999995], [-118.55490510000001, 34.07476840000001], [-118.55488470000002, 34.074774], [-118.5548732, 34.074787], [-118.55485380000002, 34.0747747], [-118.5548105, 34.0748165], [-118.55482590000001, 34.07482859999999]]]}, "properties": {"id": "palisades-000607", "damage_class": 2, "damage_label": "major-damage", "confidence": 0.7, "area_m2": 622.71, "centroid": [-118.554768, 34.07476], "confidence_tier": "review", "sources": {"heuristic": 0, "cnn": 2, "margin": 1.0}, "footprint_source": "osm"}}, {"type": "Feature", "geometry": {"type": "Polygon", "coordinates": [[[-118.550668, 34.0709037], [-118.55065289999999, 34.0709112], [-118.5506573, 34.07091739999999], [-118.55062719999998, 34.070932299999996], [-118.5506231, 34.07092659999999], [-118.5505128, 34.070980999999996], [-118.5505011, 34.0709645], [-118.55049659999999, 34.0709847], [-118.55048270000002, 34.07099289999999], [-118.5504718, 34.0709895], [-118.5504739, 34.07100809999999], [-118.5504793, 34.071007699999996], [-118.55048400000001, 34.071073], [-118.5504605, 34.071074799999984], [-118.55046119999999, 34.0710811], [-118.5504098, 34.0710808], [-118.55037750000001, 34.0708745], [-118.55041650000001, 34.0708498], [-118.55043149999999, 34.0708504], [-118.55041970000002, 34.07083389999999], [-118.5505115, 34.070788500000006], [-118.5505236, 34.07080560000001], [-118.5505288, 34.07079429999999], [-118.55057760000001, 34.0707771], [-118.550668, 34.0709037]]]}, "properties": {"id": "palisades-000608", "damage_class": 0, "damage_label": "no-damage", "confidence": 0.7, "area_m2": 482.44, "centroid": [-118.550501, 34.070912], "confidence_tier": "review", "sources": {"heuristic": 2, "cnn": 0, "margin": 1.0}, "footprint_source": "osm"}}, {"type": "Feature", "geometry": {"type": "Polygon", "coordinates": [[[-118.55034780000001, 34.075126499999996], [-118.5503672, 34.0750763], [-118.55039609999999, 34.07504759999999], [-118.5504505, 34.07502239999999], [-118.55049459999998, 34.075018500000006], [-118.55053490000002, 34.07502600000001], [-118.5505921, 34.07505580000001], [-118.5506194, 34.07509029999999], [-118.5506302, 34.075149], [-118.55061629999999, 34.0751888], [-118.55058800000002, 34.0752212], [-118.5505252, 34.07525079999999], [-118.5504788, 34.0752543], [-118.5504139, 34.0752377], [-118.5503766, 34.0752104], [-118.5503544, 34.075175400000006], [-118.55034780000001, 34.075126499999996]]]}, "properties": {"id": "palisades-000609", "damage_class": 0, "damage_label": "no-damage", "confidence": 1.0, "area_m2": 535.85, "centroid": [-118.550489, 34.075137], "confidence_tier": "high", "sources": {"heuristic": 0, "cnn": 0, "margin": 1.0}, "footprint_source": "osm"}}, {"type": "Feature", "geometry": {"type": "Polygon", "coordinates": [[[-118.5654758, 34.078972300000004], [-118.5654652, 34.0790323], [-118.56543900000001, 34.0790291], [-118.5654364, 34.0790439], [-118.56545399999999, 34.07904610000001], [-118.56544719999998, 34.07908439999999], [-118.5654589, 34.0790858], [-118.56545220000001, 34.079123499999994], [-118.5654343, 34.0791213], [-118.56542229999998, 34.079189], [-118.5653944, 34.07918560000001], [-118.56539160000001, 34.07920140000001], [-118.56537830000002, 34.0791998], [-118.56537620000002, 34.0792119], [-118.5654202, 34.079217299999996], [-118.56541320000001, 34.0792564], [-118.56540200000002, 34.07925499999999], [-118.56539550000001, 34.0792917], [-118.5653692, 34.07928840000001], [-118.5653677, 34.0792971], [-118.5653222, 34.079291500000004], [-118.5653234, 34.0792846], [-118.5652639, 34.079277299999994], [-118.5652679, 34.079254799999994], [-118.5651861, 34.0792448], [-118.5652162, 34.0791186], [-118.5652864, 34.079127199999995], [-118.56528780000001, 34.0791192], [-118.5652273, 34.079111700000006], [-118.5652391, 34.079045], [-118.56527790000001, 34.0790497], [-118.56528060000001, 34.0790341], [-118.56524810000002, 34.0790302], [-118.56526010000002, 34.078962600000004], [-118.56534180000001, 34.07897259999999], [-118.5653447, 34.0789563], [-118.5654758, 34.078972300000004]]]}, "properties": {"id": "palisades-000610", "damage_class": 0, "damage_label": "no-damage", "confidence": 0.85, "area_m2": 671.69, "centroid": [-118.565333, 34.079121], "confidence_tier": "high", "sources": {"heuristic": 1, "cnn": 0, "margin": 1.0}, "footprint_source": "osm"}}, {"type": "Feature", "geometry": {"type": "Polygon", "coordinates": [[[-118.5656759, 34.07773279999999], [-118.5656575, 34.077810299999996], [-118.5656233, 34.07780480000001], [-118.56562079999999, 34.0778158], [-118.56558419999999, 34.07781000000001], [-118.5655827, 34.0778168], [-118.5655373, 34.0778096], [-118.56553350000002, 34.07782629999999], [-118.56550520000002, 34.077821799999995], [-118.5655061, 34.077791600000005], [-118.5654868, 34.077788500000004], [-118.5654799, 34.07781839999999], [-118.5654386, 34.07781189999999], [-118.56544319999999, 34.0777917], [-118.565432, 34.077789900000006], [-118.565449, 34.07771569999999], [-118.56544079999999, 34.077714300000004], [-118.5654461, 34.0776912], [-118.56545550000001, 34.07769270000001], [-118.5654577, 34.07768300000001], [-118.56544950000001, 34.0776817], [-118.5654664, 34.07762319999999], [-118.56550770000001, 34.0776297], [-118.56550640000002, 34.0776353], [-118.5655189, 34.0776373], [-118.56552060000001, 34.0776301], [-118.5655472, 34.07763430000001], [-118.5655447, 34.07764550000001], [-118.5656086, 34.07765770000001], [-118.56561150000002, 34.07764490000001], [-118.5656924, 34.07765770000001], [-118.56567900000002, 34.0777136], [-118.5657065, 34.077718], [-118.565726, 34.07765679999999], [-118.5658034, 34.0776744], [-118.5657958, 34.0776976], [-118.5658645, 34.07771679999999], [-118.56586170000001, 34.07772539999999], [-118.5659319, 34.077743], [-118.5658964, 34.07785090000001], [-118.56591459999999, 34.077855099999994], [-118.56591840000002, 34.0778432], [-118.5659323, 34.07785010000001], [-118.5659353, 34.07784600000001], [-118.56598110000002, 34.07787559999999], [-118.5660281, 34.077809800000004], [-118.566034, 34.0778128], [-118.56606480000002, 34.07776429999999], [-118.5660375, 34.07775079999999], [-118.5660755, 34.0776975], [-118.56601, 34.0776651], [-118.5659894, 34.07769400000001], [-118.5658511, 34.0776378], [-118.56585989999999, 34.077622899999994], [-118.5658193, 34.0776064], [-118.5657979, 34.0776016], [-118.5657914, 34.0776127], [-118.5657527, 34.077597], [-118.5657551, 34.07759279999999], [-118.5657211, 34.077579], [-118.5657402, 34.0775364], [-118.56572049999998, 34.0775324], [-118.56570690000001, 34.077574999999996], [-118.56563790000001, 34.0775597], [-118.56563439999998, 34.077570900000005], [-118.5655639, 34.07755530000001], [-118.56555510000001, 34.077582899999996], [-118.56547670000002, 34.0775656], [-118.5654901, 34.07752329999999], [-118.56548430000001, 34.077521999999995], [-118.5654923, 34.077496599999996], [-118.5654991, 34.0774981], [-118.5655297, 34.077397], [-118.5655688, 34.077405600000006], [-118.56556310000002, 34.0774235], [-118.5655943, 34.07743030000001], [-118.565617, 34.077377], [-118.56566019999998, 34.0773866], [-118.5656564, 34.07741289999999], [-118.5656743, 34.0774168], [-118.56568829999999, 34.077386499999996], [-118.56572409999998, 34.0773944], [-118.56571860000001, 34.0774116], [-118.56575640000001, 34.077420000000004], [-118.5657376, 34.0774788], [-118.56577620000002, 34.0774881], [-118.5657792, 34.077483], [-118.56577229999999, 34.0774802], [-118.5658005, 34.0774433], [-118.56583299999998, 34.0774565], [-118.5658423, 34.077440599999996], [-118.565915, 34.07747009999999], [-118.56592350000001, 34.077455599999986], [-118.56594580000001, 34.0774647], [-118.5659354, 34.077482399999994], [-118.5659464, 34.0774868], [-118.5659416, 34.0774951], [-118.5659566, 34.07750119999999], [-118.56596940000001, 34.077483799999996], [-118.5660161, 34.0775028], [-118.5660032, 34.0775247], [-118.56607020000001, 34.0775519], [-118.5660395, 34.0776043], [-118.5660681, 34.07761579999999], [-118.56607089999999, 34.077611], [-118.56609360000002, 34.077623199999984], [-118.5660906, 34.0776271], [-118.56610570000001, 34.0776352], [-118.56610930000001, 34.0776306], [-118.56621460000001, 34.0776897], [-118.56618099999999, 34.0777431], [-118.56623919999998, 34.0777745], [-118.56619920000001, 34.07782579999999], [-118.5662627, 34.077864399999996], [-118.5662369, 34.0778974], [-118.56620220000002, 34.0778787], [-118.5661887, 34.07789589999999], [-118.5662032, 34.07790369999999], [-118.5661875, 34.077923800000015], [-118.56616680000002, 34.07791259999998], [-118.56615249999999, 34.07793079999999], [-118.5661766, 34.0779438], [-118.5661556, 34.0779708], [-118.56606540000001, 34.07792210000001], [-118.56604380000002, 34.07794979999999], [-118.56605559999998, 34.07795620000001], [-118.5660349, 34.0779827], [-118.56587850000001, 34.07790239999999], [-118.5658813, 34.0778986], [-118.565836, 34.07788829999999], [-118.56583200000001, 34.0779004], [-118.56580020000001, 34.0778932], [-118.5658089, 34.077867], [-118.56578999999999, 34.07786269999999], [-118.56578690000002, 34.07787179999999], [-118.56573329999999, 34.07785959999999], [-118.5657461, 34.0778206], [-118.5656773, 34.0778049], [-118.5656998, 34.07773790000001], [-118.5656759, 34.07773279999999]]]}, "properties": {"id": "palisades-000611", "damage_class": 0, "damage_label": "no-damage", "confidence": 0.85, "area_m2": 2384.69, "centroid": [-118.565833, 34.077683], "confidence_tier": "high", "sources": {"heuristic": 1, "cnn": 0, "margin": 1.0}, "footprint_source": "osm"}}, {"type": "Feature", "geometry": {"type": "Polygon", "coordinates": [[[-118.54729139999999, 34.0720703], [-118.54725540000001, 34.07206800000001], [-118.54726200000002, 34.071993899999995], [-118.54729800000001, 34.071996199999994], [-118.5472987, 34.0719886], [-118.5473567, 34.07199219999998], [-118.5473555, 34.07200489999999], [-118.5473614, 34.072005299999994], [-118.547362, 34.07199760000001], [-118.5473836, 34.071999], [-118.54738299999998, 34.0720062], [-118.54743119999999, 34.07200919999999], [-118.5474298, 34.07202389999999], [-118.5475082, 34.0720288], [-118.5475073, 34.07203839999998], [-118.547515, 34.072038899999995], [-118.54751159999999, 34.0720761], [-118.54750359999998, 34.0720756], [-118.54750269999998, 34.0720848], [-118.54749780000002, 34.07208450000001], [-118.5474948, 34.072118], [-118.54765620000002, 34.072128], [-118.54764930000002, 34.072205600000004], [-118.54726140000001, 34.0721839], [-118.54726230000001, 34.0721728], [-118.54724370000001, 34.0721603], [-118.5472418, 34.0721411], [-118.54726169999999, 34.0721254], [-118.54728630000001, 34.0721269], [-118.54729139999999, 34.0720703]]]}, "properties": {"id": "palisades-000612", "damage_class": 0, "damage_label": "no-damage", "confidence": 0.7, "area_m2": 566.94, "centroid": [-118.547422, 34.072112], "confidence_tier": "review", "sources": {"heuristic": 2, "cnn": 0, "margin": 1.0}, "footprint_source": "osm"}}, {"type": "Feature", "geometry": {"type": "Polygon", "coordinates": [[[-118.55139060000002, 34.06707589999999], [-118.55138700000002, 34.067090199999996], [-118.5513662, 34.067092], [-118.5513643, 34.06708220000001], [-118.5513416, 34.0670741], [-118.55124550000001, 34.06713719999999], [-118.55120709999998, 34.0670966], [-118.5511999, 34.0671013], [-118.5511823, 34.0670829], [-118.55126529999998, 34.06702839999999], [-118.5512434, 34.06700529999999], [-118.5512501, 34.067000900000004], [-118.5512388, 34.06698899999999], [-118.5512825, 34.0669199], [-118.5512896, 34.0669236], [-118.5513016, 34.0669075], [-118.55130900000002, 34.06691130000001], [-118.5513182, 34.0668991], [-118.5513546, 34.06691810000001], [-118.55134600000001, 34.06692959999999], [-118.55135400000002, 34.0669338], [-118.55136840000002, 34.0669196], [-118.5513997, 34.066919999999996], [-118.55141439999998, 34.06693200000001], [-118.55141460000002, 34.06695669999999], [-118.55150910000002, 34.067009899999995], [-118.5514403, 34.06710170000001], [-118.55139060000002, 34.06707589999999]]]}, "properties": {"id": "palisades-000613", "damage_class": 0, "damage_label": "no-damage", "confidence": 0.85, "area_m2": 406.95, "centroid": [-118.551345, 34.067019], "confidence_tier": "high", "sources": {"heuristic": 1, "cnn": 0, "margin": 1.0}, "footprint_source": "osm"}}, {"type": "Feature", "geometry": {"type": "Polygon", "coordinates": [[[-118.5698045, 34.076920799999996], [-118.5698523, 34.0768969], [-118.56989, 34.076791500000006], [-118.5699524, 34.07680700000001], [-118.5699458, 34.076825299999996], [-118.5699539, 34.0768273], [-118.5699435, 34.07685629999999], [-118.5699638, 34.076861300000004], [-118.56995620000001, 34.0768826], [-118.56992620000001, 34.0768752], [-118.5699128, 34.0769125], [-118.5700997, 34.0769588], [-118.5700761, 34.07702479999999], [-118.5699245, 34.0769873], [-118.569803, 34.07704789999999], [-118.56982410000002, 34.0770772], [-118.5697781, 34.0771001], [-118.56974970000002, 34.07706069999999], [-118.5697017, 34.0770847], [-118.5696888, 34.077066800000004], [-118.5696794, 34.0770715], [-118.56964950000001, 34.0770299], [-118.56966010000001, 34.0770246], [-118.56964710000001, 34.07700650000001], [-118.5696347, 34.0770126], [-118.5696164, 34.0769871], [-118.5696295, 34.0769806], [-118.5696179, 34.0769645], [-118.56971529999998, 34.07691599999999], [-118.56972990000001, 34.07693619999999], [-118.56974370000002, 34.0769293], [-118.5697537, 34.0769143], [-118.5697705, 34.0769168], [-118.5697934, 34.076905399999994], [-118.5698045, 34.076920799999996]]]}, "properties": {"id": "palisades-000614", "damage_class": 0, "damage_label": "no-damage", "confidence": 1.0, "area_m2": 590.86, "centroid": [-118.56984, 34.076965], "confidence_tier": "high", "sources": {"heuristic": 0, "cnn": 0, "margin": 1.0}, "footprint_source": "osm"}}, {"type": "Feature", "geometry": {"type": "Polygon", "coordinates": [[[-118.56099899999998, 34.076006], [-118.56094919999998, 34.075952300000004], [-118.56097169999998, 34.0759379], [-118.56095760000001, 34.0759227], [-118.56093620000001, 34.075936399999996], [-118.56084719999998, 34.0758403], [-118.5608707, 34.0758252], [-118.5608565, 34.07581], [-118.56083360000001, 34.075824699999984], [-118.56079310000001, 34.075781], [-118.56092300000002, 34.0756977], [-118.5609345, 34.0757101], [-118.56093990000001, 34.0757066], [-118.56096590000001, 34.07573469999999], [-118.56095060000001, 34.07574449999999], [-118.5609694, 34.0757648], [-118.5609957, 34.07574790000001], [-118.5610434, 34.0757995], [-118.5610243, 34.075811699999996], [-118.561066, 34.07584990000001], [-118.56105329999998, 34.075858000000004], [-118.5610699, 34.07587589999999], [-118.5610968, 34.0758587], [-118.5611608, 34.0759278], [-118.5611784, 34.0759165], [-118.56120020000002, 34.07594000000001], [-118.56119399999999, 34.0759439], [-118.56124190000001, 34.07598620000001], [-118.56122249999999, 34.07599870000001], [-118.5612849, 34.0760661], [-118.5611386, 34.076159899999986], [-118.56109040000001, 34.07610789999999], [-118.5610979, 34.07610309999999], [-118.5610045, 34.0760024], [-118.56099899999998, 34.076006]]]}, "properties": {"id": "palisades-000615", "damage_class": 0, "damage_label": "no-damage", "confidence": 1.0, "area_m2": 862.49, "centroid": [-118.561045, 34.075929], "confidence_tier": "high", "sources": {"heuristic": 0, "cnn": 0, "margin": 1.0}, "footprint_source": "osm"}}, {"type": "Feature", "geometry": {"type": "Polygon", "coordinates": [[[-118.56218859999998, 34.07686919999999], [-118.5621374, 34.07674709999999], [-118.5621289, 34.07674960000001], [-118.562103, 34.0766877], [-118.56209790000001, 34.0766892], [-118.5620723, 34.0766281], [-118.5620641, 34.0766305], [-118.5620389, 34.0765703], [-118.5620275, 34.076573599999996], [-118.56200160000002, 34.0765119], [-118.5620119, 34.07650890000001], [-118.56200400000002, 34.0764903], [-118.5619927, 34.0764935], [-118.56197039999999, 34.076440199999986], [-118.56213429999998, 34.0763926], [-118.56215470000001, 34.0764413], [-118.56213629999999, 34.07644659999999], [-118.5621458, 34.0764693], [-118.56218310000001, 34.07645840000001], [-118.56218859999998, 34.076471600000005], [-118.5621954, 34.0764696], [-118.5622075, 34.0764984], [-118.56218610000002, 34.0765046], [-118.5621947, 34.076525], [-118.5622141, 34.076519399999995], [-118.56224790000002, 34.07659989999999], [-118.5622709, 34.07659329999999], [-118.56228330000002, 34.0766228], [-118.56227610000002, 34.07662489999999], [-118.5623147, 34.0767168], [-118.5623353, 34.076710899999995], [-118.56236979999998, 34.0767933], [-118.5623474, 34.076799799999996], [-118.5623555, 34.076819], [-118.56237570000002, 34.076813200000004], [-118.562402, 34.0768759], [-118.56222580000001, 34.076927100000006], [-118.5622001, 34.0768658], [-118.56218859999998, 34.07686919999999]]]}, "properties": {"id": "palisades-000616", "damage_class": 0, "damage_label": "no-damage", "confidence": 0.7, "area_m2": 1011.15, "centroid": [-118.562188, 34.076662], "confidence_tier": "review", "sources": {"heuristic": 2, "cnn": 0, "margin": 1.0}, "footprint_source": "osm"}}, {"type": "Feature", "geometry": {"type": "Polygon", "coordinates": [[[-118.55120130000002, 34.07910700000001], [-118.551176, 34.079115099999996], [-118.55116320000002, 34.07908729999998], [-118.5511001, 34.079107500000006], [-118.5510707, 34.0790439], [-118.5511579, 34.079016], [-118.5511522, 34.0790037], [-118.551215, 34.078983599999994], [-118.55121060000002, 34.0789742], [-118.5512875, 34.0789496], [-118.55129010000002, 34.07895539999999], [-118.55132199999998, 34.07894520000001], [-118.55136450000002, 34.0790372], [-118.5513728, 34.07903460000001], [-118.5513925, 34.079077299999994], [-118.5514196, 34.07906870000001], [-118.5514262, 34.0790828], [-118.55145339999999, 34.079074199999994], [-118.55146650000002, 34.079102500000005], [-118.55148780000002, 34.0791055], [-118.55150110000001, 34.0791364], [-118.5514949, 34.0791493], [-118.55143809999998, 34.0791736], [-118.5514563, 34.07921309999999], [-118.5513452, 34.07924859999999], [-118.5513428, 34.07924349999999], [-118.55128899999998, 34.07926069999999], [-118.5512838, 34.0792494], [-118.551273, 34.0792528], [-118.55126080000001, 34.079226399999996], [-118.5511888, 34.07924939999999], [-118.55115839999999, 34.07918329999999], [-118.5512647, 34.07914929999998], [-118.55125830000001, 34.0791355], [-118.5512201, 34.079147699999986], [-118.55120130000002, 34.07910700000001]]]}, "properties": {"id": "palisades-000617", "damage_class": 0, "damage_label": "no-damage", "confidence": 1.0, "area_m2": 740.31, "centroid": [-118.551292, 34.07911], "confidence_tier": "high", "sources": {"heuristic": 0, "cnn": 0, "margin": 1.0}, "footprint_source": "osm"}}, {"type": "Feature", "geometry": {"type": "Polygon", "coordinates": [[[-118.5719161, 34.0769796], [-118.57194290000001, 34.0770766], [-118.57178639999998, 34.077106699999995], [-118.57178119999999, 34.07710239999999], [-118.57176850000002, 34.0771049], [-118.5717652, 34.0771112], [-118.5717411, 34.07711669999999], [-118.57171030000002, 34.0771175], [-118.57170800000002, 34.07710689999999], [-118.57168679999998, 34.0771101], [-118.5716823, 34.0771174], [-118.5716553, 34.07712339999999], [-118.57164539999998, 34.07711869999999], [-118.5716121, 34.077124500000004], [-118.57161460000002, 34.0771345], [-118.57152830000001, 34.0771496], [-118.57150940000001, 34.0770745], [-118.5715213, 34.077072400000006], [-118.5715003, 34.07700540000001], [-118.57151020000002, 34.0770037], [-118.57155299999998, 34.076949400000004], [-118.57157660000001, 34.07694469999999], [-118.5715975, 34.076956499999994], [-118.5716365, 34.076949500000005], [-118.57164379999999, 34.0769317], [-118.57166549999998, 34.0769214], [-118.5716956, 34.0769273], [-118.571712, 34.07694969999999], [-118.5717331, 34.077025500000005], [-118.5717891, 34.0770148], [-118.57178620000002, 34.0770045], [-118.5719161, 34.0769796]]]}, "properties": {"id": "palisades-000618", "damage_class": 0, "damage_label": "no-damage", "confidence": 1.0, "area_m2": 597.79, "centroid": [-118.571692, 34.077042], "confidence_tier": "high", "sources": {"heuristic": 0, "cnn": 0, "margin": 1.0}, "footprint_source": "osm"}}, {"type": "Feature", "geometry": {"type": "Polygon", "coordinates": [[[-118.5468412, 34.0738688], [-118.5468481, 34.07386480000001], [-118.5468201, 34.0738312], [-118.54681340000002, 34.0738351], [-118.54675710000001, 34.07377600000001], [-118.54670610000001, 34.07374560000001], [-118.5466828, 34.0737739], [-118.5466048, 34.07372939999999], [-118.54665870000001, 34.07366399999999], [-118.5466714, 34.073671300000015], [-118.54671959999999, 34.0736127], [-118.54672830000001, 34.07361769999999], [-118.5467344, 34.0736103], [-118.5467488, 34.073618499999995], [-118.5467527, 34.0736138], [-118.5467731, 34.0736201], [-118.5467856, 34.0736396], [-118.5467763, 34.0736503], [-118.54682729999999, 34.07367750000001], [-118.546843, 34.07366979999999], [-118.5468634, 34.0736748], [-118.5468682, 34.073692699999995], [-118.546858, 34.073708200000006], [-118.5469006, 34.0737506], [-118.54690470000001, 34.0737679], [-118.5468931, 34.073792199999986], [-118.54694819999999, 34.0738612], [-118.5468715, 34.07390530000001], [-118.5468412, 34.0738688]]]}, "properties": {"id": "palisades-000619", "damage_class": 0, "damage_label": "no-damage", "confidence": 1.0, "area_m2": 428.71, "centroid": [-118.546787, 34.073745], "confidence_tier": "high", "sources": {"heuristic": 0, "cnn": 0, "margin": 1.0}, "footprint_source": "osm"}}, {"type": "Feature", "geometry": {"type": "Polygon", "coordinates": [[[-118.55444700000001, 34.068564699999996], [-118.5544034, 34.06856100000001], [-118.5544019, 34.06857359999999], [-118.5543562, 34.068569800000006], [-118.5543586, 34.068549899999994], [-118.55430960000001, 34.068550300000005], [-118.55429280000001, 34.0685161], [-118.5542969, 34.0684447], [-118.55432930000002, 34.06841529999999], [-118.55432810000002, 34.0683885], [-118.55433810000001, 34.068373099999995], [-118.5543677, 34.068369999999994], [-118.55437929999998, 34.068376599999986], [-118.5543871, 34.06839910000001], [-118.55444540000002, 34.068392599999996], [-118.55443020000001, 34.0682989], [-118.55446449999998, 34.068295], [-118.55446329999998, 34.0682878], [-118.55454960000002, 34.068283699999995], [-118.55457419999999, 34.06843589999999], [-118.5545536, 34.068438300000004], [-118.5545582, 34.068467], [-118.554512, 34.06847219999999], [-118.55449800000001, 34.0684957], [-118.55449539999998, 34.0685624], [-118.5544477, 34.06855840000001], [-118.55444700000001, 34.068564699999996]]]}, "properties": {"id": "palisades-000620", "damage_class": 0, "damage_label": "no-damage", "confidence": 1.0, "area_m2": 526.94, "centroid": [-118.554438, 34.068438], "confidence_tier": "high", "sources": {"heuristic": 0, "cnn": 0, "margin": 1.0}, "footprint_source": "osm"}}, {"type": "Feature", "geometry": {"type": "Polygon", "coordinates": [[[-118.55150190000002, 34.0706238], [-118.55157540000002, 34.0706246], [-118.551581, 34.0706684], [-118.5515744, 34.0706683], [-118.5515739, 34.0707003], [-118.55158050000001, 34.07070040000001], [-118.55158020000002, 34.0707199], [-118.5515748, 34.0707199], [-118.5515705, 34.0707346], [-118.55156940000002, 34.0708049], [-118.551549, 34.0708047], [-118.5515488, 34.07081569999999], [-118.55151300000001, 34.0708153], [-118.5515132, 34.07080599999999], [-118.55149420000001, 34.070805799999995], [-118.5514944, 34.07078989999999], [-118.5514835, 34.0708005], [-118.55145490000001, 34.07080129999999], [-118.5514436, 34.0707904], [-118.55144310000001, 34.070802199999996], [-118.55142399999998, 34.07080169999999], [-118.55142369999999, 34.07080839999998], [-118.5513872, 34.07080740000001], [-118.55138740000001, 34.0708018], [-118.551369, 34.0708013], [-118.55137200000001, 34.0707252], [-118.55135440000001, 34.0707247], [-118.55135529999998, 34.07063430000001], [-118.5513628, 34.07063599999999], [-118.55137210000001, 34.07062319999999], [-118.5513975, 34.0706238], [-118.5514061, 34.0706351], [-118.5514033, 34.0706163], [-118.55150199999999, 34.0706174], [-118.55150190000002, 34.0706238]]]}, "properties": {"id": "palisades-000621", "damage_class": 0, "damage_label": "no-damage", "confidence": 0.7, "area_m2": 398.8, "centroid": [-118.551469, 34.070711], "confidence_tier": "review", "sources": {"heuristic": 2, "cnn": 0, "margin": 1.0}, "footprint_source": "osm"}}, {"type": "Feature", "geometry": {"type": "Polygon", "coordinates": [[[-118.5495193, 34.0712881], [-118.5495042, 34.0713069], [-118.5494803, 34.071307700000006], [-118.54946480000001, 34.0712949], [-118.5494628, 34.07128339999999], [-118.5493537, 34.07124460000001], [-118.5493396, 34.071228500000004], [-118.54931300000001, 34.07123839999999], [-118.54930450000002, 34.071222600000006], [-118.54929200000001, 34.0712158], [-118.54929019999999, 34.0711949], [-118.54927160000001, 34.0711487], [-118.54928210000001, 34.0711194], [-118.5492766, 34.0711066], [-118.5492039, 34.0711062], [-118.5492015, 34.0710323], [-118.54940530000002, 34.0710279], [-118.549428, 34.07108310000002], [-118.5494353, 34.07108149999999], [-118.54945819999999, 34.07112899999999], [-118.54947260000002, 34.07113230000001], [-118.5494899, 34.071164], [-118.54948370000001, 34.0711724], [-118.5494971, 34.071175399999994], [-118.5495063, 34.071194299999995], [-118.54950110000001, 34.0712096], [-118.54954459999999, 34.0712262], [-118.5495193, 34.0712881]]]}, "properties": {"id": "palisades-000622", "damage_class": 0, "damage_label": "no-damage", "confidence": 0.85, "area_m2": 525.11, "centroid": [-118.549376, 34.071152], "confidence_tier": "high", "sources": {"heuristic": 1, "cnn": 0, "margin": 1.0}, "footprint_source": "osm"}}, {"type": "Feature", "geometry": {"type": "Polygon", "coordinates": [[[-118.5513666, 34.071411000000005], [-118.55131260000002, 34.0714209], [-118.55130069999998, 34.0713759], [-118.5513548, 34.07136609999999], [-118.5513666, 34.071411000000005]]]}, "properties": {"id": "palisades-000623", "damage_class": 0, "damage_label": "no-damage", "confidence": 1.0, "area_m2": 26.06, "centroid": [-118.551334, 34.071393], "confidence_tier": "high", "sources": {"heuristic": 0, "cnn": 0, "margin": 1.0}, "footprint_source": "osm"}}, {"type": "Feature", "geometry": {"type": "Polygon", "coordinates": [[[-118.56251049999999, 34.07912359999999], [-118.5627332, 34.0792022], [-118.56267660000002, 34.0793134], [-118.56245379999999, 34.079234799999995], [-118.56251049999999, 34.07912359999999]]]}, "properties": {"id": "palisades-000624", "damage_class": 0, "damage_label": "no-damage", "confidence": 0.85, "area_m2": 299.1, "centroid": [-118.562594, 34.079219], "confidence_tier": "high", "sources": {"heuristic": 1, "cnn": 0, "margin": 1.0}, "footprint_source": "osm"}}, {"type": "Feature", "geometry": {"type": "Polygon", "coordinates": [[[-118.56373540000001, 34.07342119999999], [-118.56376730000001, 34.073477999999994], [-118.56369100000002, 34.0735077], [-118.5636591, 34.073450799999996], [-118.56373540000001, 34.07342119999999]]]}, "properties": {"id": "palisades-000625", "damage_class": 1, "damage_label": "minor-damage", "confidence": 0.85, "area_m2": 54.08, "centroid": [-118.563713, 34.073464], "confidence_tier": "high", "sources": {"heuristic": 2, "cnn": 1, "margin": 1.0}, "footprint_source": "osm"}}, {"type": "Feature", "geometry": {"type": "Polygon", "coordinates": [[[-118.5466094, 34.07368809999999], [-118.546573, 34.07368579999999], [-118.54657700000001, 34.0736415], [-118.54661339999998, 34.0736438], [-118.5466094, 34.07368809999999]]]}, "properties": {"id": "palisades-000626", "damage_class": 2, "damage_label": "major-damage", "confidence": 0.7, "area_m2": 16.6, "centroid": [-118.546593, 34.073665], "confidence_tier": "review", "sources": {"heuristic": 0, "cnn": 2, "margin": 1.0}, "footprint_source": "osm"}}, {"type": "Feature", "geometry": {"type": "Polygon", "coordinates": [[[-118.5628367, 34.072142299999996], [-118.5629105, 34.0721042], [-118.5629615, 34.07217339999999], [-118.56288720000002, 34.07221119999999], [-118.5628367, 34.072142299999996]]]}, "properties": {"id": "palisades-000627", "damage_class": 1, "damage_label": "minor-damage", "confidence": 0.85, "area_m2": 72.05, "centroid": [-118.562899, 34.072158], "confidence_tier": "high", "sources": {"heuristic": 0, "cnn": 1, "margin": 1.0}, "footprint_source": "osm"}}, {"type": "Feature", "geometry": {"type": "Polygon", "coordinates": [[[-118.56997230000002, 34.0782531], [-118.57002759999999, 34.078301799999984], [-118.5699857, 34.0783347], [-118.5699304, 34.078286000000006], [-118.56997230000002, 34.0782531]]]}, "properties": {"id": "palisades-000628", "damage_class": 3, "damage_label": "destroyed", "confidence": 0.7, "area_m2": 39.51, "centroid": [-118.569979, 34.078294], "confidence_tier": "review", "sources": {"heuristic": 0, "cnn": 3, "margin": 1.0}, "footprint_source": "osm"}}, {"type": "Feature", "geometry": {"type": "Polygon", "coordinates": [[[-118.5626132, 34.0754388], [-118.562521, 34.07539870000001], [-118.5625352, 34.0753759], [-118.5626276, 34.0754163], [-118.5626132, 34.0754388]]]}, "properties": {"id": "palisades-000629", "damage_class": 0, "damage_label": "no-damage", "confidence": 1.0, "area_m2": 27.31, "centroid": [-118.562574, 34.075407], "confidence_tier": "high", "sources": {"heuristic": 0, "cnn": 0, "margin": 1.0}, "footprint_source": "osm"}}, {"type": "Feature", "geometry": {"type": "Polygon", "coordinates": [[[-118.5610444, 34.071980599999996], [-118.5610408, 34.0720065], [-118.5609979, 34.0720024], [-118.5610015, 34.0719765], [-118.5610444, 34.071980599999996]]]}, "properties": {"id": "palisades-000630", "damage_class": 0, "damage_label": "no-damage", "confidence": 1.0, "area_m2": 11.52, "centroid": [-118.561021, 34.071992], "confidence_tier": "review", "sources": {"heuristic": 0, "cnn": 0, "margin": 1.0}, "footprint_source": "osm"}}, {"type": "Feature", "geometry": {"type": "Polygon", "coordinates": [[[-118.55745740000002, 34.0746678], [-118.55742089999998, 34.07464949999999], [-118.557448, 34.0746119], [-118.5574845, 34.07463019999999], [-118.55745740000002, 34.0746678]]]}, "properties": {"id": "palisades-000631", "damage_class": 1, "damage_label": "minor-damage", "confidence": 0.85, "area_m2": 19.12, "centroid": [-118.557453, 34.07464], "confidence_tier": "high", "sources": {"heuristic": 0, "cnn": 1, "margin": 1.0}, "footprint_source": "osm"}}, {"type": "Feature", "geometry": {"type": "Polygon", "coordinates": [[[-118.5620222, 34.07849829999999], [-118.5619607, 34.07861799999999], [-118.5618164, 34.0785672], [-118.5618779, 34.078447499999996], [-118.5620222, 34.07849829999999]]]}, "properties": {"id": "palisades-000632", "damage_class": 2, "damage_label": "major-damage", "confidence": 1.0, "area_m2": 208.77, "centroid": [-118.561919, 34.078533], "confidence_tier": "high", "sources": {"heuristic": 2, "cnn": 2, "margin": 1.0}, "footprint_source": "osm"}}, {"type": "Feature", "geometry": {"type": "Polygon", "coordinates": [[[-118.5629018, 34.079107600000015], [-118.56312220000001, 34.0791867], [-118.56306490000001, 34.0792972], [-118.56284460000002, 34.07921819999999], [-118.5629018, 34.079107600000015]]]}, "properties": {"id": "palisades-000633", "damage_class": 0, "damage_label": "no-damage", "confidence": 1.0, "area_m2": 295.65, "centroid": [-118.562983, 34.079202], "confidence_tier": "high", "sources": {"heuristic": 0, "cnn": 0, "margin": 1.0}, "footprint_source": "osm"}}, {"type": "Feature", "geometry": {"type": "Polygon", "coordinates": [[[-118.56317029999998, 34.0754922], [-118.56309429999999, 34.0754944], [-118.5630942, 34.0754642], [-118.5631704, 34.07546429999999], [-118.56317029999998, 34.0754922]]]}, "properties": {"id": "palisades-000634", "damage_class": 1, "damage_label": "minor-damage", "confidence": 1.0, "area_m2": 22.63, "centroid": [-118.563132, 34.075479], "confidence_tier": "high", "sources": {"heuristic": 1, "cnn": 1, "margin": 1.0}, "footprint_source": "osm"}}, {"type": "Feature", "geometry": {"type": "Polygon", "coordinates": [[[-118.5493584, 34.075826500000005], [-118.54934239999999, 34.07584969999999], [-118.5493074, 34.075833], [-118.5493233, 34.0758098], [-118.5493584, 34.075826500000005]]]}, "properties": {"id": "palisades-000635", "damage_class": 1, "damage_label": "minor-damage", "confidence": 0.85, "area_m2": 11.05, "centroid": [-118.549333, 34.07583], "confidence_tier": "review", "sources": {"heuristic": 0, "cnn": 1, "margin": 1.0}, "footprint_source": "osm"}}, {"type": "Feature", "geometry": {"type": "Polygon", "coordinates": [[[-118.572295, 34.0799701], [-118.5723079, 34.079998100000005], [-118.572241, 34.08002040000001], [-118.5722278, 34.07999160000001], [-118.572295, 34.0799701]]]}, "properties": {"id": "palisades-000636", "damage_class": 3, "damage_label": "destroyed", "confidence": 0.7, "area_m2": 22.42, "centroid": [-118.572268, 34.079995], "confidence_tier": "review", "sources": {"heuristic": 0, "cnn": 3, "margin": 1.0}, "footprint_source": "osm"}}, {"type": "Feature", "geometry": {"type": "Polygon", "coordinates": [[[-118.54797360000002, 34.073365599999995], [-118.54800909999999, 34.0733977], [-118.547972, 34.0734261], [-118.5479365, 34.073394099999994], [-118.54797360000002, 34.073365599999995]]]}, "properties": {"id": "palisades-000637", "damage_class": 2, "damage_label": "major-damage", "confidence": 0.85, "area_m2": 22.51, "centroid": [-118.547973, 34.073396], "confidence_tier": "high", "sources": {"heuristic": 3, "cnn": 2, "margin": 1.0}, "footprint_source": "osm"}}, {"type": "Feature", "geometry": {"type": "Polygon", "coordinates": [[[-118.5635535, 34.073764399999995], [-118.56358579999998, 34.07375189999998], [-118.56360860000001, 34.073793], [-118.56357640000002, 34.0738054], [-118.5635535, 34.073764399999995]]]}, "properties": {"id": "palisades-000638", "damage_class": 1, "damage_label": "minor-damage", "confidence": 0.85, "area_m2": 16.46, "centroid": [-118.563581, 34.073779], "confidence_tier": "high", "sources": {"heuristic": 2, "cnn": 1, "margin": 1.0}, "footprint_source": "osm"}}, {"type": "Feature", "geometry": {"type": "Polygon", "coordinates": [[[-118.57186790000002, 34.0794344], [-118.5718675, 34.079405599999994], [-118.5719031, 34.0794053], [-118.5719035, 34.07943399999999], [-118.57186790000002, 34.0794344]]]}, "properties": {"id": "palisades-000639", "damage_class": 1, "damage_label": "minor-damage", "confidence": 0.85, "area_m2": 10.48, "centroid": [-118.571885, 34.07942], "confidence_tier": "review", "sources": {"heuristic": 2, "cnn": 1, "margin": 1.0}, "footprint_source": "osm"}}, {"type": "Feature", "geometry": {"type": "Polygon", "coordinates": [[[-118.54824270000002, 34.07265129999999], [-118.54827490000001, 34.072614099999996], [-118.54831929999999, 34.0726408], [-118.5482871, 34.072677999999996], [-118.54824270000002, 34.07265129999999]]]}, "properties": {"id": "palisades-000640", "damage_class": 1, "damage_label": "minor-damage", "confidence": 0.85, "area_m2": 25.71, "centroid": [-118.548281, 34.072646], "confidence_tier": "high", "sources": {"heuristic": 0, "cnn": 1, "margin": 1.0}, "footprint_source": "osm"}}, {"type": "Feature", "geometry": {"type": "Polygon", "coordinates": [[[-118.57239750000001, 34.077247], [-118.57248140000002, 34.07722919999999], [-118.57250040000001, 34.07729150000001], [-118.5724166, 34.0773093], [-118.57239750000001, 34.077247]]]}, "properties": {"id": "palisades-000641", "damage_class": 1, "damage_label": "minor-damage", "confidence": 0.7, "area_m2": 56.94, "centroid": [-118.572449, 34.077269], "confidence_tier": "review", "sources": {"heuristic": 3, "cnn": 1, "margin": 1.0}, "footprint_source": "osm"}}, {"type": "Feature", "geometry": {"type": "Polygon", "coordinates": [[[-118.5627816, 34.0793722], [-118.56300220000001, 34.07945289999999], [-118.5629438, 34.0795634], [-118.56272320000001, 34.07948270000001], [-118.5627816, 34.0793722]]]}, "properties": {"id": "palisades-000642", "damage_class": 0, "damage_label": "no-damage", "confidence": 0.85, "area_m2": 297.73, "centroid": [-118.562863, 34.079468], "confidence_tier": "high", "sources": {"heuristic": 1, "cnn": 0, "margin": 1.0}, "footprint_source": "osm"}}, {"type": "Feature", "geometry": {"type": "Polygon", "coordinates": [[[-118.56434729999998, 34.0784832], [-118.56425300000001, 34.0785357], [-118.5641929, 34.0784608], [-118.56428720000001, 34.078408299999985], [-118.56434729999998, 34.0784832]]]}, "properties": {"id": "palisades-000643", "damage_class": 1, "damage_label": "minor-damage", "confidence": 0.85, "area_m2": 104.59, "centroid": [-118.56427, 34.078472], "confidence_tier": "high", "sources": {"heuristic": 0, "cnn": 1, "margin": 1.0}, "footprint_source": "osm"}}, {"type": "Feature", "geometry": {"type": "Polygon", "coordinates": [[[-118.5700084, 34.0793865], [-118.57005849999999, 34.07938030000001], [-118.5700628, 34.079404499999995], [-118.5700127, 34.079410700000004], [-118.5700084, 34.0793865]]]}, "properties": {"id": "palisades-000644", "damage_class": 3, "damage_label": "destroyed", "confidence": 0.7, "area_m2": 12.68, "centroid": [-118.570036, 34.079396], "confidence_tier": "review", "sources": {"heuristic": 1, "cnn": 3, "margin": 1.0}, "footprint_source": "osm"}}, {"type": "Feature", "geometry": {"type": "Polygon", "coordinates": [[[-118.56583070000002, 34.078741199999996], [-118.56593940000002, 34.07876209999999], [-118.5659098, 34.078869000000005], [-118.565801, 34.078848099999995], [-118.56583070000002, 34.078741199999996]]]}, "properties": {"id": "palisades-000645", "damage_class": 3, "damage_label": "destroyed", "confidence": 0.7, "area_m2": 125.33, "centroid": [-118.56587, 34.078805], "confidence_tier": "review", "sources": {"heuristic": 0, "cnn": 3, "margin": 1.0}, "footprint_source": "osm"}}, {"type": "Feature", "geometry": {"type": "Polygon", "coordinates": [[[-118.5643546, 34.0789661], [-118.56440279999998, 34.0789757], [-118.5643972, 34.078994699999996], [-118.56434929999999, 34.0789849], [-118.5643546, 34.0789661]]]}, "properties": {"id": "palisades-000646", "damage_class": 0, "damage_label": "no-damage", "confidence": 0.7, "area_m2": 9.84, "centroid": [-118.564376, 34.07898], "confidence_tier": "review", "sources": {"heuristic": 2, "cnn": 0, "margin": 1.0}, "footprint_source": "osm"}}, {"type": "Feature", "geometry": {"type": "Polygon", "coordinates": [[[-118.562038, 34.07271250000001], [-118.56196749999998, 34.07275039999999], [-118.5619204, 34.0726911], [-118.5619919, 34.0726528], [-118.562038, 34.07271250000001]]]}, "properties": {"id": "palisades-000647", "damage_class": 2, "damage_label": "major-damage", "confidence": 0.7, "area_m2": 61.42, "centroid": [-118.561979, 34.072702], "confidence_tier": "review", "sources": {"heuristic": 0, "cnn": 2, "margin": 1.0}, "footprint_source": "osm"}}, {"type": "Feature", "geometry": {"type": "Polygon", "coordinates": [[[-118.56283890000002, 34.07923479999999], [-118.56305950000001, 34.07931539999999], [-118.56300100000001, 34.0794266], [-118.5627802, 34.07934590000001], [-118.56283890000002, 34.07923479999999]]]}, "properties": {"id": "palisades-000648", "damage_class": 0, "damage_label": "no-damage", "confidence": 0.85, "area_m2": 299.45, "centroid": [-118.56292, 34.079331], "confidence_tier": "high", "sources": {"heuristic": 1, "cnn": 0, "margin": 1.0}, "footprint_source": "osm"}}, {"type": "Feature", "geometry": {"type": "Polygon", "coordinates": [[[-118.5646761, 34.07795140000001], [-118.5647267, 34.0779139], [-118.56473360000001, 34.0779218], [-118.5647497, 34.07791209999999], [-118.5647932, 34.07796809999999], [-118.564767, 34.07798400000001], [-118.5648136, 34.078029799999996], [-118.5647976, 34.07803950000001], [-118.564844, 34.078085300000005], [-118.56466070000002, 34.078196199999994], [-118.5646282, 34.078159], [-118.5646552, 34.078142699999994], [-118.564642, 34.0781275], [-118.5646522, 34.07812129999999], [-118.5646377, 34.078104800000006], [-118.5646198, 34.0781156], [-118.5646011, 34.07809429999999], [-118.56461089999999, 34.0780883], [-118.5645973, 34.0780727], [-118.5646379, 34.0780544], [-118.5646174, 34.078030999999996], [-118.56457879999999, 34.07805429999999], [-118.5645501, 34.07802139999999], [-118.5645929, 34.0779955], [-118.56459929999998, 34.07800269999999], [-118.56462330000001, 34.0779834], [-118.56460729999999, 34.077967400000006], [-118.5645953, 34.07797850000001], [-118.5645678, 34.077957899999994], [-118.5645459, 34.07797819999999], [-118.5644791, 34.07792830000001], [-118.56449119999999, 34.077917], [-118.5644743, 34.077904399999994], [-118.56448229999998, 34.077897099999994], [-118.56446570000001, 34.0778847], [-118.56445939999999, 34.0778904], [-118.5644167, 34.07785849999999], [-118.56445250000002, 34.0778332], [-118.56444899999998, 34.077830600000006], [-118.5644728, 34.077808499999996], [-118.56446909999998, 34.07780579999999], [-118.5645525, 34.077731799999995], [-118.5645886, 34.07776340000001], [-118.56459230000002, 34.07775999999999], [-118.5646153, 34.0777772], [-118.56460529999998, 34.07778650000001], [-118.5646532, 34.0778223], [-118.56466210000002, 34.077814], [-118.5647205, 34.0778625], [-118.56465180000001, 34.0779261], [-118.5646761, 34.07795140000001]]]}, "properties": {"id": "palisades-000649", "damage_class": 0, "damage_label": "no-damage", "confidence": 0.7, "area_m2": 838.2, "centroid": [-118.564637, 34.077959], "confidence_tier": "review", "sources": {"heuristic": 2, "cnn": 0, "margin": 1.0}, "footprint_source": "osm"}}, {"type": "Feature", "geometry": {"type": "Polygon", "coordinates": [[[-118.55084099999999, 34.0790011], [-118.55082969999998, 34.0789237], [-118.55091689999999, 34.07891420000001], [-118.55092830000001, 34.0789922], [-118.55084099999999, 34.0790011]]]}, "properties": {"id": "palisades-000650", "damage_class": 1, "damage_label": "minor-damage", "confidence": 0.85, "area_m2": 70.46, "centroid": [-118.550879, 34.078958], "confidence_tier": "high", "sources": {"heuristic": 0, "cnn": 1, "margin": 1.0}, "footprint_source": "osm"}}, {"type": "Feature", "geometry": {"type": "Polygon", "coordinates": [[[-118.5633825, 34.0729661], [-118.56346600000002, 34.0729335], [-118.56349850000001, 34.072991200000004], [-118.5634149, 34.0730238], [-118.5633825, 34.0729661]]]}, "properties": {"id": "palisades-000651", "damage_class": 1, "damage_label": "minor-damage", "confidence": 0.85, "area_m2": 60.17, "centroid": [-118.56344, 34.072979], "confidence_tier": "high", "sources": {"heuristic": 0, "cnn": 1, "margin": 1.0}, "footprint_source": "osm"}}, {"type": "Feature", "geometry": {"type": "Polygon", "coordinates": [[[-118.56083360000001, 34.07173379999999], [-118.56075269999998, 34.07172599999999], [-118.56075509999998, 34.0716336], [-118.56080350000002, 34.0716383], [-118.56080579999998, 34.0715939], [-118.5608124, 34.07159450000001], [-118.5608152, 34.0715746], [-118.56090259999999, 34.07158299999999], [-118.56089990000001, 34.07160299999999], [-118.56101220000001, 34.0716138], [-118.56100220000002, 34.071685099999996], [-118.56093500000001, 34.071678600000006], [-118.5609286, 34.0717242], [-118.5608362, 34.071715299999994], [-118.56083360000001, 34.07173379999999]]]}, "properties": {"id": "palisades-000652", "damage_class": 0, "damage_label": "no-damage", "confidence": 0.85, "area_m2": 282.55, "centroid": [-118.560871, 34.071657], "confidence_tier": "high", "sources": {"heuristic": 1, "cnn": 0, "margin": 1.0}, "footprint_source": "osm"}}, {"type": "Feature", "geometry": {"type": "Polygon", "coordinates": [[[-118.56434030000001, 34.0783975], [-118.5643063, 34.078417], [-118.56428840000001, 34.0783952], [-118.56432230000001, 34.0783758], [-118.56434030000001, 34.0783975]]]}, "properties": {"id": "palisades-000653", "damage_class": 1, "damage_label": "minor-damage", "confidence": 0.85, "area_m2": 11.13, "centroid": [-118.564314, 34.078396], "confidence_tier": "review", "sources": {"heuristic": 0, "cnn": 1, "margin": 1.0}, "footprint_source": "osm"}}, {"type": "Feature", "geometry": {"type": "Polygon", "coordinates": [[[-118.5556652, 34.0749702], [-118.55566260000002, 34.0749328], [-118.5556985, 34.0749311], [-118.55570110000001, 34.07496839999999], [-118.5556652, 34.0749702]]]}, "properties": {"id": "palisades-000654", "damage_class": 1, "damage_label": "minor-damage", "confidence": 0.7, "area_m2": 13.77, "centroid": [-118.555682, 34.074951], "confidence_tier": "review", "sources": {"heuristic": 3, "cnn": 1, "margin": 1.0}, "footprint_source": "osm"}}, {"type": "Feature", "geometry": {"type": "Polygon", "coordinates": [[[-118.56603180000002, 34.0786985], [-118.56606849999999, 34.078708299999995], [-118.5660602, 34.07872960000001], [-118.5660236, 34.07871970000001], [-118.56603180000002, 34.0786985]]]}, "properties": {"id": "palisades-000655", "damage_class": 1, "damage_label": "minor-damage", "confidence": 0.85, "area_m2": 8.8, "centroid": [-118.566046, 34.078714], "confidence_tier": "review", "sources": {"heuristic": 2, "cnn": 1, "margin": 1.0}, "footprint_source": "osm"}}, {"type": "Feature", "geometry": {"type": "Polygon", "coordinates": [[[-118.5623963, 34.0795101], [-118.56249550000001, 34.07932540000001], [-118.56262810000001, 34.079374300000005], [-118.562529, 34.079558999999996], [-118.5623963, 34.0795101]]]}, "properties": {"id": "palisades-000656", "damage_class": 0, "damage_label": "no-damage", "confidence": 0.85, "area_m2": 300.39, "centroid": [-118.562512, 34.079442], "confidence_tier": "high", "sources": {"heuristic": 1, "cnn": 0, "margin": 1.0}, "footprint_source": "osm"}}, {"type": "Feature", "geometry": {"type": "Polygon", "coordinates": [[[-118.5500514, 34.0707748], [-118.5500025, 34.070779], [-118.5499992, 34.070752199999994], [-118.55004809999998, 34.0707481], [-118.5500514, 34.0707748]]]}, "properties": {"id": "palisades-000657", "damage_class": 3, "damage_label": "destroyed", "confidence": 0.7, "area_m2": 13.53, "centroid": [-118.550025, 34.070764], "confidence_tier": "review", "sources": {"heuristic": 0, "cnn": 3, "margin": 1.0}, "footprint_source": "osm"}}, {"type": "Feature", "geometry": {"type": "Polygon", "coordinates": [[[-118.57158109999999, 34.0774307], [-118.5716302, 34.0774226], [-118.57163990000001, 34.0774632], [-118.57159079999998, 34.077471300000006], [-118.57158109999999, 34.0774307]]]}, "properties": {"id": "palisades-000658", "damage_class": 0, "damage_label": "no-damage", "confidence": 1.0, "area_m2": 21.21, "centroid": [-118.57161, 34.077447], "confidence_tier": "high", "sources": {"heuristic": 0, "cnn": 0, "margin": 1.0}, "footprint_source": "osm"}}, {"type": "Feature", "geometry": {"type": "Polygon", "coordinates": [[[-118.5638253, 34.07356060000001], [-118.56374240000001, 34.0735939], [-118.56370910000001, 34.073537300000005], [-118.5637924, 34.0735039], [-118.5638253, 34.07356060000001]]]}, "properties": {"id": "palisades-000659", "damage_class": 1, "damage_label": "minor-damage", "confidence": 0.7, "area_m2": 59.49, "centroid": [-118.563767, 34.073549], "confidence_tier": "review", "sources": {"heuristic": 3, "cnn": 1, "margin": 1.0}, "footprint_source": "osm"}}, {"type": "Feature", "geometry": {"type": "Polygon", "coordinates": [[[-118.55740760000002, 34.0709057], [-118.5574026, 34.07094610000001], [-118.5573457, 34.0709412], [-118.5573507, 34.0709008], [-118.55740760000002, 34.0709057]]]}, "properties": {"id": "palisades-000660", "damage_class": 0, "damage_label": "no-damage", "confidence": 1.0, "area_m2": 23.78, "centroid": [-118.557377, 34.070923], "confidence_tier": "high", "sources": {"heuristic": 0, "cnn": 0, "margin": 1.0}, "footprint_source": "osm"}}, {"type": "Feature", "geometry": {"type": "Polygon", "coordinates": [[[-118.5609698, 34.07405769999999], [-118.5609217, 34.0740954], [-118.56087529999999, 34.0740547], [-118.5609236, 34.07401670000001], [-118.5609698, 34.07405769999999]]]}, "properties": {"id": "palisades-000661", "damage_class": 1, "damage_label": "minor-damage", "confidence": 0.85, "area_m2": 38.09, "centroid": [-118.560923, 34.074056], "confidence_tier": "high", "sources": {"heuristic": 0, "cnn": 1, "margin": 1.0}, "footprint_source": "osm"}}, {"type": "Feature", "geometry": {"type": "Polygon", "coordinates": [[[-118.571307, 34.0786923], [-118.57127920000002, 34.078708999999996], [-118.57126060000002, 34.0786878], [-118.5712887, 34.07867110000001], [-118.571307, 34.0786923]]]}, "properties": {"id": "palisades-000662", "damage_class": 0, "damage_label": "no-damage", "confidence": 1.0, "area_m2": 9.22, "centroid": [-118.571284, 34.07869], "confidence_tier": "review", "sources": {"heuristic": 0, "cnn": 0, "margin": 1.0}, "footprint_source": "osm"}}, {"type": "Feature", "geometry": {"type": "Polygon", "coordinates": [[[-118.56296550000002, 34.0789724], [-118.5631848, 34.0790522], [-118.56312649999998, 34.0791623], [-118.56290709999999, 34.079082499999984], [-118.56296550000002, 34.0789724]]]}, "properties": {"id": "palisades-000663", "damage_class": 0, "damage_label": "no-damage", "confidence": 1.0, "area_m2": 294.84, "centroid": [-118.563046, 34.079067], "confidence_tier": "high", "sources": {"heuristic": 0, "cnn": 0, "margin": 1.0}, "footprint_source": "osm"}}, {"type": "Feature", "geometry": {"type": "Polygon", "coordinates": [[[-118.55204560000001, 34.071326], [-118.55203840000001, 34.071327399999994], [-118.5520091, 34.071228299999994], [-118.55201599999998, 34.0712224], [-118.55201260000001, 34.0712073], [-118.55198880000002, 34.0712148], [-118.55198109999999, 34.0712089], [-118.55198469999999, 34.0712308], [-118.5518831, 34.0712363], [-118.5518769, 34.071156800000004], [-118.5520271, 34.071148699999995], [-118.55203510000001, 34.0711427], [-118.55205270000002, 34.0711421], [-118.55206000000001, 34.071148000000015], [-118.55211129999999, 34.07114419999999], [-118.5521136, 34.07115610000001], [-118.5521726, 34.0711448], [-118.5521979, 34.071149199999994], [-118.55220400000002, 34.07117579999999], [-118.55219620000001, 34.07117720000001], [-118.5522096, 34.0712212], [-118.55224789999998, 34.07121320000001], [-118.5522554, 34.0712381], [-118.5522933, 34.07123419999999], [-118.55230840000002, 34.0712839], [-118.55219599999998, 34.07130959999999], [-118.55219050000001, 34.07131799999999], [-118.55216980000002, 34.071322], [-118.5521612, 34.071317799999996], [-118.55204920000001, 34.0713393], [-118.55204560000001, 34.071326]]]}, "properties": {"id": "palisades-000664", "damage_class": 0, "damage_label": "no-damage", "confidence": 0.7, "area_m2": 507.01, "centroid": [-118.552094, 34.07123], "confidence_tier": "review", "sources": {"heuristic": 2, "cnn": 0, "margin": 1.0}, "footprint_source": "osm"}}, {"type": "Feature", "geometry": {"type": "Polygon", "coordinates": [[[-118.55463630000001, 34.07630579999999], [-118.5546094, 34.0762889], [-118.5546319, 34.0762641], [-118.5546056, 34.07626960000001], [-118.55458520000002, 34.0762532], [-118.5545861, 34.07623459999999], [-118.55457510000001, 34.0762284], [-118.55458650000001, 34.0762159], [-118.55456430000001, 34.076201899999994], [-118.55458299999998, 34.076181399999996], [-118.55454260000002, 34.07615599999999], [-118.5546458, 34.0760425], [-118.55471969999999, 34.0760891], [-118.55469390000002, 34.0761174], [-118.55470950000002, 34.076127199999995], [-118.55467140000002, 34.07616910000001], [-118.5547018, 34.076188200000004], [-118.55470799999999, 34.0761814], [-118.55475419999999, 34.0762105], [-118.55477580000002, 34.0761867], [-118.55482440000002, 34.07621730000001], [-118.55481280000001, 34.07623], [-118.55483410000001, 34.0762333], [-118.55484180000002, 34.076241999999986], [-118.5548924, 34.07622309999999], [-118.5549452, 34.0763207], [-118.5548296, 34.076364000000005], [-118.55481689999999, 34.07634049999999], [-118.55480280000002, 34.0763457], [-118.554767, 34.07638550000001], [-118.5547279, 34.076361199999994], [-118.5547078, 34.076385099999996], [-118.55461650000001, 34.0763276], [-118.55463630000001, 34.07630579999999]]]}, "properties": {"id": "palisades-000665", "damage_class": 1, "damage_label": "minor-damage", "confidence": 0.85, "area_m2": 650.18, "centroid": [-118.554722, 34.076243], "confidence_tier": "high", "sources": {"heuristic": 0, "cnn": 1, "margin": 1.0}, "footprint_source": "osm"}}, {"type": "Feature", "geometry": {"type": "Polygon", "coordinates": [[[-118.5645302, 34.07758859999999], [-118.5645406, 34.07759999999999], [-118.56441460000002, 34.07767850000001], [-118.5644304, 34.07769590000001], [-118.56435890000002, 34.0777404], [-118.5643524, 34.0777331], [-118.56434480000001, 34.07773790000001], [-118.5643233, 34.0777141], [-118.5643309, 34.077709399999996], [-118.5643216, 34.0776991], [-118.56431420000001, 34.0777037], [-118.5642318, 34.0776128], [-118.56427250000002, 34.077582899999996], [-118.56425780000001, 34.0775668], [-118.56428810000001, 34.07754789999999], [-118.5642936, 34.077554], [-118.56431399999998, 34.0775413], [-118.56431930000001, 34.07754719999999], [-118.56433060000002, 34.07754019999999], [-118.56432230000001, 34.07753100000001], [-118.56435070000002, 34.07751329999999], [-118.5643576, 34.077520899999996], [-118.5643924, 34.0774992], [-118.564384, 34.07748999999999], [-118.5644119, 34.07747259999999], [-118.56440239999999, 34.077462100000005], [-118.56437780000002, 34.07747739999999], [-118.5643693, 34.077467999999996], [-118.56442319999998, 34.077434499999995], [-118.5644298, 34.0774416], [-118.5644768, 34.07741229999999], [-118.56459380000001, 34.07754899999999], [-118.5645302, 34.07758859999999]]]}, "properties": {"id": "palisades-000666", "damage_class": 0, "damage_label": "no-damage", "confidence": 0.85, "area_m2": 587.11, "centroid": [-118.564412, 34.077577], "confidence_tier": "high", "sources": {"heuristic": 1, "cnn": 0, "margin": 1.0}, "footprint_source": "osm"}}, {"type": "Feature", "geometry": {"type": "Polygon", "coordinates": [[[-118.56192329999999, 34.076326800000004], [-118.56191190000001, 34.076330199999994], [-118.56188570000002, 34.076269599999996], [-118.5619136, 34.076261299999985], [-118.56190529999999, 34.0762421], [-118.56187770000001, 34.0762504], [-118.5618487, 34.07618289999999], [-118.5618401, 34.0761855], [-118.5617992, 34.0760794], [-118.5617904, 34.07608199999999], [-118.56176400000001, 34.0760207], [-118.5617782, 34.07601639999999], [-118.56175190000002, 34.07595549999999], [-118.56191729999999, 34.07590609999999], [-118.56192590000002, 34.075925999999995], [-118.5619477, 34.0759194], [-118.5619607, 34.075963699999996], [-118.56193800000001, 34.07597039999999], [-118.56197229999998, 34.0760499], [-118.5619937, 34.07604349999999], [-118.5620062, 34.076072700000005], [-118.56199960000001, 34.07607469999999], [-118.5620308, 34.07614720000001], [-118.56201830000002, 34.0761509], [-118.56203909999999, 34.0761991], [-118.5620213, 34.0762045], [-118.56203040000001, 34.07622550000001], [-118.562059, 34.07621700000001], [-118.5620861, 34.076279799999995], [-118.56210570000002, 34.076273900000004], [-118.5621289, 34.076313799999994], [-118.56210699999998, 34.07632029999999], [-118.5621151, 34.0763392], [-118.5619499, 34.0763885], [-118.56192329999999, 34.076326800000004]]]}, "properties": {"id": "palisades-000667", "damage_class": 0, "damage_label": "no-damage", "confidence": 1.0, "area_m2": 871.16, "centroid": [-118.56193, 34.076146], "confidence_tier": "high", "sources": {"heuristic": 0, "cnn": 0, "margin": 1.0}, "footprint_source": "osm"}}, {"type": "Feature", "geometry": {"type": "Polygon", "coordinates": [[[-118.54881679999998, 34.07061279999999], [-118.54886410000002, 34.070660499999995], [-118.54885819999998, 34.0706646], [-118.54886539999998, 34.07067179999999], [-118.54885219999998, 34.0706808], [-118.5488708, 34.070699600000005], [-118.54886560000001, 34.07070319999999], [-118.54886989999999, 34.0707076], [-118.5488277, 34.0707365], [-118.548814, 34.07073090000001], [-118.5488081, 34.07073499999999], [-118.5488112, 34.0707492], [-118.5487992, 34.070760099999994], [-118.54882150000002, 34.0707822], [-118.5488268, 34.07077859999999], [-118.5489004, 34.07085270000001], [-118.5488346, 34.0708984], [-118.5487659, 34.070824599999995], [-118.5487476, 34.070836299999996], [-118.54862989999998, 34.07071599999999], [-118.5486433, 34.070690799999994], [-118.5486695, 34.0706858], [-118.54875129999999, 34.0706319], [-118.5487317, 34.070608899999996], [-118.54873510000002, 34.0705933], [-118.5487592, 34.0705783], [-118.5487748, 34.07058030000001], [-118.54881190000002, 34.0706163], [-118.54881679999998, 34.07061279999999]]]}, "properties": {"id": "palisades-000668", "damage_class": 0, "damage_label": "no-damage", "confidence": 0.7, "area_m2": 409.11, "centroid": [-118.548773, 34.070734], "confidence_tier": "review", "sources": {"heuristic": 2, "cnn": 0, "margin": 1.0}, "footprint_source": "osm"}}, {"type": "Feature", "geometry": {"type": "Polygon", "coordinates": [[[-118.5511786, 34.0776391], [-118.55117529999998, 34.07764639999999], [-118.5512234, 34.0776617], [-118.5512123, 34.07768589999999], [-118.5512338, 34.077675899999996], [-118.55125830000001, 34.0776838], [-118.5512687, 34.0777039], [-118.55123079999998, 34.0777868], [-118.5512434, 34.0778075], [-118.55124060000001, 34.0778266], [-118.5512291, 34.0778365], [-118.5512027, 34.0778362], [-118.5511928, 34.07783049999999], [-118.55117910000001, 34.07780590000001], [-118.5511718, 34.07780369999999], [-118.5511665, 34.07781520000001], [-118.551118, 34.07779980000001], [-118.5511199, 34.0777956], [-118.55111259999998, 34.077793299999996], [-118.55110830000001, 34.0778027], [-118.5511187, 34.07780600000001], [-118.5511002, 34.077846399999984], [-118.55110560000001, 34.07784809999999], [-118.5510835, 34.0778851], [-118.55101200000001, 34.07786619999999], [-118.5510029, 34.0778597], [-118.5511135, 34.07761839999999], [-118.5511786, 34.0776391]]]}, "properties": {"id": "palisades-000669", "damage_class": 0, "damage_label": "no-damage", "confidence": 1.0, "area_m2": 386.32, "centroid": [-118.551139, 34.077751], "confidence_tier": "high", "sources": {"heuristic": 0, "cnn": 0, "margin": 1.0}, "footprint_source": "osm"}}, {"type": "Feature", "geometry": {"type": "Polygon", "coordinates": [[[-118.57288250000002, 34.0773971], [-118.57288740000001, 34.077396500000006], [-118.57289919999998, 34.077462800000006], [-118.57289250000001, 34.0774636], [-118.5728986, 34.0774979], [-118.5728434, 34.07750909999999], [-118.5728468, 34.0775282], [-118.57274060000002, 34.07754140000001], [-118.5727258, 34.07745860000001], [-118.57279269999998, 34.07745030000001], [-118.5727892, 34.0774306], [-118.57275840000001, 34.077434399999994], [-118.57275089999999, 34.07739239999999], [-118.5727802, 34.0773888], [-118.5727768, 34.07736980000001], [-118.57269650000002, 34.077379699999995], [-118.5726817, 34.0772969], [-118.57270629999998, 34.07729390000001], [-118.5727019, 34.0772691], [-118.57271759999999, 34.0772672], [-118.57271610000001, 34.0772594], [-118.57274649999998, 34.077255599999994], [-118.5727482, 34.0772649], [-118.5727669, 34.077262600000005], [-118.5727727, 34.077294899999984], [-118.5728231, 34.07728860000001], [-118.57282470000001, 34.07729710000001], [-118.57284899999999, 34.077294099999996], [-118.57285230000001, 34.077287600000005], [-118.57283969999999, 34.07728319999998], [-118.5728687, 34.0772257], [-118.57289559999998, 34.0772351], [-118.57290020000002, 34.077226100000004], [-118.57292489999999, 34.0772347], [-118.5729214, 34.07724149999999], [-118.5729793, 34.077261799999995], [-118.5729298, 34.0773598], [-118.572877, 34.077366299999994], [-118.57288250000002, 34.0773971]]]}, "properties": {"id": "palisades-000670", "damage_class": 0, "damage_label": "no-damage", "confidence": 1.0, "area_m2": 510.61, "centroid": [-118.572823, 34.077374], "confidence_tier": "high", "sources": {"heuristic": 0, "cnn": 0, "margin": 1.0}, "footprint_source": "osm"}}, {"type": "Feature", "geometry": {"type": "Polygon", "coordinates": [[[-118.5724198, 34.07837489999999], [-118.57247670000001, 34.0784832], [-118.5723504, 34.07853450000001], [-118.5723544, 34.07854129999999], [-118.5722911, 34.078566999999985], [-118.57227900000001, 34.0785464], [-118.57221590000002, 34.07857199999999], [-118.57220759999998, 34.078558], [-118.57217219999998, 34.07857239999999], [-118.5721647, 34.0785596], [-118.572135, 34.0785717], [-118.5721306, 34.078564199999995], [-118.5720474, 34.07859799999999], [-118.57205480000002, 34.0786508], [-118.57196400000001, 34.0786595], [-118.57196159999998, 34.078642300000006], [-118.5719385, 34.0786445], [-118.5719324, 34.0786001], [-118.5719396, 34.078599399999995], [-118.5719265, 34.078505099999994], [-118.5719526, 34.07850260000001], [-118.57199480000001, 34.078529200000006], [-118.5720469, 34.0785234], [-118.57205369999998, 34.07856530000001], [-118.57211990000002, 34.07854030000001], [-118.5721065, 34.07851639999999], [-118.5721896, 34.0784842], [-118.5721833, 34.07847299999999], [-118.5722035, 34.07842049999999], [-118.57223249999998, 34.078398799999995], [-118.5722698, 34.0783948], [-118.5723018, 34.0784033], [-118.57233230000001, 34.0784141], [-118.5723479, 34.07843810000001], [-118.57238510000002, 34.078422599999996], [-118.5723695, 34.07839659999999], [-118.5723763, 34.07837949999999], [-118.57240040000002, 34.07836759999999], [-118.5724198, 34.07837489999999]]]}, "properties": {"id": "palisades-000671", "damage_class": 0, "damage_label": "no-damage", "confidence": 0.85, "area_m2": 605.46, "centroid": [-118.572208, 34.078511], "confidence_tier": "high", "sources": {"heuristic": 1, "cnn": 0, "margin": 1.0}, "footprint_source": "osm"}}, {"type": "Feature", "geometry": {"type": "Polygon", "coordinates": [[[-118.54711310000002, 34.0731223], [-118.54708860000001, 34.073087799999996], [-118.54709420000002, 34.07306], [-118.54710129999998, 34.0730497], [-118.5471266, 34.073036899999984], [-118.5471644, 34.07303649999999], [-118.5471931, 34.0730528], [-118.54726860000001, 34.07307779999999], [-118.5472642, 34.0730866], [-118.54730400000001, 34.0731083], [-118.5473101, 34.0731018], [-118.5473269, 34.0731131], [-118.5473873, 34.073171499999994], [-118.5473942, 34.07318289999999], [-118.54739360000002, 34.073210199999984], [-118.54736790000001, 34.07323220000001], [-118.5473507, 34.0732347], [-118.547315, 34.0732255], [-118.54730019999998, 34.0732035], [-118.547245, 34.0732635], [-118.54711019999999, 34.073189299999996], [-118.5471359, 34.0731602], [-118.54712579999999, 34.07315479999998], [-118.5471503, 34.07312580000001], [-118.5471349, 34.07312850000001], [-118.54711310000002, 34.0731223]]]}, "properties": {"id": "palisades-000672", "damage_class": 0, "damage_label": "no-damage", "confidence": 1.0, "area_m2": 417.49, "centroid": [-118.547232, 34.073149], "confidence_tier": "high", "sources": {"heuristic": 0, "cnn": 0, "margin": 1.0}, "footprint_source": "osm"}}, {"type": "Feature", "geometry": {"type": "Polygon", "coordinates": [[[-118.5640267, 34.07818099999999], [-118.5640062, 34.078155300000006], [-118.5639795, 34.07817010000001], [-118.56394370000001, 34.0781252], [-118.56395570000001, 34.0781186], [-118.5639347, 34.078085], [-118.56394480000002, 34.07807939999999], [-118.56393019999999, 34.0780612], [-118.56392200000002, 34.0780657], [-118.5638925, 34.07802869999999], [-118.56393949999999, 34.0780061], [-118.5639286, 34.07799309999999], [-118.5638862, 34.07801399999999], [-118.563843, 34.077965000000006], [-118.56382630000002, 34.0779753], [-118.56378490000002, 34.0779227], [-118.5637927, 34.0779179], [-118.56377860000002, 34.07790180000001], [-118.5637695, 34.0779074], [-118.563764, 34.0779012], [-118.5637488, 34.0779105], [-118.56372079999998, 34.0778787], [-118.5637499, 34.07786089999999], [-118.5637545, 34.07786629999999], [-118.5637784, 34.07785169999998], [-118.5637743, 34.07784699999999], [-118.5638055, 34.07782790000001], [-118.5638009, 34.0778227], [-118.5638246, 34.0778082], [-118.56382870000002, 34.077812800000004], [-118.56384070000001, 34.0778054], [-118.5638355, 34.077799500000005], [-118.56385970000001, 34.07778470000001], [-118.5638648, 34.0777904], [-118.5638988, 34.077765299999996], [-118.563948, 34.07782100000001], [-118.563939, 34.0778265], [-118.5639769, 34.0778694], [-118.56398809999999, 34.0778627], [-118.5640363, 34.07791739999998], [-118.56398470000002, 34.07795300000001], [-118.56400129999999, 34.077971899999994], [-118.563999, 34.0779665], [-118.5640239, 34.07795269999999], [-118.5640281, 34.077957999999995], [-118.564065, 34.07793759999999], [-118.5641091, 34.0779927], [-118.5640962, 34.07799990000001], [-118.56413239999999, 34.0780451], [-118.5641428, 34.0780394], [-118.5641742, 34.07807859999999], [-118.56418360000002, 34.07809679999999], [-118.56414119999998, 34.07812579999999], [-118.56413660000001, 34.07812009999999], [-118.56410200000002, 34.078139300000004], [-118.56411610000002, 34.0781562], [-118.56418819999999, 34.078122], [-118.56422650000002, 34.078177], [-118.5642435, 34.078167500000006], [-118.5642865, 34.078221199999994], [-118.5642733, 34.0782285], [-118.564309, 34.0782731], [-118.5643215, 34.0782662], [-118.56436310000001, 34.0783235], [-118.56432170000001, 34.0783537], [-118.56431770000002, 34.07834869999999], [-118.5642469, 34.0783879], [-118.56425180000001, 34.078394100000004], [-118.56420949999999, 34.078410399999996], [-118.56416960000001, 34.078360499999995], [-118.56415460000001, 34.07836879999999], [-118.56411229999999, 34.078316], [-118.56412229999998, 34.07831050000001], [-118.5641095, 34.078294500000005], [-118.56410200000002, 34.07829869999999], [-118.5640575, 34.0782432], [-118.5640282, 34.07825939999999], [-118.56400009999999, 34.07822430000001], [-118.564033, 34.0782061], [-118.5640384, 34.07821289999999], [-118.56406070000001, 34.07819510000001], [-118.5640423, 34.0781723], [-118.5640267, 34.07818099999999]]]}, "properties": {"id": "palisades-000673", "damage_class": 0, "damage_label": "no-damage", "confidence": 0.7, "area_m2": 1329.28, "centroid": [-118.564051, 34.078091], "confidence_tier": "review", "sources": {"heuristic": 2, "cnn": 0, "margin": 1.0}, "footprint_source": "osm"}}, {"type": "Feature", "geometry": {"type": "Polygon", "coordinates": [[[-118.57103330000001, 34.0795796], [-118.57105300000002, 34.0796027], [-118.5711039, 34.07957269999999], [-118.57111880000001, 34.0795902], [-118.57111219999999, 34.07962359999999], [-118.5711203, 34.0796247], [-118.5711075, 34.07968949999999], [-118.57108550000001, 34.0796559], [-118.57107950000001, 34.0796901], [-118.57106260000002, 34.079698099999995], [-118.57107490000001, 34.0797162], [-118.57104139999998, 34.07973199999999], [-118.571034, 34.079721199999994], [-118.5710218, 34.07972689999999], [-118.57103560000002, 34.07974719999999], [-118.5710322, 34.0797564], [-118.5710123, 34.079759499999994], [-118.5709959, 34.079742], [-118.5709713, 34.07975799999999], [-118.5709887, 34.0797798], [-118.5709857, 34.07978530000001], [-118.57096669999999, 34.07978789999999], [-118.5709768, 34.0797987], [-118.5709249, 34.07982899999999], [-118.5708999, 34.0797994], [-118.57085230000001, 34.07982719999999], [-118.57087130000001, 34.07973199999999], [-118.5708825, 34.0797466], [-118.5708984, 34.07973810000001], [-118.5708996, 34.079725499999995], [-118.57092700000001, 34.079705399999995], [-118.5709522, 34.0796314], [-118.5709623, 34.0796422], [-118.5709905, 34.07962400000001], [-118.57094000000001, 34.0795698], [-118.57103330000001, 34.0795796]]]}, "properties": {"id": "palisades-000674", "damage_class": 0, "damage_label": "no-damage", "confidence": 1.0, "area_m2": 338.51, "centroid": [-118.570992, 34.079692], "confidence_tier": "high", "sources": {"heuristic": 0, "cnn": 0, "margin": 1.0}, "footprint_source": "osm"}}, {"type": "Feature", "geometry": {"type": "Polygon", "coordinates": [[[-118.5541882, 34.074138999999995], [-118.55416530000001, 34.074181700000004], [-118.55410380000001, 34.07415879999999], [-118.5541096, 34.07414799999999], [-118.5541, 34.0741445], [-118.55408940000001, 34.074180800000015], [-118.55414280000001, 34.0742006], [-118.5541085, 34.07426459999999], [-118.553904, 34.0741833], [-118.5539368, 34.0741223], [-118.5539915, 34.07414270000001], [-118.5539995, 34.0741279], [-118.55400750000001, 34.0741308], [-118.5540169, 34.074113399999995], [-118.55400540000001, 34.0741091], [-118.55400020000002, 34.07411869999999], [-118.5539406, 34.0740965], [-118.5539644, 34.07405260000001], [-118.55395979999999, 34.0740428], [-118.5539714, 34.07402689999999], [-118.5539608, 34.0740096], [-118.5539854, 34.073962200000004], [-118.55404499999999, 34.0739837], [-118.554052, 34.07399680000001], [-118.5540616, 34.074000299999994], [-118.5540586, 34.07400640000001], [-118.5541847, 34.07405], [-118.5541974, 34.074042899999995], [-118.5542584, 34.07406619999999], [-118.554235, 34.0741085], [-118.5542104, 34.0741208], [-118.5542023, 34.074135], [-118.5541882, 34.074138999999995]]]}, "properties": {"id": "palisades-000675", "damage_class": 0, "damage_label": "no-damage", "confidence": 0.85, "area_m2": 547.49, "centroid": [-118.554067, 34.074114], "confidence_tier": "high", "sources": {"heuristic": 1, "cnn": 0, "margin": 1.0}, "footprint_source": "osm"}}, {"type": "Feature", "geometry": {"type": "Polygon", "coordinates": [[[-118.55450480000002, 34.0740784], [-118.55454660000001, 34.0740724], [-118.5545431, 34.074065], [-118.5545311, 34.07406889999999], [-118.5545063, 34.07401579999999], [-118.5545597, 34.073998499999995], [-118.55456390000002, 34.073987], [-118.5545858, 34.07398229999999], [-118.554596, 34.07396869999999], [-118.5546536, 34.073949799999994], [-118.55467660000001, 34.0739989], [-118.55467269999998, 34.07402550000001], [-118.55471300000002, 34.0741123], [-118.55471910000001, 34.074110299999994], [-118.5547262, 34.074125599999995], [-118.5547342, 34.074126199999995], [-118.5547559, 34.074174899999996], [-118.55469650000002, 34.07419519999999], [-118.5546809, 34.0741897], [-118.5546616, 34.07419610000001], [-118.55464929999998, 34.07419099999999], [-118.5545974, 34.0742083], [-118.5545725, 34.07415619999999], [-118.5545849, 34.074152099999985], [-118.55458080000001, 34.07414369999999], [-118.5545434, 34.0741632], [-118.55456550000001, 34.0742093], [-118.5544879, 34.0742351], [-118.5544081, 34.07405689999999], [-118.55448330000002, 34.074032499999994], [-118.55450480000002, 34.0740784]]]}, "properties": {"id": "palisades-000676", "damage_class": 0, "damage_label": "no-damage", "confidence": 1.0, "area_m2": 546.31, "centroid": [-118.554582, 34.074102], "confidence_tier": "high", "sources": {"heuristic": 0, "cnn": 0, "margin": 1.0}, "footprint_source": "osm"}}, {"type": "Feature", "geometry": {"type": "Polygon", "coordinates": [[[-118.5615889, 34.0768066], [-118.5615781, 34.0767893], [-118.5615517, 34.0768008], [-118.5615133, 34.076731900000006], [-118.5615085, 34.076734], [-118.56147329999999, 34.07667759999999], [-118.5614548, 34.07668069999999], [-118.5614294, 34.0766399], [-118.5614368, 34.07663669999999], [-118.56142829999999, 34.076623], [-118.561435, 34.0766201], [-118.56139920000001, 34.0765628], [-118.5613854, 34.0765688], [-118.56134840000001, 34.0765096], [-118.56151410000001, 34.076437999999996], [-118.5615503, 34.076496199999994], [-118.56157, 34.0764877], [-118.56157680000001, 34.076498499999985], [-118.56158310000001, 34.07649570000001], [-118.5615995, 34.076522000000004], [-118.5615796, 34.07653059999999], [-118.561639, 34.0766259], [-118.56166049999999, 34.07661660000001], [-118.5616771, 34.0766432], [-118.5616721, 34.0766453], [-118.56168059999999, 34.07665889999999], [-118.56164430000001, 34.076674600000004], [-118.56165689999999, 34.0766949], [-118.56167490000001, 34.07668710000001], [-118.56169560000001, 34.0767203], [-118.56167939999999, 34.0767273], [-118.5617006, 34.0767614], [-118.56171770000002, 34.07675400000001], [-118.56173849999999, 34.076787200000005], [-118.56173190000001, 34.07679], [-118.5617405, 34.07680369999999], [-118.5615965, 34.07686749999999], [-118.56156500000002, 34.076817000000005], [-118.5615889, 34.0768066]]]}, "properties": {"id": "palisades-000677", "damage_class": 0, "damage_label": "no-damage", "confidence": 1.0, "area_m2": 753.25, "centroid": [-118.56155, 34.076646], "confidence_tier": "high", "sources": {"heuristic": 0, "cnn": 0, "margin": 1.0}, "footprint_source": "osm"}}, {"type": "Feature", "geometry": {"type": "Polygon", "coordinates": [[[-118.56424220000001, 34.07231019999999], [-118.56423439999999, 34.072311600000006], [-118.56423839999998, 34.0723271], [-118.5643243, 34.0723116], [-118.56437459999998, 34.0725029], [-118.5642901, 34.072518099999996], [-118.56430460000001, 34.072573299999995], [-118.56414839999998, 34.07260140000001], [-118.5641556, 34.07262879999999], [-118.56410720000001, 34.07263759999999], [-118.564105, 34.072629400000004], [-118.5639447, 34.072658399999995], [-118.5639475, 34.07266899999999], [-118.5638776, 34.072681599999996], [-118.56384259999999, 34.0725486], [-118.56412250000001, 34.0724981], [-118.5641344, 34.07254350000001], [-118.5642136, 34.0725292], [-118.56419869999999, 34.072472299999994], [-118.564207, 34.0724708], [-118.5641881, 34.0723986], [-118.56418130000002, 34.0723998], [-118.5641665, 34.07234339999999], [-118.564093, 34.0723567], [-118.56409070000001, 34.072348000000005], [-118.5640749, 34.072350899999996], [-118.564099, 34.072442499999994], [-118.56395860000002, 34.07246789999999], [-118.56395629999999, 34.072458999999995], [-118.5638033, 34.07248649999999], [-118.56379340000001, 34.0724487], [-118.56380260000002, 34.0724471], [-118.56379750000002, 34.0724277], [-118.56394339999999, 34.0724014], [-118.5639286, 34.07234539999999], [-118.56402040000002, 34.0723288], [-118.5640188, 34.07232299999999], [-118.56406759999999, 34.0723142], [-118.56406940000001, 34.072321099999996], [-118.564083, 34.0723186], [-118.5640776, 34.072297899999995], [-118.56423170000001, 34.072270100000004], [-118.56424220000001, 34.07231019999999]]]}, "properties": {"id": "palisades-000678", "damage_class": 0, "damage_label": "no-damage", "confidence": 1.0, "area_m2": 1169.64, "centroid": [-118.564097, 34.072474], "confidence_tier": "high", "sources": {"heuristic": 0, "cnn": 0, "margin": 1.0}, "footprint_source": "osm"}}, {"type": "Feature", "geometry": {"type": "Polygon", "coordinates": [[[-118.56438730000002, 34.078235799999995], [-118.56439210000002, 34.0782323], [-118.5643857, 34.07822610000001], [-118.5643963, 34.07821859999999], [-118.56429200000001, 34.078117799999994], [-118.5643066, 34.07810749999999], [-118.5642033, 34.07800770000001], [-118.5642117, 34.0780018], [-118.5642055, 34.07799579999999], [-118.56423700000002, 34.07797339999999], [-118.5642426, 34.07797879999998], [-118.56435019999999, 34.0778992], [-118.5643806, 34.0779223], [-118.5643996, 34.0779087], [-118.564458, 34.0779652], [-118.5644317, 34.0779838], [-118.56445730000002, 34.0780085], [-118.56444179999998, 34.0780195], [-118.564465, 34.07804190000001], [-118.5644812, 34.07803040000001], [-118.5645346, 34.078081999999995], [-118.5645181, 34.0780937], [-118.5645451, 34.07811980000001], [-118.56452819999998, 34.0781318], [-118.56454970000001, 34.0781526], [-118.56457220000001, 34.07813659999999], [-118.5646059, 34.07816919999999], [-118.5645942, 34.0781775], [-118.5646038, 34.0781867], [-118.56454850000001, 34.07822600000001], [-118.56454, 34.07821779999999], [-118.56443630000001, 34.0782832], [-118.56438730000002, 34.078235799999995]]]}, "properties": {"id": "palisades-000679", "damage_class": 0, "damage_label": "no-damage", "confidence": 0.7, "area_m2": 736.15, "centroid": [-118.564403, 34.078088], "confidence_tier": "review", "sources": {"heuristic": 2, "cnn": 0, "margin": 1.0}, "footprint_source": "osm"}}, {"type": "Feature", "geometry": {"type": "Polygon", "coordinates": [[[-118.54657430000002, 34.0740267], [-118.5465463, 34.07404940000001], [-118.5465814, 34.0740793], [-118.5465192, 34.07413029999999], [-118.5464793, 34.074096299999994], [-118.5464497, 34.0740962], [-118.5464497, 34.07412039999999], [-118.54647350000002, 34.07413720000001], [-118.5463546, 34.0742328], [-118.5463174, 34.07419869999999], [-118.54632800000002, 34.0741906], [-118.54631279999998, 34.0741767], [-118.5463759, 34.0741209], [-118.5463414, 34.0741205], [-118.5463285, 34.074102399999994], [-118.5463285, 34.074082999999995], [-118.54634130000001, 34.0740739], [-118.54634150000001, 34.07406559999999], [-118.5463552, 34.0740657], [-118.54635560000001, 34.0740422], [-118.54634720000001, 34.0740421], [-118.54633010000002, 34.0740286], [-118.54633040000002, 34.074008000000006], [-118.54634810000002, 34.07399410000001], [-118.5463607, 34.073994299999995], [-118.5463641, 34.07392839999999], [-118.546414, 34.073924999999996], [-118.5464139, 34.0739299], [-118.54643579999998, 34.0739302], [-118.5464355, 34.0739498], [-118.546459, 34.073928599999995], [-118.54657430000002, 34.0740267]]]}, "properties": {"id": "palisades-000680", "damage_class": 0, "damage_label": "no-damage", "confidence": 1.0, "area_m2": 461.18, "centroid": [-118.546432, 34.074061], "confidence_tier": "high", "sources": {"heuristic": 0, "cnn": 0, "margin": 1.0}, "footprint_source": "osm"}}, {"type": "Feature", "geometry": {"type": "Polygon", "coordinates": [[[-118.55385360000001, 34.070486], [-118.5538469, 34.07047440000001], [-118.55375420000001, 34.0705101], [-118.5537474, 34.07049850000001], [-118.55373830000002, 34.07050220000001], [-118.5537324, 34.07049209999999], [-118.55372360000001, 34.0704957], [-118.5536988, 34.0704533], [-118.5537349, 34.0704387], [-118.5537238, 34.07041970000001], [-118.5537132, 34.070424], [-118.55369609999998, 34.0703947], [-118.5537049, 34.070391199999996], [-118.55368310000001, 34.070347399999996], [-118.5537685, 34.07031709999999], [-118.5537725, 34.0703239], [-118.5538, 34.0703128], [-118.5538092, 34.07032840000001], [-118.5538222, 34.0703231], [-118.5538199, 34.070319100000006], [-118.55387699999999, 34.070296], [-118.55391500000002, 34.0703496], [-118.55390909999998, 34.070352], [-118.5539152, 34.0703625], [-118.55390930000002, 34.0703649], [-118.5539254, 34.070392500000004], [-118.5538898, 34.07040690000001], [-118.55387370000001, 34.07037950000001], [-118.5538551, 34.07038699999999], [-118.5538723, 34.070416400000006], [-118.5538637, 34.0704199], [-118.5538662, 34.0704243], [-118.5538843, 34.070416900000005], [-118.5539111, 34.07046270000001], [-118.55385360000001, 34.070486]]]}, "properties": {"id": "palisades-000681", "damage_class": 0, "damage_label": "no-damage", "confidence": 1.0, "area_m2": 338.66, "centroid": [-118.553803, 34.070401], "confidence_tier": "high", "sources": {"heuristic": 0, "cnn": 0, "margin": 1.0}, "footprint_source": "osm"}}, {"type": "Feature", "geometry": {"type": "Polygon", "coordinates": [[[-118.5640219, 34.07514249999999], [-118.5640069, 34.0751428], [-118.564015, 34.07522869999999], [-118.5639582, 34.07522970000001], [-118.56395810000001, 34.0752245], [-118.56379780000002, 34.0752312], [-118.56379759999999, 34.0752251], [-118.56362500000002, 34.075231599999995], [-118.5636186, 34.075149499999995], [-118.56362359999999, 34.0751493], [-118.5636222, 34.0750952], [-118.56361180000002, 34.0750954], [-118.56361069999998, 34.07505640000001], [-118.56366979999999, 34.0750553], [-118.5636692, 34.075033600000005], [-118.5637053, 34.075033], [-118.5637059, 34.0750553], [-118.5637274, 34.0750549], [-118.5637269, 34.0750342], [-118.5637438, 34.0750339], [-118.5637443, 34.075055], [-118.5637758, 34.075054399999985], [-118.56377540000001, 34.075039800000006], [-118.5638232, 34.075038899999996], [-118.56382369999999, 34.07506169999999], [-118.56385570000002, 34.0750612], [-118.563855, 34.0750323], [-118.56391000000002, 34.075031300000006], [-118.5639106, 34.07505460000001], [-118.5639251, 34.07505429999999], [-118.56392450000001, 34.0750318], [-118.56396100000002, 34.0750312], [-118.5639616, 34.0750545], [-118.5640195, 34.07505340000001], [-118.5640219, 34.07514249999999]]]}, "properties": {"id": "palisades-000682", "damage_class": 2, "damage_label": "major-damage", "confidence": 0.85, "area_m2": 740.72, "centroid": [-118.563818, 34.075136], "confidence_tier": "high", "sources": {"heuristic": 1, "cnn": 2, "margin": 1.0}, "footprint_source": "osm"}}, {"type": "Feature", "geometry": {"type": "Polygon", "coordinates": [[[-118.5636421, 34.07447179999999], [-118.56363679999998, 34.0744623], [-118.56363070000002, 34.07446469999999], [-118.56359500000002, 34.074401200000004], [-118.56357130000002, 34.07441039999999], [-118.5636068, 34.0744734], [-118.56360109999999, 34.0744756], [-118.5636084, 34.0744886], [-118.5633224, 34.074600100000005], [-118.5633166, 34.07458969999999], [-118.5633086, 34.0745929], [-118.5632244, 34.07444319999999], [-118.5632715, 34.0744248], [-118.5632592, 34.074402899999995], [-118.5632941, 34.07438930000001], [-118.5633063, 34.0744111], [-118.5633236, 34.07440439999999], [-118.5633114, 34.07438260000001], [-118.56340810000002, 34.07434489999999], [-118.56341980000002, 34.0743657], [-118.56343240000001, 34.074360799999994], [-118.5634206, 34.07433979999999], [-118.5634625, 34.07432339999999], [-118.56347329999998, 34.074342699999995], [-118.5635213, 34.074324], [-118.5635535, 34.07438119999999], [-118.5635759, 34.0743724], [-118.5635439, 34.0743156], [-118.5635961, 34.07429530000001], [-118.56358579999998, 34.07427690000001], [-118.5636183, 34.07426420000001], [-118.56362860000002, 34.0742827], [-118.5636469, 34.07427560000001], [-118.5636352, 34.074254700000004], [-118.5637311, 34.0742174], [-118.5637429, 34.074238400000006], [-118.5637533, 34.0742343], [-118.5637414, 34.07421329999999], [-118.5637784, 34.0741989], [-118.5637899, 34.0742194], [-118.5638435, 34.074198499999994], [-118.5639262, 34.0743456], [-118.5639214, 34.0743475], [-118.5639285, 34.074360199999994], [-118.5636421, 34.07447179999999]]]}, "properties": {"id": "palisades-000683", "damage_class": 0, "damage_label": "no-damage", "confidence": 1.0, "area_m2": 1287.92, "centroid": [-118.563574, 34.074394], "confidence_tier": "high", "sources": {"heuristic": 0, "cnn": 0, "margin": 1.0}, "footprint_source": "osm"}}, {"type": "Feature", "geometry": {"type": "Polygon", "coordinates": [[[-118.5645166, 34.0790191], [-118.5644944, 34.0790812], [-118.5645126, 34.0790849], [-118.5644944, 34.079146800000004], [-118.5644769, 34.07914319999998], [-118.56446579999998, 34.07919650000001], [-118.56447860000002, 34.079199100000004], [-118.56445579999999, 34.0792631], [-118.56439709999998, 34.07925569999999], [-118.5643984, 34.0792511], [-118.56431980000002, 34.079235], [-118.56431810000001, 34.0792407], [-118.5642945, 34.079235800000006], [-118.5642958, 34.079231400000005], [-118.5642724, 34.0792267], [-118.5642805, 34.07919909999999], [-118.56423500000001, 34.07918980000001], [-118.5642475, 34.0791474], [-118.56427619999998, 34.079153299999994], [-118.56429469999999, 34.0791046], [-118.5643077, 34.07910729999999], [-118.56431390000002, 34.0790863], [-118.5642823, 34.07907990000001], [-118.5642933, 34.07904250000001], [-118.5643144, 34.07904670000001], [-118.5643225, 34.079019300000006], [-118.5642886, 34.0790124], [-118.56430069999999, 34.07897119999999], [-118.5643426, 34.078979700000005], [-118.56434030000001, 34.07898759999999], [-118.56434929999999, 34.0789849], [-118.5645166, 34.0790191]]]}, "properties": {"id": "palisades-000684", "damage_class": 0, "damage_label": "no-damage", "confidence": 0.85, "area_m2": 537.63, "centroid": [-118.564385, 34.07912], "confidence_tier": "high", "sources": {"heuristic": 1, "cnn": 0, "margin": 1.0}, "footprint_source": "osm"}}, {"type": "Feature", "geometry": {"type": "Polygon", "coordinates": [[[-118.5629163, 34.0746114], [-118.56296049999999, 34.074591100000006], [-118.56304020000002, 34.07471100000001], [-118.5630315, 34.0747151], [-118.5630656, 34.074766499999996], [-118.563056, 34.0747709], [-118.56308890000001, 34.0748204], [-118.5630689, 34.0748295], [-118.5630879, 34.07485799999999], [-118.5630989, 34.07485299999999], [-118.5631494, 34.074929000000004], [-118.56316320000002, 34.0749226], [-118.56324219999999, 34.075041500000005], [-118.563102, 34.075106], [-118.563056, 34.07503680000001], [-118.56304729999998, 34.075040800000004], [-118.56294430000001, 34.07488579999999], [-118.5629484, 34.074883899999996], [-118.56288099999999, 34.07478249999999], [-118.5628901, 34.07477829999999], [-118.56285609999999, 34.074727200000005], [-118.56286500000002, 34.07472309999999], [-118.5628226, 34.074659299999986], [-118.5626777, 34.074726], [-118.5627269, 34.0748001], [-118.56278880000002, 34.0747716], [-118.56298920000002, 34.0750843], [-118.56284950000001, 34.075148600000006], [-118.562816, 34.07509819999999], [-118.5628046, 34.0751035], [-118.56276820000001, 34.075048699999996], [-118.5627794, 34.07504360000001], [-118.56274810000001, 34.0749964], [-118.56275830000001, 34.0749917], [-118.56268830000002, 34.07488639999999], [-118.5626736, 34.07489309999999], [-118.56263970000002, 34.07484219999999], [-118.56258790000001, 34.0748661], [-118.5625418, 34.0747968], [-118.5626264, 34.0747579], [-118.56258519999999, 34.074696], [-118.5628818, 34.07455949999999], [-118.5629163, 34.0746114]]]}, "properties": {"id": "palisades-000685", "damage_class": 0, "damage_label": "no-damage", "confidence": 1.0, "area_m2": 1776.51, "centroid": [-118.562893, 34.07486], "confidence_tier": "high", "sources": {"heuristic": 0, "cnn": 0, "margin": 1.0}, "footprint_source": "osm"}}, {"type": "Feature", "geometry": {"type": "Polygon", "coordinates": [[[-118.5516756, 34.06894890000001], [-118.55164509999999, 34.0689504], [-118.55164570000001, 34.068959199999995], [-118.5516552, 34.0689606], [-118.5516569, 34.06897769999999], [-118.5516482, 34.0689877], [-118.5516492, 34.0689971], [-118.5516365, 34.06899810000001], [-118.55164170000002, 34.069046099999994], [-118.55165050000001, 34.0690455], [-118.55165730000002, 34.0691077], [-118.55160270000002, 34.0691119], [-118.5516092, 34.0691148], [-118.55161200000002, 34.0691291], [-118.5516023, 34.0691381], [-118.5515873, 34.0691384], [-118.5515799, 34.06913120000001], [-118.551581, 34.0691575], [-118.55149590000002, 34.069160800000006], [-118.5514955, 34.069153799999995], [-118.55148700000001, 34.06915419999999], [-118.55148460000001, 34.069110900000005], [-118.551491, 34.0691107], [-118.5514892, 34.0690778], [-118.5515001, 34.069077400000005], [-118.5514992, 34.06906149999999], [-118.5514873, 34.06905350000001], [-118.5514847, 34.069026300000004], [-118.5515069, 34.069015699999994], [-118.55150550000002, 34.0689865], [-118.551494, 34.06898690000001], [-118.5514934, 34.0689752], [-118.5514844, 34.0689755], [-118.55148300000002, 34.068947400000006], [-118.55149140000002, 34.06894710000001], [-118.5514907, 34.06893289999999], [-118.55149830000002, 34.0689326], [-118.55149710000002, 34.068908099999994], [-118.5515076, 34.068907700000004], [-118.5515072, 34.06889979999999], [-118.5515289, 34.0688991], [-118.5515267, 34.06886680000001], [-118.5516692, 34.06885969999999], [-118.5516756, 34.06894890000001]]]}, "properties": {"id": "palisades-000686", "damage_class": 0, "damage_label": "no-damage", "confidence": 1.0, "area_m2": 454.94, "centroid": [-118.551574, 34.069004], "confidence_tier": "high", "sources": {"heuristic": 0, "cnn": 0, "margin": 1.0}, "footprint_source": "osm"}}, {"type": "Feature", "geometry": {"type": "Polygon", "coordinates": [[[-118.546147, 34.07369630000001], [-118.5461233, 34.073679299999995], [-118.5460855, 34.0736735], [-118.54606990000002, 34.0736743], [-118.5460639, 34.07370139999999], [-118.54602989999998, 34.0736962], [-118.5460359, 34.07366890000001], [-118.5460224, 34.07366689999999], [-118.54603460000001, 34.073611799999995], [-118.54614209999998, 34.0736321], [-118.5461443, 34.0736223], [-118.54607960000001, 34.073612399999995], [-118.54608800000001, 34.073574300000004], [-118.5460414, 34.0735672], [-118.5460539, 34.073510600000006], [-118.54604660000001, 34.07350949999999], [-118.54605860000001, 34.0734553], [-118.5461206, 34.0734649], [-118.5461309, 34.07344169999999], [-118.5461557, 34.0734286], [-118.5461724, 34.0734273], [-118.546209, 34.07343229999999], [-118.54623240000001, 34.073443], [-118.5462518, 34.07346870000001], [-118.54625250000001, 34.07348519999999], [-118.5462622, 34.0734858], [-118.5462484, 34.0735499], [-118.54623920000002, 34.073548499999994], [-118.54623529999999, 34.0735664], [-118.5462507, 34.073568699999996], [-118.54623950000001, 34.07362019999999], [-118.54623240000001, 34.07361909999999], [-118.5462201, 34.07368039999999], [-118.5462271, 34.073681500000006], [-118.5462571, 34.0737544], [-118.5461803, 34.07377600000001], [-118.546147, 34.07369630000001]]]}, "properties": {"id": "palisades-000687", "damage_class": 0, "damage_label": "no-damage", "confidence": 1.0, "area_m2": 539.14, "centroid": [-118.546155, 34.073584], "confidence_tier": "high", "sources": {"heuristic": 0, "cnn": 0, "margin": 1.0}, "footprint_source": "osm"}}, {"type": "Feature", "geometry": {"type": "Polygon", "coordinates": [[[-118.5702402, 34.0774891], [-118.57028170000001, 34.077468700000004], [-118.57027669999998, 34.07746160000001], [-118.5703029, 34.07744869999999], [-118.5703161, 34.0774672], [-118.5703422, 34.077458], [-118.57034659999998, 34.07746409999999], [-118.5703542, 34.0774604], [-118.57030719999999, 34.0773941], [-118.5703696, 34.07736349999999], [-118.5704156, 34.07742829999999], [-118.5704486, 34.0774121], [-118.5704384, 34.077397700000006], [-118.57046679999999, 34.07738379999999], [-118.5704735, 34.077393199999996], [-118.57053460000002, 34.0773631], [-118.57054309999998, 34.077375], [-118.57055140000001, 34.07737089999999], [-118.57058409999999, 34.07741699999999], [-118.57060120000001, 34.07740859999999], [-118.57059250000002, 34.077396300000004], [-118.5706395, 34.07737329999999], [-118.57062580000002, 34.0773539], [-118.57060059999999, 34.077340199999995], [-118.5705935, 34.0773122], [-118.57060030000001, 34.077293], [-118.57061040000002, 34.077285299999986], [-118.5706695, 34.077280800000004], [-118.5707226, 34.077287899999995], [-118.5707661, 34.077349099999985], [-118.57058049999999, 34.0774404], [-118.5705681, 34.07742289999999], [-118.57051150000001, 34.07745080000001], [-118.5705153, 34.07745619999999], [-118.57045890000002, 34.07747719999999], [-118.5704636, 34.0774837], [-118.57017939999999, 34.0776195], [-118.57013409999999, 34.077555699999984], [-118.57024779999999, 34.0774998], [-118.5702402, 34.0774891]]]}, "properties": {"id": "palisades-000688", "damage_class": 0, "damage_label": "no-damage", "confidence": 1.0, "area_m2": 574.22, "centroid": [-118.570441, 34.077442], "confidence_tier": "high", "sources": {"heuristic": 0, "cnn": 0, "margin": 1.0}, "footprint_source": "osm"}}, {"type": "Feature", "geometry": {"type": "Polygon", "coordinates": [[[-118.57183309999999, 34.08072539999999], [-118.57191760000002, 34.08066049999999], [-118.5720457, 34.0807815], [-118.5719902, 34.080824], [-118.5719992, 34.08083210000001], [-118.5719728, 34.080852300000004], [-118.57200890000001, 34.0808849], [-118.5719662, 34.08091769999999], [-118.571944, 34.0808977], [-118.5719083, 34.0809251], [-118.5718711, 34.080891599999994], [-118.57185470000002, 34.0809043], [-118.57179830000001, 34.080853399999995], [-118.57172110000002, 34.08091269999999], [-118.5717384, 34.080928300000004], [-118.5716923, 34.08096369999999], [-118.5716736, 34.0809468], [-118.57166420000001, 34.08095399999999], [-118.57164410000001, 34.08093589999999], [-118.57162529999998, 34.080950300000005], [-118.57158319999999, 34.0809385], [-118.57155230000001, 34.0809158], [-118.571533, 34.0808659], [-118.57155080000001, 34.08085049999999], [-118.57152940000002, 34.080833500000004], [-118.5715408, 34.0808237], [-118.5715225, 34.080809099999996], [-118.57156610000001, 34.080771299999995], [-118.5715878, 34.080788600000005], [-118.57159490000001, 34.0807825], [-118.57163870000001, 34.0808174], [-118.57169990000001, 34.0807643], [-118.5716946, 34.080746], [-118.571709, 34.0807245], [-118.5717391, 34.0807195], [-118.5717714, 34.08074409999999], [-118.57181600000001, 34.080709899999995], [-118.57183309999999, 34.08072539999999]]]}, "properties": {"id": "palisades-000689", "damage_class": 0, "damage_label": "no-damage", "confidence": 0.85, "area_m2": 847.49, "centroid": [-118.57179, 34.080821], "confidence_tier": "high", "sources": {"heuristic": 1, "cnn": 0, "margin": 1.0}, "footprint_source": "osm"}}, {"type": "Feature", "geometry": {"type": "Polygon", "coordinates": [[[-118.55131599999999, 34.0787697], [-118.55132, 34.07877489999999], [-118.55134020000001, 34.078764099999994], [-118.55137, 34.07880269999999], [-118.5513501, 34.078813399999994], [-118.5513538, 34.078818200000015], [-118.5513073, 34.07884310000001], [-118.5513143, 34.078852], [-118.551146, 34.0789422], [-118.5511241, 34.07891390000001], [-118.5511136, 34.078927099999994], [-118.5511191, 34.0789672], [-118.5510137, 34.0789774], [-118.5510034, 34.07890259999999], [-118.551067, 34.0788965], [-118.5510847, 34.07887230000001], [-118.5510175, 34.07883819999999], [-118.551004, 34.078855299999994], [-118.5509867, 34.0788567], [-118.55093970000001, 34.07883329999999], [-118.5509365, 34.07881929999999], [-118.55096370000001, 34.078781199999995], [-118.5509887, 34.078778500000006], [-118.5510175, 34.078739199999994], [-118.55099820000001, 34.0787294], [-118.5510536, 34.078653300000006], [-118.5510704, 34.0786623], [-118.55107440000002, 34.0786572], [-118.55111219999999, 34.0786775], [-118.5511082, 34.07868259999999], [-118.5511216, 34.0786898], [-118.5511088, 34.0787063], [-118.5511178, 34.0787111], [-118.5511214, 34.07870629999999], [-118.55114370000001, 34.0787182], [-118.55113950000002, 34.0787236], [-118.5511586, 34.07873380000001], [-118.5511631, 34.07872789999998], [-118.5511844, 34.0787393], [-118.5511798, 34.07874519999999], [-118.5511999, 34.07875589999999], [-118.5512045, 34.07875], [-118.55122599999999, 34.0787615], [-118.55122149999998, 34.0787673], [-118.5512409, 34.078777699999996], [-118.5512459, 34.0787712], [-118.55126730000002, 34.07878269999999], [-118.5512621, 34.078789400000005], [-118.5512707, 34.078794], [-118.55131599999999, 34.0787697]]]}, "properties": {"id": "palisades-000690", "damage_class": 2, "damage_label": "major-damage", "confidence": 0.7, "area_m2": 665.85, "centroid": [-118.551128, 34.078821], "confidence_tier": "review", "sources": {"heuristic": 0, "cnn": 2, "margin": 1.0}, "footprint_source": "osm"}}, {"type": "Feature", "geometry": {"type": "Polygon", "coordinates": [[[-118.55432810000002, 34.0714319], [-118.5543181, 34.07142629999999], [-118.5542587, 34.07133360000002], [-118.55426399999999, 34.07133139999999], [-118.5542743, 34.0713472], [-118.55430230000002, 34.0713562], [-118.5543784, 34.071348099999994], [-118.55436599999999, 34.07133059999999], [-118.5543613, 34.071244199999995], [-118.5543135, 34.07123429999999], [-118.5543146, 34.0712276], [-118.5543573, 34.07122119999999], [-118.5543683, 34.0711544], [-118.554361, 34.0711372], [-118.55434500000001, 34.07112310000001], [-118.5542971, 34.0711124], [-118.5542989, 34.0710962], [-118.55434319999999, 34.0710966], [-118.5543823, 34.07112660000001], [-118.5544957, 34.0711228], [-118.5544945, 34.0711792], [-118.55450789999999, 34.07119099999999], [-118.55452370000002, 34.071185899999996], [-118.55453130000001, 34.0711963], [-118.5545276, 34.071206399999994], [-118.55451090000001, 34.0712094], [-118.55451650000002, 34.071336699999996], [-118.5544248, 34.0714711], [-118.554452, 34.07151309999999], [-118.5544274, 34.07155190000001], [-118.5543953, 34.07151209999999], [-118.55438369999999, 34.0715243], [-118.55432810000002, 34.0714319]]]}, "properties": {"id": "palisades-000691", "damage_class": 0, "damage_label": "no-damage", "confidence": 0.7, "area_m2": 592.7, "centroid": [-118.554415, 34.071307], "confidence_tier": "review", "sources": {"heuristic": 2, "cnn": 0, "margin": 1.0}, "footprint_source": "osm"}}, {"type": "Feature", "geometry": {"type": "Polygon", "coordinates": [[[-118.5461392, 34.07499959999999], [-118.54611959999998, 34.075011], [-118.5461052, 34.07501020000001], [-118.5460906, 34.0749925], [-118.54606520000002, 34.07500730000001], [-118.54598870000001, 34.074915], [-118.5459649, 34.0749237], [-118.5459379, 34.074919], [-118.5459258, 34.07491040000001], [-118.54585340000001, 34.0749487], [-118.54584200000001, 34.075003099999996], [-118.54580590000002, 34.0749997], [-118.54582070000001, 34.074921499999995], [-118.54577420000001, 34.07486689999999], [-118.54572110000001, 34.0748977], [-118.54566869999998, 34.074835399999984], [-118.5456948, 34.074820200000005], [-118.54570190000001, 34.074780499999996], [-118.5456909, 34.074766], [-118.5457041, 34.0747583], [-118.5456985, 34.0747515], [-118.5457438, 34.07472539999999], [-118.54574509999999, 34.07470479999999], [-118.5457647, 34.0746939], [-118.5457903, 34.07469689999999], [-118.5458043, 34.0747139], [-118.5458227, 34.0747189], [-118.54584890000001, 34.074704399999995], [-118.54587169999999, 34.074706299999995], [-118.54589110000002, 34.0747232], [-118.54593, 34.07471199999999], [-118.5459972, 34.07471279999999], [-118.54606160000002, 34.0747322], [-118.5461096, 34.074766800000006], [-118.54611629999998, 34.07476140000001], [-118.5461257, 34.07476449999999], [-118.5461313, 34.0747711], [-118.5461299, 34.0747946], [-118.5461526, 34.07482300000001], [-118.54612940000001, 34.0748365], [-118.5462327, 34.0749593], [-118.54621070000002, 34.07497209999999], [-118.54621670000002, 34.0749793], [-118.5461532, 34.07501630000001], [-118.5461392, 34.07499959999999]]]}, "properties": {"id": "palisades-000692", "damage_class": 0, "damage_label": "no-damage", "confidence": 0.7, "area_m2": 1076.5, "centroid": [-118.545949, 34.074844], "confidence_tier": "review", "sources": {"heuristic": 2, "cnn": 0, "margin": 1.0}, "footprint_source": "osm"}}, {"type": "Feature", "geometry": {"type": "Polygon", "coordinates": [[[-118.5641682, 34.07597440000001], [-118.5641691, 34.0759689], [-118.5640909, 34.0759606], [-118.56409579999999, 34.075928399999995], [-118.5640731, 34.0759259], [-118.56407089999999, 34.0759403], [-118.5640104, 34.075933899999995], [-118.56400630000002, 34.0759604], [-118.5640006, 34.07595980000001], [-118.5639996, 34.07596650000001], [-118.5639228, 34.07595839999999], [-118.5639216, 34.0759662], [-118.56384290000001, 34.07595789999999], [-118.5638412, 34.0759689], [-118.563687, 34.07595750000001], [-118.5636861, 34.075964], [-118.5635177, 34.07594619999999], [-118.56353839999998, 34.0758108], [-118.56355360000002, 34.07581239999999], [-118.5635545, 34.07580699999999], [-118.56360160000001, 34.07581199999999], [-118.56359899999998, 34.0758284], [-118.5636267, 34.0758313], [-118.5636312, 34.0758018], [-118.56373369999999, 34.0758158], [-118.5637368, 34.075795], [-118.56377500000002, 34.0757991], [-118.563774, 34.075805499999994], [-118.5638635, 34.075815], [-118.5638658, 34.0757997], [-118.56388210000001, 34.075801399999996], [-118.5638829, 34.07579580000001], [-118.56392210000001, 34.07579989999999], [-118.5639193, 34.07581809999999], [-118.5639415, 34.0758204], [-118.5639441, 34.075803099999995], [-118.56402170000001, 34.0758113], [-118.56402410000001, 34.07579580000001], [-118.5640411, 34.07579759999999], [-118.5640422, 34.0757907], [-118.56408769999999, 34.07579549999999], [-118.5640851, 34.0758124], [-118.56411080000001, 34.07581520000001], [-118.5641122, 34.0758058], [-118.56424489999999, 34.07581549999999], [-118.5642423, 34.075832399999996], [-118.5642684, 34.0758352], [-118.5642459, 34.0759826], [-118.5641682, 34.07597440000001]]]}, "properties": {"id": "palisades-000693", "damage_class": 0, "damage_label": "no-damage", "confidence": 1.0, "area_m2": 1132.16, "centroid": [-118.563898, 34.075884], "confidence_tier": "high", "sources": {"heuristic": 0, "cnn": 0, "margin": 1.0}, "footprint_source": "osm"}}, {"type": "Feature", "geometry": {"type": "Polygon", "coordinates": [[[-118.5625824, 34.07737649999999], [-118.56260910000002, 34.077364499999995], [-118.562598, 34.07734740000001], [-118.5625706, 34.07735970000001], [-118.562534, 34.07730310000001], [-118.56252609999999, 34.07730659999999], [-118.5624888, 34.077248999999995], [-118.56249690000001, 34.07724540000001], [-118.5624605, 34.07718909999999], [-118.56244770000002, 34.07719480000001], [-118.5624116, 34.077138799999986], [-118.5624024, 34.0771429], [-118.56236499999999, 34.077085], [-118.5623417, 34.07709059999999], [-118.5623162, 34.07705099999999], [-118.56232359999998, 34.077047699999994], [-118.56231429999998, 34.0770333], [-118.56232650000001, 34.0770279], [-118.56228690000002, 34.07696659999999], [-118.5624427, 34.07689959999999], [-118.56245640000002, 34.07692079999999], [-118.5624771, 34.07691160000001], [-118.56249700000001, 34.0769521], [-118.5624783, 34.07696039999999], [-118.56251439999998, 34.077016400000005], [-118.56253230000002, 34.0770084], [-118.56254010000002, 34.077020499999996], [-118.5625472, 34.077017300000016], [-118.5625646, 34.07704429999998], [-118.56254520000002, 34.077052999999985], [-118.56255699999998, 34.0770713], [-118.56257439999999, 34.0770635], [-118.5626111, 34.077120199999996], [-118.56262830000001, 34.0771126], [-118.5626355, 34.0771237], [-118.5626423, 34.077120699999995], [-118.5626593, 34.07714699999998], [-118.562639, 34.0771561], [-118.5627006, 34.0772513], [-118.56272160000002, 34.077241900000004], [-118.562738, 34.07726720000001], [-118.5627329, 34.0772695], [-118.56274149999999, 34.077282799999985], [-118.5627055, 34.0772989], [-118.5627191, 34.07731989999999], [-118.5627366, 34.0773121], [-118.5627581, 34.0773454], [-118.5627515, 34.0773484], [-118.56275970000002, 34.077360999999996], [-118.5626144, 34.077425999999996], [-118.5625824, 34.07737649999999]]]}, "properties": {"id": "palisades-000694", "damage_class": 0, "damage_label": "no-damage", "confidence": 1.0, "area_m2": 1004.66, "centroid": [-118.562528, 34.077156], "confidence_tier": "high", "sources": {"heuristic": 0, "cnn": 0, "margin": 1.0}, "footprint_source": "osm"}}, {"type": "Feature", "geometry": {"type": "Polygon", "coordinates": [[[-118.5520224, 34.0710394], [-118.55210679999999, 34.07103060000001], [-118.5521052, 34.07099899999999], [-118.552059, 34.071000700000006], [-118.55205840000002, 34.0709884], [-118.5520466, 34.070980999999996], [-118.5520556, 34.0709438], [-118.55210410000001, 34.07094159999998], [-118.5521033, 34.070929400000004], [-118.5521861, 34.0709257], [-118.5521918, 34.0709191], [-118.55220820000001, 34.07091940000001], [-118.55221750000001, 34.07093770000001], [-118.5522108, 34.07094440000001], [-118.55221360000002, 34.0709933], [-118.5522371, 34.0710036], [-118.55224840000001, 34.07101669999999], [-118.5522396, 34.07103], [-118.552215, 34.07104309999998], [-118.5522414, 34.0710415], [-118.5522569, 34.07105229999999], [-118.5522593, 34.07107080000001], [-118.5522447, 34.0710838], [-118.55221809999999, 34.07108449999999], [-118.55221830000002, 34.0710907], [-118.55214619999998, 34.0710928], [-118.55215030000001, 34.0711037], [-118.5520796, 34.0711057], [-118.5520793, 34.0710988], [-118.5520577, 34.0710994], [-118.5520575, 34.071094], [-118.55202660000002, 34.0710948], [-118.55202700000001, 34.07110480000001], [-118.5518921, 34.07110860000001], [-118.551885, 34.0710563], [-118.5518901, 34.07105609999999], [-118.5518887, 34.071035499999994], [-118.55202199999998, 34.07103059999999], [-118.5520224, 34.0710394]]]}, "properties": {"id": "palisades-000695", "damage_class": 0, "damage_label": "no-damage", "confidence": 0.85, "area_m2": 405.1, "centroid": [-118.552095, 34.071033], "confidence_tier": "high", "sources": {"heuristic": 1, "cnn": 0, "margin": 1.0}, "footprint_source": "osm"}}, {"type": "Feature", "geometry": {"type": "Polygon", "coordinates": [[[-118.55972770000001, 34.0719859], [-118.5599077, 34.0720973], [-118.5598374, 34.07217589999999], [-118.559781, 34.072140899999994], [-118.5597555, 34.07216950000001], [-118.559632, 34.072093], [-118.55972770000001, 34.0719859]]]}, "properties": {"id": "palisades-000696", "damage_class": 0, "damage_label": "no-damage", "confidence": 1.0, "area_m2": 280.88, "centroid": [-118.559767, 34.072088], "confidence_tier": "high", "sources": {"heuristic": 0, "cnn": 0, "margin": 1.0}, "footprint_source": "osm"}}, {"type": "Feature", "geometry": {"type": "Polygon", "coordinates": [[[-118.5600003, 34.07035170000001], [-118.5600255, 34.0703696], [-118.5600631, 34.070332900000004], [-118.560222, 34.0704459], [-118.5601197, 34.0705455], [-118.55993569999998, 34.0704147], [-118.5600003, 34.07035170000001]]]}, "properties": {"id": "palisades-000697", "damage_class": 0, "damage_label": "no-damage", "confidence": 0.85, "area_m2": 308.34, "centroid": [-118.560081, 34.070435], "confidence_tier": "high", "sources": {"heuristic": 1, "cnn": 0, "margin": 1.0}, "footprint_source": "osm"}}, {"type": "Feature", "geometry": {"type": "Polygon", "coordinates": [[[-118.55669420000001, 34.0731506], [-118.5566993, 34.0731848], [-118.5565844, 34.073196700000004], [-118.55658020000001, 34.0731686], [-118.5566223, 34.0731643], [-118.5566214, 34.0731581], [-118.55669420000001, 34.0731506]]]}, "properties": {"id": "palisades-000698", "damage_class": 0, "damage_label": "no-damage", "confidence": 1.0, "area_m2": 38.18, "centroid": [-118.556642, 34.073174], "confidence_tier": "high", "sources": {"heuristic": 0, "cnn": 0, "margin": 1.0}, "footprint_source": "osm"}}, {"type": "Feature", "geometry": {"type": "Polygon", "coordinates": [[[-118.5628259, 34.07364880000001], [-118.5629778, 34.07358930000001], [-118.5630008, 34.0736299], [-118.5630657, 34.07360440000001], [-118.563105, 34.0736738], [-118.5628881, 34.0737588], [-118.5628259, 34.07364880000001]]]}, "properties": {"id": "palisades-000699", "damage_class": 0, "damage_label": "no-damage", "confidence": 0.85, "area_m2": 265.29, "centroid": [-118.562958, 34.073669], "confidence_tier": "high", "sources": {"heuristic": 1, "cnn": 0, "margin": 1.0}, "footprint_source": "osm"}}, {"type": "Feature", "geometry": {"type": "Polygon", "coordinates": [[[-118.550885, 34.0704758], [-118.55078220000001, 34.0704785], [-118.55078100000001, 34.0704462], [-118.5508039, 34.0704456], [-118.55080290000001, 34.07041950000001], [-118.55088290000002, 34.07041739999999], [-118.550885, 34.0704758]]]}, "properties": {"id": "palisades-000700", "damage_class": 0, "damage_label": "no-damage", "confidence": 1.0, "area_m2": 55.41, "centroid": [-118.550837, 34.07045], "confidence_tier": "high", "sources": {"heuristic": 0, "cnn": 0, "margin": 1.0}, "footprint_source": "osm"}}, {"type": "Feature", "geometry": {"type": "Polygon", "coordinates": [[[-118.55905089999999, 34.077410799999996], [-118.55918829999999, 34.07753759999999], [-118.5591353, 34.077577], [-118.559148, 34.07758870000001], [-118.5590932, 34.07762939999999], [-118.55894319999999, 34.077490899999994], [-118.55905089999999, 34.077410799999996]]]}, "properties": {"id": "palisades-000701", "damage_class": 0, "damage_label": "no-damage", "confidence": 1.0, "area_m2": 264.29, "centroid": [-118.559068, 34.077518], "confidence_tier": "high", "sources": {"heuristic": 0, "cnn": 0, "margin": 1.0}, "footprint_source": "osm"}}, {"type": "Feature", "geometry": {"type": "Polygon", "coordinates": [[[-118.5512895, 34.07710600000001], [-118.5513972, 34.07692839999999], [-118.55148690000001, 34.07696610000001], [-118.55148, 34.0769775], [-118.55152209999999, 34.07699519999999], [-118.55142129999999, 34.0771614], [-118.5512895, 34.07710600000001]]]}, "properties": {"id": "palisades-000702", "damage_class": 0, "damage_label": "no-damage", "confidence": 1.0, "area_m2": 294.51, "centroid": [-118.551407, 34.077046], "confidence_tier": "high", "sources": {"heuristic": 0, "cnn": 0, "margin": 1.0}, "footprint_source": "osm"}}, {"type": "Feature", "geometry": {"type": "Polygon", "coordinates": [[[-118.56224279999999, 34.07416799999999], [-118.5621932, 34.07407940000001], [-118.56226470000001, 34.0740517], [-118.5623846, 34.0742658], [-118.56225270000002, 34.0743169], [-118.56218249999999, 34.0741914], [-118.56224279999999, 34.07416799999999]]]}, "properties": {"id": "palisades-000703", "damage_class": 0, "damage_label": "no-damage", "confidence": 1.0, "area_m2": 285.06, "centroid": [-118.562275, 34.074196], "confidence_tier": "high", "sources": {"heuristic": 0, "cnn": 0, "margin": 1.0}, "footprint_source": "osm"}}, {"type": "Feature", "geometry": {"type": "Polygon", "coordinates": [[[-118.56000280000002, 34.0727523], [-118.55992870000001, 34.07289300000001], [-118.55986810000002, 34.072870900000005], [-118.5598482, 34.0729087], [-118.5597864, 34.07288619999999], [-118.55988040000001, 34.0727077], [-118.56000280000002, 34.0727523]]]}, "properties": {"id": "palisades-000704", "damage_class": 0, "damage_label": "no-damage", "confidence": 0.85, "area_m2": 238.59, "centroid": [-118.559895, 34.07281], "confidence_tier": "high", "sources": {"heuristic": 1, "cnn": 0, "margin": 1.0}, "footprint_source": "osm"}}, {"type": "Feature", "geometry": {"type": "Polygon", "coordinates": [[[-118.55324089999999, 34.07017729999998], [-118.5532602, 34.0701764], [-118.55327090000002, 34.0701924], [-118.55326289999998, 34.07020849999999], [-118.5532431, 34.0702111], [-118.5532297, 34.0701955], [-118.55324089999999, 34.07017729999998]]]}, "properties": {"id": "palisades-000705", "damage_class": 3, "damage_label": "destroyed", "confidence": 0.7, "area_m2": 10.32, "centroid": [-118.553251, 34.070194], "confidence_tier": "review", "sources": {"heuristic": 1, "cnn": 3, "margin": 1.0}, "footprint_source": "osm"}}, {"type": "Feature", "geometry": {"type": "Polygon", "coordinates": [[[-118.56918150000001, 34.07977929999999], [-118.5693473, 34.079824200000004], [-118.56934959999998, 34.0798184], [-118.569451, 34.07984580000001], [-118.56941069999999, 34.07994909999999], [-118.56914340000002, 34.07987679999999], [-118.56918150000001, 34.07977929999999]]]}, "properties": {"id": "palisades-000706", "damage_class": 0, "damage_label": "no-damage", "confidence": 1.0, "area_m2": 301.49, "centroid": [-118.569298, 34.079864], "confidence_tier": "high", "sources": {"heuristic": 0, "cnn": 0, "margin": 1.0}, "footprint_source": "osm"}}, {"type": "Feature", "geometry": {"type": "Polygon", "coordinates": [[[-118.57230030000001, 34.08015579999999], [-118.57225949999999, 34.08015679999999], [-118.57225770000001, 34.0801073], [-118.5722401, 34.08010769999999], [-118.5722379, 34.08004619999999], [-118.57229630000002, 34.080044799999996], [-118.57230030000001, 34.08015579999999]]]}, "properties": {"id": "palisades-000707", "damage_class": 3, "damage_label": "destroyed", "confidence": 0.7, "area_m2": 57.5, "centroid": [-118.572272, 34.080096], "confidence_tier": "review", "sources": {"heuristic": 0, "cnn": 3, "margin": 1.0}, "footprint_source": "osm"}}, {"type": "Feature", "geometry": {"type": "Polygon", "coordinates": [[[-118.560309, 34.0705131], [-118.56043780000002, 34.07060560000001], [-118.5603996, 34.070642400000004], [-118.56045080000001, 34.07067910000001], [-118.56038509999999, 34.07074250000001], [-118.5602051, 34.07061329999999], [-118.560309, 34.0705131]]]}, "properties": {"id": "palisades-000708", "damage_class": 0, "damage_label": "no-damage", "confidence": 0.85, "area_m2": 288.33, "centroid": [-118.560336, 34.070626], "confidence_tier": "high", "sources": {"heuristic": 1, "cnn": 0, "margin": 1.0}, "footprint_source": "osm"}}, {"type": "Feature", "geometry": {"type": "Polygon", "coordinates": [[[-118.5596151, 34.07112180000001], [-118.5595533, 34.0711792], [-118.5595227, 34.0711564], [-118.55947750000001, 34.0711983], [-118.5593297, 34.071088100000004], [-118.55943669999999, 34.0709888], [-118.5596151, 34.07112180000001]]]}, "properties": {"id": "palisades-000709", "damage_class": 0, "damage_label": "no-damage", "confidence": 1.0, "area_m2": 303.37, "centroid": [-118.559469, 34.071098], "confidence_tier": "high", "sources": {"heuristic": 0, "cnn": 0, "margin": 1.0}, "footprint_source": "osm"}}, {"type": "Feature", "geometry": {"type": "Polygon", "coordinates": [[[-118.5631464, 34.0728934], [-118.5630974, 34.072912699999996], [-118.5630168, 34.07277100000001], [-118.56314410000002, 34.0727208], [-118.563255, 34.07291589999999], [-118.5631767, 34.0729467], [-118.5631464, 34.0728934]]]}, "properties": {"id": "palisades-000710", "damage_class": 0, "damage_label": "no-damage", "confidence": 0.85, "area_m2": 278.34, "centroid": [-118.563136, 34.072833], "confidence_tier": "high", "sources": {"heuristic": 1, "cnn": 0, "margin": 1.0}, "footprint_source": "osm"}}, {"type": "Feature", "geometry": {"type": "Polygon", "coordinates": [[[-118.5603723, 34.07325540000001], [-118.56050750000001, 34.0733366], [-118.5604692, 34.07338069999999], [-118.56055130000001, 34.0734299], [-118.56050479999999, 34.07348350000001], [-118.56028760000001, 34.073353], [-118.5603723, 34.07325540000001]]]}, "properties": {"id": "palisades-000711", "damage_class": 0, "damage_label": "no-damage", "confidence": 1.0, "area_m2": 273.88, "centroid": [-118.56042, 34.073367], "confidence_tier": "high", "sources": {"heuristic": 0, "cnn": 0, "margin": 1.0}, "footprint_source": "osm"}}, {"type": "Feature", "geometry": {"type": "Polygon", "coordinates": [[[-118.5629778, 34.0724215], [-118.56288459999999, 34.0723035], [-118.56294190000001, 34.0722721], [-118.5628979, 34.072216499999996], [-118.56296070000002, 34.07218209999999], [-118.56309790000002, 34.0723558], [-118.5629778, 34.0724215]]]}, "properties": {"id": "palisades-000712", "damage_class": 0, "damage_label": "no-damage", "confidence": 0.85, "area_m2": 259.01, "centroid": [-118.562983, 34.072309], "confidence_tier": "high", "sources": {"heuristic": 1, "cnn": 0, "margin": 1.0}, "footprint_source": "osm"}}, {"type": "Feature", "geometry": {"type": "Polygon", "coordinates": [[[-118.56229320000001, 34.07164949999999], [-118.5623324, 34.07166779999999], [-118.56235649999999, 34.0716321], [-118.5625202, 34.0717084], [-118.5624527, 34.0718088], [-118.5622497, 34.0717142], [-118.56229320000001, 34.07164949999999]]]}, "properties": {"id": "palisades-000713", "damage_class": 0, "damage_label": "no-damage", "confidence": 0.85, "area_m2": 255.15, "centroid": [-118.562389, 34.071717], "confidence_tier": "high", "sources": {"heuristic": 1, "cnn": 0, "margin": 1.0}, "footprint_source": "osm"}}, {"type": "Feature", "geometry": {"type": "Polygon", "coordinates": [[[-118.56334540000002, 34.079791199999995], [-118.56332619999999, 34.07977609999999], [-118.56334480000001, 34.0797402], [-118.5633721, 34.0797434], [-118.56339190000001, 34.0797599], [-118.56337300000001, 34.07979419999999], [-118.56334540000002, 34.079791199999995]]]}, "properties": {"id": "palisades-000714", "damage_class": 1, "damage_label": "minor-damage", "confidence": 0.85, "area_m2": 24.31, "centroid": [-118.563359, 34.079767], "confidence_tier": "high", "sources": {"heuristic": 0, "cnn": 1, "margin": 1.0}, "footprint_source": "osm"}}, {"type": "Feature", "geometry": {"type": "Polygon", "coordinates": [[[-118.5625796, 34.071878899999994], [-118.5627042, 34.071820499999994], [-118.5627874, 34.0719433], [-118.56273090000002, 34.0719698], [-118.5627801, 34.072042399999994], [-118.5627119, 34.07207439999999], [-118.5625796, 34.071878899999994]]]}, "properties": {"id": "palisades-000715", "damage_class": 2, "damage_label": "major-damage", "confidence": 0.7, "area_m2": 273.22, "centroid": [-118.562693, 34.071938], "confidence_tier": "review", "sources": {"heuristic": 0, "cnn": 2, "margin": 1.0}, "footprint_source": "osm"}}, {"type": "Feature", "geometry": {"type": "Polygon", "coordinates": [[[-118.5615991, 34.07154559999999], [-118.5618047, 34.0715121], [-118.5618157, 34.071559], [-118.5618376, 34.071555399999994], [-118.56185379999998, 34.07162389999999], [-118.56162630000001, 34.071661], [-118.5615991, 34.07154559999999]]]}, "properties": {"id": "palisades-000716", "damage_class": 0, "damage_label": "no-damage", "confidence": 1.0, "area_m2": 268.08, "centroid": [-118.561723, 34.071587], "confidence_tier": "high", "sources": {"heuristic": 0, "cnn": 0, "margin": 1.0}, "footprint_source": "osm"}}, {"type": "Feature", "geometry": {"type": "Polygon", "coordinates": [[[-118.5609923, 34.073681099999995], [-118.5611149, 34.07377569999999], [-118.5610723, 34.0738139], [-118.56114720000001, 34.07387169999999], [-118.5610919, 34.0739214], [-118.5608944, 34.07376899999999], [-118.5609923, 34.073681099999995]]]}, "properties": {"id": "palisades-000717", "damage_class": 0, "damage_label": "no-damage", "confidence": 1.0, "area_m2": 275.9, "centroid": [-118.561025, 34.073797], "confidence_tier": "high", "sources": {"heuristic": 0, "cnn": 0, "margin": 1.0}, "footprint_source": "osm"}}, {"type": "Feature", "geometry": {"type": "Polygon", "coordinates": [[[-118.5465157, 34.077438], [-118.5465748, 34.077429], [-118.54661930000002, 34.07743599999999], [-118.54667040000001, 34.0774624], [-118.54670429999999, 34.077503699999994], [-118.54671500000002, 34.0775529], [-118.5467008, 34.07760149999999], [-118.546675, 34.0776325], [-118.54662530000002, 34.07766070000001], [-118.54656620000002, 34.07766960000001], [-118.5465217, 34.07766259999999], [-118.5464706, 34.0776363], [-118.5464367, 34.077595], [-118.5464259, 34.0775457], [-118.54644020000002, 34.077497099999995], [-118.546477, 34.077457499999994], [-118.5465157, 34.077438]]]}, "properties": {"id": "palisades-000718", "damage_class": 0, "damage_label": "no-damage", "confidence": 0.85, "area_m2": 558.45, "centroid": [-118.546571, 34.077549], "confidence_tier": "high", "sources": {"heuristic": 1, "cnn": 0, "margin": 1.0}, "footprint_source": "osm"}}, {"type": "Feature", "geometry": {"type": "Polygon", "coordinates": [[[-118.5526827, 34.07223979999999], [-118.55267890000002, 34.0722501], [-118.5527034, 34.0722473], [-118.5527341, 34.07226769999999], [-118.5527424, 34.07229389999999], [-118.55272790000001, 34.0723321], [-118.5527124, 34.072338699999996], [-118.55270719999999, 34.0723299], [-118.5527116, 34.07232140000001], [-118.55266600000002, 34.0723103], [-118.5526506, 34.0723171], [-118.55265739999999, 34.072327], [-118.55264720000001, 34.0723385], [-118.55263609999999, 34.0723366], [-118.5526287, 34.0723275], [-118.55260810000001, 34.0723341], [-118.55261300000001, 34.072350500000006], [-118.55259949999999, 34.072382999999995], [-118.5525759, 34.0723994], [-118.55261959999999, 34.07247079999999], [-118.5525956, 34.0724793], [-118.5525991, 34.0724863], [-118.55257819999999, 34.0724937], [-118.5525826, 34.07250229999999], [-118.5525279, 34.07251629999999], [-118.55250259999998, 34.072466399999996], [-118.552539, 34.072451699999995], [-118.55252180000001, 34.0724222], [-118.5524937, 34.072407], [-118.5524902, 34.072385600000004], [-118.5525027, 34.0723667], [-118.55249539999998, 34.07235839999999], [-118.55248219999999, 34.0723641], [-118.55244250000001, 34.07229159999999], [-118.5526149, 34.07222039999999], [-118.5526827, 34.07223979999999]]]}, "properties": {"id": "palisades-000719", "damage_class": 0, "damage_label": "no-damage", "confidence": 1.0, "area_m2": 407.74, "centroid": [-118.55258, 34.072339], "confidence_tier": "high", "sources": {"heuristic": 0, "cnn": 0, "margin": 1.0}, "footprint_source": "osm"}}, {"type": "Feature", "geometry": {"type": "Polygon", "coordinates": [[[-118.5541051, 34.073801], [-118.5541098, 34.07380309999999], [-118.5541909, 34.073676999999996], [-118.5541849, 34.07367430000001], [-118.55420969999999, 34.0736359], [-118.55426799999998, 34.073654299999994], [-118.5542708, 34.07366729999998], [-118.55428079999999, 34.0736638], [-118.55432909999999, 34.0736838], [-118.5543326, 34.073708], [-118.55434109999999, 34.07371189999999], [-118.55434959999998, 34.0736988], [-118.5543853, 34.073714900000006], [-118.5543821, 34.07371979999999], [-118.5544003, 34.07372800000001], [-118.55440539999998, 34.07372010000001], [-118.55442060000001, 34.073716700000006], [-118.5544357, 34.07372339999999], [-118.5544366, 34.0737313], [-118.5544612, 34.07374049999999], [-118.554454, 34.0737496], [-118.5544663, 34.0737417], [-118.55448000000001, 34.073747700000006], [-118.5544828, 34.0737596], [-118.5545858, 34.0738037], [-118.5545614, 34.0738431], [-118.5545831, 34.0738524], [-118.5545594, 34.073890599999984], [-118.55446289999999, 34.0738493], [-118.55447009999999, 34.0738377], [-118.55444900000002, 34.073828699999986], [-118.5544327, 34.07385510000001], [-118.55449680000001, 34.07388249999999], [-118.55445630000001, 34.07394490000001], [-118.5544328, 34.0739344], [-118.5543995, 34.073985699999994], [-118.5543229, 34.0739513], [-118.55436239999999, 34.073890399999996], [-118.5543881, 34.073901899999996], [-118.5544154, 34.073859899999995], [-118.5543896, 34.0738483], [-118.55438550000001, 34.073854499999996], [-118.55435660000002, 34.07386170000001], [-118.55434109999999, 34.07388799999999], [-118.5543332, 34.0738848], [-118.55430710000002, 34.0739292], [-118.5542672, 34.073912899999996], [-118.5542854, 34.07388190000001], [-118.55427959999999, 34.0738796], [-118.55426810000002, 34.07389909999999], [-118.55419380000001, 34.07386559999999], [-118.5542293, 34.073810200000004], [-118.55424540000001, 34.073806399999995], [-118.5542612, 34.073781200000006], [-118.5542413, 34.07377120000001], [-118.5542259, 34.07379249999999], [-118.5542119, 34.0737865], [-118.55414400000001, 34.07389489999999], [-118.5540667, 34.0738605], [-118.5541051, 34.073801]]]}, "properties": {"id": "palisades-000720", "damage_class": 0, "damage_label": "no-damage", "confidence": 0.7, "area_m2": 856.02, "centroid": [-118.554327, 34.073808], "confidence_tier": "review", "sources": {"heuristic": 2, "cnn": 0, "margin": 1.0}, "footprint_source": "osm"}}, {"type": "Feature", "geometry": {"type": "Polygon", "coordinates": [[[-118.5530467, 34.0732827], [-118.55300270000001, 34.07331189999999], [-118.55293330000002, 34.073239599999994], [-118.5529449, 34.07323190000001], [-118.55293330000002, 34.0732197], [-118.552907, 34.073237199999994], [-118.5529533, 34.07328539999998], [-118.5528828, 34.07333429999999], [-118.5528666, 34.0733181], [-118.55281249999999, 34.07335559999999], [-118.55275579999999, 34.0732989], [-118.55282230000002, 34.0732528], [-118.55283859999999, 34.07326899999999], [-118.55288599999999, 34.0732361], [-118.55286940000002, 34.0732196], [-118.55285650000002, 34.073224399999994], [-118.55282710000002, 34.0732223], [-118.55275610000001, 34.0732723], [-118.55271790000002, 34.07323470000001], [-118.55273030000001, 34.0732259], [-118.55267920000001, 34.07317569999999], [-118.55273449999999, 34.07313679999999], [-118.5527499, 34.073137599999995], [-118.5527788, 34.0731182], [-118.5527649, 34.0731039], [-118.55274139999999, 34.07311959999999], [-118.5527316, 34.07310950000001], [-118.55261830000002, 34.07318829999999], [-118.55256320000001, 34.0731334], [-118.5527598, 34.073001000000005], [-118.55275480000002, 34.07299600000001], [-118.55279510000001, 34.07296790000001], [-118.5528162, 34.07298889999999], [-118.5528275, 34.072988699999996], [-118.5528418, 34.073001600000005], [-118.55284040000001, 34.0730155], [-118.55288390000001, 34.0730496], [-118.5528858, 34.0730673], [-118.5529081, 34.0730732], [-118.55293219999999, 34.073108500000004], [-118.5529575, 34.07310460000001], [-118.55298289999999, 34.073140599999995], [-118.5529753, 34.0731438], [-118.5529885, 34.073143899999984], [-118.5529983, 34.07315319999999], [-118.5529977, 34.0731638], [-118.55302000000002, 34.073165200000005], [-118.55304620000001, 34.07319160000001], [-118.5530467, 34.073207799999985], [-118.5530728, 34.0732402], [-118.55303200000002, 34.07326729999999], [-118.5530467, 34.0732827]]]}, "properties": {"id": "palisades-000721", "damage_class": 0, "damage_label": "no-damage", "confidence": 1.0, "area_m2": 886.57, "centroid": [-118.552831, 34.073166], "confidence_tier": "high", "sources": {"heuristic": 0, "cnn": 0, "margin": 1.0}, "footprint_source": "osm"}}, {"type": "Feature", "geometry": {"type": "Polygon", "coordinates": [[[-118.56182460000001, 34.0757533], [-118.5618307, 34.075749900000005], [-118.56182340000001, 34.07574079999999], [-118.5618117, 34.0757472], [-118.561768, 34.07569229999999], [-118.5617857, 34.07568259999998], [-118.5617489, 34.075636199999984], [-118.5617752, 34.075621700000006], [-118.5617627, 34.07560599999999], [-118.5616802, 34.0756515], [-118.5615879, 34.07554479999999], [-118.5615967, 34.07554], [-118.56155519999999, 34.0754879], [-118.5615503, 34.075490600000016], [-118.561507, 34.07543609999999], [-118.5614992, 34.0754404], [-118.5614569, 34.0753873], [-118.56144629999999, 34.075393099999985], [-118.5614034, 34.07533920000001], [-118.56143000000002, 34.075324499999994], [-118.5614167, 34.075307699999996], [-118.56139, 34.0753225], [-118.56135210000001, 34.07527489999999], [-118.5614875, 34.075200399999986], [-118.56149640000001, 34.075211499999995], [-118.5615013, 34.0752088], [-118.5615266, 34.075240600000015], [-118.56151410000001, 34.0752475], [-118.5615296, 34.075267], [-118.56156360000001, 34.075248300000005], [-118.5615991, 34.0752836], [-118.56157830000001, 34.0752951], [-118.561591, 34.075311099999986], [-118.56160949999999, 34.0753009], [-118.56166590000001, 34.0753717], [-118.5616859, 34.07536069999999], [-118.5617537, 34.075455], [-118.56173510000002, 34.0754653], [-118.5617482, 34.0754818], [-118.56176840000002, 34.0754707], [-118.5617881, 34.0754955], [-118.5617819, 34.0754989], [-118.56183480000001, 34.07556540000001], [-118.5618629, 34.07555], [-118.5618791, 34.075570400000004], [-118.56189500000002, 34.0755616], [-118.5619198, 34.0755927], [-118.5619142, 34.0755958], [-118.561966, 34.075661], [-118.56198420000001, 34.07565090000001], [-118.56199289999999, 34.07566199999999], [-118.56199980000001, 34.07565819999999], [-118.56201950000002, 34.075683000000005], [-118.5619976, 34.0756951], [-118.56201270000001, 34.075714], [-118.5618602, 34.075798000000006], [-118.56182460000001, 34.0757533]]]}, "properties": {"id": "palisades-000722", "damage_class": 0, "damage_label": "no-damage", "confidence": 0.85, "area_m2": 1245.17, "centroid": [-118.561683, 34.075499], "confidence_tier": "high", "sources": {"heuristic": 1, "cnn": 0, "margin": 1.0}, "footprint_source": "osm"}}, {"type": "Feature", "geometry": {"type": "Polygon", "coordinates": [[[-118.55391149999998, 34.07370579999999], [-118.5539386, 34.07371770000001], [-118.55396579999999, 34.07367479999999], [-118.5539394, 34.07366319999999], [-118.55391119999999, 34.0736761], [-118.5538573, 34.07374610000001], [-118.55381580000001, 34.0737273], [-118.5538363, 34.07369589999998], [-118.5538292, 34.0736927], [-118.5538153, 34.0737139], [-118.5537428, 34.073681], [-118.5537778, 34.073626399999995], [-118.55379210000001, 34.073623500000004], [-118.55381000000001, 34.07359659999999], [-118.5537913, 34.0735871], [-118.5537766, 34.073606999999996], [-118.55376449999999, 34.0736008], [-118.5536947, 34.07371020000001], [-118.55361690000001, 34.073675900000005], [-118.5536548, 34.0736164], [-118.5536611, 34.0736191], [-118.5537415, 34.073493000000006], [-118.55373500000002, 34.0734901], [-118.5537592, 34.0734522], [-118.5538176, 34.07347020000001], [-118.5538184, 34.0734871], [-118.5538292, 34.07348029999999], [-118.55387730000001, 34.0735005], [-118.55388770000002, 34.0735221], [-118.55389349999999, 34.073524], [-118.553898, 34.07351460000001], [-118.5539509, 34.0735435], [-118.553953, 34.0735351], [-118.5539707, 34.073532699999994], [-118.5540101, 34.0735565], [-118.55400500000002, 34.0735632], [-118.5540153, 34.0735561], [-118.5540295, 34.07356209999999], [-118.5540325, 34.0735748], [-118.5540538, 34.0735664], [-118.55409500000002, 34.07358440000001], [-118.5541005, 34.07360349999999], [-118.55413520000002, 34.0736193], [-118.5541097, 34.073658], [-118.55413139999999, 34.0736678], [-118.55410590000001, 34.073706400000006], [-118.55401310000002, 34.073664], [-118.5540199, 34.07365370000001], [-118.5539998, 34.0736445], [-118.55398340000002, 34.073669299999985], [-118.5540469, 34.07369829999999], [-118.5540047, 34.0737622], [-118.55398109999999, 34.0737514], [-118.5539482, 34.07380130000001], [-118.55387210000002, 34.07376789999999], [-118.55391149999998, 34.07370579999999]]]}, "properties": {"id": "palisades-000723", "damage_class": 0, "damage_label": "no-damage", "confidence": 0.85, "area_m2": 868.16, "centroid": [-118.553879, 34.073624], "confidence_tier": "high", "sources": {"heuristic": 1, "cnn": 0, "margin": 1.0}, "footprint_source": "osm"}}, {"type": "Feature", "geometry": {"type": "Polygon", "coordinates": [[[-118.56382280000001, 34.0771095], [-118.5638374, 34.0771015], [-118.5637983, 34.0770523], [-118.5638056, 34.07704830000001], [-118.56375310000001, 34.07698229999999], [-118.56374569999998, 34.076986399999996], [-118.56370780000002, 34.07693849999999], [-118.563724, 34.0769296], [-118.56368620000002, 34.076882], [-118.5636735, 34.07688889999999], [-118.56363350000001, 34.0768386], [-118.56366790000001, 34.07681970000001], [-118.56362050000001, 34.0767602], [-118.5635637, 34.0767914], [-118.5635557, 34.076781399999994], [-118.56347950000001, 34.076823299999994], [-118.5634866, 34.0768322], [-118.563428, 34.07686439999999], [-118.5634755, 34.07692420000001], [-118.56357130000002, 34.0768715], [-118.5636091, 34.07691919999999], [-118.56359899999998, 34.076924700000006], [-118.5636372, 34.076972899999994], [-118.56362390000001, 34.0769803], [-118.563675, 34.077044599999994], [-118.56368500000002, 34.07703909999999], [-118.5638037, 34.077188500000005], [-118.56379690000001, 34.07719219999999], [-118.5638352, 34.0772404], [-118.563702, 34.07731359999999], [-118.5636627, 34.077264099999994], [-118.5636731, 34.07725839999999], [-118.563596, 34.077161200000006], [-118.56358150000001, 34.0771692], [-118.5634883, 34.0770518], [-118.5635095, 34.077040200000006], [-118.56349850000001, 34.0770264], [-118.56349150000001, 34.07703029999998], [-118.5634191, 34.0769391], [-118.5634053, 34.0769467], [-118.56331960000001, 34.076838699999996], [-118.56337969999998, 34.0768057], [-118.56333379999998, 34.0767479], [-118.56347360000001, 34.076671000000005], [-118.5634833, 34.07668329999999], [-118.5634979, 34.0766753], [-118.563494, 34.0766704], [-118.5635358, 34.0766474], [-118.5635763, 34.07669829999998], [-118.5636316, 34.0766679], [-118.5637249, 34.0767854], [-118.5637584, 34.0767671], [-118.56379810000001, 34.076817], [-118.56380929999999, 34.076810900000005], [-118.56382369999999, 34.0768291], [-118.56383110000002, 34.0768251], [-118.5638568, 34.076857399999994], [-118.56385090000002, 34.0768606], [-118.5639403, 34.0769732], [-118.56392539999999, 34.0769814], [-118.56400390000002, 34.07708019999999], [-118.56399560000001, 34.07708479999999], [-118.56404629999999, 34.077148599999994], [-118.56391240000002, 34.0772222], [-118.56382280000001, 34.0771095]]]}, "properties": {"id": "palisades-000724", "damage_class": 0, "damage_label": "no-damage", "confidence": 1.0, "area_m2": 1974.38, "centroid": [-118.563675, 34.076971], "confidence_tier": "high", "sources": {"heuristic": 0, "cnn": 0, "margin": 1.0}, "footprint_source": "osm"}}, {"type": "Feature", "geometry": {"type": "Polygon", "coordinates": [[[-118.55308750000002, 34.0735908], [-118.5531054, 34.0736123], [-118.5531532, 34.07358479999999], [-118.5531357, 34.0735638], [-118.55310589999999, 34.0735635], [-118.5530157, 34.07360280000002], [-118.552989, 34.0735705], [-118.5530336, 34.07355170000001], [-118.5530287, 34.07354400000001], [-118.55300030000001, 34.07355870000001], [-118.55295370000002, 34.07350139999999], [-118.553016, 34.073466399999994], [-118.55303210000001, 34.07347099999999], [-118.5530596, 34.07345500000001], [-118.5530472, 34.0734403], [-118.5530268, 34.073452299999985], [-118.5530169, 34.07344049999999], [-118.5528927, 34.073509], [-118.55284450000002, 34.0734464], [-118.55291120000001, 34.073410800000005], [-118.55291470000002, 34.0734154], [-118.5530595, 34.0733358], [-118.5530559, 34.07333130000001], [-118.5531007, 34.0733066], [-118.553118, 34.073329], [-118.5531298, 34.073331200000005], [-118.55314060000002, 34.0733442], [-118.5531388, 34.0733579], [-118.5531771, 34.07339760000001], [-118.55317670000001, 34.0734267], [-118.5531924, 34.07341970000002], [-118.55321479999999, 34.073462000000006], [-118.5532251, 34.0734571], [-118.55323999999999, 34.0734606], [-118.5532506, 34.0734718], [-118.553247, 34.0734829], [-118.55326049999998, 34.0734981], [-118.553254, 34.07350199999999], [-118.55326370000002, 34.0735021], [-118.55327210000002, 34.073522499999996], [-118.5532941, 34.0735268], [-118.55331839999998, 34.0735578], [-118.553314, 34.07357689999999], [-118.5533352, 34.073605900000004], [-118.5532905, 34.073629199999985], [-118.5533026, 34.07364520000001], [-118.55325769999999, 34.07366859999999], [-118.55319989999998, 34.073594099999994], [-118.5532122, 34.0735875], [-118.5532008, 34.073572899999995], [-118.55317190000001, 34.07358839999999], [-118.5532112, 34.07363910000001], [-118.55313559999999, 34.07367970000001], [-118.55312029999999, 34.07365999999999], [-118.5530629, 34.0736908], [-118.5530146, 34.0736327], [-118.55308750000002, 34.0735908]]]}, "properties": {"id": "palisades-000725", "damage_class": 0, "damage_label": "no-damage", "confidence": 0.85, "area_m2": 877.09, "centroid": [-118.553106, 34.073506], "confidence_tier": "high", "sources": {"heuristic": 1, "cnn": 0, "margin": 1.0}, "footprint_source": "osm"}}, {"type": "Feature", "geometry": {"type": "Polygon", "coordinates": [[[-118.55336339999998, 34.0737851], [-118.55337709999999, 34.0737854], [-118.55340559999999, 34.073764499999996], [-118.5533899, 34.07374969999999], [-118.55336720000001, 34.07376640000001], [-118.5533589, 34.07375859999999], [-118.55325020000001, 34.07384239999998], [-118.55319040000002, 34.0737903], [-118.55337800000001, 34.0736484], [-118.5533731, 34.073644200000004], [-118.55341159999999, 34.0736136], [-118.5534586, 34.0736468], [-118.55345720000001, 34.073661499999986], [-118.55346740000002, 34.07366019999999], [-118.55350439999998, 34.073691799999985], [-118.5535059, 34.073712199999996], [-118.5535098, 34.0737153], [-118.5535198, 34.0737091], [-118.5535588, 34.073750100000005], [-118.55356700000002, 34.073743699999994], [-118.5535843, 34.07374479999999], [-118.5535938, 34.073754900000004], [-118.55359280000002, 34.0737638], [-118.5536102, 34.073778299999994], [-118.55360160000001, 34.0737866], [-118.5536134, 34.073781700000005], [-118.55362739999998, 34.073792899999994], [-118.55362400000001, 34.0738045], [-118.5536494, 34.07380199999999], [-118.5536782, 34.0738268], [-118.5536776, 34.07384629999999], [-118.5537048, 34.0738732], [-118.5536658, 34.0739026], [-118.5536814, 34.0739168], [-118.553641, 34.07394729999999], [-118.5535689, 34.07388110000001], [-118.5535795, 34.07387310000001], [-118.5535648, 34.073859600000006], [-118.5535404, 34.07387810000001], [-118.5535902, 34.073923799999996], [-118.5535248, 34.0739733], [-118.55350889999998, 34.07395869999999], [-118.5534574, 34.0739976], [-118.55339870000002, 34.073943699999994], [-118.55345810000001, 34.07389779999999], [-118.5534796, 34.07391700000001], [-118.55352410000002, 34.0738826], [-118.5535003, 34.07386129999999], [-118.5534709, 34.07386549999999], [-118.5534487, 34.073879600000005], [-118.55344459999999, 34.0738751], [-118.5533884, 34.0739146], [-118.5533596, 34.07388980000001], [-118.55339789999998, 34.0738655], [-118.55339210000001, 34.07385759999999], [-118.55336800000002, 34.0738769], [-118.5533106, 34.073828500000005], [-118.55336339999998, 34.0737851]]]}, "properties": {"id": "palisades-000726", "damage_class": 0, "damage_label": "no-damage", "confidence": 0.85, "area_m2": 862.75, "centroid": [-118.55346, 34.073808], "confidence_tier": "high", "sources": {"heuristic": 1, "cnn": 0, "margin": 1.0}, "footprint_source": "osm"}}, {"type": "Feature", "geometry": {"type": "Polygon", "coordinates": [[[-118.56263290000001, 34.075871799999994], [-118.5626688, 34.075988699999996], [-118.56268380000002, 34.075985500000016], [-118.5627236, 34.0761148], [-118.56273130000001, 34.076113199999995], [-118.5627434, 34.0761529], [-118.56273570000002, 34.076154499999994], [-118.56274149999999, 34.076173499999996], [-118.5627293, 34.076176100000005], [-118.5627467, 34.076232499999996], [-118.56276279999999, 34.076228999999984], [-118.5627804, 34.0762862], [-118.5627656, 34.07628940000001], [-118.5627837, 34.07634809999999], [-118.562742, 34.076357], [-118.5627836, 34.07649260000001], [-118.5627164, 34.0765069], [-118.5627377, 34.0765761], [-118.5626892, 34.0765865], [-118.56268449999999, 34.0765711], [-118.5626667, 34.076574900000004], [-118.56267159999999, 34.0765909], [-118.5625121, 34.07662479999998], [-118.56249100000001, 34.07655629999999], [-118.5624209, 34.076571200000004], [-118.5623824, 34.0764459], [-118.5624004, 34.07644210000001], [-118.56232990000001, 34.076212999999996], [-118.56231420000002, 34.0762164], [-118.56227070000001, 34.076075], [-118.5622835, 34.07607229999999], [-118.56224950000001, 34.0759619], [-118.5622394, 34.075964000000006], [-118.5622268, 34.0759231], [-118.5622352, 34.0759214], [-118.5622294, 34.0759025], [-118.5623767, 34.075871199999995], [-118.56239370000002, 34.0759265], [-118.5624002, 34.075925100000006], [-118.5624539, 34.076099799999994], [-118.5624415, 34.076102399999996], [-118.5624643, 34.07617649999999], [-118.562482, 34.076172799999995], [-118.56249930000001, 34.07622899999999], [-118.56251199999998, 34.07622630000001], [-118.56256389999999, 34.0763952], [-118.5624498, 34.07641949999999], [-118.5624704, 34.0764866], [-118.56253890000002, 34.0764721], [-118.56254160000002, 34.0764809], [-118.5626282, 34.07646239999998], [-118.56262560000002, 34.0764541], [-118.5626936, 34.0764396], [-118.5626723, 34.0763705], [-118.56263259999999, 34.076379], [-118.56257980000001, 34.0762073], [-118.562592, 34.076204700000005], [-118.56257490000002, 34.07614889999999], [-118.56255850000001, 34.07615239999999], [-118.5625418, 34.076097999999995], [-118.56255210000002, 34.07609589999999], [-118.56252880000001, 34.076020099999994], [-118.5625178, 34.0760224], [-118.56249940000001, 34.0759626], [-118.56248370000002, 34.075966], [-118.5624431, 34.075834], [-118.56259990000001, 34.0758005], [-118.5626225, 34.075874], [-118.56263290000001, 34.075871799999994]]]}, "properties": {"id": "palisades-000727", "damage_class": 0, "damage_label": "no-damage", "confidence": 1.0, "area_m2": 2393.35, "centroid": [-118.562528, 34.076207], "confidence_tier": "high", "sources": {"heuristic": 0, "cnn": 0, "margin": 1.0}, "footprint_source": "osm"}}, {"type": "Feature", "geometry": {"type": "Polygon", "coordinates": [[[-118.549801, 34.0759124], [-118.54977500000001, 34.07585460000001], [-118.55001020000002, 34.07578139999999], [-118.55006120000002, 34.07589050000001], [-118.5500524, 34.075906], [-118.5498216, 34.0759746], [-118.5497946, 34.07591440000001], [-118.549801, 34.0759124]]]}, "properties": {"id": "palisades-000728", "damage_class": 0, "damage_label": "no-damage", "confidence": 0.7, "area_m2": 332.92, "centroid": [-118.549919, 34.075878], "confidence_tier": "review", "sources": {"heuristic": 3, "cnn": 0, "margin": 1.0}, "footprint_source": "osm"}}, {"type": "Feature", "geometry": {"type": "Polygon", "coordinates": [[[-118.5630506, 34.07408290000001], [-118.5632381, 34.074007599999995], [-118.56325309999998, 34.074033400000005], [-118.56327580000001, 34.0740243], [-118.5633204, 34.0741011], [-118.56311020000001, 34.07418559999999], [-118.5630506, 34.07408290000001]]]}, "properties": {"id": "palisades-000729", "damage_class": 0, "damage_label": "no-damage", "confidence": 1.0, "area_m2": 264.96, "centroid": [-118.563183, 34.074094], "confidence_tier": "high", "sources": {"heuristic": 0, "cnn": 0, "margin": 1.0}, "footprint_source": "osm"}}, {"type": "Feature", "geometry": {"type": "Polygon", "coordinates": [[[-118.5614685, 34.0718613], [-118.5614933, 34.0719751], [-118.56143340000001, 34.0719841], [-118.5614314, 34.0719749], [-118.561282, 34.07199750000001], [-118.5612739, 34.071960299999986], [-118.561247, 34.0719644], [-118.56123230000001, 34.07189699999999], [-118.5614685, 34.0718613]]]}, "properties": {"id": "palisades-000730", "damage_class": 0, "damage_label": "no-damage", "confidence": 1.0, "area_m2": 256.38, "centroid": [-118.561368, 34.07193], "confidence_tier": "high", "sources": {"heuristic": 0, "cnn": 0, "margin": 1.0}, "footprint_source": "osm"}}, {"type": "Feature", "geometry": {"type": "Polygon", "coordinates": [[[-118.5552286, 34.0764167], [-118.55523420000002, 34.07642949999999], [-118.5552276, 34.076442], [-118.5552119, 34.0764451], [-118.55519949999999, 34.0764406], [-118.55519349999999, 34.0764287], [-118.5551993, 34.0764159], [-118.5552132, 34.0764119], [-118.5552286, 34.0764167]]]}, "properties": {"id": "palisades-000731", "damage_class": 1, "damage_label": "minor-damage", "confidence": 0.7, "area_m2": 10.1, "centroid": [-118.555214, 34.076429], "confidence_tier": "review", "sources": {"heuristic": 3, "cnn": 1, "margin": 1.0}, "footprint_source": "osm"}}, {"type": "Feature", "geometry": {"type": "Polygon", "coordinates": [[[-118.5627284, 34.07250119999999], [-118.56275250000002, 34.07253209999999], [-118.5626785, 34.0725718], [-118.5625779, 34.0724414], [-118.56262470000001, 34.07241619999999], [-118.56258810000001, 34.07236900000001], [-118.56266260000001, 34.072329100000005], [-118.56277609999998, 34.0724756], [-118.5627284, 34.07250119999999]]]}, "properties": {"id": "palisades-000732", "damage_class": 0, "damage_label": "no-damage", "confidence": 1.0, "area_m2": 258.81, "centroid": [-118.562674, 34.072452], "confidence_tier": "high", "sources": {"heuristic": 0, "cnn": 0, "margin": 1.0}, "footprint_source": "osm"}}, {"type": "Feature", "geometry": {"type": "Polygon", "coordinates": [[[-118.56066829999999, 34.07349810000001], [-118.56074749999999, 34.0735563], [-118.56078350000001, 34.0735223], [-118.5608938, 34.0736032], [-118.5608344, 34.07365929999999], [-118.5607998, 34.073633799999996], [-118.5607638, 34.0736678], [-118.56060889999999, 34.07355400000001], [-118.56066829999999, 34.07349810000001]]]}, "properties": {"id": "palisades-000733", "damage_class": 0, "damage_label": "no-damage", "confidence": 1.0, "area_m2": 239.89, "centroid": [-118.560752, 34.073585], "confidence_tier": "high", "sources": {"heuristic": 0, "cnn": 0, "margin": 1.0}, "footprint_source": "osm"}}, {"type": "Feature", "geometry": {"type": "Polygon", "coordinates": [[[-118.5480578, 34.072146499999995], [-118.5480365, 34.07212669999999], [-118.5481334, 34.072053], [-118.5481421, 34.072060400000005], [-118.5481733, 34.07203859999999], [-118.54825869999999, 34.07211540000001], [-118.54809429999999, 34.0722452], [-118.5480191, 34.072175299999984], [-118.5480578, 34.072146499999995]]]}, "properties": {"id": "palisades-000734", "damage_class": 0, "damage_label": "no-damage", "confidence": 0.85, "area_m2": 254.0, "centroid": [-118.548133, 34.072138], "confidence_tier": "high", "sources": {"heuristic": 1, "cnn": 0, "margin": 1.0}, "footprint_source": "osm"}}, {"type": "Feature", "geometry": {"type": "Polygon", "coordinates": [[[-118.5589058, 34.0771475], [-118.55889240000002, 34.0771574], [-118.5588409, 34.0771091], [-118.5589724, 34.0770121], [-118.5590003, 34.07703829999999], [-118.55902140000002, 34.0770227], [-118.5590897, 34.07708679999999], [-118.5589505, 34.077189399999995], [-118.5589058, 34.0771475]]]}, "properties": {"id": "palisades-000735", "damage_class": 0, "damage_label": "no-damage", "confidence": 1.0, "area_m2": 231.36, "centroid": [-118.558966, 34.077098], "confidence_tier": "high", "sources": {"heuristic": 0, "cnn": 0, "margin": 1.0}, "footprint_source": "osm"}}, {"type": "Feature", "geometry": {"type": "Polygon", "coordinates": [[[-118.5612418, 34.074006299999986], [-118.5612812, 34.073910500000004], [-118.5613487, 34.07392970000001], [-118.56136229999998, 34.0738967], [-118.56151829999999, 34.0739411], [-118.5614615, 34.07406879999999], [-118.5612418, 34.074006299999986]]]}, "properties": {"id": "palisades-000736", "damage_class": 0, "damage_label": "no-damage", "confidence": 1.0, "area_m2": 300.83, "centroid": [-118.561384, 34.073979], "confidence_tier": "high", "sources": {"heuristic": 0, "cnn": 0, "margin": 1.0}, "footprint_source": "osm"}}, {"type": "Feature", "geometry": {"type": "Polygon", "coordinates": [[[-118.55187609999999, 34.077240700000004], [-118.5518144, 34.077210199999996], [-118.5518091, 34.07721759999999], [-118.5517726, 34.07719960000001], [-118.55187609999999, 34.0770463], [-118.5519786, 34.0770969], [-118.55187609999999, 34.077240700000004]]]}, "properties": {"id": "palisades-000737", "damage_class": 1, "damage_label": "minor-damage", "confidence": 0.85, "area_m2": 206.99, "centroid": [-118.551876, 34.077145], "confidence_tier": "high", "sources": {"heuristic": 0, "cnn": 1, "margin": 1.0}, "footprint_source": "osm"}}, {"type": "Feature", "geometry": {"type": "Polygon", "coordinates": [[[-118.56140459999999, 34.0779943], [-118.56134210000002, 34.0779575], [-118.5614452, 34.07783619999999], [-118.56156360000001, 34.07790289999999], [-118.56146540000002, 34.0780185], [-118.56141110000002, 34.077986599999996], [-118.56140459999999, 34.0779943]]]}, "properties": {"id": "palisades-000738", "damage_class": 0, "damage_label": "no-damage", "confidence": 1.0, "area_m2": 211.57, "centroid": [-118.561453, 34.077929], "confidence_tier": "high", "sources": {"heuristic": 0, "cnn": 0, "margin": 1.0}, "footprint_source": "osm"}}, {"type": "Feature", "geometry": {"type": "Polygon", "coordinates": [[[-118.56019480000002, 34.071502899999984], [-118.56003259999999, 34.071398200000004], [-118.5600982, 34.07132800000001], [-118.56012410000001, 34.0713447], [-118.5601576, 34.0713088], [-118.5603747, 34.071449], [-118.56032269999999, 34.0715058], [-118.56024110000001, 34.07145320000001], [-118.56019480000002, 34.071502899999984]]]}, "properties": {"id": "palisades-000739", "damage_class": 1, "damage_label": "minor-damage", "confidence": 1.0, "area_m2": 342.18, "centroid": [-118.560197, 34.071413], "confidence_tier": "high", "sources": {"heuristic": 1, "cnn": 1, "margin": 1.0}, "footprint_source": "osm"}}, {"type": "Feature", "geometry": {"type": "Polygon", "coordinates": [[[-118.56321200000001, 34.0795722], [-118.56319630000002, 34.0795665], [-118.563228, 34.0795066], [-118.5633867, 34.07956479999999], [-118.5633696, 34.079597], [-118.5633984, 34.079607599999996], [-118.56335730000002, 34.079685299999994], [-118.5631854, 34.0796223], [-118.56321200000001, 34.0795722]]]}, "properties": {"id": "palisades-000740", "damage_class": 3, "damage_label": "destroyed", "confidence": 0.7, "area_m2": 231.03, "centroid": [-118.563292, 34.079597], "confidence_tier": "review", "sources": {"heuristic": 0, "cnn": 3, "margin": 1.0}, "footprint_source": "osm"}}, {"type": "Feature", "geometry": {"type": "Polygon", "coordinates": [[[-118.54826020000002, 34.0723728], [-118.54829359999998, 34.07234569999999], [-118.54827229999998, 34.072327399999985], [-118.54837719999999, 34.07224250000001], [-118.5484053, 34.0722665], [-118.5484227, 34.0722524], [-118.54849240000001, 34.0723121], [-118.54833670000001, 34.0724382], [-118.54826020000002, 34.0723728]]]}, "properties": {"id": "palisades-000741", "damage_class": 0, "damage_label": "no-damage", "confidence": 0.85, "area_m2": 239.23, "centroid": [-118.548369, 34.072335], "confidence_tier": "high", "sources": {"heuristic": 1, "cnn": 0, "margin": 1.0}, "footprint_source": "osm"}}, {"type": "Feature", "geometry": {"type": "Polygon", "coordinates": [[[-118.54981459999999, 34.073850099999994], [-118.5497584, 34.073779099999996], [-118.54980209999998, 34.073755199999994], [-118.54978160000002, 34.0737292], [-118.54988990000001, 34.07366989999999], [-118.54989779999998, 34.0736798], [-118.5499315, 34.0736609], [-118.55000060000002, 34.073748300000005], [-118.54981459999999, 34.073850099999994]]]}, "properties": {"id": "palisades-000742", "damage_class": 0, "damage_label": "no-damage", "confidence": 1.0, "area_m2": 243.11, "centroid": [-118.549875, 34.073752], "confidence_tier": "high", "sources": {"heuristic": 0, "cnn": 0, "margin": 1.0}, "footprint_source": "osm"}}, {"type": "Feature", "geometry": {"type": "Polygon", "coordinates": [[[-118.56073499999998, 34.07174990000001], [-118.5607911, 34.071754399999996], [-118.56078950000001, 34.071768399999996], [-118.5608794, 34.0717756], [-118.5608754, 34.0718101], [-118.560963, 34.0718171], [-118.56095519999998, 34.07188399999999], [-118.56072170000002, 34.07186529999999], [-118.56073499999998, 34.07174990000001]]]}, "properties": {"id": "palisades-000743", "damage_class": 0, "damage_label": "no-damage", "confidence": 1.0, "area_m2": 221.55, "centroid": [-118.56083, 34.071825], "confidence_tier": "high", "sources": {"heuristic": 0, "cnn": 0, "margin": 1.0}, "footprint_source": "osm"}}, {"type": "Feature", "geometry": {"type": "Polygon", "coordinates": [[[-118.56160019999999, 34.07168070000001], [-118.56183489999998, 34.071651200000005], [-118.56184560000001, 34.07171019999999], [-118.5617606, 34.0717209], [-118.5617683, 34.07176329999999], [-118.56168080000002, 34.071774299999994], [-118.5616839, 34.0717913], [-118.56162170000002, 34.07179909999999], [-118.56160019999999, 34.07168070000001]]]}, "properties": {"id": "palisades-000744", "damage_class": 0, "damage_label": "no-damage", "confidence": 1.0, "area_m2": 222.51, "centroid": [-118.561709, 34.071717], "confidence_tier": "high", "sources": {"heuristic": 0, "cnn": 0, "margin": 1.0}, "footprint_source": "osm"}}, {"type": "Feature", "geometry": {"type": "Polygon", "coordinates": [[[-118.56140609999999, 34.070763199999995], [-118.5614749, 34.070751], [-118.5614624, 34.07070199999999], [-118.5616316, 34.0706721], [-118.56165630000001, 34.07076860000001], [-118.56164609999999, 34.070770399999994], [-118.5616542, 34.07080239999999], [-118.56142650000001, 34.0708427], [-118.56140609999999, 34.070763199999995]]]}, "properties": {"id": "palisades-000745", "damage_class": 0, "damage_label": "no-damage", "confidence": 0.85, "area_m2": 287.69, "centroid": [-118.561539, 34.07076], "confidence_tier": "high", "sources": {"heuristic": 1, "cnn": 0, "margin": 1.0}, "footprint_source": "osm"}}, {"type": "Feature", "geometry": {"type": "Polygon", "coordinates": [[[-118.5629967, 34.077056899999995], [-118.56298419999999, 34.0770636], [-118.5630632, 34.0771661], [-118.56293130000002, 34.0772364], [-118.562813, 34.07708579999999], [-118.562959, 34.07700789999999], [-118.5629967, 34.077056899999995]]]}, "properties": {"id": "palisades-000746", "damage_class": 0, "damage_label": "no-damage", "confidence": 1.0, "area_m2": 298.5, "centroid": [-118.562939, 34.077123], "confidence_tier": "high", "sources": {"heuristic": 0, "cnn": 0, "margin": 1.0}, "footprint_source": "osm"}}, {"type": "Feature", "geometry": {"type": "Polygon", "coordinates": [[[-118.5635781, 34.07317139999999], [-118.5635097, 34.0731941], [-118.5635055, 34.07318669999999], [-118.56344959999998, 34.07320839999999], [-118.56337999999998, 34.07308379999999], [-118.5635027, 34.0730363], [-118.5635781, 34.07317139999999]]]}, "properties": {"id": "palisades-000747", "damage_class": 0, "damage_label": "no-damage", "confidence": 0.7, "area_m2": 198.05, "centroid": [-118.563479, 34.073124], "confidence_tier": "review", "sources": {"heuristic": 2, "cnn": 0, "margin": 1.0}, "footprint_source": "osm"}}, {"type": "Feature", "geometry": {"type": "Polygon", "coordinates": [[[-118.56333130000002, 34.0728804], [-118.56340570000002, 34.07285039999999], [-118.5634412, 34.072920999999994], [-118.5633815, 34.072945000000004], [-118.5633746, 34.0729332], [-118.56336439999998, 34.0729373], [-118.56333130000002, 34.0728804]]]}, "properties": {"id": "palisades-000748", "damage_class": 1, "damage_label": "minor-damage", "confidence": 0.85, "area_m2": 62.44, "centroid": [-118.563388, 34.072899], "confidence_tier": "high", "sources": {"heuristic": 0, "cnn": 1, "margin": 1.0}, "footprint_source": "osm"}}, {"type": "Feature", "geometry": {"type": "Polygon", "coordinates": [[[-118.55899320000002, 34.077698199999986], [-118.5589817, 34.0776875], [-118.55893180000001, 34.0777244], [-118.55880720000002, 34.0776087], [-118.55888470000001, 34.077551499999984], [-118.55890350000001, 34.077569], [-118.5589347, 34.077545900000004], [-118.559052, 34.0776548], [-118.55899320000002, 34.077698199999986]]]}, "properties": {"id": "palisades-000749", "damage_class": 0, "damage_label": "no-damage", "confidence": 1.0, "area_m2": 232.56, "centroid": [-118.558929, 34.077632], "confidence_tier": "high", "sources": {"heuristic": 0, "cnn": 0, "margin": 1.0}, "footprint_source": "osm"}}, {"type": "Feature", "geometry": {"type": "Polygon", "coordinates": [[[-118.55184969999999, 34.0747678], [-118.55185569999999, 34.074764999999985], [-118.5518762, 34.0747959], [-118.5516922, 34.07488049999999], [-118.5516383, 34.0747933], [-118.5518132, 34.074712899999994], [-118.55184969999999, 34.0747678]]]}, "properties": {"id": "palisades-000750", "damage_class": 0, "damage_label": "no-damage", "confidence": 0.85, "area_m2": 205.21, "centroid": [-118.551755, 34.074796], "confidence_tier": "high", "sources": {"heuristic": 1, "cnn": 0, "margin": 1.0}, "footprint_source": "osm"}}, {"type": "Feature", "geometry": {"type": "Polygon", "coordinates": [[[-118.56208140000001, 34.0769573], [-118.5620257, 34.07702989999999], [-118.5619643, 34.0769973], [-118.56196050000001, 34.0770024], [-118.5619324, 34.0769875], [-118.56198999999998, 34.07690879999999], [-118.56208140000001, 34.0769573]]]}, "properties": {"id": "palisades-000751", "damage_class": 0, "damage_label": "no-damage", "confidence": 1.0, "area_m2": 96.21, "centroid": [-118.562007, 34.07697], "confidence_tier": "high", "sources": {"heuristic": 0, "cnn": 0, "margin": 1.0}, "footprint_source": "osm"}}, {"type": "Feature", "geometry": {"type": "Polygon", "coordinates": [[[-118.5608643, 34.072258899999994], [-118.56097169999998, 34.0722585], [-118.5609714, 34.07221079999999], [-118.5611205, 34.072210299999995], [-118.5611209, 34.072284], [-118.5610726, 34.0722842], [-118.5610729, 34.072329], [-118.5608647, 34.0723298], [-118.5608643, 34.072258899999994]]]}, "properties": {"id": "palisades-000752", "damage_class": 0, "damage_label": "no-damage", "confidence": 1.0, "area_m2": 236.69, "centroid": [-118.560999, 34.072274], "confidence_tier": "high", "sources": {"heuristic": 0, "cnn": 0, "margin": 1.0}, "footprint_source": "osm"}}, {"type": "Feature", "geometry": {"type": "Polygon", "coordinates": [[[-118.5542713, 34.0731465], [-118.55431139999999, 34.0731361], [-118.5543322, 34.0731919], [-118.5543979, 34.0731749], [-118.55441940000001, 34.0732325], [-118.5543526, 34.0732498], [-118.5543739, 34.07330670000001], [-118.5543349, 34.0733168], [-118.5542713, 34.0731465]]]}, "properties": {"id": "palisades-000753", "damage_class": 2, "damage_label": "major-damage", "confidence": 0.85, "area_m2": 118.4, "centroid": [-118.554342, 34.073221], "confidence_tier": "high", "sources": {"heuristic": 3, "cnn": 2, "margin": 1.0}, "footprint_source": "osm"}}, {"type": "Feature", "geometry": {"type": "Polygon", "coordinates": [[[-118.5601684, 34.0699683], [-118.56010030000002, 34.069919599999984], [-118.5602544, 34.069770199999994], [-118.56029720000001, 34.0698009], [-118.56030229999999, 34.0697959], [-118.5603754, 34.0698482], [-118.560268, 34.069952199999996], [-118.5602202, 34.06991810000001], [-118.5601684, 34.0699683]]]}, "properties": {"id": "palisades-000754", "damage_class": 0, "damage_label": "no-damage", "confidence": 1.0, "area_m2": 271.65, "centroid": [-118.56024, 34.069873], "confidence_tier": "high", "sources": {"heuristic": 0, "cnn": 0, "margin": 1.0}, "footprint_source": "osm"}}, {"type": "Feature", "geometry": {"type": "Polygon", "coordinates": [[[-118.5527816, 34.075712300000006], [-118.55277040000001, 34.07572590000001], [-118.55270860000002, 34.0756908], [-118.55282689999999, 34.075546899999985], [-118.55291329999999, 34.0756049], [-118.55281310000001, 34.07573], [-118.5527816, 34.075712300000006]]]}, "properties": {"id": "palisades-000755", "damage_class": 0, "damage_label": "no-damage", "confidence": 1.0, "area_m2": 188.32, "centroid": [-118.552813, 34.075644], "confidence_tier": "high", "sources": {"heuristic": 0, "cnn": 0, "margin": 1.0}, "footprint_source": "osm"}}, {"type": "Feature", "geometry": {"type": "Polygon", "coordinates": [[[-118.55212710000002, 34.06713550000001], [-118.5521277, 34.0671028], [-118.55211060000002, 34.06710249999999], [-118.5521111, 34.06707790000001], [-118.55212729999998, 34.067078099999996], [-118.5521274, 34.067071600000006], [-118.55220420000002, 34.0670727], [-118.55220280000002, 34.06713659999999], [-118.55212710000002, 34.06713550000001]]]}, "properties": {"id": "palisades-000756", "damage_class": 1, "damage_label": "minor-damage", "confidence": 0.85, "area_m2": 53.97, "centroid": [-118.552162, 34.067103], "confidence_tier": "high", "sources": {"heuristic": 0, "cnn": 1, "margin": 1.0}, "footprint_source": "osm"}}, {"type": "Feature", "geometry": {"type": "Polygon", "coordinates": [[[-118.56187890000001, 34.073272599999996], [-118.5618719, 34.0732833], [-118.56180870000001, 34.073254500000004], [-118.5618154, 34.0732444], [-118.56183120000001, 34.07325159999999], [-118.56184499999999, 34.07323069999998], [-118.56193259999999, 34.073270599999994], [-118.5619192, 34.0732909], [-118.56187890000001, 34.073272599999996]]]}, "properties": {"id": "palisades-000757", "damage_class": 0, "damage_label": "no-damage", "confidence": 1.0, "area_m2": 32.57, "centroid": [-118.561872, 34.073262], "confidence_tier": "high", "sources": {"heuristic": 0, "cnn": 0, "margin": 1.0}, "footprint_source": "osm"}}, {"type": "Feature", "geometry": {"type": "Polygon", "coordinates": [[[-118.55543290000001, 34.0759311], [-118.5553232, 34.07591299999999], [-118.5553366, 34.07584430000001], [-118.55541289999998, 34.07585459999999], [-118.5554102, 34.0758688], [-118.5554442, 34.075873300000005], [-118.55543290000001, 34.0759311]]]}, "properties": {"id": "palisades-000758", "damage_class": 1, "damage_label": "minor-damage", "confidence": 0.85, "area_m2": 75.82, "centroid": [-118.555382, 34.075888], "confidence_tier": "high", "sources": {"heuristic": 0, "cnn": 1, "margin": 1.0}, "footprint_source": "osm"}}, {"type": "Feature", "geometry": {"type": "Polygon", "coordinates": [[[-118.56392590000002, 34.0738805], [-118.56392470000002, 34.073867], [-118.5639354, 34.0738579], [-118.5639477, 34.0738573], [-118.56395890000002, 34.0738645], [-118.56396100000002, 34.0738778], [-118.5639507, 34.07388749999999], [-118.5639363, 34.073887799999994], [-118.56392590000002, 34.0738805]]]}, "properties": {"id": "palisades-000759", "damage_class": 1, "damage_label": "minor-damage", "confidence": 1.0, "area_m2": 8.89, "centroid": [-118.563943, 34.073873], "confidence_tier": "review", "sources": {"heuristic": 1, "cnn": 1, "margin": 1.0}, "footprint_source": "osm"}}, {"type": "Feature", "geometry": {"type": "Polygon", "coordinates": [[[-118.56204420000002, 34.0744025], [-118.5620827, 34.0744719], [-118.5617987, 34.0745811], [-118.56176739999998, 34.074524800000006], [-118.5618322, 34.0744999], [-118.5618031, 34.07444749999999], [-118.56195869999999, 34.074387699999996], [-118.5619805, 34.0744269], [-118.56204420000002, 34.0744025]]]}, "properties": {"id": "palisades-000760", "damage_class": 0, "damage_label": "no-damage", "confidence": 1.0, "area_m2": 310.26, "centroid": [-118.561918, 34.074478], "confidence_tier": "high", "sources": {"heuristic": 0, "cnn": 0, "margin": 1.0}, "footprint_source": "osm"}}, {"type": "Feature", "geometry": {"type": "Polygon", "coordinates": [[[-118.55211700000001, 34.0751204], [-118.55216709999999, 34.0751622], [-118.55217220000002, 34.07515800000001], [-118.5522021, 34.075182999999996], [-118.55219170000001, 34.07519159999999], [-118.5521961, 34.075195199999996], [-118.5520565, 34.075308899999996], [-118.55197339999998, 34.0752396], [-118.55211700000001, 34.0751204]]]}, "properties": {"id": "palisades-000761", "damage_class": 0, "damage_label": "no-damage", "confidence": 0.85, "area_m2": 207.08, "centroid": [-118.552088, 34.075214], "confidence_tier": "high", "sources": {"heuristic": 1, "cnn": 0, "margin": 1.0}, "footprint_source": "osm"}}, {"type": "Feature", "geometry": {"type": "Polygon", "coordinates": [[[-118.5626937, 34.07307290000001], [-118.56272040000002, 34.073062500000006], [-118.5627633, 34.07313799999999], [-118.5625767, 34.07320810000001], [-118.5625178, 34.073106], [-118.56267700000001, 34.0730434], [-118.5626937, 34.07307290000001]]]}, "properties": {"id": "palisades-000762", "damage_class": 0, "damage_label": "no-damage", "confidence": 1.0, "area_m2": 229.51, "centroid": [-118.562638, 34.073124], "confidence_tier": "high", "sources": {"heuristic": 0, "cnn": 0, "margin": 1.0}, "footprint_source": "osm"}}, {"type": "Feature", "geometry": {"type": "Polygon", "coordinates": [[[-118.5603802, 34.0724734], [-118.5604261, 34.0724811], [-118.5604362, 34.0724392], [-118.5606372, 34.07247299999999], [-118.56061940000001, 34.07254639999999], [-118.5605583, 34.072536199999995], [-118.56054710000001, 34.072582499999996], [-118.5603614, 34.07255129999999], [-118.5603802, 34.0724734]]]}, "properties": {"id": "palisades-000763", "damage_class": 0, "damage_label": "no-damage", "confidence": 1.0, "area_m2": 264.32, "centroid": [-118.560497, 34.07251], "confidence_tier": "high", "sources": {"heuristic": 0, "cnn": 0, "margin": 1.0}, "footprint_source": "osm"}}, {"type": "Feature", "geometry": {"type": "Polygon", "coordinates": [[[-118.5493185, 34.0768621], [-118.5493086, 34.07685909999999], [-118.54930240000002, 34.0768734], [-118.5492783, 34.0768662], [-118.5492843, 34.0768522], [-118.5492333, 34.076837], [-118.54924999999999, 34.07679829999999], [-118.549335, 34.0768236], [-118.5493185, 34.0768621]]]}, "properties": {"id": "palisades-000764", "damage_class": 0, "damage_label": "no-damage", "confidence": 1.0, "area_m2": 41.9, "centroid": [-118.549285, 34.076833], "confidence_tier": "high", "sources": {"heuristic": 0, "cnn": 0, "margin": 1.0}, "footprint_source": "osm"}}, {"type": "Feature", "geometry": {"type": "Polygon", "coordinates": [[[-118.560103, 34.078324900000005], [-118.56013660000002, 34.07834679999999], [-118.5601553, 34.0783269], [-118.5602371, 34.07838], [-118.56012, 34.0785048], [-118.56006790000002, 34.078470900000006], [-118.5600567, 34.0784829], [-118.5599933, 34.078441700000006], [-118.560103, 34.078324900000005]]]}, "properties": {"id": "palisades-000765", "damage_class": 0, "damage_label": "no-damage", "confidence": 0.85, "area_m2": 238.78, "centroid": [-118.560116, 34.078411], "confidence_tier": "high", "sources": {"heuristic": 1, "cnn": 0, "margin": 1.0}, "footprint_source": "osm"}}, {"type": "Feature", "geometry": {"type": "Polygon", "coordinates": [[[-118.5599565, 34.0766392], [-118.560005, 34.0766018], [-118.5599933, 34.07659129999999], [-118.55997140000001, 34.0766082], [-118.5599197, 34.076562], [-118.56004099999998, 34.0764682], [-118.56015340000002, 34.076569], [-118.5600057, 34.076683200000005], [-118.5599565, 34.0766392]]]}, "properties": {"id": "palisades-000766", "damage_class": 0, "damage_label": "no-damage", "confidence": 0.7, "area_m2": 250.8, "centroid": [-118.560034, 34.076572], "confidence_tier": "review", "sources": {"heuristic": 2, "cnn": 0, "margin": 1.0}, "footprint_source": "osm"}}, {"type": "Feature", "geometry": {"type": "Polygon", "coordinates": [[[-118.5593892, 34.0709108], [-118.55938510000001, 34.0709077], [-118.559373, 34.07091879999999], [-118.55922369999999, 34.07080560000001], [-118.55927250000002, 34.07076089999999], [-118.559182, 34.07069229999999], [-118.5592401, 34.0706392], [-118.559484, 34.0708241], [-118.5593892, 34.0709108]]]}, "properties": {"id": "palisades-000767", "damage_class": 0, "damage_label": "no-damage", "confidence": 1.0, "area_m2": 369.98, "centroid": [-118.55933, 34.070787], "confidence_tier": "high", "sources": {"heuristic": 0, "cnn": 0, "margin": 1.0}, "footprint_source": "osm"}}, {"type": "Feature", "geometry": {"type": "Polygon", "coordinates": [[[-118.5597776, 34.0782919], [-118.559812, 34.0782552], [-118.559799, 34.0782468], [-118.55977360000001, 34.0782739], [-118.5597302, 34.078246], [-118.5598581, 34.07810919999999], [-118.5599708, 34.07818159999999], [-118.55983369999998, 34.078328], [-118.5597776, 34.0782919]]]}, "properties": {"id": "palisades-000768", "damage_class": 0, "damage_label": "no-damage", "confidence": 1.0, "area_m2": 255.55, "centroid": [-118.55985, 34.078216], "confidence_tier": "high", "sources": {"heuristic": 0, "cnn": 0, "margin": 1.0}, "footprint_source": "osm"}}, {"type": "Feature", "geometry": {"type": "Polygon", "coordinates": [[[-118.5632778, 34.0783645], [-118.56334869999999, 34.07840709999999], [-118.56336130000001, 34.0783926], [-118.56340150000001, 34.07841680000001], [-118.5633887, 34.07843160000001], [-118.5633948, 34.0784353], [-118.5632547, 34.07859669999999], [-118.56313729999998, 34.0785262], [-118.5632778, 34.0783645]]]}, "properties": {"id": "palisades-000769", "damage_class": 0, "damage_label": "no-damage", "confidence": 0.85, "area_m2": 304.6, "centroid": [-118.563269, 34.078479], "confidence_tier": "high", "sources": {"heuristic": 1, "cnn": 0, "margin": 1.0}, "footprint_source": "osm"}}, {"type": "Feature", "geometry": {"type": "Polygon", "coordinates": [[[-118.55923000000001, 34.07103769999999], [-118.5591248, 34.0711424], [-118.5589745, 34.0710305], [-118.5590024, 34.07100450000001], [-118.5589713, 34.070981499999995], [-118.55905270000001, 34.07090579999999], [-118.55923000000001, 34.07103769999999]]]}, "properties": {"id": "palisades-000770", "damage_class": 0, "damage_label": "no-damage", "confidence": 1.0, "area_m2": 320.17, "centroid": [-118.559093, 34.071024], "confidence_tier": "high", "sources": {"heuristic": 0, "cnn": 0, "margin": 1.0}, "footprint_source": "osm"}}, {"type": "Feature", "geometry": {"type": "Polygon", "coordinates": [[[-118.55367449999999, 34.0739893], [-118.5536862, 34.0739943], [-118.55369819999999, 34.0739747], [-118.5537208, 34.07398429999999], [-118.5537088, 34.0740041], [-118.5537192, 34.074008500000005], [-118.55368920000001, 34.07405760000001], [-118.5536444, 34.0740387], [-118.55367449999999, 34.0739893]]]}, "properties": {"id": "palisades-000771", "damage_class": 0, "damage_label": "no-damage", "confidence": 0.85, "area_m2": 34.16, "centroid": [-118.553685, 34.074018], "confidence_tier": "high", "sources": {"heuristic": 1, "cnn": 0, "margin": 1.0}, "footprint_source": "osm"}}, {"type": "Feature", "geometry": {"type": "Polygon", "coordinates": [[[-118.5611261, 34.0724648], [-118.5610671, 34.0724658], [-118.5610666, 34.072446899999996], [-118.5609529, 34.07244889999999], [-118.560952, 34.0724137], [-118.56089000000001, 34.0724147], [-118.5608883, 34.07234809999999], [-118.56112310000002, 34.0723441], [-118.5611261, 34.0724648]]]}, "properties": {"id": "palisades-000772", "damage_class": 0, "damage_label": "no-damage", "confidence": 0.85, "area_m2": 233.86, "centroid": [-118.56102, 34.072397], "confidence_tier": "high", "sources": {"heuristic": 1, "cnn": 0, "margin": 1.0}, "footprint_source": "osm"}}, {"type": "Feature", "geometry": {"type": "Polygon", "coordinates": [[[-118.5517271, 34.07608820000001], [-118.55176390000001, 34.0761049], [-118.551756, 34.07611690000001], [-118.551761, 34.07611909999999], [-118.55166940000001, 34.07625850000001], [-118.5515656, 34.07621129999999], [-118.5516608, 34.07606499999999], [-118.55172360000002, 34.076093599999986], [-118.5517271, 34.07608820000001]]]}, "properties": {"id": "palisades-000773", "damage_class": 0, "damage_label": "no-damage", "confidence": 1.0, "area_m2": 204.3, "centroid": [-118.551666, 34.076161], "confidence_tier": "high", "sources": {"heuristic": 0, "cnn": 0, "margin": 1.0}, "footprint_source": "osm"}}, {"type": "Feature", "geometry": {"type": "Polygon", "coordinates": [[[-118.56229179999998, 34.075345], [-118.56237099999998, 34.0752181], [-118.56249639999999, 34.07527230000001], [-118.5624915, 34.07528009999999], [-118.562573, 34.07531529999999], [-118.56249870000002, 34.07543439999999], [-118.56229179999998, 34.075345]]]}, "properties": {"id": "palisades-000774", "damage_class": 0, "damage_label": "no-damage", "confidence": 1.0, "area_m2": 332.92, "centroid": [-118.562432, 34.075327], "confidence_tier": "high", "sources": {"heuristic": 0, "cnn": 0, "margin": 1.0}, "footprint_source": "osm"}}, {"type": "Feature", "geometry": {"type": "Polygon", "coordinates": [[[-118.56031340000001, 34.0717391], [-118.5603489, 34.07167290000001], [-118.56042679999999, 34.0717018], [-118.56045, 34.0716585], [-118.5606027, 34.07171509999999], [-118.5605658, 34.07178379999999], [-118.5605262, 34.0717691], [-118.56050420000001, 34.071809999999985], [-118.56031340000001, 34.0717391]]]}, "properties": {"id": "palisades-000775", "damage_class": 0, "damage_label": "no-damage", "confidence": 0.85, "area_m2": 248.69, "centroid": [-118.560462, 34.071732], "confidence_tier": "high", "sources": {"heuristic": 1, "cnn": 0, "margin": 1.0}, "footprint_source": "osm"}}, {"type": "Feature", "geometry": {"type": "Polygon", "coordinates": [[[-118.57232249999998, 34.0772911], [-118.5723384, 34.077345599999994], [-118.5723789, 34.0773374], [-118.57237439999999, 34.077322099999996], [-118.57249070000002, 34.077298500000005], [-118.57252400000002, 34.0774119], [-118.5722443, 34.0774687], [-118.5721996, 34.077316100000004], [-118.57232249999998, 34.0772911]]]}, "properties": {"id": "palisades-000776", "damage_class": 0, "damage_label": "no-damage", "confidence": 0.7, "area_m2": 389.51, "centroid": [-118.572354, 34.077376], "confidence_tier": "review", "sources": {"heuristic": 2, "cnn": 0, "margin": 1.0}, "footprint_source": "osm"}}, {"type": "Feature", "geometry": {"type": "Polygon", "coordinates": [[[-118.5596318, 34.071313], [-118.5597081, 34.07124189999999], [-118.5597276, 34.07125649999999], [-118.5597596, 34.0712266], [-118.55991559999998, 34.0713424], [-118.559892, 34.0713644], [-118.55988790000002, 34.07136129999999], [-118.5598032, 34.0714403], [-118.5596318, 34.071313]]]}, "properties": {"id": "palisades-000777", "damage_class": 0, "damage_label": "no-damage", "confidence": 1.0, "area_m2": 309.06, "centroid": [-118.559774, 34.07133], "confidence_tier": "high", "sources": {"heuristic": 0, "cnn": 0, "margin": 1.0}, "footprint_source": "osm"}}, {"type": "Feature", "geometry": {"type": "Polygon", "coordinates": [[[-118.5634332, 34.0735752], [-118.5633522, 34.0736078], [-118.56331720000001, 34.0735474], [-118.5632669, 34.0735676], [-118.5631913, 34.0734372], [-118.563275, 34.07340360000001], [-118.563294, 34.0734363], [-118.56334149999999, 34.07341720000001], [-118.5634332, 34.0735752]]]}, "properties": {"id": "palisades-000778", "damage_class": 0, "damage_label": "no-damage", "confidence": 1.0, "area_m2": 258.07, "centroid": [-118.563313, 34.073501], "confidence_tier": "high", "sources": {"heuristic": 0, "cnn": 0, "margin": 1.0}, "footprint_source": "osm"}}, {"type": "Feature", "geometry": {"type": "Polygon", "coordinates": [[[-118.5606363, 34.0724044], [-118.56066, 34.0724082], [-118.56064979999998, 34.072452299999995], [-118.5604134, 34.07241439999999], [-118.56042460000002, 34.0723663], [-118.56040940000001, 34.0723638], [-118.5604233, 34.07230400000001], [-118.5606511, 34.07234059999999], [-118.5606363, 34.0724044]]]}, "properties": {"id": "palisades-000779", "damage_class": 0, "damage_label": "no-damage", "confidence": 1.0, "area_m2": 264.42, "centroid": [-118.560533, 34.072378], "confidence_tier": "high", "sources": {"heuristic": 0, "cnn": 0, "margin": 1.0}, "footprint_source": "osm"}}, {"type": "Feature", "geometry": {"type": "Polygon", "coordinates": [[[-118.5607441, 34.07299160000001], [-118.560666, 34.0731225], [-118.5606028, 34.073097999999995], [-118.5605824, 34.07313429999999], [-118.56052340000001, 34.0731114], [-118.560618, 34.07294269999999], [-118.5607441, 34.07299160000001]]]}, "properties": {"id": "palisades-000780", "damage_class": 0, "damage_label": "no-damage", "confidence": 1.0, "area_m2": 229.86, "centroid": [-118.560634, 34.073041], "confidence_tier": "high", "sources": {"heuristic": 0, "cnn": 0, "margin": 1.0}, "footprint_source": "osm"}}, {"type": "Feature", "geometry": {"type": "Polygon", "coordinates": [[[-118.5515348, 34.0766585], [-118.55162800000001, 34.07650989999999], [-118.55169129999999, 34.07653739999999], [-118.55169480000002, 34.07653169999999], [-118.55173189999998, 34.0765478], [-118.5517244, 34.0765598], [-118.5517292, 34.07656159999999], [-118.5516399, 34.0767041], [-118.5515348, 34.0766585]]]}, "properties": {"id": "palisades-000781", "damage_class": 0, "damage_label": "no-damage", "confidence": 1.0, "area_m2": 205.63, "centroid": [-118.551635, 34.076606], "confidence_tier": "high", "sources": {"heuristic": 0, "cnn": 0, "margin": 1.0}, "footprint_source": "osm"}}, {"type": "Feature", "geometry": {"type": "Polygon", "coordinates": [[[-118.5609652, 34.070251999999996], [-118.5608302, 34.07038180000001], [-118.560793, 34.07035510000001], [-118.560754, 34.070392600000005], [-118.56069460000002, 34.07034980000001], [-118.56069820000002, 34.0703465], [-118.5606867, 34.070338199999995], [-118.5608572, 34.0701742], [-118.5609652, 34.070251999999996]]]}, "properties": {"id": "palisades-000782", "damage_class": 0, "damage_label": "no-damage", "confidence": 0.85, "area_m2": 297.92, "centroid": [-118.560827, 34.070289], "confidence_tier": "high", "sources": {"heuristic": 1, "cnn": 0, "margin": 1.0}, "footprint_source": "osm"}}, {"type": "Feature", "geometry": {"type": "Polygon", "coordinates": [[[-118.5726538, 34.078336099999994], [-118.5726572, 34.078341599999995], [-118.57273910000002, 34.0782904], [-118.57278570000001, 34.0783421], [-118.57269410000002, 34.078399299999994], [-118.5727123, 34.07842970000001], [-118.57263639999998, 34.07846109999999], [-118.57257870000001, 34.0783683], [-118.5726538, 34.078336099999994]]]}, "properties": {"id": "palisades-000783", "damage_class": 0, "damage_label": "no-damage", "confidence": 0.85, "area_m2": 163.01, "centroid": [-118.572678, 34.078375], "confidence_tier": "high", "sources": {"heuristic": 1, "cnn": 0, "margin": 1.0}, "footprint_source": "osm"}}, {"type": "Feature", "geometry": {"type": "Polygon", "coordinates": [[[-118.54960640000002, 34.07135619999999], [-118.5495838, 34.0713614], [-118.54956109999999, 34.0713538], [-118.54954880000001, 34.0713347], [-118.54955699999998, 34.0713137], [-118.5495804, 34.0713059], [-118.54960660000002, 34.0713123], [-118.549617, 34.0713323], [-118.54960640000002, 34.07135619999999]]]}, "properties": {"id": "palisades-000784", "damage_class": 1, "damage_label": "minor-damage", "confidence": 0.85, "area_m2": 28.17, "centroid": [-118.549583, 34.071333], "confidence_tier": "high", "sources": {"heuristic": 0, "cnn": 1, "margin": 1.0}, "footprint_source": "osm"}}, {"type": "Feature", "geometry": {"type": "Polygon", "coordinates": [[[-118.56095760000001, 34.0739328], [-118.5609127, 34.0739723], [-118.56078620000001, 34.0738726], [-118.5608778, 34.07379209999999], [-118.56106619999998, 34.07393179999999], [-118.56101429999998, 34.073977400000004], [-118.56095760000001, 34.0739328]]]}, "properties": {"id": "palisades-000785", "damage_class": 0, "damage_label": "no-damage", "confidence": 1.0, "area_m2": 249.96, "centroid": [-118.560919, 34.073892], "confidence_tier": "high", "sources": {"heuristic": 0, "cnn": 0, "margin": 1.0}, "footprint_source": "osm"}}, {"type": "Feature", "geometry": {"type": "Polygon", "coordinates": [[[-118.55027879999999, 34.0755124], [-118.55034180000001, 34.07547859999999], [-118.5503375, 34.075473], [-118.55037140000002, 34.075454799999996], [-118.55048819999999, 34.0755999], [-118.55038830000001, 34.075653499999994], [-118.55027879999999, 34.0755124]]]}, "properties": {"id": "palisades-000786", "damage_class": 0, "damage_label": "no-damage", "confidence": 0.85, "area_m2": 206.38, "centroid": [-118.550383, 34.075556], "confidence_tier": "high", "sources": {"heuristic": 1, "cnn": 0, "margin": 1.0}, "footprint_source": "osm"}}, {"type": "Feature", "geometry": {"type": "Polygon", "coordinates": [[[-118.56010249999999, 34.0735471], [-118.56009049999999, 34.073539499999995], [-118.56013480000001, 34.073491000000004], [-118.56027550000002, 34.073580099999994], [-118.56024010000002, 34.0736188], [-118.56030349999999, 34.07365899999999], [-118.56025729999999, 34.0737095], [-118.5600651, 34.0735879], [-118.56010249999999, 34.0735471]]]}, "properties": {"id": "palisades-000787", "damage_class": 0, "damage_label": "no-damage", "confidence": 1.0, "area_m2": 246.93, "centroid": [-118.560185, 34.073598], "confidence_tier": "high", "sources": {"heuristic": 0, "cnn": 0, "margin": 1.0}, "footprint_source": "osm"}}, {"type": "Feature", "geometry": {"type": "Polygon", "coordinates": [[[-118.55158270000001, 34.06707479999999], [-118.5515591, 34.067063299999994], [-118.5515504, 34.0670373], [-118.55156709999999, 34.0670137], [-118.55159680000001, 34.06700759999999], [-118.55162520000002, 34.06702210000001], [-118.55163120000002, 34.0670468], [-118.5516152, 34.06706869999999], [-118.55158270000001, 34.06707479999999]]]}, "properties": {"id": "palisades-000788", "damage_class": 0, "damage_label": "no-damage", "confidence": 1.0, "area_m2": 40.46, "centroid": [-118.551591, 34.067041], "confidence_tier": "high", "sources": {"heuristic": 0, "cnn": 0, "margin": 1.0}, "footprint_source": "osm"}}, {"type": "Feature", "geometry": {"type": "Polygon", "coordinates": [[[-118.5596217, 34.076339], [-118.559646, 34.07628920000001], [-118.5597668, 34.0763301], [-118.5596865, 34.07649409999999], [-118.55961829999998, 34.076471], [-118.55962300000002, 34.0764615], [-118.55955610000001, 34.07643879999999], [-118.5596073, 34.0763341], [-118.5596217, 34.076339]]]}, "properties": {"id": "palisades-000789", "damage_class": 0, "damage_label": "no-damage", "confidence": 1.0, "area_m2": 248.26, "centroid": [-118.559662, 34.07639], "confidence_tier": "high", "sources": {"heuristic": 0, "cnn": 0, "margin": 1.0}, "footprint_source": "osm"}}, {"type": "Feature", "geometry": {"type": "Polygon", "coordinates": [[[-118.55263150000002, 34.0754692], [-118.55265730000002, 34.07548460000001], [-118.55264800000002, 34.075495399999994], [-118.5526548, 34.07549949999999], [-118.5525413, 34.075630499999995], [-118.55244460000002, 34.07557249999999], [-118.5525606, 34.0754362], [-118.5526261, 34.0754755], [-118.55263150000002, 34.0754692]]]}, "properties": {"id": "palisades-000790", "damage_class": 0, "damage_label": "no-damage", "confidence": 1.0, "area_m2": 207.26, "centroid": [-118.552552, 34.075533], "confidence_tier": "high", "sources": {"heuristic": 0, "cnn": 0, "margin": 1.0}, "footprint_source": "osm"}}, {"type": "Feature", "geometry": {"type": "Polygon", "coordinates": [[[-118.56293500000001, 34.075494799999994], [-118.5629342, 34.07524029999999], [-118.5629175, 34.0752404], [-118.56291730000001, 34.075178799999996], [-118.56308749999998, 34.0751784], [-118.56309429999999, 34.0754944], [-118.56293500000001, 34.075494799999994]]]}, "properties": {"id": "palisades-000791", "damage_class": 0, "damage_label": "no-damage", "confidence": 0.85, "area_m2": 514.91, "centroid": [-118.563011, 34.075335], "confidence_tier": "high", "sources": {"heuristic": 1, "cnn": 0, "margin": 1.0}, "footprint_source": "osm"}}, {"type": "Feature", "geometry": {"type": "Polygon", "coordinates": [[[-118.5532267, 34.0754602], [-118.5531748, 34.075408800000005], [-118.5533473, 34.075273200000005], [-118.5534555, 34.075366], [-118.5534849, 34.0754106], [-118.5532297, 34.0755333], [-118.5531897, 34.075478], [-118.5532267, 34.0754602]]]}, "properties": {"id": "palisades-000792", "damage_class": 0, "damage_label": "no-damage", "confidence": 0.85, "area_m2": 419.58, "centroid": [-118.553321, 34.075404], "confidence_tier": "high", "sources": {"heuristic": 1, "cnn": 0, "margin": 1.0}, "footprint_source": "osm"}}, {"type": "Feature", "geometry": {"type": "Polygon", "coordinates": [[[-118.5511171, 34.0675596], [-118.5511226, 34.0675676], [-118.5511505, 34.0675545], [-118.5511568, 34.06756359999999], [-118.55119619999999, 34.067545], [-118.5512303, 34.0675947], [-118.5510862, 34.067662599999984], [-118.55104020000002, 34.06759579999999], [-118.5511171, 34.0675596]]]}, "properties": {"id": "palisades-000793", "damage_class": 0, "damage_label": "no-damage", "confidence": 0.7, "area_m2": 118.34, "centroid": [-118.551133, 34.0676], "confidence_tier": "review", "sources": {"heuristic": 3, "cnn": 0, "margin": 1.0}, "footprint_source": "osm"}}, {"type": "Feature", "geometry": {"type": "Polygon", "coordinates": [[[-118.5643336, 34.080069099999996], [-118.5643542, 34.08006819999999], [-118.56435449999998, 34.0800733], [-118.564482, 34.0800674], [-118.5644851, 34.080191000000006], [-118.56447170000001, 34.080191600000006], [-118.56449300000001, 34.0802514], [-118.5645616, 34.0802344], [-118.56457130000001, 34.0802619], [-118.5646014, 34.0802545], [-118.5646, 34.0802506], [-118.564633, 34.0802424], [-118.56462379999999, 34.08021670000001], [-118.56469400000002, 34.0801994], [-118.56467660000001, 34.08015069999999], [-118.5646957, 34.080145999999985], [-118.5646902, 34.08013059999999], [-118.5645741, 34.080137400000005], [-118.56456860000002, 34.0800715], [-118.5645825, 34.0800707], [-118.56458150000002, 34.080058799999996], [-118.56457370000001, 34.08001389999999], [-118.5645664, 34.0800143], [-118.56456380000002, 34.0799831], [-118.56455909999998, 34.0799834], [-118.56455629999999, 34.0799504], [-118.56459929999998, 34.0799479], [-118.5645989, 34.0799424], [-118.5646225, 34.079941], [-118.56462320000001, 34.079949], [-118.56463619999998, 34.0799483], [-118.5646356, 34.0799407], [-118.5647801, 34.079935899999995], [-118.56478409999998, 34.07998040000001], [-118.56475190000002, 34.0799824], [-118.5647533, 34.079998599999996], [-118.56476180000001, 34.079998100000005], [-118.56476430000001, 34.0800258], [-118.5647706, 34.0800254], [-118.5647741, 34.08006439999999], [-118.5647743, 34.08009559999999], [-118.56475580000001, 34.080096700000006], [-118.5647587, 34.080129100000015], [-118.5648058, 34.080278699999994], [-118.56473660000002, 34.0802999], [-118.56475679999998, 34.080365199999996], [-118.5647167, 34.08037379999999], [-118.56471170000002, 34.08035769999999], [-118.56468350000002, 34.08036380000001], [-118.56470270000001, 34.0804257], [-118.5646537, 34.080436199999994], [-118.56463709999998, 34.08039740000001], [-118.5646128, 34.0804026], [-118.56460760000002, 34.08038609999999], [-118.56453690000001, 34.08040139999999], [-118.56452930000002, 34.080377099999986], [-118.564523, 34.080378399999994], [-118.56452009999998, 34.0803544], [-118.5644949, 34.080359800000004], [-118.5644922, 34.0803511], [-118.5644476, 34.0803607], [-118.5644155, 34.0802575], [-118.5644068, 34.0802593], [-118.56440030000002, 34.080238400000006], [-118.5644047, 34.0802374], [-118.56439919999998, 34.08021959999999], [-118.5644302, 34.08021290000001], [-118.56442520000002, 34.080197], [-118.5642876, 34.0802034], [-118.5642873, 34.08019889999999], [-118.564261, 34.0802001], [-118.56425809999999, 34.08015809999999], [-118.5642942, 34.0801593], [-118.56429260000002, 34.0801356], [-118.5642777, 34.08013629999999], [-118.56427619999998, 34.0801151], [-118.56429610000002, 34.0801142], [-118.5642937, 34.080078], [-118.56433400000002, 34.08007610000001], [-118.5643336, 34.080069099999996]]]}, "properties": {"id": "palisades-000794", "damage_class": 0, "damage_label": "no-damage", "confidence": 0.85, "area_m2": 1291.39, "centroid": [-118.564586, 34.080179], "confidence_tier": "high", "sources": {"heuristic": 1, "cnn": 0, "margin": 1.0}, "footprint_source": "osm"}}, {"type": "Feature", "geometry": {"type": "Polygon", "coordinates": [[[-118.5211215, 34.081010899999995], [-118.521155, 34.0810812], [-118.52113890000001, 34.0810865], [-118.5211451, 34.0810994], [-118.5211342, 34.0811029], [-118.52113980000001, 34.0811148], [-118.5211263, 34.0811193], [-118.52112120000001, 34.0811087], [-118.52108790000001, 34.081119699999995], [-118.5210815, 34.081106199999994], [-118.5209863, 34.0811385], [-118.5209521, 34.081066700000015], [-118.5211215, 34.081010899999995]]]}, "properties": {"id": "palisades-000795", "damage_class": 3, "damage_label": "destroyed", "confidence": 0.7, "area_m2": 153.47, "centroid": [-118.521058, 34.081077], "confidence_tier": "review", "sources": {"heuristic": 0, "cnn": 3, "margin": 1.0}, "footprint_source": "osm"}}, {"type": "Feature", "geometry": {"type": "Polygon", "coordinates": [[[-118.52077490000002, 34.0806269], [-118.52076560000002, 34.0806093], [-118.5208096, 34.080593300000004], [-118.52081879999999, 34.0806106], [-118.52096099999999, 34.08055859999999], [-118.52096330000002, 34.0805631], [-118.5210145, 34.080544399999994], [-118.52118540000001, 34.0808679], [-118.5211291, 34.0808885], [-118.52111870000002, 34.0808688], [-118.52092580000001, 34.080940000000005], [-118.5207627, 34.0806314], [-118.52077490000002, 34.0806269]]]}, "properties": {"id": "palisades-000796", "damage_class": 0, "damage_label": "no-damage", "confidence": 1.0, "area_m2": 960.14, "centroid": [-118.52097, 34.080741], "confidence_tier": "high", "sources": {"heuristic": 0, "cnn": 0, "margin": 1.0}, "footprint_source": "osm"}}, {"type": "Feature", "geometry": {"type": "Polygon", "coordinates": [[[-118.5620873, 34.0697478], [-118.5620948, 34.069743499999994], [-118.5620801, 34.06972530000001], [-118.5620958, 34.06971649999999], [-118.5620837, 34.06970139999999], [-118.56207720000002, 34.06970499999999], [-118.56205, 34.0696714], [-118.56210000000002, 34.0696434], [-118.56201630000001, 34.069540100000005], [-118.5620342, 34.069530099999994], [-118.5620285, 34.0695231], [-118.5620693, 34.06950019999999], [-118.56215790000002, 34.0696097], [-118.5621668, 34.0696047], [-118.56224790000002, 34.0697047], [-118.56211350000001, 34.069780099999996], [-118.5620873, 34.0697478]]]}, "properties": {"id": "palisades-000797", "damage_class": 3, "damage_label": "destroyed", "confidence": 0.7, "area_m2": 277.26, "centroid": [-118.562126, 34.069651], "confidence_tier": "review", "sources": {"heuristic": 0, "cnn": 3, "margin": 1.0}, "footprint_source": "osm"}}, {"type": "Feature", "geometry": {"type": "Polygon", "coordinates": [[[-118.572751, 34.0769165], [-118.57273920000002, 34.0768752], [-118.5726428, 34.0768943], [-118.5726232, 34.0768819], [-118.5726184, 34.07686710000001], [-118.5726256, 34.076853299999996], [-118.57257689999999, 34.0768622], [-118.5725653, 34.0768182], [-118.5726296, 34.07680639999999], [-118.5726167, 34.0767577], [-118.57276859999999, 34.07673], [-118.5727907, 34.076814], [-118.57284510000001, 34.0768041], [-118.57285230000001, 34.07683149999999], [-118.57288860000001, 34.07682489999999], [-118.57290039999998, 34.07683339999999], [-118.5729149, 34.07688400000001], [-118.572751, 34.0769165]]]}, "properties": {"id": "palisades-000798", "damage_class": 0, "damage_label": "no-damage", "confidence": 1.0, "area_m2": 367.95, "centroid": [-118.572735, 34.07683], "confidence_tier": "high", "sources": {"heuristic": 0, "cnn": 0, "margin": 1.0}, "footprint_source": "osm"}}, {"type": "Feature", "geometry": {"type": "Polygon", "coordinates": [[[-118.5645571, 34.0724657], [-118.564563, 34.0724627], [-118.5645871, 34.07249579999999], [-118.5645264, 34.072522600000006], [-118.5645288, 34.0725258], [-118.56448639999999, 34.07254729999999], [-118.56442880000002, 34.0724593], [-118.5645219, 34.0724173], [-118.5645571, 34.0724657]]]}, "properties": {"id": "palisades-000799", "damage_class": 1, "damage_label": "minor-damage", "confidence": 0.7, "area_m2": 107.44, "centroid": [-118.564506, 34.072481], "confidence_tier": "review", "sources": {"heuristic": 3, "cnn": 1, "margin": 1.0}, "footprint_source": "osm"}}, {"type": "Feature", "geometry": {"type": "Polygon", "coordinates": [[[-118.51967420000001, 34.08246350000001], [-118.519704, 34.0824601], [-118.5197295, 34.08247349999999], [-118.5197377, 34.0825037], [-118.5197217, 34.08252489999999], [-118.51969300000002, 34.0825325], [-118.5196599, 34.0825184], [-118.51965170000001, 34.0824882], [-118.51967420000001, 34.08246350000001]]]}, "properties": {"id": "palisades-000800", "damage_class": 1, "damage_label": "minor-damage", "confidence": 0.85, "area_m2": 51.26, "centroid": [-118.519695, 34.082496], "confidence_tier": "high", "sources": {"heuristic": 0, "cnn": 1, "margin": 1.0}, "footprint_source": "osm"}}, {"type": "Feature", "geometry": {"type": "Polygon", "coordinates": [[[-118.56228390000001, 34.0694033], [-118.5623257, 34.0694544], [-118.56230709999998, 34.06946490000001], [-118.5623858, 34.069561], [-118.56239460000002, 34.06955599999999], [-118.56241020000002, 34.069575], [-118.5624166, 34.069571399999994], [-118.56244209999998, 34.0696024], [-118.56241630000001, 34.069617], [-118.5624815, 34.0696965], [-118.56247500000002, 34.069700199999986], [-118.5624997, 34.06973039999999], [-118.5624482, 34.0697597], [-118.5624961, 34.06981819999999], [-118.5623015, 34.0699286], [-118.56225060000001, 34.06986659999999], [-118.56223359999998, 34.06987629999999], [-118.5622385, 34.0698822], [-118.56219730000001, 34.069905600000006], [-118.5621074, 34.06979590000001], [-118.5621692, 34.06976079999999], [-118.56221250000002, 34.0698136], [-118.56226800000002, 34.069782], [-118.5622748, 34.069790299999994], [-118.56234880000001, 34.069748299999986], [-118.5623414, 34.06973930000001], [-118.5623999, 34.0697061], [-118.56235449999998, 34.06965070000001], [-118.5623079, 34.069677099999986], [-118.56214710000002, 34.069480999999996], [-118.56228390000001, 34.0694033]]]}, "properties": {"id": "palisades-000801", "damage_class": 0, "damage_label": "no-damage", "confidence": 1.0, "area_m2": 886.08, "centroid": [-118.562316, 34.06969], "confidence_tier": "high", "sources": {"heuristic": 0, "cnn": 0, "margin": 1.0}, "footprint_source": "osm"}}, {"type": "Feature", "geometry": {"type": "Polygon", "coordinates": [[[-118.51899799999998, 34.0831794], [-118.5190379, 34.083166899999995], [-118.5190692, 34.0831735], [-118.51908590000001, 34.083185], [-118.519097, 34.083200500000004], [-118.5191001, 34.0832272], [-118.5190792, 34.083258199999996], [-118.51903930000002, 34.0832707], [-118.519008, 34.08326400000001], [-118.5189912, 34.0832526], [-118.51898020000002, 34.0832371], [-118.518977, 34.0832103], [-118.51899799999998, 34.0831794]]]}, "properties": {"id": "palisades-000802", "damage_class": 3, "damage_label": "destroyed", "confidence": 0.7, "area_m2": 103.59, "centroid": [-118.519039, 34.083219], "confidence_tier": "review", "sources": {"heuristic": 0, "cnn": 3, "margin": 1.0}, "footprint_source": "osm"}}, {"type": "Feature", "geometry": {"type": "Polygon", "coordinates": [[[-118.51991960000001, 34.0799297], [-118.5199581, 34.07990689999999], [-118.52007350000001, 34.08004189999999], [-118.5200355, 34.0800653], [-118.51991960000001, 34.0799297]]]}, "properties": {"id": "palisades-000803", "damage_class": 3, "damage_label": "destroyed", "confidence": 0.7, "area_m2": 80.31, "centroid": [-118.519997, 34.079986], "confidence_tier": "review", "sources": {"heuristic": 0, "cnn": 3, "margin": 1.0}, "footprint_source": "osm"}}, {"type": "Feature", "geometry": {"type": "Polygon", "coordinates": [[[-118.5206563, 34.0803669], [-118.52076440000002, 34.0803159], [-118.5207931, 34.080358], [-118.5206851, 34.080409], [-118.5206563, 34.0803669]]]}, "properties": {"id": "palisades-000804", "damage_class": 3, "damage_label": "destroyed", "confidence": 0.7, "area_m2": 61.56, "centroid": [-118.520725, 34.080362], "confidence_tier": "review", "sources": {"heuristic": 0, "cnn": 3, "margin": 1.0}, "footprint_source": "osm"}}, {"type": "Feature", "geometry": {"type": "Polygon", "coordinates": [[[-118.5679735, 34.0718569], [-118.568032, 34.07182819999999], [-118.56807080000002, 34.071883099999994], [-118.5680124, 34.071911799999995], [-118.5679735, 34.0718569]]]}, "properties": {"id": "palisades-000805", "damage_class": 0, "damage_label": "no-damage", "confidence": 1.0, "area_m2": 44.26, "centroid": [-118.568022, 34.07187], "confidence_tier": "high", "sources": {"heuristic": 0, "cnn": 0, "margin": 1.0}, "footprint_source": "osm"}}, {"type": "Feature", "geometry": {"type": "Polygon", "coordinates": [[[-118.54882249999999, 34.08642370000001], [-118.5487796, 34.086416500000006], [-118.5487865, 34.08638779999998], [-118.5488294, 34.086395], [-118.54882249999999, 34.08642370000001]]]}, "properties": {"id": "palisades-000806", "damage_class": 3, "damage_label": "destroyed", "confidence": 0.7, "area_m2": 13.11, "centroid": [-118.548804, 34.086406], "confidence_tier": "review", "sources": {"heuristic": 0, "cnn": 3, "margin": 1.0}, "footprint_source": "osm"}}, {"type": "Feature", "geometry": {"type": "Polygon", "coordinates": [[[-118.5213391, 34.082649200000006], [-118.5212989, 34.082605900000004], [-118.52134580000002, 34.0825754], [-118.52138619999998, 34.082619], [-118.5213391, 34.082649200000006]]]}, "properties": {"id": "palisades-000807", "damage_class": 3, "damage_label": "destroyed", "confidence": 0.7, "area_m2": 33.42, "centroid": [-118.521343, 34.082612], "confidence_tier": "review", "sources": {"heuristic": 0, "cnn": 3, "margin": 1.0}, "footprint_source": "osm"}}, {"type": "Feature", "geometry": {"type": "Polygon", "coordinates": [[[-118.5212651, 34.08227140000001], [-118.52133519999998, 34.082257299999995], [-118.52134700000002, 34.082297499999996], [-118.5212768, 34.08231169999999], [-118.5212651, 34.08227140000001]]]}, "properties": {"id": "palisades-000808", "damage_class": 3, "damage_label": "destroyed", "confidence": 0.7, "area_m2": 30.6, "centroid": [-118.521306, 34.082284], "confidence_tier": "review", "sources": {"heuristic": 0, "cnn": 3, "margin": 1.0}, "footprint_source": "osm"}}, {"type": "Feature", "geometry": {"type": "Polygon", "coordinates": [[[-118.5215797, 34.08252949999999], [-118.5215727, 34.08248679999999], [-118.52175000000001, 34.08246650000001], [-118.52175669999998, 34.08250689999999], [-118.5215797, 34.08252949999999]]]}, "properties": {"id": "palisades-000809", "damage_class": 3, "damage_label": "destroyed", "confidence": 0.7, "area_m2": 76.84, "centroid": [-118.521664, 34.082498], "confidence_tier": "review", "sources": {"heuristic": 0, "cnn": 3, "margin": 1.0}, "footprint_source": "osm"}}, {"type": "Feature", "geometry": {"type": "Polygon", "coordinates": [[[-118.52121240000001, 34.08058589999999], [-118.5212473, 34.0805749], [-118.5212675, 34.0806191], [-118.5212326, 34.08063009999999], [-118.52121240000001, 34.08058589999999]]]}, "properties": {"id": "palisades-000810", "damage_class": 3, "damage_label": "destroyed", "confidence": 0.7, "area_m2": 18.06, "centroid": [-118.52124, 34.080602], "confidence_tier": "review", "sources": {"heuristic": 0, "cnn": 3, "margin": 1.0}, "footprint_source": "osm"}}, {"type": "Feature", "geometry": {"type": "Polygon", "coordinates": [[[-118.52106450000001, 34.08047099999999], [-118.52108190000001, 34.080506899999996], [-118.52104829999999, 34.0805182], [-118.521031, 34.0804823], [-118.52106450000001, 34.08047099999999]]]}, "properties": {"id": "palisades-000811", "damage_class": 1, "damage_label": "minor-damage", "confidence": 0.85, "area_m2": 14.33, "centroid": [-118.521056, 34.080495], "confidence_tier": "high", "sources": {"heuristic": 0, "cnn": 1, "margin": 1.0}, "footprint_source": "osm"}}, {"type": "Feature", "geometry": {"type": "Polygon", "coordinates": [[[-118.5219632, 34.08287670000001], [-118.521704, 34.0829009], [-118.5216944, 34.08282989999999], [-118.5219536, 34.08280559999999], [-118.5219632, 34.08287670000001]]]}, "properties": {"id": "palisades-000812", "damage_class": 0, "damage_label": "no-damage", "confidence": 1.0, "area_m2": 190.86, "centroid": [-118.521829, 34.082853], "confidence_tier": "high", "sources": {"heuristic": 0, "cnn": 0, "margin": 1.0}, "footprint_source": "osm"}}, {"type": "Feature", "geometry": {"type": "Polygon", "coordinates": [[[-118.5211141, 34.080518999999995], [-118.5211501, 34.080598], [-118.5211265, 34.080605399999996], [-118.521148, 34.08065260000001], [-118.5211046, 34.0806667], [-118.5210469, 34.080540199999994], [-118.5211141, 34.080518999999995]]]}, "properties": {"id": "palisades-000813", "damage_class": 0, "damage_label": "no-damage", "confidence": 1.0, "area_m2": 86.27, "centroid": [-118.521103, 34.080588], "confidence_tier": "high", "sources": {"heuristic": 0, "cnn": 0, "margin": 1.0}, "footprint_source": "osm"}}, {"type": "Feature", "geometry": {"type": "Polygon", "coordinates": [[[-118.5495789, 34.0612669], [-118.54958210000001, 34.061263200000006], [-118.5496734, 34.061317299999985], [-118.54958630000002, 34.061419099999995], [-118.54964000000001, 34.0614509], [-118.54959050000001, 34.0615087], [-118.54939340000001, 34.061386500000005], [-118.54952360000001, 34.0612342], [-118.5495789, 34.0612669]]]}, "properties": {"id": "palisades-000814", "damage_class": 0, "damage_label": "no-damage", "confidence": 0.85, "area_m2": 397.8, "centroid": [-118.549539, 34.061367], "confidence_tier": "high", "sources": {"heuristic": 1, "cnn": 0, "margin": 1.0}, "footprint_source": "osm"}}, {"type": "Feature", "geometry": {"type": "Polygon", "coordinates": [[[-118.54244299999999, 34.0601123], [-118.5424477, 34.0601292], [-118.5424893, 34.0601213], [-118.54250870000001, 34.0601921], [-118.54255910000002, 34.0601826], [-118.5425789, 34.06025509999999], [-118.5424822, 34.0602735], [-118.5424806, 34.0602677], [-118.54233089999998, 34.06029670000001], [-118.54228850000001, 34.060141699999996], [-118.54244299999999, 34.0601123]]]}, "properties": {"id": "palisades-000815", "damage_class": 0, "damage_label": "no-damage", "confidence": 1.0, "area_m2": 361.53, "centroid": [-118.542422, 34.060205], "confidence_tier": "high", "sources": {"heuristic": 0, "cnn": 0, "margin": 1.0}, "footprint_source": "osm"}}, {"type": "Feature", "geometry": {"type": "Polygon", "coordinates": [[[-118.5422395, 34.060625400000006], [-118.54224409999999, 34.06062730000001], [-118.54227419999998, 34.0605787], [-118.54228100000002, 34.0605817], [-118.54229900000001, 34.06055259999999], [-118.54246250000001, 34.06062289999999], [-118.5424464, 34.06064889999999], [-118.5424567, 34.0606534], [-118.5423943, 34.0607569], [-118.54220770000002, 34.06067659999999], [-118.5422395, 34.060625400000006]]]}, "properties": {"id": "palisades-000816", "damage_class": 1, "damage_label": "minor-damage", "confidence": 0.85, "area_m2": 299.89, "centroid": [-118.542341, 34.060654], "confidence_tier": "high", "sources": {"heuristic": 0, "cnn": 1, "margin": 1.0}, "footprint_source": "osm"}}, {"type": "Feature", "geometry": {"type": "Polygon", "coordinates": [[[-118.54486990000001, 34.0602149], [-118.54481020000001, 34.060372], [-118.5446505, 34.06033], [-118.54466020000001, 34.060304499999994], [-118.54461000000002, 34.060291299999996], [-118.54463029999998, 34.060238000000005], [-118.5446393, 34.0602403], [-118.5446561, 34.0601962], [-118.54469770000001, 34.06020709999999], [-118.54470259999998, 34.06019419999999], [-118.54474759999998, 34.060205999999994], [-118.54475569999998, 34.0601849], [-118.54486990000001, 34.0602149]]]}, "properties": {"id": "palisades-000817", "damage_class": 1, "damage_label": "minor-damage", "confidence": 0.85, "area_m2": 322.18, "centroid": [-118.544745, 34.060272], "confidence_tier": "high", "sources": {"heuristic": 0, "cnn": 1, "margin": 1.0}, "footprint_source": "osm"}}, {"type": "Feature", "geometry": {"type": "Polygon", "coordinates": [[[-118.54910419999999, 34.0620649], [-118.54907500000002, 34.062066099999996], [-118.54907380000002, 34.0620468], [-118.5490306, 34.062048699999984], [-118.5490245, 34.06195160000001], [-118.54893280000002, 34.06193319999999], [-118.5490071, 34.061675599999994], [-118.54916470000002, 34.0617071], [-118.54908889999999, 34.061969600000005], [-118.54911430000001, 34.0619747], [-118.5491195, 34.0620434], [-118.5491029, 34.06204410000001], [-118.54910419999999, 34.0620649]]]}, "properties": {"id": "palisades-000818", "damage_class": 0, "damage_label": "no-damage", "confidence": 1.0, "area_m2": 522.11, "centroid": [-118.549052, 34.06185], "confidence_tier": "high", "sources": {"heuristic": 0, "cnn": 0, "margin": 1.0}, "footprint_source": "osm"}}, {"type": "Feature", "geometry": {"type": "Polygon", "coordinates": [[[-118.5434323, 34.05964889999999], [-118.5434465, 34.0596469], [-118.5434585, 34.059705199999996], [-118.5434447, 34.0597072], [-118.54345620000001, 34.0597625], [-118.5433782, 34.05977359999999], [-118.5433772, 34.059768600000005], [-118.54334130000001, 34.0597737], [-118.54333970000002, 34.059766], [-118.5432778, 34.0597748], [-118.54325105737495, 34.05964538636806], [-118.54343111479933, 34.05964312505498], [-118.5434323, 34.05964889999999]]]}, "properties": {"id": "palisades-000819", "damage_class": 0, "damage_label": "no-damage", "confidence": 1.0, "area_m2": 240.43, "centroid": [-118.543357, 34.059706], "confidence_tier": "high", "sources": {"heuristic": 0, "cnn": 0, "margin": 1.0}, "footprint_source": "osm"}}, {"type": "Feature", "geometry": {"type": "Polygon", "coordinates": [[[-118.54245530000001, 34.059888300000004], [-118.542456, 34.0599073], [-118.54249919999998, 34.0599061], [-118.5425011, 34.0599572], [-118.5424783, 34.05995779999999], [-118.54247870000002, 34.05996939999999], [-118.54254020000002, 34.05996770000001], [-118.54254320000001, 34.06004519999999], [-118.5424584, 34.06004750000001], [-118.5424582, 34.0600412], [-118.54229360000001, 34.0600456], [-118.54228760000001, 34.059892799999986], [-118.54245530000001, 34.059888300000004]]]}, "properties": {"id": "palisades-000820", "damage_class": 0, "damage_label": "no-damage", "confidence": 1.0, "area_m2": 352.63, "centroid": [-118.542405, 34.059972], "confidence_tier": "high", "sources": {"heuristic": 0, "cnn": 0, "margin": 1.0}, "footprint_source": "osm"}}, {"type": "Feature", "geometry": {"type": "Polygon", "coordinates": [[[-118.5486658, 34.0602399], [-118.5486457, 34.06017709999999], [-118.5487911, 34.0601467], [-118.54882240000002, 34.06024469999999], [-118.5488636, 34.06023559999999], [-118.5488775, 34.060279], [-118.54871839999998, 34.06031650000001], [-118.5486921, 34.060234099999995], [-118.5486658, 34.0602399]]]}, "properties": {"id": "palisades-000821", "damage_class": 0, "damage_label": "no-damage", "confidence": 1.0, "area_m2": 224.59, "centroid": [-118.548756, 34.060232], "confidence_tier": "high", "sources": {"heuristic": 0, "cnn": 0, "margin": 1.0}, "footprint_source": "osm"}}, {"type": "Feature", "geometry": {"type": "Polygon", "coordinates": [[[-118.5443015, 34.06016379999999], [-118.5444867, 34.0601525], [-118.54449369999999, 34.06023149999999], [-118.5444744, 34.0602327], [-118.5444687, 34.06030259999999], [-118.5443975, 34.0603067], [-118.5443969, 34.060299599999986], [-118.54435419999999, 34.060301999999986], [-118.54435539999999, 34.060316799999995], [-118.54431190000001, 34.060319299999996], [-118.5443015, 34.06016379999999]]]}, "properties": {"id": "palisades-000822", "damage_class": 0, "damage_label": "no-damage", "confidence": 0.622, "area_m2": 267.9, "centroid": [-118.544394, 34.06023], "confidence_tier": "review", "sources": {"heuristic": 2, "cnn": 0, "margin": 0.777}, "footprint_source": "osm"}}, {"type": "Feature", "geometry": {"type": "Polygon", "coordinates": [[[-118.5421314, 34.0630947], [-118.5421315, 34.06307880000001], [-118.54217630000001, 34.0630791], [-118.5421761, 34.06309269999999], [-118.5423009, 34.0630936], [-118.5422985, 34.063316799999996], [-118.54211090000001, 34.06331539999999], [-118.54211090000001, 34.0633208], [-118.5420963, 34.063320700000006], [-118.54209640000002, 34.0633141], [-118.5420557, 34.06331380000002], [-118.5420581, 34.0630942], [-118.5421314, 34.0630947]]]}, "properties": {"id": "palisades-000823", "damage_class": 0, "damage_label": "no-damage", "confidence": 0.7, "area_m2": 559.51, "centroid": [-118.542178, 34.063203], "confidence_tier": "review", "sources": {"heuristic": 3, "cnn": 0, "margin": 1.0}, "footprint_source": "osm"}}, {"type": "Feature", "geometry": {"type": "Polygon", "coordinates": [[[-118.5487536, 34.0600993], [-118.5486765, 34.0601159], [-118.5486801, 34.06012719999999], [-118.5485621, 34.0601527], [-118.5485405, 34.0600832], [-118.54861690000001, 34.06006669999999], [-118.54859440000001, 34.0599944], [-118.54871500000002, 34.0599684], [-118.5487454, 34.0600662], [-118.54875979999998, 34.060062900000005], [-118.5487652, 34.06007919999999], [-118.5487497, 34.0600865], [-118.5487536, 34.0600993]]]}, "properties": {"id": "palisades-000824", "damage_class": 0, "damage_label": "no-damage", "confidence": 1.0, "area_m2": 237.34, "centroid": [-118.548655, 34.060064], "confidence_tier": "high", "sources": {"heuristic": 0, "cnn": 0, "margin": 1.0}, "footprint_source": "osm"}}, {"type": "Feature", "geometry": {"type": "Polygon", "coordinates": [[[-118.54567250000001, 34.0602912], [-118.5457678, 34.0602697], [-118.5458032, 34.06037820000001], [-118.5458596, 34.06040659999999], [-118.54584589999999, 34.06045929999999], [-118.54582000000002, 34.0604465], [-118.5457768, 34.060499799999995], [-118.545756, 34.060488199999995], [-118.54573610000001, 34.06051269999999], [-118.54558820000001, 34.0604286], [-118.5456337, 34.06037160000001], [-118.54567549999999, 34.0603948], [-118.5457003, 34.06036379999999], [-118.54567250000001, 34.0602912]]]}, "properties": {"id": "palisades-000825", "damage_class": 0, "damage_label": "no-damage", "confidence": 1.0, "area_m2": 338.8, "centroid": [-118.545732, 34.060401], "confidence_tier": "high", "sources": {"heuristic": 0, "cnn": 0, "margin": 1.0}, "footprint_source": "osm"}}, {"type": "Feature", "geometry": {"type": "Polygon", "coordinates": [[[-118.54967959999999, 34.061186899999996], [-118.54958330000001, 34.061130000000006], [-118.54966189999999, 34.06103769999999], [-118.5497032, 34.06106199999999], [-118.54973789999998, 34.0610213], [-118.5497715, 34.061041199999984], [-118.5498079, 34.0609985], [-118.5498736, 34.0610372], [-118.5498064, 34.06111609999999], [-118.54981490000002, 34.0611211], [-118.54976570000001, 34.06117879999999], [-118.54982219999998, 34.0612121], [-118.5497727, 34.0612703], [-118.54966349999998, 34.06120579999999], [-118.54967959999999, 34.061186899999996]]]}, "properties": {"id": "palisades-000826", "damage_class": 0, "damage_label": "no-damage", "confidence": 0.7, "area_m2": 383.58, "centroid": [-118.549733, 34.061125], "confidence_tier": "review", "sources": {"heuristic": 3, "cnn": 0, "margin": 1.0}, "footprint_source": "osm"}}, {"type": "Feature", "geometry": {"type": "Polygon", "coordinates": [[[-118.54722509999999, 34.06203670000001], [-118.54725870000001, 34.0620051], [-118.54725390000002, 34.062001499999994], [-118.5473288, 34.06193110000001], [-118.5474488, 34.0620232], [-118.5474026, 34.0620667], [-118.54741970000002, 34.0620793], [-118.54730360000002, 34.0621884], [-118.5471412, 34.0620764], [-118.54720170000002, 34.0620194], [-118.54722509999999, 34.06203670000001]]]}, "properties": {"id": "palisades-000827", "damage_class": 0, "damage_label": "no-damage", "confidence": 0.85, "area_m2": 402.0, "centroid": [-118.547304, 34.062061], "confidence_tier": "high", "sources": {"heuristic": 1, "cnn": 0, "margin": 1.0}, "footprint_source": "osm"}}, {"type": "Feature", "geometry": {"type": "Polygon", "coordinates": [[[-118.5417835, 34.0597908], [-118.54169660000001, 34.0597944], [-118.5416956, 34.059776599999985], [-118.54163720000001, 34.05977899999999], [-118.54164280000002, 34.0598714], [-118.54153550000001, 34.0598758], [-118.5415301, 34.0597849], [-118.54155670000002, 34.05978379999999], [-118.5415533, 34.0597255], [-118.5415642, 34.05972510000001], [-118.5415619, 34.05968529999999], [-118.54158640000001, 34.0596843], [-118.54158589999999, 34.05967720000001], [-118.5417763, 34.0596693], [-118.5417835, 34.0597908]]]}, "properties": {"id": "palisades-000828", "damage_class": 0, "damage_label": "no-damage", "confidence": 1.0, "area_m2": 350.36, "centroid": [-118.541649, 34.059758], "confidence_tier": "high", "sources": {"heuristic": 0, "cnn": 0, "margin": 1.0}, "footprint_source": "osm"}}, {"type": "Feature", "geometry": {"type": "Polygon", "coordinates": [[[-118.5429603, 34.06088969999999], [-118.5429956, 34.06082570000001], [-118.54303910000002, 34.0608423], [-118.54307250000001, 34.06078190000001], [-118.5431472, 34.060810399999994], [-118.54308599999999, 34.06092129999999], [-118.54311260000001, 34.06093150000001], [-118.5430679, 34.06101249999998], [-118.54288850000002, 34.06094629999999], [-118.54292670000001, 34.060877], [-118.5429603, 34.06088969999999]]]}, "properties": {"id": "palisades-000829", "damage_class": 0, "damage_label": "no-damage", "confidence": 1.0, "area_m2": 306.16, "centroid": [-118.543028, 34.060903], "confidence_tier": "high", "sources": {"heuristic": 0, "cnn": 0, "margin": 1.0}, "footprint_source": "osm"}}, {"type": "Feature", "geometry": {"type": "Polygon", "coordinates": [[[-118.5422193, 34.0603546], [-118.54219099999999, 34.06036480000001], [-118.54223969999998, 34.06045819999999], [-118.542135, 34.06049599999999], [-118.5419908, 34.06021820000001], [-118.54206409999999, 34.06019169999999], [-118.54207640000001, 34.0602153], [-118.5421269, 34.060197], [-118.54216160000001, 34.06026369999999], [-118.54217030000001, 34.060260500000005], [-118.5422193, 34.0603546]]]}, "properties": {"id": "palisades-000830", "damage_class": 0, "damage_label": "no-damage", "confidence": 1.0, "area_m2": 398.77, "centroid": [-118.542122, 34.060335], "confidence_tier": "high", "sources": {"heuristic": 0, "cnn": 0, "margin": 1.0}, "footprint_source": "osm"}}, {"type": "Feature", "geometry": {"type": "Polygon", "coordinates": [[[-118.5478406, 34.059606999999986], [-118.5477833, 34.059671], [-118.54766469999998, 34.059597499999995], [-118.54765200000001, 34.0596117], [-118.5476258, 34.0595954], [-118.5476086, 34.0596146], [-118.54757500000001, 34.05959380000001], [-118.54781009606536, 34.05958804886768], [-118.5478406, 34.059606999999986]]]}, "properties": {"id": "palisades-000831", "damage_class": 0, "damage_label": "no-damage", "confidence": 1.0, "area_m2": 94.28, "centroid": [-118.547746, 34.059616], "confidence_tier": "high", "sources": {"heuristic": 0, "cnn": 0, "margin": 1.0}, "footprint_source": "osm"}}, {"type": "Feature", "geometry": {"type": "Polygon", "coordinates": [[[-118.54286280000001, 34.06014619999999], [-118.5428503, 34.0601238], [-118.5430279, 34.0600694], [-118.54306290000001, 34.06013169999999], [-118.5430728, 34.0601278], [-118.5430855, 34.0601504], [-118.54307570000002, 34.0601542], [-118.5431022, 34.0602015], [-118.54301, 34.06023739999999], [-118.5430125, 34.060241799999986], [-118.54298700000001, 34.0602518], [-118.5429847, 34.0602476], [-118.54287290000002, 34.0602915], [-118.5428044, 34.06016869999999], [-118.54286280000001, 34.06014619999999]]]}, "properties": {"id": "palisades-000832", "damage_class": 0, "damage_label": "no-damage", "confidence": 0.7, "area_m2": 388.46, "centroid": [-118.542952, 34.060178], "confidence_tier": "review", "sources": {"heuristic": 3, "cnn": 0, "margin": 1.0}, "footprint_source": "osm"}}, {"type": "Feature", "geometry": {"type": "Polygon", "coordinates": [[[-118.54784610000002, 34.06242919999999], [-118.5477302, 34.06246920000001], [-118.54768740000002, 34.0623717], [-118.547676, 34.0623757], [-118.5476358, 34.062283599999994], [-118.54773120000002, 34.06225349999999], [-118.54774149999999, 34.062276], [-118.5477825, 34.062262999999994], [-118.54786599999998, 34.06237539999999], [-118.5478388, 34.06238940000001], [-118.54784490000002, 34.06240629999999], [-118.5478384, 34.062414000000004], [-118.54784610000002, 34.06242919999999]]]}, "properties": {"id": "palisades-000833", "damage_class": 0, "damage_label": "no-damage", "confidence": 1.0, "area_m2": 296.68, "centroid": [-118.547752, 34.062355], "confidence_tier": "high", "sources": {"heuristic": 0, "cnn": 0, "margin": 1.0}, "footprint_source": "osm"}}, {"type": "Feature", "geometry": {"type": "Polygon", "coordinates": [[[-118.54305450000001, 34.0604332], [-118.5429461, 34.06040140000001], [-118.5429875, 34.0603035], [-118.54307210000002, 34.0603283], [-118.54308770000002, 34.0603029], [-118.54312259999999, 34.06030079999999], [-118.5431414, 34.06030570000001], [-118.543166, 34.060324599999994], [-118.54316210000002, 34.060334299999994], [-118.5432196, 34.06035030000001], [-118.5431644, 34.0604896], [-118.5430454, 34.0604547], [-118.54305450000001, 34.0604332]]]}, "properties": {"id": "palisades-000834", "damage_class": 0, "damage_label": "no-damage", "confidence": 0.85, "area_m2": 327.22, "centroid": [-118.54309, 34.060385], "confidence_tier": "high", "sources": {"heuristic": 1, "cnn": 0, "margin": 1.0}, "footprint_source": "osm"}}, {"type": "Feature", "geometry": {"type": "Polygon", "coordinates": [[[-118.5495669, 34.05976330000001], [-118.54965589999999, 34.05970249999999], [-118.5496774, 34.05972419999999], [-118.549696, 34.0597115], [-118.54976990000002, 34.059786200000005], [-118.5498022, 34.0597641], [-118.5498597, 34.0598223], [-118.5498474, 34.05983079999999], [-118.54985330000001, 34.05983680000001], [-118.54982780000002, 34.0598543], [-118.54982000000001, 34.05984639999999], [-118.54965380000002, 34.059960200000006], [-118.54959799999999, 34.0599037], [-118.54966220000001, 34.05985969999998], [-118.5495669, 34.05976330000001]]]}, "properties": {"id": "palisades-000835", "damage_class": 0, "damage_label": "no-damage", "confidence": 1.0, "area_m2": 372.64, "centroid": [-118.549702, 34.059823], "confidence_tier": "high", "sources": {"heuristic": 0, "cnn": 0, "margin": 1.0}, "footprint_source": "osm"}}, {"type": "Feature", "geometry": {"type": "Polygon", "coordinates": [[[-118.549201, 34.0619487], [-118.5491985, 34.0618], [-118.54925809999999, 34.061799300000004], [-118.549258, 34.0617944], [-118.54927750000002, 34.061794199999994], [-118.5492774, 34.0617887], [-118.5494225, 34.0617874], [-118.5494227, 34.06185479999999], [-118.54943110000002, 34.0618548], [-118.54943140000002, 34.0618707], [-118.5494496, 34.06187049999998], [-118.5494506, 34.0619353], [-118.5494343, 34.0619355], [-118.5494344, 34.0619417], [-118.549201, 34.0619487]]]}, "properties": {"id": "palisades-000836", "damage_class": 0, "damage_label": "no-damage", "confidence": 0.85, "area_m2": 371.22, "centroid": [-118.549319, 34.06187], "confidence_tier": "high", "sources": {"heuristic": 1, "cnn": 0, "margin": 1.0}, "footprint_source": "osm"}}, {"type": "Feature", "geometry": {"type": "Polygon", "coordinates": [[[-118.5453867, 34.06002499999999], [-118.5453759, 34.06001760000001], [-118.54543879999999, 34.05995409999999], [-118.54544470000002, 34.0599582], [-118.54545529999999, 34.05994749999999], [-118.54553569999999, 34.06000280000001], [-118.54552550000001, 34.060013099999985], [-118.5455307, 34.0600166], [-118.54548619999998, 34.06006469999999], [-118.5455045, 34.06007639999999], [-118.5454536, 34.0601313], [-118.5454335, 34.06011850000001], [-118.54538440000002, 34.060171499999996], [-118.545297, 34.060115399999994], [-118.5453867, 34.06002499999999]]]}, "properties": {"id": "palisades-000837", "damage_class": 0, "damage_label": "no-damage", "confidence": 1.0, "area_m2": 261.61, "centroid": [-118.545422, 34.060061], "confidence_tier": "high", "sources": {"heuristic": 0, "cnn": 0, "margin": 1.0}, "footprint_source": "osm"}}, {"type": "Feature", "geometry": {"type": "Polygon", "coordinates": [[[-118.5434567, 34.06014509999999], [-118.5434741, 34.0601446], [-118.5434786, 34.06027629999999], [-118.5432812, 34.060280999999996], [-118.5432781, 34.06018869999999], [-118.54327260000001, 34.0601888], [-118.5432749, 34.0601159], [-118.5433981, 34.060113], [-118.5433967, 34.06007120000001], [-118.54345409999999, 34.0600699], [-118.5434567, 34.06014509999999]]]}, "properties": {"id": "palisades-000838", "damage_class": 0, "damage_label": "no-damage", "confidence": 0.7, "area_m2": 353.96, "centroid": [-118.543378, 34.06019], "confidence_tier": "review", "sources": {"heuristic": 3, "cnn": 0, "margin": 1.0}, "footprint_source": "osm"}}, {"type": "Feature", "geometry": {"type": "Polygon", "coordinates": [[[-118.54265210000001, 34.060768], [-118.5425656, 34.06073179999999], [-118.5425517, 34.0607534], [-118.54247879999998, 34.0607208], [-118.5424903, 34.060703099999984], [-118.54248470000002, 34.06070059999999], [-118.54256530000002, 34.06056639999999], [-118.54261550000001, 34.06058719999999], [-118.542631, 34.0605613], [-118.5426808, 34.060582], [-118.54269299999999, 34.060561799999995], [-118.542754, 34.0605872], [-118.5427248, 34.06063569999999], [-118.5427303, 34.0606379], [-118.54265210000001, 34.060768]]]}, "properties": {"id": "palisades-000839", "damage_class": 0, "damage_label": "no-damage", "confidence": 0.85, "area_m2": 353.45, "centroid": [-118.542616, 34.06066], "confidence_tier": "high", "sources": {"heuristic": 1, "cnn": 0, "margin": 1.0}, "footprint_source": "osm"}}, {"type": "Feature", "geometry": {"type": "Polygon", "coordinates": [[[-118.5470008, 34.0619569], [-118.54693, 34.0619029], [-118.5470616, 34.06177490000001], [-118.5470828, 34.061791099999986], [-118.54711899999998, 34.06175820000001], [-118.54724340000001, 34.06185299999999], [-118.54715570000002, 34.061942], [-118.5471496, 34.0619373], [-118.54712850000001, 34.061956499999994], [-118.5471389, 34.0619644], [-118.5470768, 34.0620209], [-118.54699710000001, 34.06196020000001], [-118.5470008, 34.0619569]]]}, "properties": {"id": "palisades-000840", "damage_class": 0, "damage_label": "no-damage", "confidence": 1.0, "area_m2": 429.56, "centroid": [-118.547086, 34.061884], "confidence_tier": "high", "sources": {"heuristic": 0, "cnn": 0, "margin": 1.0}, "footprint_source": "osm"}}, {"type": "Feature", "geometry": {"type": "Polygon", "coordinates": [[[-118.5468756, 34.0599687], [-118.5468808, 34.05995819999999], [-118.5469846, 34.059993799999994], [-118.546961, 34.0600415], [-118.5469354, 34.060032699999994], [-118.54692380000002, 34.060056], [-118.54695720000001, 34.060067499999995], [-118.5469183, 34.0601459], [-118.54672980000001, 34.0600812], [-118.54676030000002, 34.0600195], [-118.5467923, 34.0600305], [-118.54680140000002, 34.060012199999996], [-118.54683369999998, 34.06002329999999], [-118.5468454, 34.05999979999999], [-118.5468193, 34.05999080000001], [-118.54683689999999, 34.05995539999999], [-118.5468756, 34.0599687]]]}, "properties": {"id": "palisades-000841", "damage_class": 0, "damage_label": "no-damage", "confidence": 0.85, "area_m2": 272.68, "centroid": [-118.546866, 34.060049], "confidence_tier": "high", "sources": {"heuristic": 1, "cnn": 0, "margin": 1.0}, "footprint_source": "osm"}}, {"type": "Feature", "geometry": {"type": "Polygon", "coordinates": [[[-118.5495264, 34.06257599999999], [-118.54951249999999, 34.0625487], [-118.54958540000001, 34.062523000000006], [-118.54961009999998, 34.0625717], [-118.5495954, 34.06257690000001], [-118.54960769999998, 34.0626012], [-118.54959830000001, 34.0626046], [-118.5496026, 34.06261289999999], [-118.5496194, 34.062607], [-118.5496485, 34.0626642], [-118.54947080000001, 34.06272669999999], [-118.5494473, 34.0626969], [-118.54941239999998, 34.06268500000001], [-118.54946480000001, 34.0625876], [-118.54947869999998, 34.06259279999999], [-118.5495264, 34.06257599999999]]]}, "properties": {"id": "palisades-000842", "damage_class": 0, "damage_label": "no-damage", "confidence": 0.7, "area_m2": 263.3, "centroid": [-118.549532, 34.062634], "confidence_tier": "review", "sources": {"heuristic": 2, "cnn": 0, "margin": 1.0}, "footprint_source": "osm"}}, {"type": "Feature", "geometry": {"type": "Polygon", "coordinates": [[[-118.5474242, 34.0622607], [-118.5474065, 34.0622476], [-118.54751230000001, 34.0621489], [-118.5475009, 34.062140500000005], [-118.5475588, 34.06208629999999], [-118.5476158, 34.06212860000001], [-118.54763910000001, 34.062183999999995], [-118.54761880000001, 34.062199099999994], [-118.54763520000002, 34.0622111], [-118.54761640000001, 34.0622288], [-118.54762000000001, 34.0622315], [-118.5475555, 34.0622923], [-118.5475398, 34.062291300000005], [-118.5474896, 34.06233859999998], [-118.54740669999998, 34.0622771], [-118.5474242, 34.0622607]]]}, "properties": {"id": "palisades-000843", "damage_class": 0, "damage_label": "no-damage", "confidence": 1.0, "area_m2": 315.0, "centroid": [-118.547529, 34.062216], "confidence_tier": "high", "sources": {"heuristic": 0, "cnn": 0, "margin": 1.0}, "footprint_source": "osm"}}, {"type": "Feature", "geometry": {"type": "Polygon", "coordinates": [[[-118.5487383, 34.060533], [-118.5488496, 34.0605913], [-118.54881950000001, 34.06062940000001], [-118.54882180000001, 34.060639099999996], [-118.5488118, 34.06064069999999], [-118.5488157, 34.06065729999999], [-118.5486843, 34.060679], [-118.5486778, 34.0606519], [-118.5486138, 34.0606593], [-118.5486003, 34.0606027], [-118.54861389999999, 34.0606005], [-118.54861210000001, 34.060592899999996], [-118.54869949999998, 34.06057929999999], [-118.5487383, 34.060533]]]}, "properties": {"id": "palisades-000844", "damage_class": 0, "damage_label": "no-damage", "confidence": 1.0, "area_m2": 214.22, "centroid": [-118.548727, 34.060614], "confidence_tier": "high", "sources": {"heuristic": 0, "cnn": 0, "margin": 1.0}, "footprint_source": "osm"}}, {"type": "Feature", "geometry": {"type": "Polygon", "coordinates": [[[-118.54972250000002, 34.06326409999999], [-118.54977440000002, 34.063258999999995], [-118.5497799, 34.0632978], [-118.54975639999999, 34.06330009999999], [-118.54976119999999, 34.0633336], [-118.54981700000002, 34.06332809999999], [-118.54982900000002, 34.0634116], [-118.54953200000001, 34.0634425], [-118.54952480000001, 34.0633917], [-118.54956290000001, 34.063352099999996], [-118.5496087, 34.06334749999999], [-118.5496056, 34.0633175], [-118.549615, 34.0633168], [-118.5496083, 34.063265], [-118.54972099999999, 34.0632539], [-118.54972250000002, 34.06326409999999]]]}, "properties": {"id": "palisades-000845", "damage_class": 0, "damage_label": "no-damage", "confidence": 0.7, "area_m2": 385.74, "centroid": [-118.549681, 34.063356], "confidence_tier": "review", "sources": {"heuristic": 3, "cnn": 0, "margin": 1.0}, "footprint_source": "osm"}}, {"type": "Feature", "geometry": {"type": "Polygon", "coordinates": [[[-118.5468895, 34.0609687], [-118.54687989999998, 34.060965100000004], [-118.5468992, 34.06092830000001], [-118.54688549999999, 34.0609233], [-118.54691390000002, 34.060869100000005], [-118.5469784, 34.060892499999994], [-118.5469847, 34.06088050000001], [-118.54706999999999, 34.0609114], [-118.54705709999999, 34.060936100000006], [-118.5470696, 34.060940699999996], [-118.5470343, 34.06100810000001], [-118.54707450000001, 34.0610227], [-118.5470461, 34.06107699999999], [-118.54700820000001, 34.061063299999994], [-118.54700400000002, 34.06107120000001], [-118.5468947, 34.0610315], [-118.5468778, 34.0609911], [-118.5468895, 34.0609687]]]}, "properties": {"id": "palisades-000846", "damage_class": 0, "damage_label": "no-damage", "confidence": 0.85, "area_m2": 292.59, "centroid": [-118.546975, 34.060972], "confidence_tier": "high", "sources": {"heuristic": 1, "cnn": 0, "margin": 1.0}, "footprint_source": "osm"}}, {"type": "Feature", "geometry": {"type": "Polygon", "coordinates": [[[-118.54467880000001, 34.059754], [-118.5446858, 34.0597549], [-118.5446711, 34.05983799999999], [-118.5446999, 34.0598415], [-118.54468450000002, 34.0599287], [-118.5445646, 34.059914], [-118.5445679, 34.059895700000006], [-118.54454709999999, 34.059893100000004], [-118.54455189999999, 34.059866099999994], [-118.5445419, 34.0598649], [-118.5445669, 34.0597231], [-118.54457889999999, 34.0597246], [-118.54458849999999, 34.0596836], [-118.5446418, 34.059690100000005], [-118.5446378, 34.0597132], [-118.544685, 34.059719], [-118.54467880000001, 34.059754]]]}, "properties": {"id": "palisades-000847", "damage_class": 0, "damage_label": "no-damage", "confidence": 1.0, "area_m2": 287.22, "centroid": [-118.54462, 34.059815], "confidence_tier": "high", "sources": {"heuristic": 0, "cnn": 0, "margin": 1.0}, "footprint_source": "osm"}}, {"type": "Feature", "geometry": {"type": "Polygon", "coordinates": [[[-118.54603450000002, 34.0615901], [-118.54602860000001, 34.0615833], [-118.5460756, 34.061555], [-118.5460825, 34.0615629], [-118.5461004, 34.0615521], [-118.5461331, 34.0615897], [-118.54615850000002, 34.06157439999999], [-118.54617539999998, 34.061593699999996], [-118.5462245, 34.0615642], [-118.5463029, 34.061654399999995], [-118.546266, 34.0616766], [-118.5462707, 34.061682], [-118.5460694, 34.0618033], [-118.54601720000001, 34.061743299999996], [-118.5460458, 34.061726099999994], [-118.54599650000002, 34.06166950000001], [-118.5460222, 34.061654], [-118.5459901, 34.06161699999999], [-118.54603450000002, 34.0615901]]]}, "properties": {"id": "palisades-000848", "damage_class": 1, "damage_label": "minor-damage", "confidence": 0.85, "area_m2": 456.24, "centroid": [-118.546131, 34.061664], "confidence_tier": "high", "sources": {"heuristic": 0, "cnn": 1, "margin": 1.0}, "footprint_source": "osm"}}, {"type": "Feature", "geometry": {"type": "Polygon", "coordinates": [[[-118.546798, 34.059866099999994], [-118.54682489999999, 34.0597305], [-118.5468913, 34.0597373], [-118.5468934, 34.05972289999999], [-118.5469516, 34.059728899999996], [-118.54695560000002, 34.05973809999999], [-118.54696269999998, 34.05973889999999], [-118.54694730000001, 34.059790799999995], [-118.5470024, 34.0597965], [-118.5469892, 34.05988570000001], [-118.546798, 34.059866099999994]]]}, "properties": {"id": "palisades-000849", "damage_class": 0, "damage_label": "no-damage", "confidence": 1.0, "area_m2": 250.2, "centroid": [-118.546899, 34.059809], "confidence_tier": "high", "sources": {"heuristic": 0, "cnn": 0, "margin": 1.0}, "footprint_source": "osm"}}, {"type": "Feature", "geometry": {"type": "Polygon", "coordinates": [[[-118.5428047, 34.05992289999999], [-118.5428473, 34.059922], [-118.54284620000001, 34.059884000000004], [-118.5428578, 34.0598837], [-118.5428575, 34.0598736], [-118.5430216, 34.0598705], [-118.54302920000002, 34.05989499999999], [-118.54304280000001, 34.059894699999994], [-118.54304400000001, 34.05993629999999], [-118.54303, 34.05993659999999], [-118.54303040000002, 34.0599507], [-118.5430468, 34.0599504], [-118.5430486, 34.06001690000001], [-118.54301420000002, 34.0600175], [-118.54301430000001, 34.0600237], [-118.5428075, 34.0600275], [-118.5428047, 34.05992289999999]]]}, "properties": {"id": "palisades-000850", "damage_class": 0, "damage_label": "no-damage", "confidence": 0.85, "area_m2": 345.28, "centroid": [-118.542929, 34.059953], "confidence_tier": "high", "sources": {"heuristic": 1, "cnn": 0, "margin": 1.0}, "footprint_source": "osm"}}, {"type": "Feature", "geometry": {"type": "Polygon", "coordinates": [[[-118.54685370000001, 34.0602361], [-118.54683990000001, 34.0602617], [-118.5468724, 34.0602738], [-118.54682900000002, 34.0603545], [-118.54680210000001, 34.06034439999999], [-118.5467999, 34.060338699999996], [-118.5467959, 34.0603461], [-118.5466642, 34.0602969], [-118.5466735, 34.06027950000001], [-118.5466603, 34.06027459999999], [-118.546691, 34.0602177], [-118.5467116, 34.0602254], [-118.54674020000002, 34.0601723], [-118.54678290000001, 34.0601882], [-118.54678949999999, 34.060176000000006], [-118.54685070000001, 34.0601984], [-118.5468343, 34.0602289], [-118.54685370000001, 34.0602361]]]}, "properties": {"id": "palisades-000851", "damage_class": 0, "damage_label": "no-damage", "confidence": 0.85, "area_m2": 245.96, "centroid": [-118.546771, 34.060263], "confidence_tier": "high", "sources": {"heuristic": 1, "cnn": 0, "margin": 1.0}, "footprint_source": "osm"}}, {"type": "Feature", "geometry": {"type": "Polygon", "coordinates": [[[-118.5467368, 34.06054369999999], [-118.54672610000001, 34.0605655], [-118.5467171, 34.0605624], [-118.5467132, 34.060570199999994], [-118.5465139, 34.060502400000004], [-118.5465349, 34.0604596], [-118.5465532, 34.0604658], [-118.5465689, 34.0604361], [-118.5466027, 34.0604249], [-118.54664060000002, 34.060349099999996], [-118.5467192, 34.06037189999999], [-118.5467167, 34.0603769], [-118.5467452, 34.060386799999996], [-118.54670220000001, 34.06047269999999], [-118.5467527, 34.0604902], [-118.5467279, 34.0605407], [-118.5467368, 34.06054369999999]]]}, "properties": {"id": "palisades-000852", "damage_class": 0, "damage_label": "no-damage", "confidence": 1.0, "area_m2": 296.8, "centroid": [-118.546651, 34.060466], "confidence_tier": "high", "sources": {"heuristic": 0, "cnn": 0, "margin": 1.0}, "footprint_source": "osm"}}, {"type": "Feature", "geometry": {"type": "Polygon", "coordinates": [[[-118.54639710000001, 34.06063519999999], [-118.5464017, 34.06062649999999], [-118.5464471, 34.0606431], [-118.5464572, 34.0606239], [-118.54648820000001, 34.0606353], [-118.54650950000001, 34.06059489999999], [-118.54654469999998, 34.0606078], [-118.54654, 34.06061669999999], [-118.54654580000002, 34.0606189], [-118.5465694, 34.06057440000001], [-118.54666310000002, 34.06060870000002], [-118.5466408, 34.06065060000001], [-118.54667129999999, 34.0606618], [-118.54661570000002, 34.0607669], [-118.5463545, 34.06068], [-118.5463813, 34.060629399999996], [-118.54639710000001, 34.06063519999999]]]}, "properties": {"id": "palisades-000853", "damage_class": 0, "damage_label": "no-damage", "confidence": 0.85, "area_m2": 337.77, "centroid": [-118.546537, 34.06067], "confidence_tier": "high", "sources": {"heuristic": 1, "cnn": 0, "margin": 1.0}, "footprint_source": "osm"}}, {"type": "Feature", "geometry": {"type": "Polygon", "coordinates": [[[-118.54192040000001, 34.05979850000001], [-118.54201720000002, 34.05978420000001], [-118.5420186, 34.059790799999995], [-118.54203170000001, 34.05978880000001], [-118.5420259, 34.0597616], [-118.54210120000002, 34.05975049999999], [-118.54211300000001, 34.0598059], [-118.54209640000002, 34.0598083], [-118.54210040000001, 34.059826999999984], [-118.54208939999998, 34.0598287], [-118.54209880000002, 34.05985640000001], [-118.5420885, 34.059858], [-118.5420991, 34.0599078], [-118.54189129999999, 34.0599382], [-118.5418757, 34.0598761], [-118.5419347, 34.05986599999999], [-118.54192040000001, 34.05979850000001]]]}, "properties": {"id": "palisades-000854", "damage_class": 0, "damage_label": "no-damage", "confidence": 1.0, "area_m2": 283.67, "centroid": [-118.542005, 34.059852], "confidence_tier": "high", "sources": {"heuristic": 0, "cnn": 0, "margin": 1.0}, "footprint_source": "osm"}}, {"type": "Feature", "geometry": {"type": "Polygon", "coordinates": [[[-118.54325039999999, 34.063689299999986], [-118.5432685, 34.063688600000006], [-118.5433, 34.06372850000001], [-118.54329480000001, 34.0637413], [-118.5432809, 34.063749], [-118.54333029999998, 34.0638098], [-118.54335900000001, 34.0638017], [-118.5433798, 34.06382760000001], [-118.5433733, 34.0638403], [-118.54336020000001, 34.06384280000001], [-118.5433664, 34.063851599999985], [-118.5432418, 34.063921], [-118.54316879999999, 34.0638209], [-118.5430702, 34.0638748], [-118.54302230000002, 34.06381499999999], [-118.54325039999999, 34.063689299999986]]]}, "properties": {"id": "palisades-000855", "damage_class": 0, "damage_label": "no-damage", "confidence": 1.0, "area_m2": 393.83, "centroid": [-118.543215, 34.063806], "confidence_tier": "high", "sources": {"heuristic": 0, "cnn": 0, "margin": 1.0}, "footprint_source": "osm"}}, {"type": "Feature", "geometry": {"type": "Polygon", "coordinates": [[[-118.54551730000001, 34.06068020000001], [-118.5455085, 34.0606807], [-118.5455093, 34.060690400000006], [-118.54548349999999, 34.0606919], [-118.5454844, 34.06070160000001], [-118.54542940000002, 34.0607048], [-118.54540610000001, 34.0604507], [-118.5454798, 34.060442699999996], [-118.54548050000001, 34.0604472], [-118.5454947, 34.060445699999995], [-118.5454975, 34.0604762], [-118.54551620000001, 34.06047509999999], [-118.54551940000002, 34.06051149999999], [-118.54553390000001, 34.0605106], [-118.54553329999999, 34.0605046], [-118.5455876, 34.060501300000006], [-118.5456024, 34.060666499999996], [-118.5455166, 34.060671599999985], [-118.54551730000001, 34.06068020000001]]]}, "properties": {"id": "palisades-000856", "damage_class": 3, "damage_label": "destroyed", "confidence": 0.7, "area_m2": 379.61, "centroid": [-118.545497, 34.060577], "confidence_tier": "review", "sources": {"heuristic": 1, "cnn": 3, "margin": 1.0}, "footprint_source": "osm"}}, {"type": "Feature", "geometry": {"type": "Polygon", "coordinates": [[[-118.54181720000001, 34.061612], [-118.5417499, 34.06169], [-118.5416413, 34.0616309], [-118.54170910000002, 34.0615447], [-118.54166800000002, 34.06153479999999], [-118.5416603, 34.0615276], [-118.5416202, 34.0615268], [-118.5416223, 34.061444800000004], [-118.541627, 34.061444900000005], [-118.5416274, 34.0614273], [-118.5416635, 34.0614279], [-118.54166539999999, 34.0613551], [-118.541775, 34.0613572], [-118.5417728, 34.0614385], [-118.5419472, 34.0615319], [-118.5418641, 34.06163759999999], [-118.54181720000001, 34.061612]]]}, "properties": {"id": "palisades-000857", "damage_class": 0, "damage_label": "no-damage", "confidence": 1.0, "area_m2": 600.57, "centroid": [-118.541758, 34.061523], "confidence_tier": "high", "sources": {"heuristic": 0, "cnn": 0, "margin": 1.0}, "footprint_source": "osm"}}, {"type": "Feature", "geometry": {"type": "Polygon", "coordinates": [[[-118.5472747, 34.06283059999999], [-118.54721499999998, 34.0628044], [-118.5472322, 34.062777299999986], [-118.54721820000002, 34.0627712], [-118.54724310000002, 34.062732], [-118.54725599999999, 34.0627377], [-118.5472945, 34.062676999999994], [-118.5473192, 34.06268789999999], [-118.547341, 34.0626535], [-118.54743860000002, 34.0626964], [-118.54739970000001, 34.0627577], [-118.5474221, 34.0627676], [-118.54736430000001, 34.062847000000005], [-118.5473716, 34.0628516], [-118.5473578, 34.0628669], [-118.5473495, 34.06286180000001], [-118.5473567, 34.0628538], [-118.54732140000002, 34.062831700000004], [-118.54731930000001, 34.062835099999994], [-118.54728209999999, 34.0628188], [-118.5472747, 34.06283059999999]]]}, "properties": {"id": "palisades-000858", "damage_class": 0, "damage_label": "no-damage", "confidence": 1.0, "area_m2": 269.55, "centroid": [-118.54733, 34.062756], "confidence_tier": "high", "sources": {"heuristic": 0, "cnn": 0, "margin": 1.0}, "footprint_source": "osm"}}, {"type": "Feature", "geometry": {"type": "Polygon", "coordinates": [[[-118.5476916, 34.06281559999999], [-118.54770270000002, 34.06280519999999], [-118.54769409999999, 34.06279880000001], [-118.5476418, 34.0628473], [-118.5475145, 34.0627523], [-118.54755699999998, 34.0627129], [-118.54758100000001, 34.0627309], [-118.54758810000001, 34.062725199999996], [-118.54761540000001, 34.062723999999996], [-118.5476606, 34.06268179999999], [-118.54767910000001, 34.0626955], [-118.5476855, 34.062689600000006], [-118.5477078, 34.0627062], [-118.54770240000002, 34.062711199999995], [-118.5477494, 34.062746], [-118.54772499999999, 34.06276880000001], [-118.5477347, 34.062776], [-118.54775940000002, 34.062752999999994], [-118.54782250000001, 34.0627998], [-118.54775469999998, 34.0628627], [-118.5476916, 34.06281559999999]]]}, "properties": {"id": "palisades-000859", "damage_class": 0, "damage_label": "no-damage", "confidence": 0.7, "area_m2": 275.08, "centroid": [-118.54767, 34.062774], "confidence_tier": "review", "sources": {"heuristic": 2, "cnn": 0, "margin": 1.0}, "footprint_source": "osm"}}, {"type": "Feature", "geometry": {"type": "Polygon", "coordinates": [[[-118.5477613, 34.062607099999994], [-118.5477899, 34.06258110000001], [-118.54773360000002, 34.06253819999999], [-118.5477821, 34.062494199999996], [-118.5478028, 34.0625099], [-118.547825, 34.06248969999999], [-118.54783170000002, 34.0624947], [-118.54785820000001, 34.062470600000005], [-118.54794159999999, 34.0625342], [-118.5479162, 34.06255809999999], [-118.5479204, 34.06256119999999], [-118.54790859999999, 34.06258619999999], [-118.5479171, 34.06259279999999], [-118.5478938, 34.062654800000004], [-118.54788969999998, 34.062652899999996], [-118.5478829, 34.06267199999999], [-118.54786860000002, 34.0626846], [-118.5478889, 34.06269890000001], [-118.54784349999998, 34.06274359999999], [-118.54770360000002, 34.062645], [-118.54775260000001, 34.062600499999995], [-118.5477613, 34.062607099999994]]]}, "properties": {"id": "palisades-000860", "damage_class": 0, "damage_label": "no-damage", "confidence": 1.0, "area_m2": 355.97, "centroid": [-118.547829, 34.062602], "confidence_tier": "high", "sources": {"heuristic": 0, "cnn": 0, "margin": 1.0}, "footprint_source": "osm"}}, {"type": "Feature", "geometry": {"type": "Polygon", "coordinates": [[[-118.54530190000001, 34.0606749], [-118.54529200000002, 34.06066169999999], [-118.54529710000001, 34.060631900000004], [-118.54518550000002, 34.060638899999994], [-118.5451821, 34.0606014], [-118.5451662, 34.0606024], [-118.5451613, 34.060547799999995], [-118.5452508, 34.060542], [-118.54524820000002, 34.06051349999999], [-118.54529179999999, 34.0605108], [-118.54528849999998, 34.0604737], [-118.5453678, 34.06046880000002], [-118.54538120000001, 34.0606851], [-118.54536340000001, 34.06068619999999], [-118.54536430000002, 34.06069670000001], [-118.5453033, 34.0606992], [-118.54530190000001, 34.0606749]]]}, "properties": {"id": "palisades-000861", "damage_class": 0, "damage_label": "no-damage", "confidence": 1.0, "area_m2": 314.14, "centroid": [-118.545294, 34.060583], "confidence_tier": "high", "sources": {"heuristic": 0, "cnn": 0, "margin": 1.0}, "footprint_source": "osm"}}, {"type": "Feature", "geometry": {"type": "Polygon", "coordinates": [[[-118.5430158, 34.063352099999996], [-118.54305080000002, 34.06345660000001], [-118.54299870000001, 34.06346909999999], [-118.5429932, 34.0634531], [-118.54296930000001, 34.0634588], [-118.54297760000001, 34.0634827], [-118.54291319999999, 34.0634982], [-118.5429214, 34.06352209999999], [-118.54291350000001, 34.06352399999999], [-118.54291740000001, 34.0635351], [-118.542829, 34.0635563], [-118.54280189999999, 34.0634779], [-118.5427927, 34.06348009999999], [-118.5427423, 34.063334399999995], [-118.54289130000001, 34.063298700000004], [-118.5429069, 34.0633437], [-118.5429286, 34.0633398], [-118.5429447, 34.06334609999999], [-118.5429566, 34.0633667], [-118.5430158, 34.063352099999996]]]}, "properties": {"id": "palisades-000862", "damage_class": 0, "damage_label": "no-damage", "confidence": 0.7, "area_m2": 466.59, "centroid": [-118.542885, 34.063419], "confidence_tier": "review", "sources": {"heuristic": 2, "cnn": 0, "margin": 1.0}, "footprint_source": "osm"}}, {"type": "Feature", "geometry": {"type": "Polygon", "coordinates": [[[-118.5455887, 34.0601687], [-118.5455944, 34.060167299999996], [-118.545528, 34.0601396], [-118.54559509999999, 34.06004589999999], [-118.5456431, 34.0600697], [-118.54565680000002, 34.06006690000001], [-118.5456694, 34.0601092], [-118.54572920000001, 34.0600968], [-118.5457434, 34.0601383], [-118.5457354, 34.0601402], [-118.5457431, 34.0601625], [-118.5457498, 34.0601609], [-118.5457662, 34.0602086], [-118.5458052, 34.0601993], [-118.5458158, 34.0602302], [-118.545738, 34.0602487], [-118.5457321, 34.0602313], [-118.5456302, 34.060251900000004], [-118.5456266, 34.06024149999999], [-118.54561460000001, 34.0602444], [-118.5455887, 34.0601687]]]}, "properties": {"id": "palisades-000863", "damage_class": 0, "damage_label": "no-damage", "confidence": 1.0, "area_m2": 305.04, "centroid": [-118.545662, 34.06016], "confidence_tier": "high", "sources": {"heuristic": 0, "cnn": 0, "margin": 1.0}, "footprint_source": "osm"}}, {"type": "Feature", "geometry": {"type": "Polygon", "coordinates": [[[-118.5429424, 34.0628064], [-118.5429763, 34.062757399999995], [-118.5430537, 34.0627905], [-118.5430579, 34.0628007], [-118.5430957, 34.0628189], [-118.54309799999999, 34.06281549999999], [-118.5431386, 34.0628399], [-118.54309220000002, 34.0629069], [-118.54312289999999, 34.0629217], [-118.5430632, 34.06300770000001], [-118.5430298, 34.062991700000005], [-118.543023, 34.06300149999999], [-118.5429699, 34.062976], [-118.54296410000002, 34.0629844], [-118.54286810000002, 34.0629389], [-118.5429556, 34.0628127], [-118.5429424, 34.0628064]]]}, "properties": {"id": "palisades-000864", "damage_class": 0, "damage_label": "no-damage", "confidence": 0.7, "area_m2": 397.81, "centroid": [-118.54301, 34.06289], "confidence_tier": "review", "sources": {"heuristic": 2, "cnn": 0, "margin": 1.0}, "footprint_source": "osm"}}, {"type": "Feature", "geometry": {"type": "Polygon", "coordinates": [[[-118.5449402, 34.0598599], [-118.5450012, 34.05987829999999], [-118.54494499999998, 34.060007399999996], [-118.54487440000001, 34.05998629999999], [-118.5448695, 34.0599975], [-118.5448155, 34.0599812], [-118.54481380000001, 34.05998519999999], [-118.54476649999998, 34.0599666], [-118.5447827, 34.059929499999996], [-118.5447648, 34.059924099999996], [-118.5447803, 34.0598883], [-118.54478899999998, 34.0598909], [-118.5448084, 34.0597973], [-118.5448631, 34.059805399999995], [-118.5449508, 34.0598354], [-118.5449402, 34.0598599]]]}, "properties": {"id": "palisades-000865", "damage_class": 0, "damage_label": "no-damage", "confidence": 1.0, "area_m2": 333.62, "centroid": [-118.544877, 34.059906], "confidence_tier": "high", "sources": {"heuristic": 0, "cnn": 0, "margin": 1.0}, "footprint_source": "osm"}}, {"type": "Feature", "geometry": {"type": "Polygon", "coordinates": [[[-118.54749210000001, 34.0601466], [-118.54749340000001, 34.06012779999999], [-118.54745529999998, 34.0601304], [-118.5474558, 34.06012439999999], [-118.5473864, 34.0601209], [-118.5473692, 34.06010609999999], [-118.5473717, 34.0600755], [-118.54738979999999, 34.0600631], [-118.54742490000001, 34.06006469999999], [-118.54742590000001, 34.0600505], [-118.5473549, 34.0600472], [-118.54735529999999, 34.0600419], [-118.5473445, 34.060041399999996], [-118.5473491, 34.05997430000001], [-118.54745169999998, 34.0599792], [-118.5474521, 34.05997349999999], [-118.5474795, 34.059974799999985], [-118.5474791, 34.0599805], [-118.54758180000002, 34.0599853], [-118.54757, 34.0601504], [-118.54749210000001, 34.0601466]]]}, "properties": {"id": "palisades-000866", "damage_class": 0, "damage_label": "no-damage", "confidence": 1.0, "area_m2": 332.05, "centroid": [-118.547473, 34.060054], "confidence_tier": "high", "sources": {"heuristic": 0, "cnn": 0, "margin": 1.0}, "footprint_source": "osm"}}, {"type": "Feature", "geometry": {"type": "Polygon", "coordinates": [[[-118.542295, 34.063822499999986], [-118.5422877, 34.0638265], [-118.5422238, 34.063739], [-118.5422152, 34.0637437], [-118.54220269999999, 34.0637278], [-118.5422164, 34.063720399999994], [-118.5421981, 34.06369689999999], [-118.54224449999998, 34.063671799999995], [-118.5422583, 34.06368940000001], [-118.54228280000001, 34.06367619999999], [-118.5422911, 34.0636867], [-118.5424041, 34.0636255], [-118.5423751, 34.06358829999999], [-118.54243310000001, 34.06357089999999], [-118.54253299999999, 34.0636806], [-118.5425284, 34.06368330000001], [-118.5425692, 34.06373129999999], [-118.54232639999998, 34.063862699999994], [-118.542295, 34.063822499999986]]]}, "properties": {"id": "palisades-000867", "damage_class": 0, "damage_label": "no-damage", "confidence": 1.0, "area_m2": 538.88, "centroid": [-118.542385, 34.063722], "confidence_tier": "high", "sources": {"heuristic": 0, "cnn": 0, "margin": 1.0}, "footprint_source": "osm"}}, {"type": "Feature", "geometry": {"type": "Polygon", "coordinates": [[[-118.5467818, 34.061192], [-118.5468061, 34.0611535], [-118.54678589999999, 34.06114459999999], [-118.5468058, 34.06111309999999], [-118.54678469999999, 34.0611039], [-118.54681490000002, 34.06104200000001], [-118.54682220000001, 34.0610452], [-118.5468257, 34.0610397], [-118.54696989999998, 34.0611026], [-118.5469658, 34.06110919999998], [-118.5470126, 34.0611297], [-118.54701609999998, 34.061124299999996], [-118.5471184, 34.0611689], [-118.54708479999998, 34.06122390000001], [-118.54698119999999, 34.061180099999994], [-118.54698530000002, 34.061173499999995], [-118.5469559, 34.06116109999999], [-118.54690100000002, 34.0612441], [-118.5467818, 34.061192]]]}, "properties": {"id": "palisades-000868", "damage_class": 0, "damage_label": "no-damage", "confidence": 0.85, "area_m2": 347.84, "centroid": [-118.546916, 34.061148], "confidence_tier": "high", "sources": {"heuristic": 1, "cnn": 0, "margin": 1.0}, "footprint_source": "osm"}}, {"type": "Feature", "geometry": {"type": "Polygon", "coordinates": [[[-118.5505033, 34.062995599999994], [-118.5505152, 34.0629683], [-118.55061050000002, 34.062996999999996], [-118.5505984, 34.063024799999994], [-118.55062740000001, 34.063033600000004], [-118.55062100000002, 34.06304839999999], [-118.55065889999999, 34.0630598], [-118.5506562, 34.0630661], [-118.5506626, 34.063067999999994], [-118.55064480000001, 34.063108799999995], [-118.5506289, 34.0631099], [-118.5506152, 34.0631412], [-118.5506084, 34.06313919999999], [-118.5506062, 34.06314420000001], [-118.5505487, 34.0631268], [-118.5505413, 34.0631439], [-118.5504685, 34.063121900000006], [-118.5504726, 34.06311229999999], [-118.55044860000001, 34.0631051], [-118.55049710000002, 34.0629937], [-118.5505033, 34.062995599999994]]]}, "properties": {"id": "palisades-000869", "damage_class": 0, "damage_label": "no-damage", "confidence": 1.0, "area_m2": 241.98, "centroid": [-118.550553, 34.063065], "confidence_tier": "high", "sources": {"heuristic": 0, "cnn": 0, "margin": 1.0}, "footprint_source": "osm"}}, {"type": "Feature", "geometry": {"type": "Polygon", "coordinates": [[[-118.54653029999999, 34.06095609999999], [-118.546478, 34.06100969999999], [-118.54639799999998, 34.06095569999999], [-118.5463924, 34.0609614], [-118.54626059999998, 34.060878800000005], [-118.5463249, 34.060821600000004], [-118.5463605, 34.06077079999999], [-118.5463888, 34.060775799999995], [-118.5463985, 34.06075619999999], [-118.54644020000002, 34.0607707], [-118.54644770000002, 34.060755699999994], [-118.5465217, 34.0607813], [-118.5464934, 34.0608379], [-118.54648640000002, 34.0608355], [-118.54648289999999, 34.0608426], [-118.54649270000002, 34.06084609999999], [-118.546474, 34.0608834], [-118.5464626, 34.06087939999999], [-118.54645100000002, 34.0609025], [-118.54653029999999, 34.06095609999999]]]}, "properties": {"id": "palisades-000870", "damage_class": 0, "damage_label": "no-damage", "confidence": 0.85, "area_m2": 368.85, "centroid": [-118.54641, 34.060871], "confidence_tier": "high", "sources": {"heuristic": 1, "cnn": 0, "margin": 1.0}, "footprint_source": "osm"}}, {"type": "Feature", "geometry": {"type": "Polygon", "coordinates": [[[-118.542424, 34.0624864], [-118.54243030000002, 34.0624657], [-118.54242560000002, 34.0624603], [-118.54243270000002, 34.06244289999999], [-118.5424405, 34.0624411], [-118.5424511, 34.0624093], [-118.54244099999998, 34.0624063], [-118.54243190000001, 34.062393099999994], [-118.54243910000001, 34.0623725], [-118.5424593, 34.062364300000006], [-118.5426973, 34.06242459999999], [-118.542679, 34.062476499999995], [-118.5426681, 34.0624738], [-118.54264490000001, 34.06253950000001], [-118.54274639999998, 34.06256419999999], [-118.5427369, 34.062591100000006], [-118.54274430000001, 34.062592900000006], [-118.54273069999999, 34.062631599999996], [-118.5425114, 34.06257810000001], [-118.54251790000002, 34.0625597], [-118.5424267, 34.06253879999999], [-118.54244150000001, 34.06249009999999], [-118.542424, 34.0624864]]]}, "properties": {"id": "palisades-000871", "damage_class": 0, "damage_label": "no-damage", "confidence": 1.0, "area_m2": 511.86, "centroid": [-118.542571, 34.062495], "confidence_tier": "high", "sources": {"heuristic": 0, "cnn": 0, "margin": 1.0}, "footprint_source": "osm"}}, {"type": "Feature", "geometry": {"type": "Polygon", "coordinates": [[[-118.5435011, 34.0644091], [-118.54337409999998, 34.064240899999994], [-118.5433546, 34.064240899999994], [-118.543333, 34.06421300000001], [-118.54334010000001, 34.0641947], [-118.543459, 34.0641294], [-118.54346939999999, 34.0641426], [-118.54350749999999, 34.0641218], [-118.54354220000002, 34.06416740000001], [-118.543511, 34.0641853], [-118.543549, 34.064233200000004], [-118.5435418, 34.0642371], [-118.54356480000001, 34.06426609999999], [-118.54355070000001, 34.064273899999996], [-118.54358460000002, 34.0643093], [-118.5435806, 34.06431150000001], [-118.54359180000002, 34.0643255], [-118.54358229999998, 34.0643307], [-118.54360130000002, 34.06435439999999], [-118.5435011, 34.0644091]]]}, "properties": {"id": "palisades-000872", "damage_class": 0, "damage_label": "no-damage", "confidence": 0.85, "area_m2": 399.09, "centroid": [-118.543476, 34.064259], "confidence_tier": "high", "sources": {"heuristic": 1, "cnn": 0, "margin": 1.0}, "footprint_source": "osm"}}, {"type": "Feature", "geometry": {"type": "Polygon", "coordinates": [[[-118.54716599999999, 34.060775199999995], [-118.5471476, 34.06081199999999], [-118.5471374, 34.0608085], [-118.5471206, 34.0608421], [-118.5470854, 34.060829999999996], [-118.5470747, 34.0608514], [-118.5470485, 34.06084229999998], [-118.5470461, 34.0608472], [-118.5469925, 34.0608247], [-118.5470122, 34.06078509999999], [-118.54699140000001, 34.06077789999999], [-118.54700870000002, 34.06074329999999], [-118.54698690000001, 34.0607358], [-118.54701360000001, 34.0606715], [-118.54716999999998, 34.0607249], [-118.54714799999999, 34.060769], [-118.54716599999999, 34.060775199999995]]]}, "properties": {"id": "palisades-000873", "damage_class": 0, "damage_label": "no-damage", "confidence": 0.85, "area_m2": 226.39, "centroid": [-118.547072, 34.060764], "confidence_tier": "high", "sources": {"heuristic": 1, "cnn": 0, "margin": 1.0}, "footprint_source": "osm"}}, {"type": "Feature", "geometry": {"type": "Polygon", "coordinates": [[[-118.5476732, 34.06064940000001], [-118.5476636, 34.06065139999999], [-118.5476404, 34.0606424], [-118.54763370000002, 34.060625699999996], [-118.54758669999998, 34.0606316], [-118.54758429999998, 34.0605729], [-118.54766500000001, 34.0605707], [-118.54767150000002, 34.06056550000001], [-118.54768990000001, 34.060565200000006], [-118.54769760000002, 34.0605716], [-118.5477271, 34.06057069999999], [-118.547728, 34.0605889], [-118.5477383, 34.060588800000005], [-118.54773819999998, 34.060579], [-118.54784940000002, 34.0605785], [-118.5478499, 34.0606511], [-118.54783989999999, 34.06065110000001], [-118.54784010000002, 34.0606728], [-118.5478207, 34.0606729], [-118.54782090000002, 34.06069840000001], [-118.5477862, 34.060698499999994], [-118.54778640000002, 34.06072240000001], [-118.5476726, 34.060721799999996], [-118.5476732, 34.06064940000001]]]}, "properties": {"id": "palisades-000874", "damage_class": 2, "damage_label": "major-damage", "confidence": 0.7, "area_m2": 296.86, "centroid": [-118.54773, 34.060636], "confidence_tier": "review", "sources": {"heuristic": 0, "cnn": 2, "margin": 1.0}, "footprint_source": "osm"}}, {"type": "Feature", "geometry": {"type": "Polygon", "coordinates": [[[-118.5475061, 34.05976090000001], [-118.547501, 34.05981270000001], [-118.54754769999998, 34.05981589999999], [-118.54754430000001, 34.0598499], [-118.5474968, 34.059846699999994], [-118.54749580000001, 34.059857099999995], [-118.5474253, 34.0598523], [-118.547426, 34.0598454], [-118.54741509999998, 34.0598394], [-118.54741749999998, 34.0598184], [-118.54742700000001, 34.05981700000001], [-118.5474278, 34.059808100000005], [-118.5473852, 34.0598105], [-118.5473859, 34.05980319999999], [-118.5473561, 34.0598012], [-118.54736310000001, 34.059728400000004], [-118.5473212, 34.0596901], [-118.54740389999999, 34.059627299999995], [-118.54745169999998, 34.05967089999999], [-118.5474647, 34.05967230000001], [-118.5474638, 34.0596804], [-118.54750110000002, 34.0596841], [-118.5474936, 34.05975999999998], [-118.5475061, 34.05976090000001]]]}, "properties": {"id": "palisades-000875", "damage_class": 2, "damage_label": "major-damage", "confidence": 1.0, "area_m2": 280.77, "centroid": [-118.547433, 34.059749], "confidence_tier": "high", "sources": {"heuristic": 2, "cnn": 2, "margin": 1.0}, "footprint_source": "osm"}}, {"type": "Feature", "geometry": {"type": "Polygon", "coordinates": [[[-118.5450013, 34.06046999999999], [-118.54500880000002, 34.0604613], [-118.5449706, 34.0604385], [-118.54495610000001, 34.06045519999999], [-118.54492849999998, 34.0604388], [-118.544934, 34.06043249999999], [-118.54489909999998, 34.06041170000001], [-118.54493120000001, 34.06037450000001], [-118.54493560000002, 34.0603771], [-118.54495819999998, 34.0602999], [-118.5449739, 34.06027179999999], [-118.5450191, 34.06028580000001], [-118.54501729999998, 34.060289799999985], [-118.5450758, 34.060300100000006], [-118.545087, 34.060316099999994], [-118.5452007, 34.06037839999999], [-118.5450809, 34.0605174], [-118.5450013, 34.06046999999999]]]}, "properties": {"id": "palisades-000876", "damage_class": 2, "damage_label": "major-damage", "confidence": 0.7, "area_m2": 399.2, "centroid": [-118.545046, 34.060391], "confidence_tier": "review", "sources": {"heuristic": 0, "cnn": 2, "margin": 1.0}, "footprint_source": "osm"}}, {"type": "Feature", "geometry": {"type": "Polygon", "coordinates": [[[-118.54372680000002, 34.061842500000004], [-118.54369510000001, 34.0618553], [-118.5436886, 34.0618441], [-118.54363000000001, 34.0618678], [-118.54362620000002, 34.0618612], [-118.5435476, 34.0618929], [-118.54350450000001, 34.06182840000001], [-118.5434978, 34.06179489999999], [-118.5435343, 34.061778800000006], [-118.54352559999998, 34.0617635], [-118.5435769, 34.061743199999995], [-118.54358600000002, 34.06172769999999], [-118.54360710000002, 34.0617185], [-118.5436085, 34.061710399999996], [-118.54367500000001, 34.0616828], [-118.54365659999999, 34.061652200000005], [-118.54366320000001, 34.0616343], [-118.5437025, 34.0616176], [-118.54372449999998, 34.06162270000001], [-118.543822, 34.061789299999994], [-118.5437198, 34.0618306], [-118.54372680000002, 34.061842500000004]]]}, "properties": {"id": "palisades-000877", "damage_class": 0, "damage_label": "no-damage", "confidence": 0.85, "area_m2": 465.33, "centroid": [-118.54366, 34.061768], "confidence_tier": "high", "sources": {"heuristic": 1, "cnn": 0, "margin": 1.0}, "footprint_source": "osm"}}, {"type": "Feature", "geometry": {"type": "Polygon", "coordinates": [[[-118.5424762, 34.06288630000001], [-118.54247879999998, 34.06287879999999], [-118.5424996, 34.0628839], [-118.5424975, 34.06288979999999], [-118.542523, 34.062895999999995], [-118.5425185, 34.06290889999999], [-118.54252379999998, 34.0629102], [-118.54251569999998, 34.0629333], [-118.54251020000001, 34.062931999999996], [-118.5425055, 34.06294539999999], [-118.54249670000002, 34.06294319999999], [-118.54245829999999, 34.06305239999999], [-118.54231580000001, 34.063017699999996], [-118.54232969999998, 34.0629782], [-118.5423057, 34.0629775], [-118.54230730000002, 34.0629729], [-118.54224049999999, 34.0629567], [-118.54228160000001, 34.0628397], [-118.54234850000002, 34.062849], [-118.5423745, 34.06285609999999], [-118.54237829999998, 34.0628625], [-118.5424762, 34.06288630000001]]]}, "properties": {"id": "palisades-000878", "damage_class": 0, "damage_label": "no-damage", "confidence": 1.0, "area_m2": 377.16, "centroid": [-118.542382, 34.06294], "confidence_tier": "high", "sources": {"heuristic": 0, "cnn": 0, "margin": 1.0}, "footprint_source": "osm"}}, {"type": "Feature", "geometry": {"type": "Polygon", "coordinates": [[[-118.5472372, 34.0625222], [-118.5472142, 34.0625239], [-118.54721490000001, 34.0625389], [-118.54714530000001, 34.0626054], [-118.5470593, 34.0626107], [-118.54702800000001, 34.0626369], [-118.5470327, 34.06273289999999], [-118.54695090000001, 34.06273730000001], [-118.546949, 34.0627126], [-118.54694370000001, 34.062712899999994], [-118.54693440000001, 34.06259300000001], [-118.54694019999998, 34.06257299999999], [-118.5469612, 34.062555200000006], [-118.5469612, 34.06254379999999], [-118.5469742, 34.062530699999996], [-118.54699319999999, 34.06252859999999], [-118.54700550000001, 34.0625379], [-118.5470155, 34.0625285], [-118.5470296, 34.0625276], [-118.5470476, 34.062511799999996], [-118.54708920000002, 34.06251139999999], [-118.54715210000002, 34.0624546], [-118.5472372, 34.0625222]]]}, "properties": {"id": "palisades-000879", "damage_class": 0, "damage_label": "no-damage", "confidence": 1.0, "area_m2": 383.72, "centroid": [-118.547057, 34.062587], "confidence_tier": "high", "sources": {"heuristic": 0, "cnn": 0, "margin": 1.0}, "footprint_source": "osm"}}, {"type": "Feature", "geometry": {"type": "Polygon", "coordinates": [[[-118.54974380000002, 34.063797900000004], [-118.5498081, 34.06379140000001], [-118.5498154, 34.0637822], [-118.54982900000002, 34.063787999999995], [-118.5498903, 34.06378469999999], [-118.5498984, 34.0638431], [-118.54986920000002, 34.0638459], [-118.5498703, 34.0638538], [-118.54951609999999, 34.0638878], [-118.5495412, 34.06383840000001], [-118.54953470000001, 34.063835899999994], [-118.549561, 34.063784], [-118.54956860000001, 34.06378649999999], [-118.54960190000001, 34.063714999999995], [-118.5497299, 34.063702199999994], [-118.5497373, 34.0637206], [-118.54974380000002, 34.063797900000004]]]}, "properties": {"id": "palisades-000880", "damage_class": 0, "damage_label": "no-damage", "confidence": 0.85, "area_m2": 413.47, "centroid": [-118.54969, 34.063806], "confidence_tier": "high", "sources": {"heuristic": 1, "cnn": 0, "margin": 1.0}, "footprint_source": "osm"}}, {"type": "Feature", "geometry": {"type": "Polygon", "coordinates": [[[-118.54727409999998, 34.06031600000001], [-118.5472802, 34.0603004], [-118.54721379999998, 34.0602824], [-118.54724679999998, 34.060197900000006], [-118.54733220000001, 34.0602209], [-118.5473294, 34.0602281], [-118.5474154, 34.06025129999999], [-118.547419, 34.0602419], [-118.5475165, 34.06026829999999], [-118.5474988, 34.060313799999996], [-118.5474865, 34.0603104], [-118.54749549999998, 34.06031649999999], [-118.5474707, 34.06038019999999], [-118.54746610000001, 34.0603789], [-118.5474544, 34.060404899999995], [-118.54736609999999, 34.0603827], [-118.54735480000001, 34.060386799999996], [-118.5473267, 34.0603793], [-118.5473197, 34.0603711], [-118.54725030000002, 34.0603536], [-118.54723740000001, 34.0603391], [-118.54723970000002, 34.0603265], [-118.5472495, 34.060316699999994], [-118.54727409999998, 34.06031600000001]]]}, "properties": {"id": "palisades-000881", "damage_class": 0, "damage_label": "no-damage", "confidence": 1.0, "area_m2": 384.09, "centroid": [-118.547363, 34.060303], "confidence_tier": "high", "sources": {"heuristic": 0, "cnn": 0, "margin": 1.0}, "footprint_source": "osm"}}, {"type": "Feature", "geometry": {"type": "Polygon", "coordinates": [[[-118.5466843, 34.0614097], [-118.54669370000002, 34.0614236], [-118.5465997, 34.061464799999996], [-118.54659440000002, 34.061457000000004], [-118.5465571, 34.0614745], [-118.54653260000002, 34.0614382], [-118.5465466, 34.06143169999999], [-118.5465217, 34.0613948], [-118.54655279999999, 34.06138020000001], [-118.54652459999998, 34.0613386], [-118.5465157, 34.06134269999998], [-118.54650440000002, 34.061326], [-118.5465139, 34.06132159999999], [-118.5465028, 34.06130509999999], [-118.5465742, 34.0612716], [-118.5465817, 34.06128259999999], [-118.5465975, 34.06127519999999], [-118.54662029999999, 34.06130890000001], [-118.54663370000002, 34.0613026], [-118.5466413, 34.06131369999999], [-118.5466968, 34.0612876], [-118.5467095, 34.0613062], [-118.54671869999999, 34.06130189999999], [-118.54676579999999, 34.0613715], [-118.5466843, 34.0614097]]]}, "properties": {"id": "palisades-000882", "damage_class": 0, "damage_label": "no-damage", "confidence": 1.0, "area_m2": 315.36, "centroid": [-118.546622, 34.061367], "confidence_tier": "high", "sources": {"heuristic": 0, "cnn": 0, "margin": 1.0}, "footprint_source": "osm"}}, {"type": "Feature", "geometry": {"type": "Polygon", "coordinates": [[[-118.5467719, 34.0616926], [-118.5467882, 34.0616857], [-118.546756, 34.0616329], [-118.5467349, 34.06162570000001], [-118.54672919999999, 34.061637499999996], [-118.54671330000001, 34.0616321], [-118.546711, 34.06163680000001], [-118.5466815, 34.0616268], [-118.5466681, 34.0616191], [-118.5466625, 34.061599799999996], [-118.546699, 34.0615251], [-118.546748, 34.061538000000006], [-118.54675200000001, 34.06152749999999], [-118.5467782, 34.06153439999999], [-118.5467987, 34.06148060000001], [-118.54685040000001, 34.06149429999999], [-118.54685739999998, 34.061526199999996], [-118.5468638, 34.06152819999999], [-118.54684880000002, 34.0615658], [-118.5468827, 34.0615752], [-118.5468569, 34.061639599999985], [-118.5468983, 34.0617118], [-118.5468071, 34.0617503], [-118.5467719, 34.0616926]]]}, "properties": {"id": "palisades-000883", "damage_class": 0, "damage_label": "no-damage", "confidence": 1.0, "area_m2": 330.31, "centroid": [-118.546793, 34.061609], "confidence_tier": "high", "sources": {"heuristic": 0, "cnn": 0, "margin": 1.0}, "footprint_source": "osm"}}, {"type": "Feature", "geometry": {"type": "Polygon", "coordinates": [[[-118.5465406, 34.061907000000005], [-118.5465976, 34.061978800000006], [-118.5464902, 34.062046], [-118.54648649999999, 34.0620416], [-118.5464565, 34.0620587], [-118.5464605, 34.0620635], [-118.5464308, 34.0620805], [-118.546427, 34.062076000000005], [-118.5463711, 34.0621079], [-118.5463249, 34.0620519], [-118.54637690000001, 34.0620222], [-118.5463511, 34.06199089999999], [-118.54635200000001, 34.06196799999999], [-118.546444, 34.061909699999994], [-118.54644080000001, 34.061905900000006], [-118.54648940000001, 34.06188410000001], [-118.5465058, 34.06189199999999], [-118.54651850000002, 34.0619076], [-118.54651619999999, 34.06192039999999], [-118.5465406, 34.061907000000005]]]}, "properties": {"id": "palisades-000884", "damage_class": 3, "damage_label": "destroyed", "confidence": 0.7, "area_m2": 316.14, "centroid": [-118.546455, 34.061991], "confidence_tier": "review", "sources": {"heuristic": 0, "cnn": 3, "margin": 1.0}, "footprint_source": "osm"}}, {"type": "Feature", "geometry": {"type": "Polygon", "coordinates": [[[-118.55036810000001, 34.0634255], [-118.5503743, 34.063426400000004], [-118.550359, 34.0635015], [-118.5504634, 34.06352170000001], [-118.55047049999999, 34.0635769], [-118.5504608, 34.063569400000006], [-118.55046380000002, 34.0635791], [-118.5503485, 34.0635949], [-118.55034389999999, 34.06361629999999], [-118.55028860000002, 34.0636012], [-118.55028719999999, 34.06360639999999], [-118.5502276, 34.0636124], [-118.5502359, 34.0635674], [-118.55022560000002, 34.063566099999996], [-118.55023370000002, 34.0635222], [-118.55016740000002, 34.0635138], [-118.55017260000001, 34.063485500000006], [-118.55012600000002, 34.063479599999994], [-118.55014379999999, 34.063383], [-118.55016, 34.06338510000001], [-118.55016620000002, 34.0633518], [-118.55023080000001, 34.063359999999996], [-118.5502321, 34.063352800000004], [-118.5502772, 34.0633442], [-118.5503165, 34.063368799999985], [-118.5503081, 34.06340949999999], [-118.5503708, 34.0634188], [-118.55036810000001, 34.0634255]]]}, "properties": {"id": "palisades-000885", "damage_class": 0, "damage_label": "no-damage", "confidence": 0.7, "area_m2": 533.57, "centroid": [-118.550283, 34.063484], "confidence_tier": "review", "sources": {"heuristic": 3, "cnn": 0, "margin": 1.0}, "footprint_source": "osm"}}, {"type": "Feature", "geometry": {"type": "Polygon", "coordinates": [[[-118.54345049999999, 34.064021899999986], [-118.5434576, 34.064030100000004], [-118.5434444, 34.0640381], [-118.5434656, 34.0640625], [-118.5433171, 34.06415199999999], [-118.54327340000002, 34.0641018], [-118.54332989999999, 34.064067699999995], [-118.54332000000001, 34.06405619999999], [-118.5433027, 34.06405480000001], [-118.5432958, 34.064046499999996], [-118.54329779999999, 34.06403829999999], [-118.54328190000001, 34.06401820000001], [-118.5432878, 34.0640149], [-118.54325159999999, 34.0639691], [-118.5432727, 34.063957499999994], [-118.543267, 34.063950299999995], [-118.54328390000002, 34.063941], [-118.5432894, 34.063948], [-118.54331010000001, 34.063936699999985], [-118.54331960000002, 34.063948800000006], [-118.543369, 34.0639217], [-118.5434011, 34.0639586], [-118.5434483, 34.063930199999994], [-118.54346160000001, 34.0639455], [-118.54347249999998, 34.063939000000005], [-118.5435122, 34.0639846], [-118.54345049999999, 34.064021899999986]]]}, "properties": {"id": "palisades-000886", "damage_class": 0, "damage_label": "no-damage", "confidence": 0.85, "area_m2": 329.5, "centroid": [-118.543372, 34.064022], "confidence_tier": "high", "sources": {"heuristic": 1, "cnn": 0, "margin": 1.0}, "footprint_source": "osm"}}, {"type": "Feature", "geometry": {"type": "Polygon", "coordinates": [[[-118.54956770000001, 34.06359909999999], [-118.5495991, 34.0635957], [-118.5495942, 34.063563699999996], [-118.5496264, 34.063528999999996], [-118.5496212, 34.063494600000006], [-118.54966820000001, 34.063489700000005], [-118.54966730000001, 34.0634838], [-118.54973360000001, 34.06347689999999], [-118.54973450000001, 34.063482799999996], [-118.54975090000002, 34.063481100000004], [-118.54975010000001, 34.0634762], [-118.54982120000001, 34.0634718], [-118.54984109999998, 34.06357680000001], [-118.54976060000001, 34.06358529999999], [-118.54975810000002, 34.06356920000001], [-118.5497148, 34.0635691], [-118.549716, 34.0635775], [-118.5497254, 34.0635765], [-118.5497314, 34.06361579999999], [-118.54971950000001, 34.063617], [-118.54972259999998, 34.063637], [-118.54957589999998, 34.063652600000005], [-118.54956770000001, 34.06359909999999]]]}, "properties": {"id": "palisades-000887", "damage_class": 0, "damage_label": "no-damage", "confidence": 0.7, "area_m2": 317.2, "centroid": [-118.549702, 34.063557], "confidence_tier": "review", "sources": {"heuristic": 2, "cnn": 0, "margin": 1.0}, "footprint_source": "osm"}}, {"type": "Feature", "geometry": {"type": "Polygon", "coordinates": [[[-118.5425359, 34.0641271], [-118.54254560000001, 34.0641217], [-118.54251590000001, 34.0640851], [-118.542553, 34.06406429999999], [-118.54254829999999, 34.0640584], [-118.5427609, 34.0639391], [-118.54280480000001, 34.0639932], [-118.54269080000002, 34.06405720000001], [-118.5427057, 34.0640755], [-118.54269830000001, 34.0640797], [-118.54272509999998, 34.0641128], [-118.5427357, 34.0641068], [-118.54274660000002, 34.06412029999999], [-118.54275470000002, 34.064115699999995], [-118.5427714, 34.06413620000001], [-118.5427637, 34.06414050000001], [-118.54277480000002, 34.06415419999999], [-118.54273349999998, 34.0641825], [-118.54273069999999, 34.06417909999999], [-118.5426517, 34.0642235], [-118.5426195, 34.0641838], [-118.5425785, 34.06420689999999], [-118.5425527, 34.0641751], [-118.542586, 34.0641564], [-118.542577, 34.0641453], [-118.5425589, 34.0641555], [-118.5425359, 34.0641271]]]}, "properties": {"id": "palisades-000888", "damage_class": 0, "damage_label": "no-damage", "confidence": 1.0, "area_m2": 405.43, "centroid": [-118.54266, 34.064091], "confidence_tier": "high", "sources": {"heuristic": 0, "cnn": 0, "margin": 1.0}, "footprint_source": "osm"}}, {"type": "Feature", "geometry": {"type": "Polygon", "coordinates": [[[-118.542656, 34.06379079999999], [-118.5427003, 34.0638477], [-118.54269329999998, 34.06385139999999], [-118.54273190000002, 34.0639009], [-118.5425373, 34.064005], [-118.54248020000001, 34.06393920000001], [-118.5425367, 34.0639087], [-118.54251910000002, 34.06388619999999], [-118.542523, 34.063884099999996], [-118.54251529999999, 34.0638742], [-118.5425212, 34.063871], [-118.5424845, 34.06382380000001], [-118.54251089999998, 34.06380959999999], [-118.5425062, 34.0638035], [-118.54256879999998, 34.0637744], [-118.54256429999998, 34.063768599999996], [-118.5425835, 34.0637582], [-118.5425902, 34.06376689999999], [-118.54261379999998, 34.0637542], [-118.5426463, 34.063795999999996], [-118.542656, 34.06379079999999]]]}, "properties": {"id": "palisades-000889", "damage_class": 0, "damage_label": "no-damage", "confidence": 0.85, "area_m2": 362.43, "centroid": [-118.542595, 34.063877], "confidence_tier": "high", "sources": {"heuristic": 1, "cnn": 0, "margin": 1.0}, "footprint_source": "osm"}}, {"type": "Feature", "geometry": {"type": "Polygon", "coordinates": [[[-118.54952809999999, 34.063229899999996], [-118.54948810000002, 34.0632], [-118.5494916, 34.0631689], [-118.5495282, 34.06309739999999], [-118.54955720000001, 34.063071], [-118.5495619, 34.063057099999995], [-118.5495862, 34.06304509999998], [-118.54959220000002, 34.06303189999999], [-118.54970809999999, 34.0630207], [-118.54970930000002, 34.06302819999999], [-118.5497304, 34.06302620000001], [-118.54973200000002, 34.06303739999999], [-118.5497553, 34.0630351], [-118.54977440000002, 34.0630414], [-118.5497809, 34.063050799999985], [-118.5497754, 34.0630708], [-118.54974980000001, 34.06307960000001], [-118.549753, 34.063115399999994], [-118.54979600000001, 34.06311130000001], [-118.5498085, 34.063202], [-118.54952809999999, 34.063229899999996]]]}, "properties": {"id": "palisades-000890", "damage_class": 0, "damage_label": "no-damage", "confidence": 0.7, "area_m2": 507.88, "centroid": [-118.54965, 34.063132], "confidence_tier": "review", "sources": {"heuristic": 2, "cnn": 0, "margin": 1.0}, "footprint_source": "osm"}}, {"type": "Feature", "geometry": {"type": "Polygon", "coordinates": [[[-118.54786230000002, 34.0602733], [-118.547942, 34.06029379999999], [-118.5478641, 34.060490400000006], [-118.5478395, 34.0604836], [-118.54783770000002, 34.0604883], [-118.5478226, 34.0604842], [-118.54782090000002, 34.0604886], [-118.54780680000002, 34.06048470000001], [-118.5478052, 34.06048849999999], [-118.5477167, 34.060464200000006], [-118.5477342, 34.0604201], [-118.5477458, 34.060423300000004], [-118.5477591, 34.060389900000004], [-118.5477419, 34.06038520000001], [-118.54775820000002, 34.060344], [-118.5477224, 34.0603342], [-118.54773240000002, 34.0603092], [-118.54779240000002, 34.0603257], [-118.54781640000002, 34.06026549999999], [-118.5477368, 34.0602436], [-118.5477536, 34.0602014], [-118.54776630000002, 34.0602049], [-118.5477698, 34.06019589999999], [-118.54781190000001, 34.06020749999999], [-118.54780830000001, 34.0602165], [-118.5478397, 34.06022509999999], [-118.54786740000002, 34.060259699999996], [-118.54786230000002, 34.0602733]]]}, "properties": {"id": "palisades-000891", "damage_class": 0, "damage_label": "no-damage", "confidence": 1.0, "area_m2": 382.77, "centroid": [-118.547824, 34.060358], "confidence_tier": "high", "sources": {"heuristic": 0, "cnn": 0, "margin": 1.0}, "footprint_source": "osm"}}, {"type": "Feature", "geometry": {"type": "Polygon", "coordinates": [[[-118.5422679, 34.0634274], [-118.54225699999999, 34.063430800000006], [-118.54227320000001, 34.06346640000001], [-118.5422833, 34.0634632], [-118.54230559999999, 34.06349590000001], [-118.5423847, 34.063470800000005], [-118.54238780000001, 34.06347759999999], [-118.54241750000001, 34.0634682], [-118.54244579999998, 34.06353000000001], [-118.5424155, 34.0635397], [-118.5424182, 34.06354559999999], [-118.5422964, 34.06358420000001], [-118.5422937, 34.0635782], [-118.54210949999998, 34.06364080000001], [-118.5421014, 34.063623299999996], [-118.54207150000002, 34.063613200000006], [-118.54206409999999, 34.06359549999999], [-118.54207400000001, 34.0635734], [-118.54208800000002, 34.0635685], [-118.5420637, 34.0635204], [-118.54203500000001, 34.06353049999999], [-118.54200979999999, 34.0634804], [-118.5420436, 34.06346860000001], [-118.5420306, 34.0634438], [-118.5422448, 34.0633766], [-118.5422679, 34.0634274]]]}, "properties": {"id": "palisades-000892", "damage_class": 0, "damage_label": "no-damage", "confidence": 0.85, "area_m2": 608.99, "centroid": [-118.542204, 34.063511], "confidence_tier": "high", "sources": {"heuristic": 1, "cnn": 0, "margin": 1.0}, "footprint_source": "osm"}}, {"type": "Feature", "geometry": {"type": "Polygon", "coordinates": [[[-118.5430972, 34.0626485], [-118.5431594, 34.0625702], [-118.54317599999999, 34.06257930000001], [-118.54317990000001, 34.0625744], [-118.5432643, 34.0626158], [-118.5432673, 34.0626116], [-118.54328070000001, 34.062618199999996], [-118.5432776, 34.06262259999999], [-118.54331040000001, 34.0626386], [-118.54331549999999, 34.062660199999996], [-118.5432956, 34.062689000000006], [-118.5432667, 34.0626909], [-118.5432361, 34.062735599999996], [-118.5432952, 34.0627584], [-118.54329840000001, 34.06276789999999], [-118.54325039999999, 34.0628279], [-118.5431899, 34.062799], [-118.54320350000002, 34.0627793], [-118.5431473, 34.06275250000001], [-118.54314179999999, 34.0627604], [-118.5431053, 34.06274290000001], [-118.5430996, 34.06275120000001], [-118.5430192, 34.0627129], [-118.5430705, 34.0626362], [-118.5430972, 34.0626485]]]}, "properties": {"id": "palisades-000893", "damage_class": 0, "damage_label": "no-damage", "confidence": 0.7, "area_m2": 401.08, "centroid": [-118.543182, 34.062691], "confidence_tier": "review", "sources": {"heuristic": 2, "cnn": 0, "margin": 1.0}, "footprint_source": "osm"}}, {"type": "Feature", "geometry": {"type": "Polygon", "coordinates": [[[-118.5471089, 34.0616396], [-118.54711590000001, 34.06160499999999], [-118.5471041, 34.06160329999999], [-118.54711259999999, 34.06156129999999], [-118.54712310000001, 34.06156279999998], [-118.5471254, 34.0615512], [-118.5470777, 34.0615445], [-118.54701360000001, 34.061559300000006], [-118.54697999999999, 34.06145819999999], [-118.54707390000002, 34.06143660000001], [-118.5470876, 34.061367999999995], [-118.5470947, 34.061369], [-118.5470993, 34.0613461], [-118.5471317, 34.0613506], [-118.5471301, 34.061358600000005], [-118.5471494, 34.06136130000001], [-118.54715100000001, 34.06135319999999], [-118.54716540000001, 34.0613552], [-118.5471767, 34.06134889999999], [-118.54722480000001, 34.061355], [-118.54723530000001, 34.061365], [-118.5472199, 34.06143920000001], [-118.54722909999998, 34.0614405], [-118.5472202, 34.0614831], [-118.54721139999998, 34.0614818], [-118.547201, 34.06153179999999], [-118.5472201, 34.0615346], [-118.547197, 34.06165190000001], [-118.5471089, 34.0616396]]]}, "properties": {"id": "palisades-000894", "damage_class": 0, "damage_label": "no-damage", "confidence": 0.85, "area_m2": 467.0, "centroid": [-118.547131, 34.061488], "confidence_tier": "high", "sources": {"heuristic": 1, "cnn": 0, "margin": 1.0}, "footprint_source": "osm"}}, {"type": "Feature", "geometry": {"type": "Polygon", "coordinates": [[[-118.5428466, 34.0643362], [-118.54282250000001, 34.0643055], [-118.5428373, 34.0642974], [-118.5428146, 34.06426859999999], [-118.54280690000002, 34.06427279999999], [-118.542769, 34.06422469999999], [-118.5429169, 34.064144], [-118.54295579999999, 34.0641921], [-118.5429478, 34.06419660000001], [-118.54297130000002, 34.064225799999996], [-118.54297970000002, 34.0642211], [-118.5430266, 34.064279199999994], [-118.54301630000002, 34.06428499999999], [-118.5430504, 34.0643273], [-118.5430192, 34.06434470000001], [-118.5430373, 34.0643671], [-118.5430132, 34.06438060000001], [-118.5430361, 34.06440899999999], [-118.5430159, 34.0644203], [-118.5430298, 34.0644375], [-118.5430064, 34.0644506], [-118.54305320000002, 34.064508599999996], [-118.54298240000001, 34.06454809999999], [-118.54289069999999, 34.0644345], [-118.54291490000001, 34.064421], [-118.54288589999999, 34.064385], [-118.54287920000002, 34.0643887], [-118.5428559, 34.06436759999999], [-118.5428392, 34.0643377], [-118.5428466, 34.0643362]]]}, "properties": {"id": "palisades-000895", "damage_class": 0, "damage_label": "no-damage", "confidence": 0.85, "area_m2": 571.74, "centroid": [-118.542931, 34.06433], "confidence_tier": "high", "sources": {"heuristic": 1, "cnn": 0, "margin": 1.0}, "footprint_source": "osm"}}, {"type": "Feature", "geometry": {"type": "Polygon", "coordinates": [[[-118.54683710000002, 34.0623701], [-118.5468233, 34.06238569999999], [-118.5468061, 34.062396499999984], [-118.54680210000001, 34.062393400000005], [-118.5467872, 34.0624064], [-118.5466849, 34.062324800000006], [-118.54669890000001, 34.06231420000001], [-118.5467056, 34.062290199999985], [-118.54672380000001, 34.062276000000004], [-118.5467329, 34.0622765], [-118.5468037, 34.0622188], [-118.54679930000002, 34.062215299999984], [-118.54681130000002, 34.0622049], [-118.5468154, 34.06220809999999], [-118.54683369999998, 34.0621923], [-118.5468448, 34.0622012], [-118.54685160000001, 34.062197499999996], [-118.5468721, 34.062215400000014], [-118.5468793, 34.0622292], [-118.54687320000001, 34.062235400000006], [-118.5469705, 34.06231280000001], [-118.54687229999999, 34.0623981], [-118.54683710000002, 34.0623701]]]}, "properties": {"id": "palisades-000896", "damage_class": 0, "damage_label": "no-damage", "confidence": 0.85, "area_m2": 337.73, "centroid": [-118.546826, 34.062308], "confidence_tier": "high", "sources": {"heuristic": 1, "cnn": 0, "margin": 1.0}, "footprint_source": "osm"}}, {"type": "Feature", "geometry": {"type": "Polygon", "coordinates": [[[-118.54996790000001, 34.0602374], [-118.549966, 34.06022669999999], [-118.54992470000002, 34.0602315], [-118.549923, 34.0602216], [-118.549825, 34.0602331], [-118.5498129, 34.06016150000001], [-118.54987200000001, 34.0601545], [-118.5498766, 34.0601322], [-118.54986689999998, 34.0600888], [-118.54988579999998, 34.0600836], [-118.5498579, 34.06004709999999], [-118.5498264, 34.06002659999999], [-118.5498735, 34.05996269999999], [-118.54988850000001, 34.059970400000005], [-118.54991690000001, 34.05993540000001], [-118.5499622, 34.0599644], [-118.54998920000001, 34.05999329999999], [-118.5499681, 34.060007], [-118.5499955, 34.0600452], [-118.54998299999998, 34.0600496], [-118.5499957, 34.0601065], [-118.55006840000001, 34.060097799999994], [-118.55008970000002, 34.060223199999996], [-118.54996790000001, 34.0602374]]]}, "properties": {"id": "palisades-000897", "damage_class": 0, "damage_label": "no-damage", "confidence": 0.7, "area_m2": 495.04, "centroid": [-118.549945, 34.060117], "confidence_tier": "review", "sources": {"heuristic": 3, "cnn": 0, "margin": 1.0}, "footprint_source": "osm"}}, {"type": "Feature", "geometry": {"type": "Polygon", "coordinates": [[[-118.5511799, 34.06387779999999], [-118.5512103, 34.063872199999985], [-118.55120760000001, 34.0638619], [-118.55128419999998, 34.06384789999999], [-118.5513063, 34.06393109999999], [-118.55127610000001, 34.06393659999999], [-118.5512779, 34.063961], [-118.5512369, 34.06396860000001], [-118.5512341, 34.06395789999999], [-118.5511203, 34.0639788], [-118.5511085, 34.0639341], [-118.55107830000001, 34.0639178], [-118.55107110000002, 34.063919299999995], [-118.5510632, 34.06388940000001], [-118.55092290000002, 34.063911299999994], [-118.5509108, 34.06383819999999], [-118.5509423, 34.0638333], [-118.55094579999998, 34.063849], [-118.55110739999999, 34.06382459999999], [-118.551106, 34.06381929999999], [-118.55115070000001, 34.06381110000001], [-118.5511571, 34.0638355], [-118.55116809999998, 34.063833499999994], [-118.5511799, 34.06387779999999]]]}, "properties": {"id": "palisades-000898", "damage_class": 0, "damage_label": "no-damage", "confidence": 1.0, "area_m2": 357.95, "centroid": [-118.551128, 34.063892], "confidence_tier": "high", "sources": {"heuristic": 0, "cnn": 0, "margin": 1.0}, "footprint_source": "osm"}}, {"type": "Feature", "geometry": {"type": "Polygon", "coordinates": [[[-118.54661810000002, 34.06256069999999], [-118.54667600000002, 34.0625568], [-118.5466781, 34.06257819999999], [-118.5466858, 34.0625777], [-118.5466853, 34.062572499999995], [-118.54671770000002, 34.06257029999999], [-118.5467183, 34.06257599999999], [-118.54672470000001, 34.062575499999994], [-118.54672610000001, 34.0625897], [-118.5467333, 34.062589200000005], [-118.5467361, 34.0626175], [-118.54672820000002, 34.06261800000001], [-118.54673, 34.0626362], [-118.54674569999999, 34.0626351], [-118.54674830000002, 34.0626621], [-118.5467401, 34.0626627], [-118.5467434, 34.062696599999995], [-118.5467795, 34.062720399999996], [-118.54678400000002, 34.062715700000005], [-118.5468304, 34.0627523], [-118.54675100000001, 34.0628375], [-118.5466606, 34.06277910000001], [-118.54667520000001, 34.0627635], [-118.5466375, 34.062739099999995], [-118.54664210000001, 34.0627263], [-118.5466285, 34.0627192], [-118.5466267, 34.0626991], [-118.5466128, 34.0627003], [-118.5466055, 34.0625944], [-118.5466213, 34.06259329999999], [-118.54661810000002, 34.06256069999999]]]}, "properties": {"id": "palisades-000899", "damage_class": 0, "damage_label": "no-damage", "confidence": 1.0, "area_m2": 341.0, "centroid": [-118.546701, 34.062694], "confidence_tier": "high", "sources": {"heuristic": 0, "cnn": 0, "margin": 1.0}, "footprint_source": "osm"}}, {"type": "Feature", "geometry": {"type": "Polygon", "coordinates": [[[-118.54281770000001, 34.0611702], [-118.54283910000001, 34.0611734], [-118.5428554, 34.06119379999999], [-118.5428879, 34.06120229999999], [-118.5428971, 34.061177799999996], [-118.54298120000001, 34.0611998], [-118.5430061, 34.06123689999999], [-118.5429784, 34.06131839999999], [-118.54294640000002, 34.061310999999996], [-118.54293329999999, 34.0613352], [-118.5428725, 34.061321], [-118.5428677, 34.061335199999995], [-118.5428381, 34.0613282], [-118.542836, 34.0613342], [-118.5427654, 34.061317599999995], [-118.5427591, 34.06133620000001], [-118.54266800000002, 34.06131479999999], [-118.5426745, 34.0612955], [-118.5425955, 34.061276899999996], [-118.5426127, 34.0612261], [-118.54260329999998, 34.0612238], [-118.5426195, 34.0611762], [-118.5426243, 34.0611774], [-118.5426285, 34.061165], [-118.5426524, 34.0611706], [-118.54266230000002, 34.0611414], [-118.54273910000002, 34.0611596], [-118.5427489, 34.0611308], [-118.54281050000002, 34.0611454], [-118.5427982, 34.06118130000001], [-118.54281770000001, 34.0611702]]]}, "properties": {"id": "palisades-000900", "damage_class": 0, "damage_label": "no-damage", "confidence": 1.0, "area_m2": 590.79, "centroid": [-118.542796, 34.061243], "confidence_tier": "high", "sources": {"heuristic": 0, "cnn": 0, "margin": 1.0}, "footprint_source": "osm"}}, {"type": "Feature", "geometry": {"type": "Polygon", "coordinates": [[[-118.54053120000002, 34.05968190000001], [-118.54055949999999, 34.059722799999996], [-118.5405689, 34.0597247], [-118.54058110000001, 34.05974500000001], [-118.54058, 34.05975419999999], [-118.5406088, 34.0597608], [-118.5406376, 34.0597472], [-118.54065900000002, 34.05977849999999], [-118.5406299, 34.0597922], [-118.5406214, 34.05981649999999], [-118.5405993, 34.05982730000001], [-118.5406676, 34.059924200000005], [-118.5406475, 34.05993399999999], [-118.54065429999999, 34.0599436], [-118.54057620000002, 34.059981799999996], [-118.5404548, 34.0598096], [-118.5404864, 34.05979409999999], [-118.5404582, 34.05975409999999], [-118.5404381, 34.05976379999999], [-118.54042560000002, 34.059746], [-118.54041910000001, 34.059749200000006], [-118.54037143465715, 34.05968151524381], [-118.54053120000002, 34.05968190000001]]]}, "properties": {"id": "palisades-000901", "damage_class": 0, "damage_label": "no-damage", "confidence": 1.0, "area_m2": 419.71, "centroid": [-118.54054, 34.059812], "confidence_tier": "high", "sources": {"heuristic": 0, "cnn": 0, "margin": 1.0}, "footprint_source": "osm"}}, {"type": "Feature", "geometry": {"type": "Polygon", "coordinates": [[[-118.5448118, 34.0611479], [-118.5447612, 34.061062199999995], [-118.54469050000002, 34.06109109999999], [-118.54469640000002, 34.06110110000001], [-118.54465330000001, 34.061118699999994], [-118.5446459, 34.061105999999995], [-118.5446034, 34.06112339999999], [-118.54455189999999, 34.061036099999995], [-118.54458310000001, 34.06102339999999], [-118.54457470000001, 34.0610091], [-118.5445833, 34.061005599999994], [-118.5445754, 34.0609921], [-118.5445775, 34.0609789], [-118.54456140000002, 34.060951499999994], [-118.54460899999998, 34.06093210000001], [-118.54462269999999, 34.060955199999995], [-118.5446534, 34.060942700000005], [-118.54465660000001, 34.0609226], [-118.54469080000001, 34.060916399999996], [-118.5446714, 34.06088559999999], [-118.5447282, 34.0608609], [-118.54475529999999, 34.0609041], [-118.5447632, 34.0609017], [-118.5447755, 34.06092889999999], [-118.54478590000001, 34.06092559999999], [-118.5448262, 34.0610229], [-118.5448353, 34.0610201], [-118.54489149999999, 34.061115300000004], [-118.5448118, 34.0611479]]]}, "properties": {"id": "palisades-000902", "damage_class": 0, "damage_label": "no-damage", "confidence": 1.0, "area_m2": 510.99, "centroid": [-118.544711, 34.061017], "confidence_tier": "high", "sources": {"heuristic": 0, "cnn": 0, "margin": 1.0}, "footprint_source": "osm"}}, {"type": "Feature", "geometry": {"type": "Polygon", "coordinates": [[[-118.54503160000002, 34.0607932], [-118.54506740000001, 34.0608542], [-118.5450596, 34.06085800000001], [-118.5450633, 34.06086320000001], [-118.5450285, 34.0608801], [-118.545025, 34.0608751], [-118.54501880000001, 34.0608781], [-118.5450312, 34.0608957], [-118.54497730000001, 34.060921799999996], [-118.5449658, 34.0609054], [-118.54496139999999, 34.0609075], [-118.54497500000001, 34.0609552], [-118.5449921, 34.06095179999999], [-118.5450238, 34.0610628], [-118.54494370000002, 34.0610786], [-118.5449259, 34.0610163], [-118.54491820000001, 34.06101790000001], [-118.54488909999999, 34.0609305], [-118.5448721, 34.0609021], [-118.5448491, 34.060901300000005], [-118.5448406, 34.0608823], [-118.5448497, 34.0608712], [-118.54479720000002, 34.060787600000005], [-118.54484680000002, 34.06076310000001], [-118.54487890000001, 34.060808099999996], [-118.5449907, 34.060749499999986], [-118.5450239, 34.06079689999999], [-118.54503160000002, 34.0607932]]]}, "properties": {"id": "palisades-000903", "damage_class": 0, "damage_label": "no-damage", "confidence": 0.85, "area_m2": 429.89, "centroid": [-118.544943, 34.06089], "confidence_tier": "high", "sources": {"heuristic": 1, "cnn": 0, "margin": 1.0}, "footprint_source": "osm"}}, {"type": "Feature", "geometry": {"type": "Polygon", "coordinates": [[[-118.54558340000001, 34.0614235], [-118.5455004, 34.06136560000001], [-118.54556059999999, 34.0613058], [-118.54557620000001, 34.06130369999999], [-118.54557410000001, 34.061297799999984], [-118.5455856, 34.0612854], [-118.5456066, 34.06127969999999], [-118.54562689999999, 34.0612865], [-118.5456288, 34.0612921], [-118.545719, 34.061270699999994], [-118.5456916, 34.061190700000004], [-118.54574960000001, 34.06117690000001], [-118.5457785, 34.0612613], [-118.54578889999999, 34.061258800000004], [-118.5457935, 34.0612724], [-118.5458007, 34.061270699999994], [-118.54581290000002, 34.0613065], [-118.5458046, 34.0613085], [-118.54580720000001, 34.0613161], [-118.5457747, 34.06132380000001], [-118.54578769999999, 34.06136159999999], [-118.54577420000001, 34.061370499999995], [-118.54574120000001, 34.0613727], [-118.54574570000001, 34.0613859], [-118.5457, 34.06139679999999], [-118.5456948, 34.06138169999999], [-118.54568519999998, 34.06138980000001], [-118.54566469999999, 34.061394], [-118.5456493, 34.0613925], [-118.5456454, 34.06138120000001], [-118.54561540000002, 34.06138829999999], [-118.54558340000001, 34.0614235]]]}, "properties": {"id": "palisades-000904", "damage_class": 0, "damage_label": "no-damage", "confidence": 0.85, "area_m2": 350.86, "centroid": [-118.545673, 34.06132], "confidence_tier": "high", "sources": {"heuristic": 1, "cnn": 0, "margin": 1.0}, "footprint_source": "osm"}}, {"type": "Feature", "geometry": {"type": "Polygon", "coordinates": [[[-118.54309220000002, 34.0635604], [-118.543099, 34.0635675], [-118.5430909, 34.063572799999996], [-118.54310030000002, 34.0635827], [-118.54314749999999, 34.06355150000001], [-118.543222, 34.063629399999996], [-118.5430369, 34.06373200000001], [-118.5429922, 34.0636767], [-118.5429602, 34.0636946], [-118.542941, 34.063671], [-118.54292870000002, 34.063677899999995], [-118.5428831, 34.06362150000001], [-118.54291790000002, 34.063601999999996], [-118.5429222, 34.06360739999999], [-118.54294, 34.0635975], [-118.5429474, 34.063606699999994], [-118.54297650000001, 34.0635904], [-118.54296539999999, 34.06357659999999], [-118.5429781, 34.06356949999999], [-118.5429796, 34.0635608], [-118.54301390000002, 34.06354739999999], [-118.5430207, 34.0635546], [-118.54302830000002, 34.06354960000001], [-118.5430234, 34.063544500000006], [-118.5430327, 34.063538300000005], [-118.5430373, 34.0635432], [-118.5430562, 34.06353090000001], [-118.54306520000002, 34.06354029999999], [-118.5430727, 34.06353539999999], [-118.54307780000002, 34.0635418], [-118.54309500000001, 34.0635439], [-118.54309910000002, 34.063555900000004], [-118.54309220000002, 34.0635604]]]}, "properties": {"id": "palisades-000905", "damage_class": 0, "damage_label": "no-damage", "confidence": 1.0, "area_m2": 365.15, "centroid": [-118.543054, 34.063627], "confidence_tier": "high", "sources": {"heuristic": 0, "cnn": 0, "margin": 1.0}, "footprint_source": "osm"}}, {"type": "Feature", "geometry": {"type": "Polygon", "coordinates": [[[-118.5494438, 34.0629666], [-118.54944859999999, 34.062922099999994], [-118.54945970000001, 34.062904], [-118.54947980000001, 34.062894099999994], [-118.5494997, 34.0628747], [-118.5495843, 34.06284550000001], [-118.54959140000001, 34.0628284], [-118.5496099, 34.06281260000001], [-118.54961720000001, 34.0627896], [-118.5496356, 34.0627775], [-118.54966450000002, 34.0627696], [-118.5496779, 34.0628784], [-118.5497481, 34.06287130000001], [-118.54975910000002, 34.0629463], [-118.5496672, 34.0629557], [-118.54966549999999, 34.0629442], [-118.54963579999999, 34.0629226], [-118.54962950000001, 34.062925], [-118.5496371, 34.062938899999985], [-118.5495529, 34.0629707], [-118.54953670000002, 34.0629409], [-118.54952590000002, 34.0629449], [-118.5495217, 34.06293719999999], [-118.5495157, 34.062938499999994], [-118.54952630000001, 34.0629562], [-118.5494901, 34.0629696], [-118.54948010000001, 34.06295289999999], [-118.5494438, 34.0629666]]]}, "properties": {"id": "palisades-000906", "damage_class": 0, "damage_label": "no-damage", "confidence": 0.85, "area_m2": 319.33, "centroid": [-118.549607, 34.062895], "confidence_tier": "high", "sources": {"heuristic": 1, "cnn": 0, "margin": 1.0}, "footprint_source": "osm"}}, {"type": "Feature", "geometry": {"type": "Polygon", "coordinates": [[[-118.5421596, 34.06158800000001], [-118.5422084, 34.0616021], [-118.54221719999998, 34.06158090000001], [-118.5422602, 34.0615933], [-118.5422668, 34.0615774], [-118.5422797, 34.06158119999999], [-118.54229060000002, 34.0615753], [-118.5423129, 34.06157989999999], [-118.54231790000001, 34.06159139999999], [-118.5423225, 34.0615816], [-118.54239500000001, 34.06160529999999], [-118.54239140000001, 34.06161289999999], [-118.54240399999999, 34.06160849999999], [-118.54242929999998, 34.0616155], [-118.5424334, 34.06162570000001], [-118.5424479, 34.0616303], [-118.54243390000002, 34.061674399999994], [-118.542426, 34.0616719], [-118.54243630000002, 34.0616866], [-118.54242910000002, 34.06170269999999], [-118.54241380000002, 34.0617088], [-118.5424089, 34.061719499999995], [-118.5424171, 34.0617221], [-118.5423885, 34.06176889999999], [-118.54235510000001, 34.06175840000001], [-118.5423414, 34.06176399999999], [-118.54232720000002, 34.061761000000004], [-118.54231780000002, 34.06174789999999], [-118.5421461, 34.0616971], [-118.5420832, 34.061773899999984], [-118.54201490000001, 34.06173520000001], [-118.54208939999998, 34.0616441], [-118.5421065, 34.06165369999999], [-118.5421596, 34.06158800000001]]]}, "properties": {"id": "palisades-000907", "damage_class": 0, "damage_label": "no-damage", "confidence": 1.0, "area_m2": 523.13, "centroid": [-118.542255, 34.061671], "confidence_tier": "high", "sources": {"heuristic": 0, "cnn": 0, "margin": 1.0}, "footprint_source": "osm"}}, {"type": "Feature", "geometry": {"type": "Polygon", "coordinates": [[[-118.54255020000001, 34.0619259], [-118.54259609999998, 34.0618992], [-118.5426034, 34.0618678], [-118.5425701, 34.06182809999999], [-118.5426148, 34.0618021], [-118.54260590000001, 34.06178380000001], [-118.542611, 34.06177130000001], [-118.54264380000001, 34.0617594], [-118.54267400000002, 34.0617395], [-118.5426805, 34.061749799999994], [-118.5426979, 34.0617376], [-118.54270850000002, 34.06174809999999], [-118.5427161, 34.0617428], [-118.5427116, 34.0617383], [-118.5427614, 34.06170860000001], [-118.54278950000001, 34.06174119999999], [-118.54280250000001, 34.061733499999995], [-118.5428207, 34.061754799999996], [-118.5428393, 34.0617437], [-118.54287059999999, 34.0617801], [-118.54280060000002, 34.061821800000004], [-118.5428065, 34.0618285], [-118.54278450000001, 34.0618417], [-118.54278200000002, 34.0618604], [-118.542746, 34.0618812], [-118.5427173, 34.0618717], [-118.5427152, 34.061879499999996], [-118.5427582, 34.06188569999999], [-118.5427435, 34.061957], [-118.5427044, 34.0619557], [-118.5426026, 34.0620166], [-118.54258400000002, 34.06199360000001], [-118.5425496, 34.06201519999999], [-118.54253339999998, 34.0619979], [-118.5424017, 34.0619799], [-118.54241399999998, 34.06190949999999], [-118.54255020000001, 34.0619259]]]}, "properties": {"id": "palisades-000908", "damage_class": 3, "damage_label": "destroyed", "confidence": 0.7, "area_m2": 616.34, "centroid": [-118.542651, 34.061874], "confidence_tier": "review", "sources": {"heuristic": 0, "cnn": 3, "margin": 1.0}, "footprint_source": "osm"}}, {"type": "Feature", "geometry": {"type": "Polygon", "coordinates": [[[-118.5462076, 34.0617789], [-118.54626509999999, 34.0617404], [-118.5462607, 34.0617352], [-118.5462727, 34.06172819999999], [-118.54627730000001, 34.06173369999999], [-118.54630100000001, 34.06172], [-118.5463378, 34.061760400000004], [-118.54634690000002, 34.061755100000006], [-118.5463612, 34.06177219999999], [-118.5464103, 34.061743799999995], [-118.5464517, 34.06179319999999], [-118.54639070000002, 34.061828600000005], [-118.54638630000001, 34.0618402], [-118.54635419999998, 34.06185880000001], [-118.5463513, 34.0618554], [-118.5462708, 34.0619057], [-118.5462679, 34.0619022], [-118.54620020000002, 34.06194649999999], [-118.54619660000002, 34.061942200000004], [-118.5461644, 34.0619609], [-118.5461278, 34.0619172], [-118.5461368, 34.06191199999999], [-118.5461277, 34.0619012], [-118.54617170000002, 34.0618757], [-118.54618000000002, 34.0618512], [-118.5461986, 34.0618424], [-118.5461865, 34.06182720000001], [-118.5462279, 34.06180319999999], [-118.5462076, 34.0617789]]]}, "properties": {"id": "palisades-000909", "damage_class": 0, "damage_label": "no-damage", "confidence": 0.85, "area_m2": 346.98, "centroid": [-118.546279, 34.061833], "confidence_tier": "high", "sources": {"heuristic": 1, "cnn": 0, "margin": 1.0}, "footprint_source": "osm"}}, {"type": "Feature", "geometry": {"type": "Polygon", "coordinates": [[[-118.5461807, 34.061138799999995], [-118.5461769, 34.0611411], [-118.54614080000002, 34.061099999999996], [-118.5461484, 34.06109550000001], [-118.54613639999998, 34.061081800000004], [-118.5461299, 34.0610856], [-118.5461218, 34.06107630000001], [-118.5461275, 34.061072799999984], [-118.5461002, 34.06103439999999], [-118.5462693, 34.06093179999999], [-118.5462955, 34.0609617], [-118.54630100000001, 34.0609584], [-118.54631510000002, 34.060983], [-118.5463339, 34.060971600000016], [-118.5463615, 34.0610032], [-118.54636909999999, 34.0609986], [-118.54640300000001, 34.06101939999999], [-118.54643000000002, 34.06104859999999], [-118.5463986, 34.0610687], [-118.546401, 34.0610772], [-118.5463912, 34.061087], [-118.54637540000002, 34.0610817], [-118.54636340000002, 34.0610873], [-118.5463395, 34.0610638], [-118.5463117, 34.061080100000005], [-118.5463005, 34.061066999999994], [-118.5462745, 34.06108220000001], [-118.54629500000001, 34.0611065], [-118.54631960000002, 34.0610921], [-118.5463423, 34.061119], [-118.5462255, 34.0611899], [-118.5461807, 34.061138799999995]]]}, "properties": {"id": "palisades-000910", "damage_class": 0, "damage_label": "no-damage", "confidence": 0.7, "area_m2": 430.13, "centroid": [-118.546254, 34.061055], "confidence_tier": "review", "sources": {"heuristic": 2, "cnn": 0, "margin": 1.0}, "footprint_source": "osm"}}, {"type": "Feature", "geometry": {"type": "Polygon", "coordinates": [[[-118.5421704, 34.060621899999994], [-118.54212, 34.06053279999999], [-118.5421993, 34.0605017], [-118.5422497, 34.0605908], [-118.5421704, 34.060621899999994]]]}, "properties": {"id": "palisades-000911", "damage_class": 1, "damage_label": "minor-damage", "confidence": 0.85, "area_m2": 88.38, "centroid": [-118.542185, 34.060562], "confidence_tier": "high", "sources": {"heuristic": 0, "cnn": 1, "margin": 1.0}, "footprint_source": "osm"}}, {"type": "Feature", "geometry": {"type": "Polygon", "coordinates": [[[-118.5430335, 34.0622966], [-118.54307450000002, 34.06230670000001], [-118.54305570000001, 34.06236219999999], [-118.54301369999999, 34.0623519], [-118.5430335, 34.0622966]]]}, "properties": {"id": "palisades-000912", "damage_class": 3, "damage_label": "destroyed", "confidence": 0.7, "area_m2": 25.55, "centroid": [-118.543044, 34.062329], "confidence_tier": "review", "sources": {"heuristic": 1, "cnn": 3, "margin": 1.0}, "footprint_source": "osm"}}, {"type": "Feature", "geometry": {"type": "Polygon", "coordinates": [[[-118.5449241, 34.060371700000005], [-118.5449043, 34.0603665], [-118.5449229, 34.0603181], [-118.5449427, 34.06032339999999], [-118.5449241, 34.060371700000005]]]}, "properties": {"id": "palisades-000913", "damage_class": 0, "damage_label": "no-damage", "confidence": 1.0, "area_m2": 10.8, "centroid": [-118.544923, 34.060345], "confidence_tier": "review", "sources": {"heuristic": 0, "cnn": 0, "margin": 1.0}, "footprint_source": "osm"}}, {"type": "Feature", "geometry": {"type": "Polygon", "coordinates": [[[-118.54889050000001, 34.0605816], [-118.548861, 34.060566300000005], [-118.5488799, 34.060541199999996], [-118.5489093, 34.060556500000004], [-118.54889050000001, 34.0605816]]]}, "properties": {"id": "palisades-000914", "damage_class": 1, "damage_label": "minor-damage", "confidence": 1.0, "area_m2": 10.52, "centroid": [-118.548885, 34.060561], "confidence_tier": "review", "sources": {"heuristic": 1, "cnn": 1, "margin": 1.0}, "footprint_source": "osm"}}, {"type": "Feature", "geometry": {"type": "Polygon", "coordinates": [[[-118.54545230000001, 34.060865199999995], [-118.5454148, 34.060879699999994], [-118.54538810000001, 34.0608322], [-118.5454257, 34.0608176], [-118.54545230000001, 34.060865199999995]]]}, "properties": {"id": "palisades-000915", "damage_class": 3, "damage_label": "destroyed", "confidence": 0.85, "area_m2": 22.25, "centroid": [-118.54542, 34.060849], "confidence_tier": "high", "sources": {"heuristic": 2, "cnn": 3, "margin": 1.0}, "footprint_source": "osm"}}, {"type": "Feature", "geometry": {"type": "Polygon", "coordinates": [[[-118.55084400000001, 34.06361909999999], [-118.55085939999998, 34.063729], [-118.5507944, 34.06373529999999], [-118.550779, 34.06362540000001], [-118.55084400000001, 34.06361909999999]]]}, "properties": {"id": "palisades-000916", "damage_class": 0, "damage_label": "no-damage", "confidence": 0.7, "area_m2": 74.12, "centroid": [-118.550819, 34.063677], "confidence_tier": "review", "sources": {"heuristic": 3, "cnn": 0, "margin": 1.0}, "footprint_source": "osm"}}, {"type": "Feature", "geometry": {"type": "Polygon", "coordinates": [[[-118.5494376, 34.0620825], [-118.549441, 34.0621327], [-118.54945379999998, 34.06213209999999], [-118.54949300000001, 34.06224329999999], [-118.5494952, 34.062282599999996], [-118.54927240000002, 34.062292600000006], [-118.54927240000002, 34.0622821], [-118.5492492, 34.062282200000006], [-118.5492365, 34.0620984], [-118.5493192, 34.0620944], [-118.54931869999999, 34.0620882], [-118.5494376, 34.0620825]]]}, "properties": {"id": "palisades-000917", "damage_class": 0, "damage_label": "no-damage", "confidence": 0.7, "area_m2": 460.36, "centroid": [-118.549358, 34.062192], "confidence_tier": "review", "sources": {"heuristic": 2, "cnn": 0, "margin": 1.0}, "footprint_source": "osm"}}, {"type": "Feature", "geometry": {"type": "Polygon", "coordinates": [[[-118.5448784, 34.05965700000001], [-118.544826, 34.0596411], [-118.54483283135671, 34.05962551209253], [-118.54489252837337, 34.05962476162771], [-118.5448784, 34.05965700000001]]]}, "properties": {"id": "palisades-000918", "damage_class": 1, "damage_label": "minor-damage", "confidence": 0.85, "area_m2": 14.53, "centroid": [-118.544861, 34.059638], "confidence_tier": "high", "sources": {"heuristic": 0, "cnn": 1, "margin": 1.0}, "footprint_source": "osm"}}, {"type": "Feature", "geometry": {"type": "Polygon", "coordinates": [[[-118.54273940000002, 34.06163479999999], [-118.5427481, 34.06160859999999], [-118.54277930000002, 34.06161579999999], [-118.5427706, 34.061642], [-118.54273940000002, 34.06163479999999]]]}, "properties": {"id": "palisades-000919", "damage_class": 2, "damage_label": "major-damage", "confidence": 0.7, "area_m2": 9.01, "centroid": [-118.542759, 34.061625], "confidence_tier": "review", "sources": {"heuristic": 0, "cnn": 2, "margin": 1.0}, "footprint_source": "osm"}}, {"type": "Feature", "geometry": {"type": "Polygon", "coordinates": [[[-118.54752740000002, 34.060311799999994], [-118.54754040000002, 34.0602768], [-118.547578, 34.060286399999995], [-118.54756500000002, 34.0603215], [-118.54752740000002, 34.060311799999994]]]}, "properties": {"id": "palisades-000920", "damage_class": 3, "damage_label": "destroyed", "confidence": 0.7, "area_m2": 14.78, "centroid": [-118.547553, 34.060299], "confidence_tier": "review", "sources": {"heuristic": 0, "cnn": 3, "margin": 1.0}, "footprint_source": "osm"}}, {"type": "Feature", "geometry": {"type": "Polygon", "coordinates": [[[-118.542926, 34.062273999999995], [-118.54293480000001, 34.06224889999999], [-118.5429663, 34.062256600000005], [-118.54295750000001, 34.0622817], [-118.542926, 34.062273999999995]]]}, "properties": {"id": "palisades-000921", "damage_class": 3, "damage_label": "destroyed", "confidence": 0.7, "area_m2": 8.79, "centroid": [-118.542946, 34.062265], "confidence_tier": "review", "sources": {"heuristic": 0, "cnn": 3, "margin": 1.0}, "footprint_source": "osm"}}, {"type": "Feature", "geometry": {"type": "Polygon", "coordinates": [[[-118.5429434, 34.061593399999985], [-118.54287890000002, 34.0615776], [-118.54289360000001, 34.06153570000001], [-118.54295819999999, 34.0615515], [-118.5429434, 34.061593399999985]]]}, "properties": {"id": "palisades-000922", "damage_class": 3, "damage_label": "destroyed", "confidence": 0.7, "area_m2": 30.08, "centroid": [-118.542919, 34.061565], "confidence_tier": "review", "sources": {"heuristic": 0, "cnn": 3, "margin": 1.0}, "footprint_source": "osm"}}, {"type": "Feature", "geometry": {"type": "Polygon", "coordinates": [[[-118.54280690000002, 34.0614511], [-118.54281629999998, 34.061426], [-118.5428473, 34.061434], [-118.54283790000001, 34.0614592], [-118.54280690000002, 34.0614511]]]}, "properties": {"id": "palisades-000923", "damage_class": 1, "damage_label": "minor-damage", "confidence": 0.85, "area_m2": 8.76, "centroid": [-118.542827, 34.061443], "confidence_tier": "review", "sources": {"heuristic": 0, "cnn": 1, "margin": 1.0}, "footprint_source": "osm"}}, {"type": "Feature", "geometry": {"type": "Polygon", "coordinates": [[[-118.5431653, 34.062303], [-118.54319630000002, 34.06231120000001], [-118.543186, 34.0623381], [-118.54315500000001, 34.0623298], [-118.5431653, 34.062303]]]}, "properties": {"id": "palisades-000924", "damage_class": 0, "damage_label": "no-damage", "confidence": 0.7, "area_m2": 9.39, "centroid": [-118.543176, 34.062321], "confidence_tier": "review", "sources": {"heuristic": 3, "cnn": 0, "margin": 1.0}, "footprint_source": "osm"}}, {"type": "Feature", "geometry": {"type": "Polygon", "coordinates": [[[-118.54260329999998, 34.0608252], [-118.5426214, 34.06079170000001], [-118.5426513, 34.06080279999999], [-118.54263320000001, 34.06083639999999], [-118.54260329999998, 34.0608252]]]}, "properties": {"id": "palisades-000925", "damage_class": 3, "damage_label": "destroyed", "confidence": 0.7, "area_m2": 12.34, "centroid": [-118.542627, 34.060814], "confidence_tier": "review", "sources": {"heuristic": 0, "cnn": 3, "margin": 1.0}, "footprint_source": "osm"}}, {"type": "Feature", "geometry": {"type": "Polygon", "coordinates": [[[-118.5495123, 34.063670099999996], [-118.5495067, 34.06363339999999], [-118.54956200000001, 34.06362759999999], [-118.5495676, 34.063664300000006], [-118.5495123, 34.063670099999996]]]}, "properties": {"id": "palisades-000926", "damage_class": 1, "damage_label": "minor-damage", "confidence": 0.7, "area_m2": 21.11, "centroid": [-118.549537, 34.063649], "confidence_tier": "review", "sources": {"heuristic": 3, "cnn": 1, "margin": 1.0}, "footprint_source": "osm"}}, {"type": "Feature", "geometry": {"type": "Polygon", "coordinates": [[[-118.5416792, 34.061655000000016], [-118.5417837, 34.0617156], [-118.54171639999998, 34.06179589999999], [-118.54161190000002, 34.0617352], [-118.5416792, 34.061655000000016]]]}, "properties": {"id": "palisades-000927", "damage_class": 1, "damage_label": "minor-damage", "confidence": 0.85, "area_m2": 127.64, "centroid": [-118.541698, 34.061725], "confidence_tier": "high", "sources": {"heuristic": 0, "cnn": 1, "margin": 1.0}, "footprint_source": "osm"}}, {"type": "Feature", "geometry": {"type": "Polygon", "coordinates": [[[-118.5484479, 34.05972679999999], [-118.54851960000002, 34.0598235], [-118.5484185, 34.0598755], [-118.5483467, 34.059778800000004], [-118.5484479, 34.05972679999999]]]}, "properties": {"id": "palisades-000928", "damage_class": 3, "damage_label": "destroyed", "confidence": 0.85, "area_m2": 138.33, "centroid": [-118.548433, 34.059801], "confidence_tier": "high", "sources": {"heuristic": 2, "cnn": 3, "margin": 1.0}, "footprint_source": "osm"}}, {"type": "Feature", "geometry": {"type": "Polygon", "coordinates": [[[-118.54391139999998, 34.0615229], [-118.54389540000001, 34.06148849999999], [-118.54398880000001, 34.06145089999999], [-118.54401370000001, 34.061493299999995], [-118.5440189, 34.0614912], [-118.54403250000001, 34.06151419999999], [-118.54403980000001, 34.0615112], [-118.54404550000001, 34.061520800000004], [-118.54403860000001, 34.06152350000001], [-118.5440424, 34.06152989999999], [-118.5440482, 34.0615275], [-118.5440838, 34.06158810000001], [-118.5440765, 34.06159099999999], [-118.54412790000002, 34.06166869999999], [-118.544057, 34.06169729999999], [-118.5440152, 34.061616300000004], [-118.5439853, 34.0616283], [-118.5439927, 34.0616409], [-118.5439457, 34.0616598], [-118.5439333, 34.061638599999995], [-118.5439038, 34.0616505], [-118.54391499999998, 34.0616696], [-118.5439028, 34.061674599999996], [-118.5439091, 34.06168529999999], [-118.5439163, 34.061682399999995], [-118.5439493, 34.061738699999985], [-118.5438817, 34.061766000000006], [-118.54383240000001, 34.0616736], [-118.54384620000002, 34.061668], [-118.5437608, 34.06152250000001], [-118.5438355, 34.0614924], [-118.5438646, 34.06154179999999], [-118.54391139999998, 34.0615229]]]}, "properties": {"id": "palisades-000929", "damage_class": 0, "damage_label": "no-damage", "confidence": 0.85, "area_m2": 541.06, "centroid": [-118.543938, 34.061594], "confidence_tier": "high", "sources": {"heuristic": 1, "cnn": 0, "margin": 1.0}, "footprint_source": "osm"}}, {"type": "Feature", "geometry": {"type": "Polygon", "coordinates": [[[-118.54276670000002, 34.0621833], [-118.5428217, 34.0621969], [-118.5428157, 34.0622136], [-118.5428227, 34.06221529999999], [-118.5428123, 34.0622443], [-118.5428064, 34.06224279999999], [-118.54279979999998, 34.0622612], [-118.5427183, 34.0622411], [-118.54272170000002, 34.06223159999999], [-118.5427036, 34.0622272], [-118.54269419999999, 34.06225359999999], [-118.5427127, 34.06225820000001], [-118.5426975, 34.062301], [-118.5426766, 34.062295799999994], [-118.54266959999998, 34.06231530000001], [-118.542691, 34.062320599999985], [-118.54269410000002, 34.062311699999995], [-118.5427735, 34.062331199999996], [-118.5427684, 34.062345300000004], [-118.54277729999998, 34.06234750000001], [-118.54276680000001, 34.062377000000005], [-118.54275950000002, 34.06237519999999], [-118.54275440000002, 34.0623897], [-118.54267430000002, 34.0623699], [-118.542682, 34.062348499999985], [-118.5426508, 34.06234080000001], [-118.5426441, 34.0623595], [-118.542483, 34.062319699999996], [-118.54251929999998, 34.0622058], [-118.54253480000001, 34.0622096], [-118.54254509999998, 34.0621808], [-118.54249550000002, 34.062165399999984], [-118.5425137, 34.0621144], [-118.54255460000002, 34.062124499999996], [-118.5425564, 34.06211949999999], [-118.5427706, 34.0621723], [-118.54276670000002, 34.0621833]]]}, "properties": {"id": "palisades-000930", "damage_class": 0, "damage_label": "no-damage", "confidence": 0.85, "area_m2": 548.47, "centroid": [-118.542638, 34.062245], "confidence_tier": "high", "sources": {"heuristic": 1, "cnn": 0, "margin": 1.0}, "footprint_source": "osm"}}, {"type": "Feature", "geometry": {"type": "Polygon", "coordinates": [[[-118.5443692, 34.0613555], [-118.5443312, 34.061294], [-118.54433160000002, 34.0612653], [-118.5443397, 34.061256], [-118.54432360000001, 34.0612088], [-118.5443052, 34.061187999999994], [-118.54430100000002, 34.06114219999999], [-118.5443121, 34.06111709999999], [-118.5443396, 34.06109349999999], [-118.5443232, 34.0610685], [-118.5443144, 34.061038999999994], [-118.54432590000002, 34.0610022], [-118.5443441, 34.0609718], [-118.5444068, 34.06093150000001], [-118.5444311, 34.06095560000001], [-118.54445500000001, 34.0610145], [-118.5444413, 34.061021100000005], [-118.54447650000002, 34.0610562], [-118.5444602, 34.0610675], [-118.54452240000002, 34.061129400000006], [-118.5444902, 34.0611436], [-118.5444507, 34.0611476], [-118.54442430000002, 34.061143400000006], [-118.544433, 34.0611597], [-118.54443160000001, 34.0611757], [-118.5444125, 34.06119139999999], [-118.54442710000001, 34.0612351], [-118.5444391, 34.061246499999996], [-118.5444403, 34.06127759999999], [-118.5444317, 34.061295699999995], [-118.5443692, 34.0613555]]]}, "properties": {"id": "palisades-000931", "damage_class": 0, "damage_label": "no-damage", "confidence": 1.0, "area_m2": 483.57, "centroid": [-118.544389, 34.061131], "confidence_tier": "high", "sources": {"heuristic": 0, "cnn": 0, "margin": 1.0}, "footprint_source": "osm"}}, {"type": "Feature", "geometry": {"type": "Polygon", "coordinates": [[[-118.54280780000002, 34.06324130000001], [-118.542814, 34.063162000000005], [-118.54278899999998, 34.063159899999995], [-118.5427909, 34.0631442], [-118.54277750000001, 34.0631404], [-118.54276820000001, 34.0631232], [-118.5427705, 34.0631136], [-118.54279010000002, 34.0631052], [-118.54279940000002, 34.06302079999998], [-118.54282799999999, 34.0630026], [-118.5428405, 34.0630101], [-118.54288370000002, 34.0630179], [-118.54288379999998, 34.0630228], [-118.5429033, 34.0630225], [-118.5429035, 34.06302900000001], [-118.54292039999999, 34.0630352], [-118.5429189, 34.0630603], [-118.5429298, 34.06306079999999], [-118.54293950000002, 34.06307249999999], [-118.5429342, 34.0630863], [-118.5429224, 34.0630896], [-118.5429187, 34.06312590000002], [-118.54300010000001, 34.0631317], [-118.54301310000001, 34.0631416], [-118.54301399999999, 34.06315330000001], [-118.5430205, 34.06315270000001], [-118.5430381, 34.06317189999999], [-118.54300799999999, 34.06318490000001], [-118.54300820000002, 34.063191800000006], [-118.542971, 34.0631929], [-118.5429663, 34.063254500000006], [-118.54280780000002, 34.06324130000001]]]}, "properties": {"id": "palisades-000932", "damage_class": 3, "damage_label": "destroyed", "confidence": 0.7, "area_m2": 387.59, "centroid": [-118.542883, 34.06314], "confidence_tier": "review", "sources": {"heuristic": 1, "cnn": 3, "margin": 1.0}, "footprint_source": "osm"}}, {"type": "Feature", "geometry": {"type": "Polygon", "coordinates": [[[-118.5458976, 34.0612862], [-118.5459099, 34.06128090000001], [-118.5458796, 34.0612316], [-118.5459156, 34.061216300000005], [-118.54591240000002, 34.061211099999994], [-118.5459336, 34.06120210000001], [-118.5459366, 34.06120690000001], [-118.5459424, 34.0612044], [-118.54592749999999, 34.061180099999994], [-118.54590539999998, 34.0611813], [-118.54589449999999, 34.0611657], [-118.5459012, 34.0611477], [-118.54591840000002, 34.0611413], [-118.5459388, 34.0611461], [-118.5459477, 34.0611408], [-118.5459471, 34.0611149], [-118.54597040000002, 34.0611071], [-118.54598369999998, 34.0611111], [-118.54602839999998, 34.06109429999999], [-118.5460369, 34.0611127], [-118.5460456, 34.0611023], [-118.546066, 34.0611094], [-118.5460621, 34.0611171], [-118.5460828, 34.0611561], [-118.54601480000001, 34.06118419999999], [-118.5460372, 34.0612216], [-118.5460587, 34.061228799999995], [-118.5461224, 34.061201700000005], [-118.54614800000002, 34.06123], [-118.5461403, 34.0612333], [-118.5461497, 34.061248699999986], [-118.5460804, 34.0612782], [-118.54607710000002, 34.0612728], [-118.5459285, 34.06133650000001], [-118.5458976, 34.0612862]]]}, "properties": {"id": "palisades-000933", "damage_class": 0, "damage_label": "no-damage", "confidence": 1.0, "area_m2": 344.4, "centroid": [-118.545996, 34.061217], "confidence_tier": "high", "sources": {"heuristic": 0, "cnn": 0, "margin": 1.0}, "footprint_source": "osm"}}, {"type": "Feature", "geometry": {"type": "Polygon", "coordinates": [[[-118.55046140000002, 34.0639775], [-118.55042370000001, 34.0639375], [-118.5504229, 34.0639256], [-118.5502465, 34.0639235], [-118.55021060000001, 34.06390819999999], [-118.550197, 34.0638863], [-118.55019990000001, 34.0638609], [-118.5501826, 34.063854599999985], [-118.5502225, 34.06377849999999], [-118.55024810000002, 34.06377059999999], [-118.5502852, 34.063783099999995], [-118.55028839999999, 34.0637916], [-118.5503686, 34.0637916], [-118.550424, 34.0637751], [-118.5504549, 34.063789299999996], [-118.5504967, 34.0637961], [-118.5505081, 34.06377729999999], [-118.55052900000001, 34.063764299999995], [-118.5505616, 34.06376819999999], [-118.55058450000001, 34.0638562], [-118.5505966, 34.06387260000001], [-118.5505955, 34.06389360000001], [-118.5505757, 34.06391089999999], [-118.5505367, 34.063914499999996], [-118.55052989999999, 34.0639343], [-118.55046140000002, 34.0639775]]]}, "properties": {"id": "palisades-000934", "damage_class": 0, "damage_label": "no-damage", "confidence": 0.7, "area_m2": 582.22, "centroid": [-118.550397, 34.063859], "confidence_tier": "review", "sources": {"heuristic": 3, "cnn": 0, "margin": 1.0}, "footprint_source": "osm"}}, {"type": "Feature", "geometry": {"type": "Polygon", "coordinates": [[[-118.54330179999998, 34.062344100000004], [-118.54332360000001, 34.0623502], [-118.5433261, 34.062345799999996], [-118.5433462, 34.0623585], [-118.54334910000001, 34.0623533], [-118.5433625, 34.0623585], [-118.5433745, 34.0623491], [-118.5433915, 34.062349], [-118.54340640000001, 34.06235649999999], [-118.54341530000002, 34.062371899999995], [-118.54343279999999, 34.062366100000006], [-118.5434501, 34.06237089999999], [-118.5434597, 34.062387099999995], [-118.54345289999999, 34.06240280000001], [-118.5434323, 34.0624111], [-118.5434116, 34.0624604], [-118.54338710000002, 34.0624531], [-118.5433769, 34.0624769], [-118.5433855, 34.062488], [-118.5433766, 34.062511099999995], [-118.54335359999999, 34.06251279999999], [-118.54335119999999, 34.062518299999994], [-118.54329720000001, 34.062540999999996], [-118.5432929, 34.0625556], [-118.5431696, 34.06251629999999], [-118.5431935, 34.0624546], [-118.5432001, 34.0624565], [-118.5432062, 34.0624409], [-118.543192, 34.062437100000004], [-118.54321049999999, 34.0623892], [-118.5432444, 34.0623983], [-118.54323989999999, 34.0623819], [-118.5432736, 34.06236859999999], [-118.5432785, 34.0623798], [-118.543288, 34.0623805], [-118.543287, 34.0623688], [-118.54330179999998, 34.062344100000004]]]}, "properties": {"id": "palisades-000935", "damage_class": 0, "damage_label": "no-damage", "confidence": 0.7, "area_m2": 373.35, "centroid": [-118.543307, 34.062444], "confidence_tier": "review", "sources": {"heuristic": 3, "cnn": 0, "margin": 1.0}, "footprint_source": "osm"}}, {"type": "Feature", "geometry": {"type": "Polygon", "coordinates": [[[-118.54993879999999, 34.06068810000001], [-118.54994310000001, 34.0606769], [-118.55000330000001, 34.06069260000001], [-118.55000060000002, 34.0606997], [-118.55001870000001, 34.0607044], [-118.5499967, 34.06076259999999], [-118.5500121, 34.060766599999994], [-118.5499989, 34.06080169999999], [-118.54998650000002, 34.0607985], [-118.5499801, 34.060815299999994], [-118.5499409, 34.06080519999998], [-118.54992890000001, 34.06083699999999], [-118.54990829999998, 34.06083170000001], [-118.5498964, 34.0608634], [-118.5499839, 34.0608859], [-118.5499599, 34.060949900000004], [-118.5499293, 34.0609421], [-118.5499264, 34.0609499], [-118.5499099, 34.0609457], [-118.54990820000002, 34.0609503], [-118.5497932, 34.06092100000001], [-118.54980139999999, 34.060899], [-118.54978249999999, 34.0608942], [-118.54977440000002, 34.0609161], [-118.54974109999999, 34.0609077], [-118.54974440000001, 34.0608987], [-118.54969190000001, 34.06088539999999], [-118.549689, 34.060893400000005], [-118.54955699999998, 34.0608601], [-118.54956749999998, 34.060831500000006], [-118.5495559, 34.0608286], [-118.5495772, 34.06077069999999], [-118.5495909, 34.06076850000001], [-118.54967180000001, 34.06079009999999], [-118.54968380000001, 34.060759199999985], [-118.54976900000001, 34.0607819], [-118.5497956, 34.0607133], [-118.54983749999998, 34.0607245], [-118.54984370000001, 34.0607086], [-118.5498153, 34.060700999999995], [-118.5498295, 34.06066419999999], [-118.54993879999999, 34.06068810000001]]]}, "properties": {"id": "palisades-000936", "damage_class": 0, "damage_label": "no-damage", "confidence": 0.7, "area_m2": 740.72, "centroid": [-118.549817, 34.060813], "confidence_tier": "review", "sources": {"heuristic": 3, "cnn": 0, "margin": 1.0}, "footprint_source": "osm"}}, {"type": "Feature", "geometry": {"type": "Polygon", "coordinates": [[[-118.5496624, 34.0642002], [-118.5496548, 34.0642107], [-118.5496297, 34.0642204], [-118.54960780000002, 34.064220399999996], [-118.54958639999998, 34.0642075], [-118.54950830000001, 34.0642102], [-118.54938109999999, 34.0642664], [-118.54937840000001, 34.06426], [-118.5493533, 34.06424990000001], [-118.5493393, 34.0642167], [-118.54934710000002, 34.0641955], [-118.5493713, 34.06418209999999], [-118.54937659999999, 34.0641541], [-118.5493854, 34.0641421], [-118.54941290000001, 34.0641232], [-118.5494817, 34.064092699999996], [-118.5496653, 34.064071399999996], [-118.54968260000001, 34.064044499999994], [-118.5496656, 34.0639479], [-118.5496711, 34.06393639999999], [-118.54968980000001, 34.06392439999999], [-118.5497019, 34.063921199999996], [-118.54973000000001, 34.0639261], [-118.5497478, 34.0639421], [-118.54975910000002, 34.0640278], [-118.5497871, 34.0640404], [-118.54979870000001, 34.064044399999986], [-118.54994849999999, 34.06402680000001], [-118.5499671, 34.0641532], [-118.54979960000001, 34.064170399999995], [-118.5497943, 34.0641341], [-118.54974860000002, 34.064138799999995], [-118.54975090000002, 34.0641576], [-118.54973570000001, 34.064174], [-118.54973629999999, 34.0641904], [-118.5496624, 34.0642002]]]}, "properties": {"id": "palisades-000937", "damage_class": 0, "damage_label": "no-damage", "confidence": 1.0, "area_m2": 882.95, "centroid": [-118.549664, 34.064118], "confidence_tier": "high", "sources": {"heuristic": 0, "cnn": 0, "margin": 1.0}, "footprint_source": "osm"}}, {"type": "Feature", "geometry": {"type": "Polygon", "coordinates": [[[-118.5427927, 34.059830600000005], [-118.54278650000002, 34.059677], [-118.5429258, 34.059673100000005], [-118.5429265, 34.0596893], [-118.54306010000002, 34.0596856], [-118.5430656, 34.059822999999994], [-118.5427927, 34.059830600000005]]]}, "properties": {"id": "palisades-000938", "damage_class": 0, "damage_label": "no-damage", "confidence": 1.0, "area_m2": 407.49, "centroid": [-118.542922, 34.059754], "confidence_tier": "high", "sources": {"heuristic": 0, "cnn": 0, "margin": 1.0}, "footprint_source": "osm"}}, {"type": "Feature", "geometry": {"type": "Polygon", "coordinates": [[[-118.5438413, 34.06036079999999], [-118.5437555, 34.0603626], [-118.54374930000002, 34.060166100000004], [-118.5439783, 34.0601612], [-118.5439829, 34.06031029999999], [-118.5438398, 34.0603133], [-118.5438413, 34.06036079999999]]]}, "properties": {"id": "palisades-000939", "damage_class": 0, "damage_label": "no-damage", "confidence": 1.0, "area_m2": 391.33, "centroid": [-118.543859, 34.060249], "confidence_tier": "high", "sources": {"heuristic": 0, "cnn": 0, "margin": 1.0}, "footprint_source": "osm"}}, {"type": "Feature", "geometry": {"type": "Polygon", "coordinates": [[[-118.543243, 34.0598391], [-118.54343700000001, 34.0598422], [-118.543435, 34.0599275], [-118.5434645, 34.059928], [-118.54346270000002, 34.0600068], [-118.54323930000001, 34.0600033], [-118.543243, 34.0598391]]]}, "properties": {"id": "palisades-000940", "damage_class": 1, "damage_label": "minor-damage", "confidence": 0.85, "area_m2": 349.87, "centroid": [-118.543346, 34.059926], "confidence_tier": "high", "sources": {"heuristic": 2, "cnn": 1, "margin": 1.0}, "footprint_source": "osm"}}, {"type": "Feature", "geometry": {"type": "Polygon", "coordinates": [[[-118.544226, 34.06037979999999], [-118.5440885, 34.06038999999999], [-118.5440798, 34.0603092], [-118.5440518, 34.06031129999999], [-118.54403550000002, 34.0601631], [-118.5442013, 34.0601507], [-118.544226, 34.06037979999999]]]}, "properties": {"id": "palisades-000941", "damage_class": 0, "damage_label": "no-damage", "confidence": 0.7, "area_m2": 368.06, "centroid": [-118.544135, 34.060266], "confidence_tier": "review", "sources": {"heuristic": 2, "cnn": 0, "margin": 1.0}, "footprint_source": "osm"}}, {"type": "Feature", "geometry": {"type": "Polygon", "coordinates": [[[-118.5423766, 34.0627847], [-118.5423334, 34.0627743], [-118.5423295, 34.06278519999999], [-118.54226270000001, 34.062769], [-118.54226480000001, 34.062763], [-118.54223900000001, 34.06274879999999], [-118.54223329999999, 34.0627352], [-118.54224529999999, 34.0627109], [-118.5422653, 34.06270369999999], [-118.5422805, 34.06270709999999], [-118.54228280000001, 34.0627006], [-118.54227640000002, 34.062699], [-118.54228730000001, 34.06266850000001], [-118.54229330000001, 34.06267], [-118.5422976, 34.062658000000006], [-118.5422905, 34.062637699999996], [-118.5422956, 34.062622600000005], [-118.5423063, 34.0626034], [-118.54231550000002, 34.062607799999995], [-118.5423197, 34.062595299999984], [-118.54242449999998, 34.0626199], [-118.5424231, 34.062624], [-118.5424509, 34.062630500000004], [-118.5424464, 34.06264379999999], [-118.5424681, 34.062645], [-118.54246669999999, 34.0626491], [-118.54249670000002, 34.06265609999999], [-118.54248750000001, 34.062700299999996], [-118.542481, 34.0626988], [-118.54247780000001, 34.0627083], [-118.542433, 34.062697799999995], [-118.54243819999999, 34.062702499999986], [-118.5424261, 34.062738200000005], [-118.5424194, 34.0627366], [-118.5424177, 34.062741599999995], [-118.54243490000002, 34.06274569999999], [-118.54243699999999, 34.0627394], [-118.54246789999999, 34.0627466], [-118.54246589999998, 34.062752599999996], [-118.5425464, 34.06277140000001], [-118.54254260000002, 34.06278269999999], [-118.54258220000001, 34.062792], [-118.5425785, 34.0628027], [-118.5425833, 34.06280389999999], [-118.54257199999999, 34.062837300000005], [-118.5425659, 34.0628359], [-118.5425623, 34.062846699999994], [-118.54237109999998, 34.06280039999999], [-118.5423766, 34.0627847]]]}, "properties": {"id": "palisades-000942", "damage_class": 0, "damage_label": "no-damage", "confidence": 1.0, "area_m2": 436.16, "centroid": [-118.542397, 34.062723], "confidence_tier": "high", "sources": {"heuristic": 0, "cnn": 0, "margin": 1.0}, "footprint_source": "osm"}}, {"type": "Feature", "geometry": {"type": "Polygon", "coordinates": [[[-118.5423459, 34.0612784], [-118.54234370000002, 34.0612648], [-118.5423195, 34.0612675], [-118.5423184, 34.0612608], [-118.54230370000002, 34.061262299999996], [-118.54230110000002, 34.06124540000001], [-118.5422892, 34.06124660000001], [-118.5422839, 34.06121190000001], [-118.5422443, 34.06121600000001], [-118.5422431, 34.0612084], [-118.54221389999998, 34.0612115], [-118.54220810000001, 34.06117329999999], [-118.54216369999999, 34.06117799999999], [-118.54216, 34.0611543], [-118.5421347, 34.06117], [-118.5421054, 34.06116269999999], [-118.5420981, 34.061133], [-118.54211909999998, 34.061121500000006], [-118.54211869999999, 34.06109179999999], [-118.54214359999999, 34.06108199999999], [-118.5421702, 34.0610916], [-118.54222540000002, 34.06108270000001], [-118.54222439999998, 34.061069599999996], [-118.54229170000002, 34.06106199999999], [-118.54229780000001, 34.0610887], [-118.54234190000001, 34.061087], [-118.5423459, 34.06110249999999], [-118.5423528, 34.0610999], [-118.5423492, 34.061088100000006], [-118.5423862, 34.06108429999999], [-118.54238789999998, 34.0610943], [-118.54239380000001, 34.0610935], [-118.5423982, 34.06107179999999], [-118.54245389999998, 34.061068399999996], [-118.542457, 34.061093699999994], [-118.54248590000002, 34.0610909], [-118.54250009999998, 34.061096899999995], [-118.5425041, 34.0611073], [-118.54248950000002, 34.0611244], [-118.54249279999999, 34.0611453], [-118.54247189999998, 34.0611477], [-118.54247890000002, 34.061191199999996], [-118.54245380000002, 34.061194], [-118.5424567, 34.0612121], [-118.54243130000002, 34.061214899999996], [-118.54243760000001, 34.0612542], [-118.5424274, 34.06125540000001], [-118.5424296, 34.0612691], [-118.5423459, 34.0612784]]]}, "properties": {"id": "palisades-000943", "damage_class": 0, "damage_label": "no-damage", "confidence": 1.0, "area_m2": 540.76, "centroid": [-118.542319, 34.061156], "confidence_tier": "high", "sources": {"heuristic": 0, "cnn": 0, "margin": 1.0}, "footprint_source": "osm"}}, {"type": "Feature", "geometry": {"type": "Polygon", "coordinates": [[[-118.55019830000002, 34.063199899999994], [-118.5501511, 34.0631928], [-118.5501427, 34.063207599999984], [-118.55013080000002, 34.06320960000001], [-118.5500606, 34.0631786], [-118.55005249999999, 34.0631555], [-118.5500655, 34.063144300000005], [-118.55003480000002, 34.063097799999994], [-118.5500263, 34.0630557], [-118.55002919999998, 34.06303019999999], [-118.5500467, 34.062986699999996], [-118.5500854, 34.0629357], [-118.5501588, 34.0629115], [-118.5502369, 34.0629087], [-118.5502241, 34.0629795], [-118.5502739, 34.06300220000001], [-118.5502867, 34.063020599999994], [-118.550262, 34.063029300000004], [-118.5502366, 34.0630065], [-118.5502198, 34.062999600000005], [-118.55021900000001, 34.0630037], [-118.5501768, 34.06300759999999], [-118.5501528, 34.06302529999999], [-118.5501423, 34.0630532], [-118.5501568, 34.0630851], [-118.5501862, 34.0631051], [-118.5502001, 34.063108099999994], [-118.5502342, 34.06310210000001], [-118.5502454, 34.0631213], [-118.55020319999998, 34.063128299999995], [-118.55019830000002, 34.063199899999994]]]}, "properties": {"id": "palisades-000944", "damage_class": 0, "damage_label": "no-damage", "confidence": 0.7, "area_m2": 437.68, "centroid": [-118.550132, 34.063053], "confidence_tier": "review", "sources": {"heuristic": 3, "cnn": 0, "margin": 1.0}, "footprint_source": "osm"}}, {"type": "Feature", "geometry": {"type": "Polygon", "coordinates": [[[-118.54393900000001, 34.059871699999995], [-118.54394349999998, 34.0598717], [-118.54394430000002, 34.0599344], [-118.543811, 34.05993550000001], [-118.5438106, 34.0599012], [-118.54376130000001, 34.0599016], [-118.5437595, 34.05975999999999], [-118.5439376, 34.05975839999999], [-118.54393900000001, 34.059871699999995]]]}, "properties": {"id": "palisades-000945", "damage_class": 0, "damage_label": "no-damage", "confidence": 1.0, "area_m2": 306.41, "centroid": [-118.543854, 34.059844], "confidence_tier": "high", "sources": {"heuristic": 0, "cnn": 0, "margin": 1.0}, "footprint_source": "osm"}}, {"type": "Feature", "geometry": {"type": "Polygon", "coordinates": [[[-118.54336670000002, 34.060552], [-118.5433039, 34.0605315], [-118.54329720000001, 34.060545999999995], [-118.543205, 34.06051600000001], [-118.54328889999998, 34.0603474], [-118.5434803, 34.060413400000016], [-118.54341240000001, 34.060549699999996], [-118.54337369999999, 34.0605371], [-118.54336670000002, 34.060552]]]}, "properties": {"id": "palisades-000946", "damage_class": 0, "damage_label": "no-damage", "confidence": 0.7, "area_m2": 359.33, "centroid": [-118.543341, 34.060458], "confidence_tier": "review", "sources": {"heuristic": 2, "cnn": 0, "margin": 1.0}, "footprint_source": "osm"}}, {"type": "Feature", "geometry": {"type": "Polygon", "coordinates": [[[-118.54570270000002, 34.0608693], [-118.5456885, 34.06088329999999], [-118.5456684, 34.06088410000001], [-118.54565240000001, 34.060870200000004], [-118.54565200000002, 34.0608533], [-118.5456621, 34.060838999999994], [-118.54568900000001, 34.060837100000015], [-118.5457021, 34.0608499], [-118.54570270000002, 34.0608693]]]}, "properties": {"id": "palisades-000947", "damage_class": 3, "damage_label": "destroyed", "confidence": 0.7, "area_m2": 19.75, "centroid": [-118.545677, 34.06086], "confidence_tier": "review", "sources": {"heuristic": 0, "cnn": 3, "margin": 1.0}, "footprint_source": "osm"}}, {"type": "Feature", "geometry": {"type": "Polygon", "coordinates": [[[-118.54254749999998, 34.05985989999999], [-118.54227179999998, 34.0598623], [-118.54227040000002, 34.0597543], [-118.54233380000001, 34.0597538], [-118.54233320000002, 34.059711799999995], [-118.5425455, 34.05970719999999], [-118.54254749999998, 34.05985989999999]]]}, "properties": {"id": "palisades-000948", "damage_class": 0, "damage_label": "no-damage", "confidence": 1.0, "area_m2": 399.91, "centroid": [-118.542416, 34.059789], "confidence_tier": "high", "sources": {"heuristic": 0, "cnn": 0, "margin": 1.0}, "footprint_source": "osm"}}, {"type": "Feature", "geometry": {"type": "Polygon", "coordinates": [[[-118.54656689999999, 34.062137199999995], [-118.5465537, 34.0621266], [-118.54661810000002, 34.062071], [-118.5467217, 34.06215399999999], [-118.5466885, 34.062182699999994], [-118.54669499999999, 34.06218789999999], [-118.5465595, 34.0623049], [-118.5464626, 34.0622273], [-118.54656689999999, 34.062137199999995]]]}, "properties": {"id": "palisades-000949", "damage_class": 1, "damage_label": "minor-damage", "confidence": 1.0, "area_m2": 289.42, "centroid": [-118.546594, 34.062189], "confidence_tier": "high", "sources": {"heuristic": 1, "cnn": 1, "margin": 1.0}, "footprint_source": "osm"}}, {"type": "Feature", "geometry": {"type": "Polygon", "coordinates": [[[-118.54291380000001, 34.060645199999996], [-118.54297829999999, 34.0606697], [-118.5429658, 34.0606926], [-118.54297379999998, 34.06069560000001], [-118.54288770000001, 34.06085259999999], [-118.5427156, 34.060787299999994], [-118.54279979999998, 34.060633799999984], [-118.5428992, 34.0606716], [-118.54291380000001, 34.060645199999996]]]}, "properties": {"id": "palisades-000950", "damage_class": 0, "damage_label": "no-damage", "confidence": 0.85, "area_m2": 348.07, "centroid": [-118.54285, 34.060739], "confidence_tier": "high", "sources": {"heuristic": 1, "cnn": 0, "margin": 1.0}, "footprint_source": "osm"}}, {"type": "Feature", "geometry": {"type": "Polygon", "coordinates": [[[-118.54531700000001, 34.05989979999999], [-118.5452334, 34.0600134], [-118.54524340000002, 34.060018400000004], [-118.5451933, 34.060086600000005], [-118.54509439999998, 34.0600367], [-118.54512250000002, 34.059998500000006], [-118.5450378, 34.05995579999999], [-118.5451434, 34.0598122], [-118.54531700000001, 34.05989979999999]]]}, "properties": {"id": "palisades-000951", "damage_class": 0, "damage_label": "no-damage", "confidence": 1.0, "area_m2": 407.02, "centroid": [-118.545175, 34.059944], "confidence_tier": "high", "sources": {"heuristic": 0, "cnn": 0, "margin": 1.0}, "footprint_source": "osm"}}, {"type": "Feature", "geometry": {"type": "Polygon", "coordinates": [[[-118.54226870000001, 34.059691300000004], [-118.54225990010899, 34.059657829433114], [-118.54246656480731, 34.05965523560829], [-118.54226870000001, 34.059691300000004]]]}, "properties": {"id": "palisades-000952", "damage_class": 1, "damage_label": "minor-damage", "confidence": 0.85, "area_m2": 35.52, "centroid": [-118.542332, 34.059668], "confidence_tier": "high", "sources": {"heuristic": 0, "cnn": 1, "margin": 1.0}, "footprint_source": "osm"}}, {"type": "Feature", "geometry": {"type": "Polygon", "coordinates": [[[-118.5431411, 34.0597351], [-118.5432006, 34.05972779999999], [-118.5432065, 34.0597605], [-118.5432146, 34.059759500000006], [-118.54321650000001, 34.059770199999996], [-118.5432086, 34.059771199999986], [-118.54320990000001, 34.059778599999994], [-118.5431519, 34.059785899999994], [-118.5431411, 34.0597351]]]}, "properties": {"id": "palisades-000953", "damage_class": 3, "damage_label": "destroyed", "confidence": 0.85, "area_m2": 32.19, "centroid": [-118.543177, 34.059757], "confidence_tier": "high", "sources": {"heuristic": 2, "cnn": 3, "margin": 1.0}, "footprint_source": "osm"}}, {"type": "Feature", "geometry": {"type": "Polygon", "coordinates": [[[-118.5438508, 34.0596787], [-118.5437609, 34.0596831], [-118.54375776986642, 34.05963902197142], [-118.54384789535597, 34.05963788976075], [-118.5438508, 34.0596787]]]}, "properties": {"id": "palisades-000954", "damage_class": 1, "damage_label": "minor-damage", "confidence": 0.85, "area_m2": 39.2, "centroid": [-118.543804, 34.05966], "confidence_tier": "high", "sources": {"heuristic": 0, "cnn": 1, "margin": 1.0}, "footprint_source": "osm"}}, {"type": "Feature", "geometry": {"type": "Polygon", "coordinates": [[[-118.5487964, 34.06034679999999], [-118.54892320000002, 34.06032], [-118.5489371, 34.0603658], [-118.5489462, 34.0603702], [-118.5488755, 34.0604729], [-118.54885810000002, 34.060464599999996], [-118.54882640000001, 34.0605106], [-118.5487478, 34.060473099999996], [-118.54880870000001, 34.0603896], [-118.5487964, 34.06034679999999]]]}, "properties": {"id": "palisades-000955", "damage_class": 0, "damage_label": "no-damage", "confidence": 1.0, "area_m2": 204.19, "centroid": [-118.54885, 34.06041], "confidence_tier": "high", "sources": {"heuristic": 0, "cnn": 0, "margin": 1.0}, "footprint_source": "osm"}}, {"type": "Feature", "geometry": {"type": "Polygon", "coordinates": [[[-118.54723229999999, 34.060636300000006], [-118.54722080000002, 34.06063230000001], [-118.5472046, 34.06066489999999], [-118.5471055, 34.06063069999999], [-118.54713210000001, 34.0605772], [-118.54708380000001, 34.060560499999994], [-118.54712859999998, 34.060470699999996], [-118.54728750000001, 34.06052559999999], [-118.54723229999999, 34.060636300000006]]]}, "properties": {"id": "palisades-000956", "damage_class": 0, "damage_label": "no-damage", "confidence": 1.0, "area_m2": 237.75, "centroid": [-118.547182, 34.060565], "confidence_tier": "high", "sources": {"heuristic": 0, "cnn": 0, "margin": 1.0}, "footprint_source": "osm"}}, {"type": "Feature", "geometry": {"type": "Polygon", "coordinates": [[[-118.5517619, 34.0620326], [-118.5517489, 34.06203200000001], [-118.5517484, 34.06203839999999], [-118.55157090000002, 34.06202999999999], [-118.5515732, 34.06199620000001], [-118.551543, 34.061994799999994], [-118.55154970000001, 34.0618968], [-118.5515789, 34.06189820000001], [-118.5515825, 34.0618441], [-118.55177430000002, 34.061853199999995], [-118.5517619, 34.0620326]]]}, "properties": {"id": "palisades-000957", "damage_class": 0, "damage_label": "no-damage", "confidence": 0.7, "area_m2": 393.96, "centroid": [-118.551664, 34.061942], "confidence_tier": "review", "sources": {"heuristic": 3, "cnn": 0, "margin": 1.0}, "footprint_source": "osm"}}, {"type": "Feature", "geometry": {"type": "Polygon", "coordinates": [[[-118.55176470000002, 34.06020039999999], [-118.55171070000002, 34.0601102], [-118.5517275, 34.0601032], [-118.5517086, 34.0600715], [-118.5518174, 34.060026300000004], [-118.551914, 34.060187600000006], [-118.55185980000002, 34.06021], [-118.5518754, 34.0602361], [-118.55179320000002, 34.060270200000005], [-118.55175399999999, 34.0602048], [-118.55176470000002, 34.06020039999999]]]}, "properties": {"id": "palisades-000958", "damage_class": 0, "damage_label": "no-damage", "confidence": 0.7, "area_m2": 285.0, "centroid": [-118.551807, 34.060146], "confidence_tier": "review", "sources": {"heuristic": 3, "cnn": 0, "margin": 1.0}, "footprint_source": "osm"}}, {"type": "Feature", "geometry": {"type": "Polygon", "coordinates": [[[-118.5510364, 34.0619805], [-118.5510421, 34.0619807], [-118.5510505, 34.06179250000001], [-118.5511202, 34.061794600000006], [-118.5511189, 34.0618242], [-118.5511856, 34.06182629999999], [-118.5511806, 34.061938899999994], [-118.55123799999998, 34.061940700000015], [-118.5512329, 34.0620571], [-118.55103330000001, 34.062050899999996], [-118.5510364, 34.0619805]]]}, "properties": {"id": "palisades-000959", "damage_class": 0, "damage_label": "no-damage", "confidence": 0.7, "area_m2": 414.13, "centroid": [-118.551126, 34.061943], "confidence_tier": "review", "sources": {"heuristic": 3, "cnn": 0, "margin": 1.0}, "footprint_source": "osm"}}, {"type": "Feature", "geometry": {"type": "Polygon", "coordinates": [[[-118.5507866, 34.061348], [-118.55078280000001, 34.06137239999999], [-118.5508322, 34.0613778], [-118.55081900000002, 34.0614611], [-118.5508799, 34.061467799999996], [-118.55086850000002, 34.0615398], [-118.5507175, 34.061523300000005], [-118.55071559999999, 34.06153530000001], [-118.5506361, 34.06152680000001], [-118.55066640000001, 34.06133489999999], [-118.5507866, 34.061348]]]}, "properties": {"id": "palisades-000960", "damage_class": 0, "damage_label": "no-damage", "confidence": 0.85, "area_m2": 360.61, "centroid": [-118.550746, 34.061447], "confidence_tier": "high", "sources": {"heuristic": 1, "cnn": 0, "margin": 1.0}, "footprint_source": "osm"}}, {"type": "Feature", "geometry": {"type": "Polygon", "coordinates": [[[-118.5513274, 34.0639887], [-118.5513797, 34.064066600000004], [-118.55133180000001, 34.064088899999994], [-118.5513877, 34.0641722], [-118.5513113, 34.0642077], [-118.551284, 34.0641671], [-118.5512567, 34.0641798], [-118.55123830000001, 34.064152400000005], [-118.5511948, 34.0641726], [-118.5511322, 34.0640793], [-118.5513274, 34.0639887]]]}, "properties": {"id": "palisades-000961", "damage_class": 0, "damage_label": "no-damage", "confidence": 1.0, "area_m2": 314.44, "centroid": [-118.551273, 34.0641], "confidence_tier": "high", "sources": {"heuristic": 0, "cnn": 0, "margin": 1.0}, "footprint_source": "osm"}}, {"type": "Feature", "geometry": {"type": "Polygon", "coordinates": [[[-118.5509839, 34.059664999999995], [-118.5509689, 34.05969329999999], [-118.5508531, 34.0596507], [-118.5508679, 34.05962280000001], [-118.5508298, 34.0596088], [-118.55086124047698, 34.059549581152304], [-118.55106326388666, 34.059547031440246], [-118.5510835, 34.0595546], [-118.55101810000001, 34.0596776], [-118.5509839, 34.059664999999995]]]}, "properties": {"id": "palisades-000962", "damage_class": 0, "damage_label": "no-damage", "confidence": 1.0, "area_m2": 257.65, "centroid": [-118.550955, 34.059607], "confidence_tier": "high", "sources": {"heuristic": 0, "cnn": 0, "margin": 1.0}, "footprint_source": "osm"}}, {"type": "Feature", "geometry": {"type": "Polygon", "coordinates": [[[-118.55074950000001, 34.0611023], [-118.5506528, 34.061082400000004], [-118.55065110000001, 34.0610901], [-118.5506986, 34.06109729999999], [-118.55069370000001, 34.0611194], [-118.55049600000001, 34.0610893], [-118.5505111, 34.06102070000001], [-118.55057040000001, 34.06102969999999], [-118.5505871, 34.06095349999998], [-118.55077589999999, 34.0609822], [-118.55074950000001, 34.0611023]]]}, "properties": {"id": "palisades-000963", "damage_class": 0, "damage_label": "no-damage", "confidence": 1.0, "area_m2": 315.31, "centroid": [-118.550645, 34.061039], "confidence_tier": "high", "sources": {"heuristic": 0, "cnn": 0, "margin": 1.0}, "footprint_source": "osm"}}, {"type": "Feature", "geometry": {"type": "Polygon", "coordinates": [[[-118.5505057, 34.061496600000005], [-118.55050890000001, 34.06147690000001], [-118.55041760000002, 34.061466799999984], [-118.5504187, 34.061459799999994], [-118.5503151, 34.0614493], [-118.5503287, 34.0613649], [-118.5505312, 34.0613874], [-118.5505331, 34.0613755], [-118.550609, 34.061384], [-118.5505895, 34.06150589999999], [-118.5505057, 34.061496600000005]]]}, "properties": {"id": "palisades-000964", "damage_class": 0, "damage_label": "no-damage", "confidence": 0.85, "area_m2": 281.86, "centroid": [-118.550472, 34.061427], "confidence_tier": "high", "sources": {"heuristic": 1, "cnn": 0, "margin": 1.0}, "footprint_source": "osm"}}, {"type": "Feature", "geometry": {"type": "Polygon", "coordinates": [[[-118.550815, 34.062477099999995], [-118.55081159999999, 34.062407099999994], [-118.5509, 34.06240429999998], [-118.5508991, 34.0623854], [-118.55088750000002, 34.0623858], [-118.5508802, 34.06223179999999], [-118.5510407, 34.06222659999999], [-118.5510497, 34.0624163], [-118.55097420000001, 34.062418799999996], [-118.5509732, 34.0623971], [-118.55091870000001, 34.06239889999999], [-118.5509222, 34.0624736], [-118.550815, 34.062477099999995]]]}, "properties": {"id": "palisades-000965", "damage_class": 0, "damage_label": "no-damage", "confidence": 0.7, "area_m2": 369.53, "centroid": [-118.550946, 34.062344], "confidence_tier": "review", "sources": {"heuristic": 2, "cnn": 0, "margin": 1.0}, "footprint_source": "osm"}}, {"type": "Feature", "geometry": {"type": "Polygon", "coordinates": [[[-118.5516374, 34.0605923], [-118.5514566, 34.0606644], [-118.5514535, 34.06065869999999], [-118.55138469999999, 34.0606851], [-118.55132919999998, 34.060584600000006], [-118.5513983, 34.060558199999996], [-118.5513939, 34.06055009999999], [-118.55146800000001, 34.0605218], [-118.5514863, 34.060555099999995], [-118.5515942, 34.06051379999999], [-118.5516374, 34.0605923]]]}, "properties": {"id": "palisades-000966", "damage_class": 0, "damage_label": "no-damage", "confidence": 1.0, "area_m2": 295.79, "centroid": [-118.551477, 34.060594], "confidence_tier": "high", "sources": {"heuristic": 0, "cnn": 0, "margin": 1.0}, "footprint_source": "osm"}}, {"type": "Feature", "geometry": {"type": "Polygon", "coordinates": [[[-118.55036999999999, 34.061045400000005], [-118.5503266, 34.06103720000001], [-118.5503222, 34.0610535], [-118.55024360000002, 34.061038700000005], [-118.55027519999999, 34.0609227], [-118.5503294, 34.06093289999999], [-118.5503584, 34.0608263], [-118.5504961, 34.0608522], [-118.55045330000002, 34.0610095], [-118.55046510000001, 34.0610117], [-118.55044610000002, 34.0610817], [-118.5503644, 34.0610663], [-118.55036999999999, 34.061045400000005]]]}, "properties": {"id": "palisades-000967", "damage_class": 0, "damage_label": "no-damage", "confidence": 0.7, "area_m2": 402.34, "centroid": [-118.550381, 34.060958], "confidence_tier": "review", "sources": {"heuristic": 2, "cnn": 0, "margin": 1.0}, "footprint_source": "osm"}}, {"type": "Feature", "geometry": {"type": "Polygon", "coordinates": [[[-118.5511838, 34.0626626], [-118.55124310000001, 34.062659499999995], [-118.5512444, 34.0626773], [-118.5512824, 34.06267530000001], [-118.5513092, 34.06269609999999], [-118.5513524, 34.0626937], [-118.55135440000001, 34.0627185], [-118.5514097, 34.06271540000001], [-118.5514124, 34.062789299999984], [-118.55130189999998, 34.0627921], [-118.55130360000001, 34.06283779999999], [-118.5511975, 34.062843400000006], [-118.5511838, 34.0626626]]]}, "properties": {"id": "palisades-000968", "damage_class": 0, "damage_label": "no-damage", "confidence": 0.7, "area_m2": 289.13, "centroid": [-118.55128, 34.062752], "confidence_tier": "review", "sources": {"heuristic": 3, "cnn": 0, "margin": 1.0}, "footprint_source": "osm"}}, {"type": "Feature", "geometry": {"type": "Polygon", "coordinates": [[[-118.55131750000001, 34.062314999999984], [-118.5513212, 34.062374199999994], [-118.55131180000001, 34.0623746], [-118.5513269, 34.0625012], [-118.5512421, 34.0625048], [-118.55124060000001, 34.06248010000001], [-118.5512153, 34.0624812], [-118.55121600000001, 34.06249220000001], [-118.55118009999998, 34.0624938], [-118.5511806, 34.0625016], [-118.55110560000001, 34.06250479999999], [-118.55109450000002, 34.06232450000001], [-118.55131750000001, 34.062314999999984]]]}, "properties": {"id": "palisades-000969", "damage_class": 0, "damage_label": "no-damage", "confidence": 0.7, "area_m2": 403.12, "centroid": [-118.55121, 34.062409], "confidence_tier": "review", "sources": {"heuristic": 2, "cnn": 0, "margin": 1.0}, "footprint_source": "osm"}}, {"type": "Feature", "geometry": {"type": "Polygon", "coordinates": [[[-118.5510716, 34.06369689999998], [-118.55099649999998, 34.0636822], [-118.5509923, 34.06369709999999], [-118.55091480000002, 34.063682], [-118.55091990000001, 34.063663799999986], [-118.55086980000002, 34.063654], [-118.5508931, 34.0635789], [-118.5508742, 34.0635748], [-118.55089700000002, 34.0635012], [-118.55091120000002, 34.06350429999999], [-118.5509276, 34.0634515], [-118.5510554, 34.06347900000001], [-118.5510323, 34.06355369999999], [-118.55116209999998, 34.06358159999999], [-118.5511379, 34.0636596], [-118.551085, 34.0636494], [-118.5510716, 34.06369689999998]]]}, "properties": {"id": "palisades-000970", "damage_class": 1, "damage_label": "minor-damage", "confidence": 0.85, "area_m2": 455.0, "centroid": [-118.550997, 34.063587], "confidence_tier": "high", "sources": {"heuristic": 2, "cnn": 1, "margin": 1.0}, "footprint_source": "osm"}}, {"type": "Feature", "geometry": {"type": "Polygon", "coordinates": [[[-118.54998690000001, 34.0622719], [-118.549906, 34.06226720000001], [-118.5499077, 34.0622462], [-118.54988870000001, 34.0622451], [-118.54988129999998, 34.062335399999995], [-118.5497907, 34.0623302], [-118.54979510000001, 34.0622778], [-118.5497739, 34.062276600000004], [-118.5497752, 34.0622613], [-118.54975330000002, 34.06226], [-118.54976390000002, 34.062132], [-118.54993700000001, 34.06214189999999], [-118.549936, 34.0621538], [-118.55008109999999, 34.062162099999995], [-118.5500734, 34.06225549999999], [-118.5499887, 34.0622507], [-118.54998690000001, 34.0622719]]]}, "properties": {"id": "palisades-000971", "damage_class": 0, "damage_label": "no-damage", "confidence": 0.85, "area_m2": 442.2, "centroid": [-118.549897, 34.062218], "confidence_tier": "high", "sources": {"heuristic": 1, "cnn": 0, "margin": 1.0}, "footprint_source": "osm"}}, {"type": "Feature", "geometry": {"type": "Polygon", "coordinates": [[[-118.55130869999999, 34.0615138], [-118.55137920000001, 34.061541000000005], [-118.5513728, 34.06155259999999], [-118.5513842, 34.06155699999999], [-118.5513679, 34.0615863], [-118.5513863, 34.06159340000001], [-118.5513703, 34.0616222], [-118.55138500000001, 34.061627800000004], [-118.5513274, 34.06171560000001], [-118.55129349999999, 34.06170250000001], [-118.5512912, 34.06170650000001], [-118.55113589999999, 34.0616466], [-118.5512081, 34.061516999999995], [-118.5512894, 34.0615484], [-118.55130869999999, 34.0615138]]]}, "properties": {"id": "palisades-000972", "damage_class": 2, "damage_label": "major-damage", "confidence": 1.0, "area_m2": 336.03, "centroid": [-118.551273, 34.061611], "confidence_tier": "high", "sources": {"heuristic": 2, "cnn": 2, "margin": 1.0}, "footprint_source": "osm"}}, {"type": "Feature", "geometry": {"type": "Polygon", "coordinates": [[[-118.55158620000002, 34.0625164], [-118.5515821, 34.0624445], [-118.5516077, 34.062443499999986], [-118.55159559999998, 34.0623502], [-118.55165980000001, 34.0623477], [-118.5516608, 34.0623653], [-118.5517022, 34.0623636], [-118.5517016, 34.0623543], [-118.5517502, 34.06235239999999], [-118.55175070000001, 34.06236150000001], [-118.5517569, 34.06236129999999], [-118.55175450000002, 34.062318299999994], [-118.5517977, 34.0623166], [-118.55180859999999, 34.06250760000001], [-118.55158620000002, 34.0625164]]]}, "properties": {"id": "palisades-000973", "damage_class": 0, "damage_label": "no-damage", "confidence": 0.7, "area_m2": 354.45, "centroid": [-118.551701, 34.062431], "confidence_tier": "review", "sources": {"heuristic": 3, "cnn": 0, "margin": 1.0}, "footprint_source": "osm"}}, {"type": "Feature", "geometry": {"type": "Polygon", "coordinates": [[[-118.5505661, 34.0607212], [-118.55040110000002, 34.0607037], [-118.5503893, 34.06069970000001], [-118.55039150000002, 34.0606849], [-118.5503263, 34.060677999999996], [-118.5503437, 34.06056439999999], [-118.550359, 34.06056609999999], [-118.55038100000002, 34.06044970000001], [-118.5505232, 34.0604648], [-118.5505174, 34.060503000000004], [-118.5505294, 34.06051649999999], [-118.5505471, 34.06051800000001], [-118.5505279, 34.06065389999999], [-118.5505757, 34.06065849999999], [-118.5505661, 34.0607212]]]}, "properties": {"id": "palisades-000974", "damage_class": 0, "damage_label": "no-damage", "confidence": 0.7, "area_m2": 483.5, "centroid": [-118.550449, 34.060592], "confidence_tier": "review", "sources": {"heuristic": 3, "cnn": 0, "margin": 1.0}, "footprint_source": "osm"}}, {"type": "Feature", "geometry": {"type": "Polygon", "coordinates": [[[-118.5505517, 34.061845399999996], [-118.5505127, 34.0618683], [-118.5503862, 34.0617205], [-118.55047329999998, 34.0616689], [-118.550563, 34.0617771], [-118.55057129999999, 34.06177219999999], [-118.55055260000002, 34.0617504], [-118.5505963, 34.06172449999999], [-118.55061450000001, 34.06174579999999], [-118.5506357, 34.06173330000001], [-118.5506371, 34.0617165], [-118.55074310000002, 34.0617231], [-118.55073120000002, 34.0618513], [-118.5505517, 34.061845399999996]]]}, "properties": {"id": "palisades-000975", "damage_class": 0, "damage_label": "no-damage", "confidence": 0.85, "area_m2": 405.84, "centroid": [-118.550577, 34.061777], "confidence_tier": "high", "sources": {"heuristic": 1, "cnn": 0, "margin": 1.0}, "footprint_source": "osm"}}, {"type": "Feature", "geometry": {"type": "Polygon", "coordinates": [[[-118.55046359999999, 34.06008510000001], [-118.5504457, 34.0600894], [-118.55044730000002, 34.06009399999999], [-118.5503749, 34.0601114], [-118.55034780000001, 34.060033499999996], [-118.5503263, 34.06003869999999], [-118.55030990000002, 34.0599915], [-118.55030360000002, 34.05999299999999], [-118.5502857, 34.0599412], [-118.5502942, 34.059939199999995], [-118.55027450000001, 34.059882200000004], [-118.5503848, 34.0598557], [-118.5503872, 34.05986289999999], [-118.55047440000001, 34.059841899999995], [-118.5504938, 34.0598977], [-118.550536, 34.0599347], [-118.55057430000001, 34.060051800000004], [-118.55046140000002, 34.06007889999999], [-118.55046359999999, 34.06008510000001]]]}, "properties": {"id": "palisades-000976", "damage_class": 0, "damage_label": "no-damage", "confidence": 0.7, "area_m2": 523.45, "centroid": [-118.550422, 34.059972], "confidence_tier": "review", "sources": {"heuristic": 3, "cnn": 0, "margin": 1.0}, "footprint_source": "osm"}}, {"type": "Feature", "geometry": {"type": "Polygon", "coordinates": [[[-118.5506173, 34.06273670000001], [-118.5506317, 34.0627056], [-118.5506387, 34.06270789999999], [-118.55064270000001, 34.06269929999999], [-118.5506314, 34.06269569999999], [-118.5506276, 34.06270390000001], [-118.550593, 34.0626928], [-118.55058240000001, 34.062715499999996], [-118.55051789999999, 34.0626947], [-118.5505501, 34.06262579999999], [-118.55059520000002, 34.06264029999999], [-118.55062370000002, 34.06257920000001], [-118.5506554, 34.06258939999999], [-118.55067299999999, 34.0625869], [-118.55073390000001, 34.062606300000006], [-118.5507367, 34.0626002], [-118.5507931, 34.06261799999999], [-118.5507221, 34.0627706], [-118.5506173, 34.06273670000001]]]}, "properties": {"id": "palisades-000977", "damage_class": 0, "damage_label": "no-damage", "confidence": 1.0, "area_m2": 300.37, "centroid": [-118.550666, 34.062668], "confidence_tier": "high", "sources": {"heuristic": 0, "cnn": 0, "margin": 1.0}, "footprint_source": "osm"}}, {"type": "Feature", "geometry": {"type": "Polygon", "coordinates": [[[-118.55019599999999, 34.06146929999999], [-118.55004830000001, 34.06143610000001], [-118.55007890000002, 34.0613563], [-118.5500739, 34.0613552], [-118.55009220000001, 34.0612986], [-118.55010750000001, 34.06130209999999], [-118.5501294, 34.06123469999999], [-118.55018750000002, 34.0612478], [-118.55018429999998, 34.061257700000006], [-118.5502471, 34.0612718], [-118.55024030000001, 34.0613043], [-118.5502595, 34.0613087], [-118.5502318, 34.061393899999985], [-118.5502748, 34.06140359999999], [-118.5502382, 34.0615025], [-118.5501889, 34.061491399999994], [-118.55019599999999, 34.06146929999999]]]}, "properties": {"id": "palisades-000978", "damage_class": 0, "damage_label": "no-damage", "confidence": 0.7, "area_m2": 374.22, "centroid": [-118.550168, 34.06137], "confidence_tier": "review", "sources": {"heuristic": 3, "cnn": 0, "margin": 1.0}, "footprint_source": "osm"}}, {"type": "Feature", "geometry": {"type": "Polygon", "coordinates": [[[-118.55187550000001, 34.0598256], [-118.5519098, 34.0598768], [-118.55189829999999, 34.0598821], [-118.55192110000002, 34.0599162], [-118.5517772, 34.0599829], [-118.5517822, 34.05999039999999], [-118.55168590000001, 34.06003500000001], [-118.55164050000002, 34.05996710000001], [-118.5516962, 34.0599413], [-118.5516753, 34.059909999999995], [-118.5515957, 34.05994690000001], [-118.55155629999999, 34.05988789999999], [-118.55159, 34.05986589999999], [-118.5515856, 34.059859499999995], [-118.5516388, 34.0598348], [-118.5516458, 34.0598454], [-118.55167719999999, 34.0598308], [-118.55165820000002, 34.05980239999999], [-118.55180050000001, 34.0597366], [-118.5518637, 34.059831], [-118.55187550000001, 34.0598256]]]}, "properties": {"id": "palisades-000979", "damage_class": 0, "damage_label": "no-damage", "confidence": 0.7, "area_m2": 563.27, "centroid": [-118.551747, 34.059885], "confidence_tier": "review", "sources": {"heuristic": 3, "cnn": 0, "margin": 1.0}, "footprint_source": "osm"}}, {"type": "Feature", "geometry": {"type": "Polygon", "coordinates": [[[-118.55158660000001, 34.06427889999999], [-118.55158359999999, 34.0642881], [-118.5515299, 34.06427599999999], [-118.55151190000001, 34.06426940000001], [-118.55150820000001, 34.0642616], [-118.5514187, 34.06423459999999], [-118.5514562, 34.0641257], [-118.5515322, 34.0641414], [-118.55153520000002, 34.0641322], [-118.55151070000001, 34.064126699999996], [-118.5515215, 34.0640931], [-118.5516732, 34.0641272], [-118.5516708, 34.064134499999994], [-118.55168569999998, 34.064137899999984], [-118.5516512, 34.06424440000001], [-118.55162, 34.06423739999999], [-118.55160520000001, 34.06428309999999], [-118.55158660000001, 34.06427889999999]]]}, "properties": {"id": "palisades-000980", "damage_class": 3, "damage_label": "destroyed", "confidence": 0.7, "area_m2": 341.99, "centroid": [-118.551555, 34.06419], "confidence_tier": "review", "sources": {"heuristic": 0, "cnn": 3, "margin": 1.0}, "footprint_source": "osm"}}, {"type": "Feature", "geometry": {"type": "Polygon", "coordinates": [[[-118.5520002, 34.061113399999996], [-118.55200719999999, 34.06111429999999], [-118.5520119, 34.0610903], [-118.55198469999999, 34.06108660000001], [-118.5519977, 34.061019900000005], [-118.55201410000001, 34.0610222], [-118.5520239, 34.0609722], [-118.55207989999998, 34.060979700000004], [-118.55208349999998, 34.060961799999994], [-118.5521567, 34.06097170000001], [-118.5521535, 34.060987899999986], [-118.5522014, 34.0609944], [-118.5521849, 34.0610794], [-118.55220319999998, 34.06108179999999], [-118.55221089999999, 34.0610941], [-118.552209, 34.061105999999995], [-118.5521928, 34.0611231], [-118.55218839999999, 34.0611556], [-118.55217820000001, 34.0611671], [-118.5521552, 34.0611739], [-118.55213449999998, 34.0611711], [-118.5521255, 34.0612125], [-118.5519846, 34.0611934], [-118.5520002, 34.061113399999996]]]}, "properties": {"id": "palisades-000981", "damage_class": 0, "damage_label": "no-damage", "confidence": 0.7, "area_m2": 435.55, "centroid": [-118.552093, 34.061087], "confidence_tier": "review", "sources": {"heuristic": 3, "cnn": 0, "margin": 1.0}, "footprint_source": "osm"}}, {"type": "Feature", "geometry": {"type": "Polygon", "coordinates": [[[-118.5520494, 34.0626466], [-118.55205070000001, 34.0626536], [-118.5520683, 34.0626513], [-118.5520745, 34.06268459999998], [-118.55205840000002, 34.0626867], [-118.55206939999998, 34.06274609999999], [-118.5520163, 34.06275290000001], [-118.55201830000001, 34.06276350000001], [-118.55192559999999, 34.06277540000001], [-118.55192359999998, 34.062764699999995], [-118.55186809999998, 34.0627718], [-118.5518702, 34.0627831], [-118.5517857, 34.0627939], [-118.55176900000001, 34.06270380000001], [-118.55185809999999, 34.0626923], [-118.55186190000002, 34.0627125], [-118.55190940000001, 34.0627064], [-118.5519063, 34.062689500000005], [-118.5519452, 34.06268449999999], [-118.5519408, 34.062660599999994], [-118.55202220000001, 34.06264549999999], [-118.5520494, 34.0626466]]]}, "properties": {"id": "palisades-000982", "damage_class": 0, "damage_label": "no-damage", "confidence": 0.7, "area_m2": 275.73, "centroid": [-118.55193, 34.062723], "confidence_tier": "review", "sources": {"heuristic": 2, "cnn": 0, "margin": 1.0}, "footprint_source": "osm"}}, {"type": "Feature", "geometry": {"type": "Polygon", "coordinates": [[[-118.5510004, 34.062836000000004], [-118.5509626, 34.06283779999999], [-118.5509596, 34.062795400000006], [-118.5509192, 34.06279739999999], [-118.5509166, 34.0627601], [-118.55089820000002, 34.06276100000001], [-118.5508997, 34.06278149999999], [-118.5508436, 34.06278429999999], [-118.5508397, 34.0627297], [-118.55084720000002, 34.062729299999994], [-118.55084499999998, 34.06269869999999], [-118.5508751, 34.0626972], [-118.55087340000001, 34.062674], [-118.55093730000002, 34.06267079999999], [-118.5509369, 34.062663699999995], [-118.55098959999998, 34.06266109999999], [-118.5509912, 34.0626847], [-118.5510089, 34.0626838], [-118.55101, 34.06270020000001], [-118.55103960000001, 34.0626988], [-118.55104229999999, 34.062737], [-118.55106759999998, 34.06273569999998], [-118.5510752, 34.06283690000001], [-118.5510008, 34.06284050000001], [-118.5510004, 34.062836000000004]]]}, "properties": {"id": "palisades-000983", "damage_class": 0, "damage_label": "no-damage", "confidence": 0.7, "area_m2": 288.48, "centroid": [-118.550964, 34.06275], "confidence_tier": "review", "sources": {"heuristic": 2, "cnn": 0, "margin": 1.0}, "footprint_source": "osm"}}, {"type": "Feature", "geometry": {"type": "Polygon", "coordinates": [[[-118.55186190000002, 34.063716199999995], [-118.5518883, 34.063723], [-118.5518726, 34.06376489999999], [-118.55189200000001, 34.06376989999999], [-118.5518759, 34.0638128], [-118.5519062, 34.06382069999999], [-118.55188819999998, 34.0638686], [-118.5517409, 34.063834], [-118.5517338, 34.0638111], [-118.55169160000001, 34.0638188], [-118.551672, 34.0637527], [-118.5517563, 34.06372960000001], [-118.5517586, 34.0637374], [-118.5517692, 34.06373520000001], [-118.5517724, 34.0637252], [-118.5517667, 34.0637239], [-118.55177769999999, 34.0636952], [-118.5517824, 34.06369629999998], [-118.5517928, 34.063665400000005], [-118.55179939999998, 34.0636669], [-118.5518022, 34.063658600000004], [-118.55187630000002, 34.063677799999994], [-118.55186190000002, 34.063716199999995]]]}, "properties": {"id": "palisades-000984", "damage_class": 0, "damage_label": "no-damage", "confidence": 0.7, "area_m2": 287.25, "centroid": [-118.551803, 34.063771], "confidence_tier": "review", "sources": {"heuristic": 2, "cnn": 0, "margin": 1.0}, "footprint_source": "osm"}}, {"type": "Feature", "geometry": {"type": "Polygon", "coordinates": [[[-118.5512534, 34.06321500000001], [-118.55105210000002, 34.0631984], [-118.5510644, 34.063095], [-118.55116380000001, 34.06310319999999], [-118.55117280000002, 34.06308930000001], [-118.55120220000002, 34.063091500000006], [-118.55120610000002, 34.06309819999999], [-118.55121690000001, 34.063099099999995], [-118.55121810000001, 34.0630887], [-118.55125449999998, 34.063091699999994], [-118.55125350000002, 34.06310059999999], [-118.55125950000001, 34.0631011], [-118.55126070000001, 34.06309119999999], [-118.55129160000001, 34.0630848], [-118.5513236, 34.063096699999996], [-118.55131380000002, 34.0632052], [-118.5512552, 34.063200300000005], [-118.5512534, 34.06321500000001]]]}, "properties": {"id": "palisades-000985", "damage_class": 0, "damage_label": "no-damage", "confidence": 1.0, "area_m2": 299.78, "centroid": [-118.551192, 34.06315], "confidence_tier": "high", "sources": {"heuristic": 0, "cnn": 0, "margin": 1.0}, "footprint_source": "osm"}}, {"type": "Feature", "geometry": {"type": "Polygon", "coordinates": [[[-118.5500299, 34.0620251], [-118.5499876, 34.0620192], [-118.54998419999998, 34.0620358], [-118.54992860000002, 34.062027900000004], [-118.5499316, 34.06201300000001], [-118.54987640000002, 34.0620052], [-118.54988009999998, 34.0619868], [-118.5497869, 34.0619737], [-118.5497682, 34.062065499999996], [-118.54975589999998, 34.06206370000001], [-118.549753, 34.062077], [-118.5496818, 34.062067], [-118.54969700000001, 34.061983299999994], [-118.54968470000001, 34.061981499999995], [-118.54970270000001, 34.061892799999995], [-118.54972339999999, 34.061895799999995], [-118.54973440000002, 34.06184160000001], [-118.54975, 34.0618438], [-118.54975330000002, 34.0618276], [-118.54981400000001, 34.061836099999994], [-118.5498084, 34.0618639], [-118.5499197, 34.06187959999998], [-118.54991480000001, 34.06190350000001], [-118.55005070000001, 34.0619226], [-118.5500299, 34.0620251]]]}, "properties": {"id": "palisades-000986", "damage_class": 0, "damage_label": "no-damage", "confidence": 0.7, "area_m2": 506.73, "centroid": [-118.549844, 34.061952], "confidence_tier": "review", "sources": {"heuristic": 3, "cnn": 0, "margin": 1.0}, "footprint_source": "osm"}}, {"type": "Feature", "geometry": {"type": "Polygon", "coordinates": [[[-118.5515492, 34.059851900000005], [-118.55151390000002, 34.059886799999994], [-118.55143950000001, 34.059839], [-118.55140260000002, 34.059823800000004], [-118.55139, 34.059826900000004], [-118.5513678, 34.0598141], [-118.5513807, 34.0598033], [-118.55137440000001, 34.059800200000005], [-118.551476, 34.059646], [-118.5514706, 34.059642100000005], [-118.5515076, 34.0596054], [-118.55163690000002, 34.059695199999986], [-118.55164060000001, 34.0596915], [-118.55169030000002, 34.05972499999999], [-118.5515572, 34.0598573], [-118.5515492, 34.059851900000005]]]}, "properties": {"id": "palisades-000987", "damage_class": 0, "damage_label": "no-damage", "confidence": 0.7, "area_m2": 472.99, "centroid": [-118.551524, 34.059751], "confidence_tier": "review", "sources": {"heuristic": 3, "cnn": 0, "margin": 1.0}, "footprint_source": "osm"}}, {"type": "Feature", "geometry": {"type": "Polygon", "coordinates": [[[-118.5519134, 34.0630655], [-118.55194369999998, 34.06306899999999], [-118.5519525, 34.06304519999999], [-118.5519897, 34.06304949999999], [-118.5519885, 34.06305630000001], [-118.5521061, 34.06306990000001], [-118.55209890000002, 34.0631159], [-118.55212030000001, 34.06313910000001], [-118.55212900000001, 34.0631398], [-118.55212369999998, 34.0631702], [-118.5521484, 34.06317339999999], [-118.5521375, 34.0632317], [-118.55201140000001, 34.06321830000001], [-118.55201590000001, 34.06319419999999], [-118.5520013, 34.0631923], [-118.5520092, 34.06315], [-118.5520227, 34.0631518], [-118.55202399999999, 34.0631452], [-118.55200719999999, 34.06314299999999], [-118.5520058, 34.0631506], [-118.5519815, 34.06314739999999], [-118.55197920000002, 34.0631598], [-118.55189920000001, 34.06315059999999], [-118.5519134, 34.0630655]]]}, "properties": {"id": "palisades-000988", "damage_class": 0, "damage_label": "no-damage", "confidence": 0.85, "area_m2": 286.72, "centroid": [-118.552029, 34.063135], "confidence_tier": "high", "sources": {"heuristic": 1, "cnn": 0, "margin": 1.0}, "footprint_source": "osm"}}, {"type": "Feature", "geometry": {"type": "Polygon", "coordinates": [[[-118.55192590000001, 34.06415599999999], [-118.55187939999999, 34.06411649999999], [-118.5518742, 34.064121], [-118.5518427, 34.0640956], [-118.5518267, 34.0641094], [-118.5518046, 34.064091600000005], [-118.55179930000001, 34.0640962], [-118.55175570000002, 34.064061], [-118.551761, 34.064056399999984], [-118.55173450000001, 34.06403509999999], [-118.55174380000001, 34.06402719999999], [-118.55173440000002, 34.06402020000001], [-118.55175190000001, 34.06400549999999], [-118.55177049999999, 34.0639697], [-118.5516899, 34.0639516], [-118.55171560000001, 34.063871999999996], [-118.55185150000001, 34.0639025], [-118.5518315, 34.06396430000001], [-118.55195649999999, 34.0640664], [-118.5519325, 34.064086], [-118.5519713, 34.0641189], [-118.55192590000001, 34.06415599999999]]]}, "properties": {"id": "palisades-000989", "damage_class": 0, "damage_label": "no-damage", "confidence": 0.7, "area_m2": 352.84, "centroid": [-118.551824, 34.064011], "confidence_tier": "review", "sources": {"heuristic": 2, "cnn": 0, "margin": 1.0}, "footprint_source": "osm"}}, {"type": "Feature", "geometry": {"type": "Polygon", "coordinates": [[[-118.55210230000002, 34.06344440000001], [-118.551986, 34.063428], [-118.55198749999998, 34.0634178], [-118.5519146, 34.0634108], [-118.55192020000001, 34.063370299999995], [-118.5518954, 34.0633679], [-118.5519026, 34.06331550000001], [-118.55185590000002, 34.06331109999999], [-118.55186449999998, 34.063246299999996], [-118.552104, 34.06326839999999], [-118.5521093, 34.0632924], [-118.55210140000001, 34.0633081], [-118.5521091, 34.06331579999999], [-118.5521075, 34.063333499999985], [-118.552097, 34.0633434], [-118.55210350000002, 34.06335020000001], [-118.5520979, 34.0633752], [-118.5521105, 34.0633785], [-118.55210959999998, 34.063382600000004], [-118.5521613, 34.063385999999994], [-118.55215570000001, 34.063444499999996], [-118.55210230000002, 34.06344440000001]]]}, "properties": {"id": "palisades-000990", "damage_class": 0, "damage_label": "no-damage", "confidence": 0.7, "area_m2": 406.41, "centroid": [-118.552008, 34.063344], "confidence_tier": "review", "sources": {"heuristic": 2, "cnn": 0, "margin": 1.0}, "footprint_source": "osm"}}, {"type": "Feature", "geometry": {"type": "Polygon", "coordinates": [[[-118.55044970000002, 34.06227459999999], [-118.5504041, 34.0622826], [-118.55035850000002, 34.0622745], [-118.55033819999998, 34.06226469999999], [-118.55030720000002, 34.062235900000005], [-118.550293, 34.06219910000001], [-118.55029820000001, 34.06216069999999], [-118.5503218, 34.0621274], [-118.55035829999998, 34.0621055], [-118.5504007, 34.06209729999999], [-118.55044370000002, 34.06210319999999], [-118.55048070000001, 34.0621222], [-118.55050610000002, 34.0621515], [-118.55051610000001, 34.06218659999999], [-118.55050920000001, 34.06222220000001], [-118.55048640000001, 34.0622529], [-118.55044970000002, 34.06227459999999]]]}, "properties": {"id": "palisades-000991", "damage_class": 3, "damage_label": "destroyed", "confidence": 0.7, "area_m2": 331.07, "centroid": [-118.550404, 34.06219], "confidence_tier": "review", "sources": {"heuristic": 1, "cnn": 3, "margin": 1.0}, "footprint_source": "osm"}}, {"type": "Feature", "geometry": {"type": "Polygon", "coordinates": [[[-118.5503528, 34.06179790000001], [-118.55036310000001, 34.06180989999999], [-118.55037990000001, 34.061799900000004], [-118.55044220000002, 34.061872799999996], [-118.5504124, 34.06189040000001], [-118.550366, 34.0618957], [-118.550359, 34.06188709999999], [-118.5503471, 34.061893700000006], [-118.55035370000002, 34.0619075], [-118.5503413, 34.06192049999999], [-118.5503479, 34.0619282], [-118.5504244, 34.06191710000001], [-118.5504325, 34.06197130000001], [-118.55031329999998, 34.06198369999999], [-118.5503026, 34.0619734], [-118.5502832, 34.0619675], [-118.5502843, 34.0619579], [-118.5503155, 34.06193939999999], [-118.55030720000002, 34.0619293], [-118.55027300000002, 34.06194870000001], [-118.55019119999999, 34.06184859999999], [-118.5502039, 34.06184139999999], [-118.55019150000001, 34.0618261], [-118.55020649999999, 34.061798800000005], [-118.5503146, 34.0617234], [-118.5503698, 34.0617878], [-118.5503528, 34.06179790000001]]]}, "properties": {"id": "palisades-000992", "damage_class": 0, "damage_label": "no-damage", "confidence": 0.85, "area_m2": 379.88, "centroid": [-118.550315, 34.061862], "confidence_tier": "high", "sources": {"heuristic": 1, "cnn": 0, "margin": 1.0}, "footprint_source": "osm"}}, {"type": "Feature", "geometry": {"type": "Polygon", "coordinates": [[[-118.55175070000001, 34.063604999999995], [-118.5517761, 34.06352049999998], [-118.5518105, 34.06352879999999], [-118.55181210000002, 34.06352429999999], [-118.5518011, 34.063519], [-118.55179960000001, 34.06350619999999], [-118.55181090000002, 34.063494600000006], [-118.551826, 34.0634918], [-118.55179270000001, 34.063483], [-118.5518093, 34.06343919999998], [-118.5519419, 34.063474], [-118.55194510000001, 34.06350040000002], [-118.5519335, 34.06350909999999], [-118.5519188, 34.06355279999999], [-118.5519636, 34.0635643], [-118.55195409999999, 34.06359], [-118.551968, 34.0635991], [-118.55196859999998, 34.0636223], [-118.5519542, 34.06363159999999], [-118.55194030000001, 34.0636315], [-118.55193300000002, 34.0636489], [-118.55175070000001, 34.063604999999995]]]}, "properties": {"id": "palisades-000993", "damage_class": 0, "damage_label": "no-damage", "confidence": 1.0, "area_m2": 297.07, "centroid": [-118.551863, 34.063551], "confidence_tier": "high", "sources": {"heuristic": 0, "cnn": 0, "margin": 1.0}, "footprint_source": "osm"}}, {"type": "Feature", "geometry": {"type": "Polygon", "coordinates": [[[-118.551653, 34.0631067], [-118.5516407, 34.063173000000006], [-118.551615, 34.0631708], [-118.5515528, 34.06324399999998], [-118.55150559999998, 34.063216100000005], [-118.55150940000001, 34.0632116], [-118.55149470000002, 34.063203], [-118.5515052, 34.063190600000006], [-118.55148309999998, 34.0631776], [-118.5514613, 34.06319200000001], [-118.5514423, 34.063187599999985], [-118.5514315, 34.06317359999999], [-118.5513727, 34.0631692], [-118.5513925, 34.063057], [-118.5514856, 34.06306840000001], [-118.55149140000002, 34.0630356], [-118.55150950000001, 34.06302980000001], [-118.5515325, 34.0630392], [-118.55153520000002, 34.0630172], [-118.55155890000002, 34.06301920000001], [-118.55156, 34.0630102], [-118.551626, 34.0630159], [-118.55161920000002, 34.06307209999999], [-118.55162650000001, 34.0630728], [-118.55162259999999, 34.0631041], [-118.551653, 34.0631067]]]}, "properties": {"id": "palisades-000994", "damage_class": 3, "damage_label": "destroyed", "confidence": 0.7, "area_m2": 405.7, "centroid": [-118.551521, 34.06312], "confidence_tier": "review", "sources": {"heuristic": 0, "cnn": 3, "margin": 1.0}, "footprint_source": "osm"}}, {"type": "Feature", "geometry": {"type": "Polygon", "coordinates": [[[-118.5499804, 34.06137600000001], [-118.5500095, 34.0613956], [-118.54998200000001, 34.0614237], [-118.5499529, 34.0614041], [-118.5499804, 34.06137600000001]]]}, "properties": {"id": "palisades-000995", "damage_class": 0, "damage_label": "no-damage", "confidence": 0.85, "area_m2": 13.89, "centroid": [-118.549981, 34.0614], "confidence_tier": "high", "sources": {"heuristic": 1, "cnn": 0, "margin": 1.0}, "footprint_source": "osm"}}, {"type": "Feature", "geometry": {"type": "Polygon", "coordinates": [[[-118.55078709999998, 34.06180150000001], [-118.55099249999999, 34.0618148], [-118.5509762, 34.061989499999996], [-118.5507707, 34.0619762], [-118.55078709999998, 34.06180150000001]]]}, "properties": {"id": "palisades-000996", "damage_class": 0, "damage_label": "no-damage", "confidence": 0.7, "area_m2": 369.66, "centroid": [-118.550882, 34.061896], "confidence_tier": "review", "sources": {"heuristic": 2, "cnn": 0, "margin": 1.0}, "footprint_source": "osm"}}, {"type": "Feature", "geometry": {"type": "Polygon", "coordinates": [[[-118.55012510000002, 34.06183660000001], [-118.5501409, 34.06180369999999], [-118.55018060000002, 34.06181689999999], [-118.5501648, 34.0618499], [-118.55012510000002, 34.06183660000001]]]}, "properties": {"id": "palisades-000997", "damage_class": 3, "damage_label": "destroyed", "confidence": 0.7, "area_m2": 15.53, "centroid": [-118.550153, 34.061827], "confidence_tier": "review", "sources": {"heuristic": 0, "cnn": 3, "margin": 1.0}, "footprint_source": "osm"}}, {"type": "Feature", "geometry": {"type": "Polygon", "coordinates": [[[-118.5501643, 34.061605499999985], [-118.5501377, 34.0616617], [-118.5501149, 34.06165430000001], [-118.550047, 34.0617974], [-118.54987249999999, 34.0617405], [-118.54986380000001, 34.06175880000001], [-118.54978430000001, 34.06173290000001], [-118.54986590000001, 34.061560899999996], [-118.5499357, 34.06158359999999], [-118.5499467, 34.0615605], [-118.55000100000001, 34.061578099999984], [-118.55001290000001, 34.06155300000001], [-118.5500395, 34.0615617], [-118.5500068, 34.0616305], [-118.55009940000001, 34.0616606], [-118.5501307, 34.06159449999999], [-118.5501643, 34.061605499999985]]]}, "properties": {"id": "palisades-000998", "damage_class": 0, "damage_label": "no-damage", "confidence": 0.85, "area_m2": 507.37, "centroid": [-118.549957, 34.061675], "confidence_tier": "high", "sources": {"heuristic": 1, "cnn": 0, "margin": 1.0}, "footprint_source": "osm"}}, {"type": "Feature", "geometry": {"type": "Polygon", "coordinates": [[[-118.5523275, 34.0629055], [-118.5523476, 34.06292520000001], [-118.5523224, 34.0629431], [-118.5523023, 34.0629234], [-118.5523275, 34.0629055]]]}, "properties": {"id": "palisades-000999", "damage_class": 1, "damage_label": "minor-damage", "confidence": 0.7, "area_m2": 8.77, "centroid": [-118.552325, 34.062924], "confidence_tier": "review", "sources": {"heuristic": 3, "cnn": 1, "margin": 1.0}, "footprint_source": "osm"}}, {"type": "Feature", "geometry": {"type": "Polygon", "coordinates": [[[-118.5509192, 34.0631347], [-118.5509236, 34.063124699999996], [-118.55097159999998, 34.0631392], [-118.5509678, 34.0631477], [-118.55097719999999, 34.0631505], [-118.55095140000002, 34.06320929999999], [-118.5509618, 34.0632124], [-118.55094720000001, 34.06324560000001], [-118.55092560000001, 34.0632391], [-118.5509224, 34.06324649999999], [-118.550887, 34.0632357], [-118.550872, 34.063269999999996], [-118.55086260000002, 34.0632671], [-118.55086020000002, 34.0632727], [-118.5508294, 34.06326339999999], [-118.55083200000001, 34.06325760000001], [-118.5508252, 34.0632555], [-118.55082249999998, 34.06326159999999], [-118.55079759999998, 34.0632541], [-118.5508003, 34.06324810000001], [-118.5507896, 34.0632448], [-118.5507866, 34.0632516], [-118.55076150000001, 34.06324399999999], [-118.55075510000002, 34.0632586], [-118.55074790000002, 34.0632564], [-118.5507452, 34.06326239999999], [-118.55069000000002, 34.0632456], [-118.5506936, 34.063237199999996], [-118.5506882, 34.06323559999999], [-118.55071239999998, 34.0631804], [-118.5507052, 34.06317820000001], [-118.55072340000001, 34.0631367], [-118.5507167, 34.06313469999999], [-118.55073809999999, 34.06310319999999], [-118.55073020000002, 34.063100799999994], [-118.55073620000002, 34.06308719999999], [-118.5507442, 34.06308959999999], [-118.55075619999998, 34.063062099999996], [-118.55076339999998, 34.0630643], [-118.55076629999999, 34.063057799999996], [-118.5508456, 34.06308189999999], [-118.5508432, 34.06308739999999], [-118.5508507, 34.0630897], [-118.55082020000002, 34.063159299999995], [-118.5508279, 34.063161599999994], [-118.5508262, 34.063165699999985], [-118.55088450000001, 34.0631834], [-118.5509074, 34.0631312], [-118.5509192, 34.0631347]]]}, "properties": {"id": "palisades-001000", "damage_class": 0, "damage_label": "no-damage", "confidence": 0.85, "area_m2": 355.46, "centroid": [-118.55082, 34.063179], "confidence_tier": "high", "sources": {"heuristic": 1, "cnn": 0, "margin": 1.0}, "footprint_source": "osm"}}, {"type": "Feature", "geometry": {"type": "Polygon", "coordinates": [[[-118.55155149999999, 34.0621515], [-118.5516092, 34.062151699999994], [-118.5516094, 34.0620934], [-118.55177209999998, 34.0620938], [-118.5517714, 34.06225760000001], [-118.5515511, 34.062257], [-118.55155149999999, 34.0621515]]]}, "properties": {"id": "palisades-001001", "damage_class": 1, "damage_label": "minor-damage", "confidence": 0.7, "area_m2": 335.0, "centroid": [-118.55167, 34.062181], "confidence_tier": "review", "sources": {"heuristic": 3, "cnn": 1, "margin": 1.0}, "footprint_source": "osm"}}, {"type": "Feature", "geometry": {"type": "Polygon", "coordinates": [[[-118.5506329, 34.0621357], [-118.5507269, 34.06214599999999], [-118.55072199999998, 34.0621767], [-118.5508207, 34.06218749999999], [-118.5507962, 34.062342], [-118.55060360000002, 34.0623208], [-118.5506329, 34.0621357]]]}, "properties": {"id": "palisades-001002", "damage_class": 0, "damage_label": "no-damage", "confidence": 1.0, "area_m2": 339.91, "centroid": [-118.550709, 34.062246], "confidence_tier": "high", "sources": {"heuristic": 0, "cnn": 0, "margin": 1.0}, "footprint_source": "osm"}}, {"type": "Feature", "geometry": {"type": "Polygon", "coordinates": [[[-118.5520971, 34.063587299999995], [-118.55209060000001, 34.06357559999999], [-118.55209479999999, 34.063563599999995], [-118.55210740000001, 34.0635585], [-118.5521234, 34.06356219999999], [-118.55212929999999, 34.0635724], [-118.5521255, 34.063584000000006], [-118.55211220000001, 34.06359069999999], [-118.5520971, 34.063587299999995]]]}, "properties": {"id": "palisades-001003", "damage_class": 1, "damage_label": "minor-damage", "confidence": 0.7, "area_m2": 9.3, "centroid": [-118.55211, 34.063574], "confidence_tier": "review", "sources": {"heuristic": 3, "cnn": 1, "margin": 1.0}, "footprint_source": "osm"}}, {"type": "Feature", "geometry": {"type": "Polygon", "coordinates": [[[-118.55114100000002, 34.06144119999999], [-118.55106310000001, 34.0615758], [-118.55111640000001, 34.06159710000001], [-118.55108160000002, 34.0616589], [-118.5509051, 34.061587999999986], [-118.55096999999999, 34.0614759], [-118.55093720000002, 34.061462799999994], [-118.55098580000002, 34.06137890000001], [-118.55114100000002, 34.06144119999999]]]}, "properties": {"id": "palisades-001004", "damage_class": 0, "damage_label": "no-damage", "confidence": 0.85, "area_m2": 379.04, "centroid": [-118.551024, 34.061518], "confidence_tier": "high", "sources": {"heuristic": 1, "cnn": 0, "margin": 1.0}, "footprint_source": "osm"}}, {"type": "Feature", "geometry": {"type": "Polygon", "coordinates": [[[-118.55117560000001, 34.06057460000001], [-118.55117310000001, 34.06058860000001], [-118.55126670000001, 34.0606005], [-118.5512525, 34.0606777], [-118.55122380000002, 34.06067410000001], [-118.55120589999999, 34.0607708], [-118.5510232, 34.0607474], [-118.55105790000002, 34.0605595], [-118.55117560000001, 34.06057460000001]]]}, "properties": {"id": "palisades-001005", "damage_class": 0, "damage_label": "no-damage", "confidence": 1.0, "area_m2": 373.46, "centroid": [-118.551137, 34.060665], "confidence_tier": "high", "sources": {"heuristic": 0, "cnn": 0, "margin": 1.0}, "footprint_source": "osm"}}, {"type": "Feature", "geometry": {"type": "Polygon", "coordinates": [[[-118.5513168, 34.0701389], [-118.5512814, 34.0702073], [-118.5514565, 34.07026940000001], [-118.55142360000002, 34.0703333], [-118.5509569, 34.07016769999999], [-118.55098980000001, 34.0701039], [-118.5510287, 34.07011769999999], [-118.55106420000001, 34.0700491], [-118.5512858, 34.07012759999999], [-118.55130789999998, 34.07006259999999], [-118.5514161, 34.0700878], [-118.5513927, 34.0701566], [-118.5513168, 34.0701389]]]}, "properties": {"id": "palisades-001006", "damage_class": 0, "damage_label": "no-damage", "confidence": 0.85, "area_m2": 652.39, "centroid": [-118.551214, 34.070176], "confidence_tier": "high", "sources": {"heuristic": 1, "cnn": 0, "margin": 1.0}, "footprint_source": "osm"}}, {"type": "Feature", "geometry": {"type": "Polygon", "coordinates": [[[-118.55613699999999, 34.074623], [-118.55616380000001, 34.074623300000006], [-118.55616559999999, 34.07452910000001], [-118.5562862, 34.0745306], [-118.556285, 34.074594999999995], [-118.5563265, 34.07459559999999], [-118.5563277, 34.0745343], [-118.5563934, 34.0745352], [-118.5563903, 34.0747018], [-118.5561356, 34.07469849999999], [-118.55613699999999, 34.074623]]]}, "properties": {"id": "palisades-001007", "damage_class": 0, "damage_label": "no-damage", "confidence": 0.85, "area_m2": 387.34, "centroid": [-118.556269, 34.074622], "confidence_tier": "high", "sources": {"heuristic": 1, "cnn": 0, "margin": 1.0}, "footprint_source": "osm"}}, {"type": "Feature", "geometry": {"type": "Polygon", "coordinates": [[[-118.5573379, 34.0760856], [-118.55730750000001, 34.076066299999994], [-118.55737229999998, 34.075996299999986], [-118.5575437, 34.0761052], [-118.5573955, 34.07626539999998], [-118.5572545, 34.076175799999994], [-118.5573379, 34.0760856]]]}, "properties": {"id": "palisades-001008", "damage_class": 0, "damage_label": "no-damage", "confidence": 1.0, "area_m2": 401.72, "centroid": [-118.557395, 34.076132], "confidence_tier": "high", "sources": {"heuristic": 0, "cnn": 0, "margin": 1.0}, "footprint_source": "osm"}}, {"type": "Feature", "geometry": {"type": "Polygon", "coordinates": [[[-118.56449210000001, 34.07292540000001], [-118.5645265, 34.0729194], [-118.5645418, 34.0729789], [-118.56444070000002, 34.0729967], [-118.56446360000001, 34.073086], [-118.5643441, 34.0731071], [-118.56435230000001, 34.07313889999998], [-118.56427019999998, 34.07315340000001], [-118.56422479999999, 34.072977], [-118.5641288, 34.072994], [-118.5641015, 34.0728877], [-118.5640641, 34.0728943], [-118.564032, 34.072769699999995], [-118.56417979999999, 34.0727436], [-118.5641628, 34.0726777], [-118.56431780000001, 34.072650399999986], [-118.56433039999999, 34.07269929999999], [-118.56442940000001, 34.07268179999999], [-118.56449210000001, 34.07292540000001]]]}, "properties": {"id": "palisades-001009", "damage_class": 0, "damage_label": "no-damage", "confidence": 1.0, "area_m2": 1478.55, "centroid": [-118.564295, 34.072882], "confidence_tier": "high", "sources": {"heuristic": 0, "cnn": 0, "margin": 1.0}, "footprint_source": "osm"}}, {"type": "Feature", "geometry": {"type": "Polygon", "coordinates": [[[-118.5651583, 34.076519], [-118.5651973, 34.0765126], [-118.5652114, 34.0764814], [-118.5652769, 34.076501699999994], [-118.5653002, 34.076497800000006], [-118.56543170000002, 34.07653859999999], [-118.56550380000002, 34.07665529999999], [-118.56553620000001, 34.076649999999994], [-118.5655459, 34.07662859999999], [-118.56552510000002, 34.0765954], [-118.56551450000002, 34.0766], [-118.56549179999999, 34.0765543], [-118.56556650000002, 34.076541999999996], [-118.56560570000002, 34.0766042], [-118.5656113, 34.0766277], [-118.5656293, 34.07663329999999], [-118.56565800000001, 34.07667880000001], [-118.56555950000002, 34.076694999999994], [-118.56558869999999, 34.0767415], [-118.56557699999999, 34.07676740000001], [-118.5656, 34.07680400000001], [-118.56563280000002, 34.076940500000006], [-118.56558120000001, 34.077054600000004], [-118.5654866, 34.0770253], [-118.56550869999998, 34.07701569999999], [-118.5650044, 34.07685920000001], [-118.5651583, 34.076519]]]}, "properties": {"id": "palisades-001010", "damage_class": 0, "damage_label": "no-damage", "confidence": 1.0, "area_m2": 2337.05, "centroid": [-118.56535, 34.076759], "confidence_tier": "high", "sources": {"heuristic": 0, "cnn": 0, "margin": 1.0}, "footprint_source": "osm"}}, {"type": "Feature", "geometry": {"type": "Polygon", "coordinates": [[[-118.55260450000002, 34.0675223], [-118.552647, 34.0675413], [-118.55266010000001, 34.0675702], [-118.55262700000002, 34.0676215], [-118.5525894, 34.06760460000001], [-118.55256670000001, 34.0676397], [-118.55260240000001, 34.0676556], [-118.5525516, 34.06773449999999], [-118.55247649999998, 34.06770100000001], [-118.552458, 34.067729699999994], [-118.5523658, 34.06768850000001], [-118.5524087, 34.067622], [-118.55242340000001, 34.0676285], [-118.55243229999999, 34.0676148], [-118.5524223, 34.0676103], [-118.55243629999998, 34.0675886], [-118.5524313, 34.0675864], [-118.55246560000002, 34.0675334], [-118.5524775, 34.0675387], [-118.5525, 34.0675038], [-118.55250640000001, 34.0675067], [-118.5525177, 34.06748910000001], [-118.5526017, 34.06752670000001], [-118.55260450000002, 34.0675223]]]}, "properties": {"id": "palisades-001011", "damage_class": 0, "damage_label": "no-damage", "confidence": 1.0, "area_m2": 401.79, "centroid": [-118.552516, 34.067616], "confidence_tier": "high", "sources": {"heuristic": 0, "cnn": 0, "margin": 1.0}, "footprint_source": "osm"}}, {"type": "Feature", "geometry": {"type": "Polygon", "coordinates": [[[-118.55979610000001, 34.070136100000006], [-118.5598425, 34.070170399999995], [-118.55983630000001, 34.07017619999999], [-118.5598414, 34.07017990000001], [-118.5598473, 34.07017429999999], [-118.5598629, 34.070185800000004], [-118.55985670000001, 34.0701916], [-118.55986660000002, 34.07019889999999], [-118.5598261, 34.070237], [-118.55988709999998, 34.07028199999999], [-118.55983630000001, 34.070329799999996], [-118.55982919999998, 34.0703246], [-118.5598201, 34.070333100000006], [-118.5596523, 34.0702092], [-118.5596883, 34.07017539999998], [-118.5596778, 34.07016759999999], [-118.55969200000001, 34.0701542], [-118.5596723, 34.0701396], [-118.55972260000001, 34.0700924], [-118.55978989999998, 34.070142000000004], [-118.55979610000001, 34.070136100000006]]]}, "properties": {"id": "palisades-001012", "damage_class": 0, "damage_label": "no-damage", "confidence": 0.85, "area_m2": 293.71, "centroid": [-118.55977, 34.070213], "confidence_tier": "high", "sources": {"heuristic": 1, "cnn": 0, "margin": 1.0}, "footprint_source": "osm"}}, {"type": "Feature", "geometry": {"type": "Polygon", "coordinates": [[[-118.55131020000002, 34.0699017], [-118.55134240000001, 34.0699248], [-118.551308, 34.06995510000001], [-118.5514154, 34.0699484], [-118.55141790000002, 34.07000719999999], [-118.5511733, 34.0700093], [-118.5511733, 34.070014199999996], [-118.55115030000002, 34.0700144], [-118.5511502, 34.070008400000006], [-118.5511344, 34.070008599999994], [-118.55113869999998, 34.0699412], [-118.55120760000001, 34.0699406], [-118.5512498, 34.0699074], [-118.55124960000002, 34.0698997], [-118.55124359999999, 34.0698998], [-118.55124270000002, 34.069848], [-118.55132580000001, 34.069846999999996], [-118.55132670000002, 34.0698969], [-118.55131020000002, 34.0699017]]]}, "properties": {"id": "palisades-001013", "damage_class": 0, "damage_label": "no-damage", "confidence": 0.7, "area_m2": 269.63, "centroid": [-118.551274, 34.069952], "confidence_tier": "review", "sources": {"heuristic": 3, "cnn": 0, "margin": 1.0}, "footprint_source": "osm"}}, {"type": "Feature", "geometry": {"type": "Polygon", "coordinates": [[[-118.55608510000002, 34.0736175], [-118.55620990000001, 34.0736597], [-118.5561981, 34.0736867], [-118.5562104, 34.073690400000004], [-118.5561997, 34.07371499999999], [-118.55618260000001, 34.0737098], [-118.55617060000002, 34.0737372], [-118.5561492, 34.0737307], [-118.5561135, 34.0738125], [-118.55603680000002, 34.07379019999999], [-118.5560394, 34.073784100000005], [-118.5560222, 34.07377909999999], [-118.55601559999998, 34.07379499999999], [-118.5559842, 34.0737858], [-118.5559734, 34.07381159999999], [-118.55589760000001, 34.0737896], [-118.555887, 34.07381480000001], [-118.5558728, 34.07381069999999], [-118.55586939999999, 34.07381879999999], [-118.5557549, 34.07377940000001], [-118.55574780000002, 34.0737964], [-118.55571469999998, 34.07378669999999], [-118.55572629999999, 34.073759], [-118.55570949999999, 34.0737542], [-118.55569570000002, 34.073786999999996], [-118.5556824, 34.07378309999999], [-118.5556613, 34.0738334], [-118.55559280000001, 34.07381349999999], [-118.55559550000001, 34.073807], [-118.55554170000002, 34.0737914], [-118.555546, 34.07378109999999], [-118.55550150000002, 34.0737682], [-118.55553160000001, 34.0736964], [-118.5555828, 34.0737005], [-118.55558820000002, 34.07369189999999], [-118.5556359, 34.0736917], [-118.55563909999998, 34.0736841], [-118.55572810000001, 34.07371599999999], [-118.5557424, 34.073682299999994], [-118.55579170000001, 34.07368499999999], [-118.5558468, 34.0736753], [-118.5558494, 34.07366950000001], [-118.55593449999999, 34.073691], [-118.5559247, 34.07371339999999], [-118.5559295, 34.0737149], [-118.5559712, 34.0736193], [-118.5559881, 34.07362439999999], [-118.55600919999999, 34.0736178], [-118.5560763, 34.0736376], [-118.55608510000002, 34.0736175]]]}, "properties": {"id": "palisades-001014", "damage_class": 0, "damage_label": "no-damage", "confidence": 0.7, "area_m2": 864.92, "centroid": [-118.555881, 34.073729], "confidence_tier": "review", "sources": {"heuristic": 2, "cnn": 0, "margin": 1.0}, "footprint_source": "osm"}}, {"type": "Feature", "geometry": {"type": "Polygon", "coordinates": [[[-118.5540034, 34.0706759], [-118.55400710000002, 34.0707522], [-118.5540163, 34.0707519], [-118.55402180000002, 34.07086689999999], [-118.5540064, 34.0708674], [-118.55400890000001, 34.07091779999999], [-118.55399660000002, 34.0709182], [-118.55399690000002, 34.070924700000006], [-118.553914, 34.0709275], [-118.55391140000002, 34.0708737], [-118.55380640000001, 34.0708773], [-118.5536918, 34.070788500000006], [-118.5536875, 34.0706881], [-118.55370690000001, 34.0706875], [-118.55370230000001, 34.07057929999999], [-118.5537691, 34.07057729999998], [-118.5537688, 34.070568699999995], [-118.55400599999999, 34.070560699999994], [-118.5540115, 34.0706756], [-118.5540034, 34.0706759]]]}, "properties": {"id": "palisades-001015", "damage_class": 0, "damage_label": "no-damage", "confidence": 1.0, "area_m2": 993.23, "centroid": [-118.553867, 34.070727], "confidence_tier": "high", "sources": {"heuristic": 0, "cnn": 0, "margin": 1.0}, "footprint_source": "osm"}}, {"type": "Feature", "geometry": {"type": "Polygon", "coordinates": [[[-118.5554489, 34.073889300000005], [-118.5554642, 34.073893899999995], [-118.5554691, 34.0738827], [-118.5556418, 34.0739349], [-118.5556383, 34.0739429], [-118.55566140000002, 34.0739625], [-118.5556575, 34.07396930000001], [-118.5556728, 34.0739739], [-118.5556692, 34.0739824], [-118.5557142, 34.0740014], [-118.55568249999999, 34.074074], [-118.5556652, 34.0740688], [-118.5556502, 34.074102999999994], [-118.5556146, 34.07409229999999], [-118.55562520000001, 34.07406799999998], [-118.5555773, 34.074050799999995], [-118.5555745, 34.07405729999999], [-118.55550760000001, 34.0740371], [-118.55551089999999, 34.07402959999999], [-118.55549790000002, 34.0740257], [-118.5554825, 34.074060900000006], [-118.5554588, 34.07405369999999], [-118.5554471, 34.0740806], [-118.55537280000001, 34.074058199999996], [-118.55536890000002, 34.074067299999996], [-118.5552903, 34.074043499999995], [-118.55529780000002, 34.07402629999999], [-118.5551754, 34.073993099999996], [-118.555212, 34.0739092], [-118.55519229999999, 34.0739032], [-118.5552015, 34.073882100000006], [-118.55518419999999, 34.0738768], [-118.55520810000002, 34.07382200000001], [-118.5552449, 34.0738331], [-118.5552521, 34.0738163], [-118.55545410000002, 34.07387730000001], [-118.5554489, 34.073889300000005]]]}, "properties": {"id": "palisades-001016", "damage_class": 0, "damage_label": "no-damage", "confidence": 1.0, "area_m2": 881.12, "centroid": [-118.555422, 34.073962], "confidence_tier": "high", "sources": {"heuristic": 0, "cnn": 0, "margin": 1.0}, "footprint_source": "osm"}}, {"type": "Feature", "geometry": {"type": "Polygon", "coordinates": [[[-118.56122849999998, 34.07090869999999], [-118.56124139999999, 34.07095850000001], [-118.56132200000002, 34.0709441], [-118.5613382, 34.071006800000006], [-118.56132770000002, 34.0710087], [-118.56133050000001, 34.0710196], [-118.5611084, 34.0710593], [-118.5610965, 34.0710131], [-118.5610847, 34.0710152], [-118.5610647, 34.0709376], [-118.5611263, 34.07092660000001], [-118.56112400000002, 34.0709177], [-118.5611842, 34.070907], [-118.5611865, 34.07091619999999], [-118.56122849999998, 34.07090869999999]]]}, "properties": {"id": "palisades-001017", "damage_class": 0, "damage_label": "no-damage", "confidence": 1.0, "area_m2": 279.13, "centroid": [-118.561192, 34.070983], "confidence_tier": "high", "sources": {"heuristic": 0, "cnn": 0, "margin": 1.0}, "footprint_source": "osm"}}, {"type": "Feature", "geometry": {"type": "Polygon", "coordinates": [[[-118.5615712, 34.0785693], [-118.5615548, 34.078563499999994], [-118.56154500000001, 34.0785966], [-118.56132450000001, 34.078518], [-118.56136860000001, 34.0784444], [-118.561363, 34.07844240000001], [-118.56137759999999, 34.0784143], [-118.56160890000001, 34.07849670000001], [-118.5615712, 34.0785693]]]}, "properties": {"id": "palisades-001018", "damage_class": 3, "damage_label": "destroyed", "confidence": 0.7, "area_m2": 282.89, "centroid": [-118.561466, 34.078506], "confidence_tier": "review", "sources": {"heuristic": 0, "cnn": 3, "margin": 1.0}, "footprint_source": "osm"}}, {"type": "Feature", "geometry": {"type": "Polygon", "coordinates": [[[-118.55952499999998, 34.069949199999996], [-118.5595553, 34.069971200000005], [-118.5595605, 34.0699662], [-118.55960419999998, 34.06999779999999], [-118.5595985, 34.0700033], [-118.55964879999999, 34.070039699999995], [-118.5595856, 34.0701], [-118.55957860000001, 34.0700949], [-118.559543, 34.070128999999994], [-118.559372, 34.0700051], [-118.5593795, 34.06999789999999], [-118.55937250000001, 34.0699929], [-118.5594233, 34.0699444], [-118.55948409999999, 34.069988299999984], [-118.55952499999998, 34.069949199999996]]]}, "properties": {"id": "palisades-001019", "damage_class": 0, "damage_label": "no-damage", "confidence": 1.0, "area_m2": 271.24, "centroid": [-118.559513, 34.070029], "confidence_tier": "high", "sources": {"heuristic": 0, "cnn": 0, "margin": 1.0}, "footprint_source": "osm"}}, {"type": "Feature", "geometry": {"type": "Polygon", "coordinates": [[[-118.55350439999998, 34.07550659999999], [-118.55350820000001, 34.075496199999996], [-118.55356559999998, 34.075483399999996], [-118.5535804, 34.0754906], [-118.5535888, 34.07551120000001], [-118.5536017, 34.07550799999999], [-118.5536206, 34.0755597], [-118.5536077, 34.075562899999994], [-118.5536155, 34.07558430000001], [-118.5532909, 34.07566799999999], [-118.55325680000001, 34.0755747], [-118.55328419999998, 34.075567799999995], [-118.5532776, 34.0755497], [-118.55334320000001, 34.0755332], [-118.55333300000001, 34.075505199999995], [-118.5533937, 34.07548990000001], [-118.5533889, 34.075476900000005], [-118.5534276, 34.0754671], [-118.55342480000002, 34.0754593], [-118.5534655, 34.075449000000006], [-118.553488, 34.0755108], [-118.55350439999998, 34.07550659999999]]]}, "properties": {"id": "palisades-001020", "damage_class": 0, "damage_label": "no-damage", "confidence": 0.7, "area_m2": 453.02, "centroid": [-118.553433, 34.075562], "confidence_tier": "review", "sources": {"heuristic": 2, "cnn": 0, "margin": 1.0}, "footprint_source": "osm"}}, {"type": "Feature", "geometry": {"type": "Polygon", "coordinates": [[[-118.55943429999999, 34.0731511], [-118.5593834, 34.073132699999995], [-118.5593753, 34.07314829999999], [-118.55933350000001, 34.07313320000001], [-118.5593403, 34.07312009999999], [-118.5592994, 34.07310540000001], [-118.5592646, 34.0730323], [-118.5592871, 34.072986799999995], [-118.55937570000002, 34.073021399999995], [-118.5593688, 34.073035199999985], [-118.5593895, 34.07304229999999], [-118.5594009, 34.0730191], [-118.5594201, 34.0730257], [-118.5594426, 34.0729801], [-118.55951110000001, 34.07300349999999], [-118.55943429999999, 34.0731511]]]}, "properties": {"id": "palisades-001021", "damage_class": 0, "damage_label": "no-damage", "confidence": 1.0, "area_m2": 255.41, "centroid": [-118.559385, 34.073063], "confidence_tier": "high", "sources": {"heuristic": 0, "cnn": 0, "margin": 1.0}, "footprint_source": "osm"}}, {"type": "Feature", "geometry": {"type": "Polygon", "coordinates": [[[-118.56189279999998, 34.0695672], [-118.56189170000002, 34.0695604], [-118.5619364, 34.06955539999999], [-118.561958, 34.069687599999995], [-118.5618911, 34.06969519999999], [-118.56191280000002, 34.06982829999999], [-118.5617665, 34.0698448], [-118.5617642, 34.069830499999995], [-118.5617249, 34.0698349], [-118.5617239, 34.06982860000001], [-118.5617002, 34.06983129999999], [-118.56169869999998, 34.0698222], [-118.5616247, 34.0698306], [-118.5616142, 34.0697664], [-118.5613854, 34.06979230000001], [-118.5613749, 34.0697281], [-118.56141899999999, 34.06972309999999], [-118.56139920000001, 34.06960170000001], [-118.56149120000002, 34.0695913], [-118.56148200000001, 34.06953509999999], [-118.5615521, 34.069527199999996], [-118.56155399999999, 34.0695393], [-118.5616873, 34.0695243], [-118.5616847, 34.06950849999999], [-118.56185730000001, 34.069489], [-118.56187050000001, 34.0695697], [-118.56189279999998, 34.0695672]]]}, "properties": {"id": "palisades-001022", "damage_class": 0, "damage_label": "no-damage", "confidence": 1.0, "area_m2": 1478.92, "centroid": [-118.561685, 34.06967], "confidence_tier": "high", "sources": {"heuristic": 0, "cnn": 0, "margin": 1.0}, "footprint_source": "osm"}}, {"type": "Feature", "geometry": {"type": "Polygon", "coordinates": [[[-118.5604288, 34.0779147], [-118.56027710000001, 34.077752], [-118.56031810000002, 34.0777258], [-118.5603273, 34.0777356], [-118.5603622, 34.0777132], [-118.5603531, 34.07770359999999], [-118.56038770000002, 34.077681500000004], [-118.56053929999999, 34.077844], [-118.5604288, 34.0779147]]]}, "properties": {"id": "palisades-001023", "damage_class": 0, "damage_label": "no-damage", "confidence": 1.0, "area_m2": 288.02, "centroid": [-118.56041, 34.0778], "confidence_tier": "high", "sources": {"heuristic": 0, "cnn": 0, "margin": 1.0}, "footprint_source": "osm"}}, {"type": "Feature", "geometry": {"type": "Polygon", "coordinates": [[[-118.5615241, 34.0786396], [-118.56151709999999, 34.078637099999995], [-118.5615109, 34.0786489], [-118.56152570000002, 34.0786543], [-118.5614866, 34.07872819999999], [-118.56125900000002, 34.0786455], [-118.561276, 34.0786134], [-118.5612905, 34.07861869999999], [-118.5613093, 34.07858320000001], [-118.56129359999998, 34.0785775], [-118.5613138, 34.07853939999999], [-118.5615347, 34.07861969999999], [-118.5615241, 34.0786396]]]}, "properties": {"id": "palisades-001024", "damage_class": 3, "damage_label": "destroyed", "confidence": 0.7, "area_m2": 283.7, "centroid": [-118.561401, 34.078635], "confidence_tier": "review", "sources": {"heuristic": 0, "cnn": 3, "margin": 1.0}, "footprint_source": "osm"}}, {"type": "Feature", "geometry": {"type": "Polygon", "coordinates": [[[-118.5602653, 34.07039610000001], [-118.56027790000002, 34.0704052], [-118.56024319999999, 34.0704386], [-118.56004730000001, 34.0702972], [-118.5600534, 34.0702914], [-118.5600475, 34.0702871], [-118.5601091, 34.07022800000001], [-118.5601401, 34.070250300000005], [-118.56017110000002, 34.0702206], [-118.5603293, 34.07033479999999], [-118.5602653, 34.07039610000001]]]}, "properties": {"id": "palisades-001025", "damage_class": 0, "damage_label": "no-damage", "confidence": 0.85, "area_m2": 311.73, "centroid": [-118.56019, 34.070321], "confidence_tier": "high", "sources": {"heuristic": 1, "cnn": 0, "margin": 1.0}, "footprint_source": "osm"}}, {"type": "Feature", "geometry": {"type": "Polygon", "coordinates": [[[-118.5568356, 34.07346829999999], [-118.5568603, 34.0734757], [-118.55684120000001, 34.0735193], [-118.55693170000002, 34.07354659999999], [-118.55692909999999, 34.07355219999999], [-118.5569428, 34.07356550000001], [-118.55693429999998, 34.073577499999985], [-118.55696270000001, 34.073586], [-118.5569605, 34.07359099999999], [-118.55698280000001, 34.07360280000001], [-118.5569814, 34.073607200000005], [-118.55700299999998, 34.0736138], [-118.5569716, 34.0736855], [-118.5569257, 34.0736716], [-118.55692280000001, 34.0736783], [-118.5568687, 34.07366199999999], [-118.55686580000001, 34.07366859999998], [-118.55679950000001, 34.07364849999999], [-118.5568032, 34.073639899999996], [-118.5567912, 34.0736363], [-118.5567877, 34.07364409999999], [-118.55671180000002, 34.07362109999999], [-118.55671409999998, 34.0736158], [-118.55669140000002, 34.073609], [-118.5566848, 34.07362419999999], [-118.55667160000002, 34.07362030000001], [-118.55666780000001, 34.0736288], [-118.556602, 34.07360899999999], [-118.5566049, 34.07360249999999], [-118.5565041, 34.073572000000006], [-118.55653969999999, 34.073490599999985], [-118.5565545, 34.073495099999995], [-118.556592, 34.073491], [-118.5565947, 34.0734846], [-118.5566056, 34.0734904], [-118.5566415, 34.073484199999996], [-118.5566442, 34.0734779], [-118.55673499999999, 34.0735054], [-118.55676650000001, 34.0734333], [-118.5568362, 34.073454700000006], [-118.5568356, 34.07346829999999]]]}, "properties": {"id": "palisades-001026", "damage_class": 3, "damage_label": "destroyed", "confidence": 0.7, "area_m2": 648.3, "centroid": [-118.556762, 34.073566], "confidence_tier": "review", "sources": {"heuristic": 0, "cnn": 3, "margin": 1.0}, "footprint_source": "osm"}}, {"type": "Feature", "geometry": {"type": "Polygon", "coordinates": [[[-118.5572347, 34.07370740000001], [-118.55730679999999, 34.0737293], [-118.55731760000002, 34.073747700000006], [-118.5573291, 34.0737511], [-118.55731769999998, 34.0737774], [-118.5574167, 34.07380700000001], [-118.5574084, 34.0738262], [-118.5574795, 34.073848500000004], [-118.5574894, 34.0738649], [-118.55760170000002, 34.0738985], [-118.55758920000001, 34.07392769999999], [-118.55778770000002, 34.07398709999999], [-118.5577702, 34.0740277], [-118.5578686, 34.0740571], [-118.55786370000001, 34.07406829999999], [-118.55790260000002, 34.0740799], [-118.55787480000001, 34.0741443], [-118.55785760000002, 34.074139100000004], [-118.5578478, 34.074161799999985], [-118.5578252, 34.074155], [-118.55779130000002, 34.07423349999999], [-118.5577148, 34.074210999999984], [-118.55773100000002, 34.0741729], [-118.55768610000001, 34.0741597], [-118.5576806, 34.074172499999996], [-118.5576014, 34.0741493], [-118.5576083, 34.074133100000005], [-118.55753309999999, 34.074111], [-118.5575467, 34.0740792], [-118.5575026, 34.07406619999999], [-118.55749520000002, 34.07408379999999], [-118.5574165, 34.0740607], [-118.557426, 34.074038300000005], [-118.55735240000001, 34.0740167], [-118.5573657, 34.07398549999999], [-118.5572391, 34.0739515], [-118.5572542, 34.0739197], [-118.55717720000001, 34.073897099999996], [-118.55719400000001, 34.07385759999999], [-118.5572023, 34.07386000000001], [-118.557214, 34.07383240000001], [-118.55718299999998, 34.0738234], [-118.55718890000001, 34.0738095], [-118.55717930000002, 34.0738067], [-118.5571763, 34.073813799999996], [-118.5571081, 34.0737937], [-118.557111, 34.0737869], [-118.5570555, 34.073773800000005], [-118.5570601, 34.0737628], [-118.557007, 34.07374720000001], [-118.5570141, 34.07373069999999], [-118.5570225, 34.0737332], [-118.5570357, 34.073702000000004], [-118.5570294, 34.0737002], [-118.5570376, 34.0736808], [-118.55704340000001, 34.07368249999999], [-118.55704550000002, 34.0736775], [-118.5570618, 34.073682299999994], [-118.55709989999998, 34.0736771], [-118.55710139999998, 34.07367299999999], [-118.55711210000001, 34.073676299999995], [-118.55714750000001, 34.073670199999995], [-118.55715000000001, 34.0736645], [-118.5572415, 34.07369179999999], [-118.5572347, 34.07370740000001]]]}, "properties": {"id": "palisades-001027", "damage_class": 3, "damage_label": "destroyed", "confidence": 0.7, "area_m2": 1669.76, "centroid": [-118.557471, 34.073946], "confidence_tier": "review", "sources": {"heuristic": 1, "cnn": 3, "margin": 1.0}, "footprint_source": "osm"}}, {"type": "Feature", "geometry": {"type": "Polygon", "coordinates": [[[-118.5565749, 34.07375530000001], [-118.55669500000002, 34.0737884], [-118.55670590000001, 34.0737638], [-118.55680630000002, 34.0737947], [-118.55679950000001, 34.0738099], [-118.5569008, 34.073840999999994], [-118.5568872, 34.073871600000004], [-118.5569746, 34.07389839999999], [-118.55696960000002, 34.07390980000001], [-118.5569931, 34.0739265], [-118.55698459999999, 34.0739338], [-118.5570046, 34.07393989999999], [-118.5570015, 34.07394680000001], [-118.55702360000001, 34.0739543], [-118.5570247, 34.073960699999986], [-118.55704660000002, 34.0739674], [-118.55701460000002, 34.0740394], [-118.55700440000001, 34.0740364], [-118.55699150000001, 34.0740689], [-118.5569487, 34.074056899999995], [-118.5569587, 34.0740342], [-118.5569394, 34.0740254], [-118.5569097, 34.0740162], [-118.5569065, 34.0740236], [-118.55683579999999, 34.0740018], [-118.55683339999999, 34.074007300000005], [-118.55680310000001, 34.073998], [-118.55679769999999, 34.07401019999999], [-118.5566433, 34.0739628], [-118.55665099999999, 34.0739454], [-118.55660650000002, 34.0739317], [-118.55659519999999, 34.07395720000001], [-118.5564484, 34.07391210000001], [-118.5564438, 34.07392239999999], [-118.5563936, 34.073907], [-118.5563865, 34.073923099999995], [-118.55630890000002, 34.0738993], [-118.5563252, 34.07386259999999], [-118.5563168, 34.07386], [-118.55632700000001, 34.0738371], [-118.55633530000001, 34.07383970000001], [-118.55634460000002, 34.073818700000004], [-118.5563229, 34.07381199999999], [-118.5563333, 34.07378849999999], [-118.55631619999998, 34.0737832], [-118.5563392, 34.07373129999999], [-118.55637769999998, 34.0737431], [-118.5563867, 34.07372290000001], [-118.5564862, 34.073753499999995], [-118.55650060000002, 34.0737212], [-118.55657059999999, 34.0737427], [-118.5565749, 34.07375530000001]]]}, "properties": {"id": "palisades-001028", "damage_class": 3, "damage_label": "destroyed", "confidence": 0.7, "area_m2": 1297.38, "centroid": [-118.556663, 34.073878], "confidence_tier": "review", "sources": {"heuristic": 0, "cnn": 3, "margin": 1.0}, "footprint_source": "osm"}}, {"type": "Feature", "geometry": {"type": "Polygon", "coordinates": [[[-118.5642015, 34.0729722], [-118.5641178, 34.0729925], [-118.5641028, 34.07295], [-118.56411109999999, 34.072948000000004], [-118.5641064, 34.07293459999999], [-118.56409720000002, 34.0729369], [-118.56409040000001, 34.07291759999999], [-118.5640839, 34.0729192], [-118.56407110000002, 34.07288319999999], [-118.56405199999999, 34.0728879], [-118.5640115, 34.07277319999999], [-118.56416840000001, 34.0727352], [-118.5641493, 34.072681100000004], [-118.5643008, 34.072644400000016], [-118.5643143, 34.0726828], [-118.56430810000002, 34.07268429999999], [-118.56431450000001, 34.07270249999999], [-118.56440900000001, 34.0726796], [-118.5644557, 34.072811699999995], [-118.5644398, 34.0728156], [-118.5642168, 34.0730154], [-118.5642015, 34.0729722]]]}, "properties": {"id": "palisades-001029", "damage_class": 0, "damage_label": "no-damage", "confidence": 1.0, "area_m2": 963.29, "centroid": [-118.564235, 34.072819], "confidence_tier": "high", "sources": {"heuristic": 0, "cnn": 0, "margin": 1.0}, "footprint_source": "osm"}}, {"type": "Feature", "geometry": {"type": "Polygon", "coordinates": [[[-118.56447949999999, 34.0729277], [-118.56448829999998, 34.07292559999999], [-118.5645025, 34.072966], [-118.56449239999999, 34.0729684], [-118.5644986, 34.0729861], [-118.56444560000001, 34.0729989], [-118.56447170000001, 34.0730728], [-118.5643269, 34.0731079], [-118.56433520000002, 34.07313149999998], [-118.564264, 34.0731488], [-118.5642168, 34.0730154], [-118.5644398, 34.0728156], [-118.56447949999999, 34.0729277]]]}, "properties": {"id": "palisades-001030", "damage_class": 0, "damage_label": "no-damage", "confidence": 1.0, "area_m2": 509.48, "centroid": [-118.564363, 34.072997], "confidence_tier": "high", "sources": {"heuristic": 0, "cnn": 0, "margin": 1.0}, "footprint_source": "osm"}}, {"type": "Feature", "geometry": {"type": "Polygon", "coordinates": [[[-118.5433709, 34.060844], [-118.54337049999998, 34.06082310000001], [-118.5434399, 34.06082219999999], [-118.54344020000002, 34.060839], [-118.5434489, 34.06083889999999], [-118.5434497, 34.06088859999999], [-118.5434306, 34.06088879999999], [-118.54343159999999, 34.0609468], [-118.54337760000001, 34.0609474], [-118.54337769999998, 34.0609559], [-118.5433513, 34.0609562], [-118.54335159999998, 34.060975600000006], [-118.5432982, 34.0609762], [-118.54329830000002, 34.0609808], [-118.5433096, 34.0609806], [-118.5433108, 34.0610534], [-118.5432645, 34.0610539], [-118.5432208, 34.0610399], [-118.5432231, 34.0609811], [-118.54320689999999, 34.0609806], [-118.54320779999999, 34.06095799999999], [-118.5431849, 34.060957499999994], [-118.5431853, 34.0609483], [-118.54317519999998, 34.0609481], [-118.5431813, 34.0608756], [-118.54326630000001, 34.06087790000001], [-118.5432693, 34.06078789999999], [-118.54332149999999, 34.0607872], [-118.54332240000001, 34.060844599999996], [-118.5433709, 34.060844]]]}, "properties": {"id": "palisades-001031", "damage_class": 3, "damage_label": "destroyed", "confidence": 0.85, "area_m2": 407.64, "centroid": [-118.543307, 34.060916], "confidence_tier": "high", "sources": {"heuristic": 2, "cnn": 3, "margin": 1.0}, "footprint_source": "osm"}}, {"type": "Feature", "geometry": {"type": "Polygon", "coordinates": [[[-118.54023999999998, 34.0604428], [-118.54026990000001, 34.0604797], [-118.5402632, 34.060483399999995], [-118.5402726, 34.060495100000004], [-118.540304, 34.0604776], [-118.54040310000002, 34.0606004], [-118.5403913, 34.060607], [-118.5404835, 34.0607211], [-118.5404168, 34.0607585], [-118.54032510000002, 34.060645], [-118.5402928, 34.06066299999999], [-118.5402999, 34.0606717], [-118.5402594, 34.0606944], [-118.5402523, 34.0606856], [-118.5402112, 34.060708599999984], [-118.5401575, 34.060642099999995], [-118.5401498, 34.060646399999996], [-118.5400876, 34.06056949999999], [-118.54011240000001, 34.060555599999994], [-118.5400986, 34.0605385], [-118.5400749, 34.0605517], [-118.5400613, 34.06053490000001], [-118.5400846, 34.0605219], [-118.5400663, 34.06049910000001], [-118.5400715, 34.060496199999996], [-118.5400663, 34.0604897], [-118.54006959999998, 34.0604776], [-118.5400914, 34.06046539999999], [-118.5401072, 34.0604647], [-118.54011300000002, 34.0604719], [-118.540211, 34.0604171], [-118.54023430000001, 34.060446], [-118.54023999999998, 34.0604428]]]}, "properties": {"id": "palisades-001032", "damage_class": 3, "damage_label": "destroyed", "confidence": 0.7, "area_m2": 667.55, "centroid": [-118.540254, 34.060582], "confidence_tier": "review", "sources": {"heuristic": 0, "cnn": 3, "margin": 1.0}, "footprint_source": "osm"}}, {"type": "Feature", "geometry": {"type": "Polygon", "coordinates": [[[-118.5442057, 34.0611821], [-118.5442259, 34.061227499999994], [-118.54420770000002, 34.0612347], [-118.5442235, 34.061262], [-118.544243, 34.061254299999995], [-118.54429660000001, 34.06134730000001], [-118.54423809999999, 34.0613706], [-118.54426680000002, 34.061420500000004], [-118.54416390000002, 34.0614616], [-118.544181, 34.061491199999985], [-118.54419820000001, 34.06148429999999], [-118.5442526, 34.061578700000005], [-118.54417090000001, 34.06161130000001], [-118.54411620000002, 34.061523699999995], [-118.54411029999999, 34.06152629999998], [-118.54398960000002, 34.06132039999999], [-118.54400250000002, 34.061315099999995], [-118.5439843, 34.061275], [-118.5439907, 34.061261299999984], [-118.5440066, 34.061251], [-118.5440272, 34.0612524], [-118.54403919999999, 34.0612595], [-118.5440501, 34.06125529999999], [-118.5440414, 34.0612204], [-118.544063, 34.061201], [-118.5440912, 34.0612017], [-118.54410330000002, 34.061211899999996], [-118.54412850000001, 34.061201800000006], [-118.54411500000002, 34.06117840000001], [-118.5441819, 34.0611517], [-118.54420060000001, 34.0611842], [-118.5442057, 34.0611821]]]}, "properties": {"id": "palisades-001033", "damage_class": 0, "damage_label": "no-damage", "confidence": 0.85, "area_m2": 763.79, "centroid": [-118.544143, 34.06136], "confidence_tier": "high", "sources": {"heuristic": 1, "cnn": 0, "margin": 1.0}, "footprint_source": "osm"}}, {"type": "Feature", "geometry": {"type": "Polygon", "coordinates": [[[-118.55014400000002, 34.062466400000005], [-118.5501514, 34.0625847], [-118.5501454, 34.062590099999994], [-118.5501487, 34.062639499999996], [-118.55014190000001, 34.06264650000001], [-118.55005129999999, 34.06264889999999], [-118.55004240000001, 34.06263889999999], [-118.5499897, 34.06263959999998], [-118.5499807, 34.06264809999999], [-118.5499503, 34.06264850000001], [-118.5499402, 34.0626405], [-118.5499396, 34.062603800000005], [-118.54992749999998, 34.062604], [-118.5499264, 34.0625327], [-118.54990340000002, 34.06253289999999], [-118.54990280000001, 34.062495399999996], [-118.5500843, 34.062464399999996], [-118.55014400000002, 34.062466400000005]]]}, "properties": {"id": "palisades-001034", "damage_class": 0, "damage_label": "no-damage", "confidence": 0.7, "area_m2": 387.7, "centroid": [-118.550039, 34.062558], "confidence_tier": "review", "sources": {"heuristic": 2, "cnn": 0, "margin": 1.0}, "footprint_source": "osm"}}, {"type": "Feature", "geometry": {"type": "Polygon", "coordinates": [[[-118.5509888, 34.06035589999999], [-118.55101290000002, 34.0604402], [-118.5510307, 34.060436700000004], [-118.5510614, 34.06054290000001], [-118.55097780000001, 34.06055949999999], [-118.5509701, 34.06053119999999], [-118.5508855, 34.0605479], [-118.5508444, 34.0604043], [-118.5508981, 34.0603937], [-118.550888, 34.06035850000001], [-118.55097879999998, 34.0603405], [-118.55098340000002, 34.0603569], [-118.5509888, 34.06035589999999]]]}, "properties": {"id": "palisades-001035", "damage_class": 0, "damage_label": "no-damage", "confidence": 1.0, "area_m2": 308.84, "centroid": [-118.550951, 34.060457], "confidence_tier": "high", "sources": {"heuristic": 0, "cnn": 0, "margin": 1.0}, "footprint_source": "osm"}}, {"type": "Feature", "geometry": {"type": "Polygon", "coordinates": [[[-118.5505714, 34.060170499999984], [-118.55057190000001, 34.0601797], [-118.5506123, 34.0601782], [-118.5506159, 34.0602452], [-118.55057720000002, 34.06024669999999], [-118.5505813, 34.0603237], [-118.5506136, 34.06032249999999], [-118.5506168, 34.06038349999999], [-118.5505153, 34.060387199999994], [-118.5505147, 34.0603759], [-118.550488, 34.06037679999999], [-118.55048849999999, 34.06038590000001], [-118.55041400000002, 34.0603887], [-118.5504086, 34.0602863], [-118.5503788, 34.060287399999986], [-118.5503741, 34.0601986], [-118.5504238, 34.060196700000006], [-118.550424, 34.0601764], [-118.55051700000001, 34.06015219999999], [-118.55051669999999, 34.06017249999999], [-118.5505714, 34.060170499999984]]]}, "properties": {"id": "palisades-001036", "damage_class": 1, "damage_label": "minor-damage", "confidence": 0.7, "area_m2": 448.37, "centroid": [-118.550499, 34.060275], "confidence_tier": "review", "sources": {"heuristic": 3, "cnn": 1, "margin": 1.0}, "footprint_source": "osm"}}, {"type": "Feature", "geometry": {"type": "Polygon", "coordinates": [[[-118.5653036, 34.07635679999999], [-118.5652688, 34.0763657], [-118.5652603, 34.076343099999995], [-118.5652531, 34.076345], [-118.56523650000001, 34.0763005], [-118.5652239, 34.0763038], [-118.56519569999999, 34.076228199999996], [-118.56520769999999, 34.076225199999996], [-118.5651985, 34.07620059999999], [-118.5652441, 34.0761889], [-118.56521790000001, 34.07611880000001], [-118.565303, 34.07609229999999], [-118.56532650000001, 34.0761701], [-118.56531219999998, 34.0761737], [-118.56532499999999, 34.076208], [-118.56537350000002, 34.076195599999984], [-118.5653593, 34.0761576], [-118.5653993, 34.076147299999995], [-118.5653818, 34.0761003], [-118.5654553, 34.07608149999999], [-118.5654739, 34.076131], [-118.56548840000002, 34.0761272], [-118.5654914, 34.0761352], [-118.5655057, 34.07613150000001], [-118.5655199, 34.0761695], [-118.56554649999998, 34.0761626], [-118.5655825, 34.07625910000001], [-118.5655403, 34.07626559999999], [-118.5655861, 34.0763882], [-118.5654553, 34.0764217], [-118.5654466, 34.076398399999995], [-118.5654344, 34.07640150000001], [-118.56541320000001, 34.0763449], [-118.56530910000001, 34.07637160000001], [-118.5653036, 34.07635679999999]]]}, "properties": {"id": "palisades-001037", "damage_class": 0, "damage_label": "no-damage", "confidence": 0.7, "area_m2": 855.09, "centroid": [-118.565399, 34.076253], "confidence_tier": "review", "sources": {"heuristic": 2, "cnn": 0, "margin": 1.0}, "footprint_source": "osm"}}]}