{"type":"FeatureCollection","generated":1789619777949,"features":[{"type":"Feature","geometry":{"type":"Point","coordinates":[-80.73711,35.35311]},"properties":{"id":"camera-4020","layer":"camera","title":"Camera 4020","severity":0,"category":"Camera","url":"https://www.drivenc.gov/?type=camera&id=4020"}},{"type":"Feature","geometry":{"type":"Point","coordinates":[-80.95637,35.3003]},"properties":{"id":"camera-4021","layer":"camera","title":"Camera 4021","severity":0,"category":"Camera","url":"https://www.drivenc.gov/?type=camera&id=4021"}},{"type":"Feature","geometry":{"type":"Point","coordinates":[-80.88594,35.19151]},"properties":{"id":"camera-4022","layer":"camera","title":"Camera 4022","severity":0,"category":"Camera","url":"https://www.drivenc.gov/?type=camera&id=4022"}},{"type":"Feature","geometry":{"type":"Point","coordinates":[-80.88611,35.17723]},"properties":{"id":"camera-4023","layer":"camera","title":"Camera 4023","severity":0,"category":"Camera","url":"https://www.drivenc.gov/?type=camera&id=4023"}},{"type":"Feature","geometry":{"type":"Point","coordinates":[-80.88813,35.18435]},"properties":{"id":"camera-4024","layer":"camera","title":"Camera 4024","severity":0,"category":"Camera","url":"https://www.drivenc.gov/?type=camera&id=4024"}},{"type":"Feature","geometry":{"type":"Point","coordinates":[-80.883,35.19808]},"properties":{"id":"camera-4025","layer":"camera","title":"Camera 4025","severity":0,"category":"Camera","url":"https://www.drivenc.gov/?type=camera&id=4025"}},{"type":"Feature","geometry":{"type":"Point","coordinates":[-80.87529,35.20918]},"properties":{"id":"camera-4026","layer":"camera","title":"Camera 4026","severity":0,"category":"Camera","url":"https://www.drivenc.gov/?type=camera&id=4026"}},{"type":"Feature","geometry":{"type":"Point","coordinates":[-80.86038,35.22904]},"properties":{"id":"camera-4027","layer":"camera","title":"Camera 4027","severity":0,"category":"Camera","url":"https://www.drivenc.gov/?type=camera&id=4027"}},{"type":"Feature","geometry":{"type":"Point","coordinates":[-80.87122,35.21952]},"properties":{"id":"camera-4028","layer":"camera","title":"Camera 4028","severity":0,"category":"Camera","url":"https://www.drivenc.gov/?type=camera&id=4028"}},{"type":"Feature","geometry":{"type":"Point","coordinates":[-80.86802,35.22342]},"properties":{"id":"camera-4029","layer":"camera","title":"Camera 4029","severity":0,"category":"Camera","url":"https://www.drivenc.gov/?type=camera&id=4029"}},{"type":"Feature","geometry":{"type":"Point","coordinates":[-80.965,35.248]},"properties":{"id":"camera-4031","layer":"camera","title":"Camera 4031","severity":0,"category":"Camera","url":"https://www.drivenc.gov/?type=camera&id=4031"}},{"type":"Feature","geometry":{"type":"Point","coordinates":[-80.95365,35.30707]},"properties":{"id":"camera-4032","layer":"camera","title":"Camera 4032","severity":0,"category":"Camera","url":"https://www.drivenc.gov/?type=camera&id=4032"}},{"type":"Feature","geometry":{"type":"Point","coordinates":[-80.94157,35.24121]},"properties":{"id":"camera-4033","layer":"camera","title":"Camera 4033","severity":0,"category":"Camera","url":"https://www.drivenc.gov/?type=camera&id=4033"}},{"type":"Feature","geometry":{"type":"Point","coordinates":[-80.95682,35.24478]},"properties":{"id":"camera-4034","layer":"camera","title":"Camera 4034","severity":0,"category":"Camera","url":"https://www.drivenc.gov/?type=camera&id=4034"}},{"type":"Feature","geometry":{"type":"Point","coordinates":[-80.92071,35.23901]},"properties":{"id":"camera-4035","layer":"camera","title":"Camera 4035","severity":0,"category":"Camera","url":"https://www.drivenc.gov/?type=camera&id=4035"}},{"type":"Feature","geometry":{"type":"Point","coordinates":[-80.9186,35.238]},"properties":{"id":"camera-4036","layer":"camera","title":"Camera 4036","severity":0,"category":"Camera","url":"https://www.drivenc.gov/?type=camera&id=4036"}},{"type":"Feature","geometry":{"type":"Point","coordinates":[-80.89549,35.25012]},"properties":{"id":"camera-4038","layer":"camera","title":"Camera 4038","severity":0,"category":"Camera","url":"https://www.drivenc.gov/?type=camera&id=4038"}},{"type":"Feature","geometry":{"type":"Point","coordinates":[-80.86982,35.26847]},"properties":{"id":"camera-4039","layer":"camera","title":"Camera 4039","severity":0,"category":"Camera","url":"https://www.drivenc.gov/?type=camera&id=4039"}},{"type":"Feature","geometry":{"type":"Point","coordinates":[-80.87843,35.26202]},"properties":{"id":"camera-4040","layer":"camera","title":"Camera 4040","severity":0,"category":"Camera","url":"https://www.drivenc.gov/?type=camera&id=4040"}},{"type":"Feature","geometry":{"type":"Point","coordinates":[-80.85191,35.27196]},"properties":{"id":"camera-4041","layer":"camera","title":"Camera 4041","severity":0,"category":"Camera","url":"https://www.drivenc.gov/?type=camera&id=4041"}},{"type":"Feature","geometry":{"type":"Point","coordinates":[-80.8426,35.27568]},"properties":{"id":"camera-4042","layer":"camera","title":"Camera 4042","severity":0,"category":"Camera","url":"https://www.drivenc.gov/?type=camera&id=4042"}},{"type":"Feature","geometry":{"type":"Point","coordinates":[-80.94844,35.31292]},"properties":{"id":"camera-4043","layer":"camera","title":"Camera 4043","severity":0,"category":"Camera","url":"https://www.drivenc.gov/?type=camera&id=4043"}},{"type":"Feature","geometry":{"type":"Point","coordinates":[-80.84758,35.27228]},"properties":{"id":"camera-4044","layer":"camera","title":"Camera 4044","severity":0,"category":"Camera","url":"https://www.drivenc.gov/?type=camera&id=4044"}},{"type":"Feature","geometry":{"type":"Point","coordinates":[-80.84638,35.27296]},"properties":{"id":"camera-4045","layer":"camera","title":"Camera 4045","severity":0,"category":"Camera","url":"https://www.drivenc.gov/?type=camera&id=4045"}},{"type":"Feature","geometry":{"type":"Point","coordinates":[-80.8322,35.2734]},"properties":{"id":"camera-4046","layer":"camera","title":"Camera 4046","severity":0,"category":"Camera","url":"https://www.drivenc.gov/?type=camera&id=4046"}},{"type":"Feature","geometry":{"type":"Point","coordinates":[-80.81006,35.27713]},"properties":{"id":"camera-4047","layer":"camera","title":"Camera 4047","severity":0,"category":"Camera","url":"https://www.drivenc.gov/?type=camera&id=4047"}},{"type":"Feature","geometry":{"type":"Point","coordinates":[-80.79337,35.27884]},"properties":{"id":"camera-4048","layer":"camera","title":"Camera 4048","severity":0,"category":"Camera","url":"https://www.drivenc.gov/?type=camera&id=4048"}},{"type":"Feature","geometry":{"type":"Point","coordinates":[-80.77424,35.28499]},"properties":{"id":"camera-4049","layer":"camera","title":"Camera 4049","severity":0,"category":"Camera","url":"https://www.drivenc.gov/?type=camera&id=4049"}},{"type":"Feature","geometry":{"type":"Point","coordinates":[-80.77966,35.28287]},"properties":{"id":"camera-4050","layer":"camera","title":"Camera 4050","severity":0,"category":"Camera","url":"https://www.drivenc.gov/?type=camera&id=4050"}},{"type":"Feature","geometry":{"type":"Point","coordinates":[-80.76357,35.29807]},"properties":{"id":"camera-4051","layer":"camera","title":"Camera 4051","severity":0,"category":"Camera","url":"https://www.drivenc.gov/?type=camera&id=4051"}},{"type":"Feature","geometry":{"type":"Point","coordinates":[-80.76979,35.2912]},"properties":{"id":"camera-4052","layer":"camera","title":"Camera 4052","severity":0,"category":"Camera","url":"https://www.drivenc.gov/?type=camera&id=4052"}},{"type":"Feature","geometry":{"type":"Point","coordinates":[-80.75895,35.31225]},"properties":{"id":"camera-4053","layer":"camera","title":"Camera 4053","severity":0,"category":"Camera","url":"https://www.drivenc.gov/?type=camera&id=4053"}},{"type":"Feature","geometry":{"type":"Point","coordinates":[-80.9652,35.2879]},"properties":{"id":"camera-4054","layer":"camera","title":"Camera 4054","severity":0,"category":"Camera","url":"https://www.drivenc.gov/?type=camera&id=4054"}},{"type":"Feature","geometry":{"type":"Point","coordinates":[-80.7446,35.33199]},"properties":{"id":"camera-4055","layer":"camera","title":"Camera 4055","severity":0,"category":"Camera","url":"https://www.drivenc.gov/?type=camera&id=4055"}},{"type":"Feature","geometry":{"type":"Point","coordinates":[-80.74544,35.33206]},"properties":{"id":"camera-4056","layer":"camera","title":"Camera 4056","severity":0,"category":"Camera","url":"https://www.drivenc.gov/?type=camera&id=4056"}},{"type":"Feature","geometry":{"type":"Point","coordinates":[-80.7366,35.34451]},"properties":{"id":"camera-4057","layer":"camera","title":"Camera 4057","severity":0,"category":"Camera","url":"https://www.drivenc.gov/?type=camera&id=4057"}},{"type":"Feature","geometry":{"type":"Point","coordinates":[-80.74141,35.34005]},"properties":{"id":"camera-4058","layer":"camera","title":"Camera 4058","severity":0,"category":"Camera","url":"https://www.drivenc.gov/?type=camera&id=4058"}},{"type":"Feature","geometry":{"type":"Point","coordinates":[-80.72251,35.35917]},"properties":{"id":"camera-4059","layer":"camera","title":"Camera 4059","severity":0,"category":"Camera","url":"https://www.drivenc.gov/?type=camera&id=4059"}},{"type":"Feature","geometry":{"type":"Point","coordinates":[-80.72927,35.35232]},"properties":{"id":"camera-4060","layer":"camera","title":"Camera 4060","severity":0,"category":"Camera","url":"https://www.drivenc.gov/?type=camera&id=4060"}},{"type":"Feature","geometry":{"type":"Point","coordinates":[-80.71291,35.36847]},"properties":{"id":"camera-4061","layer":"camera","title":"Camera 4061","severity":0,"category":"Camera","url":"https://www.drivenc.gov/?type=camera&id=4061"}},{"type":"Feature","geometry":{"type":"Point","coordinates":[-80.71423,35.36884]},"properties":{"id":"camera-4062","layer":"camera","title":"Camera 4062","severity":0,"category":"Camera","url":"https://www.drivenc.gov/?type=camera&id=4062"}},{"type":"Feature","geometry":{"type":"Point","coordinates":[-80.69893,35.40197]},"properties":{"id":"camera-4063","layer":"camera","title":"Camera 4063","severity":0,"category":"Camera","url":"https://www.drivenc.gov/?type=camera&id=4063"}},{"type":"Feature","geometry":{"type":"Point","coordinates":[-80.68019,35.41221]},"properties":{"id":"camera-4064","layer":"camera","title":"Camera 4064","severity":0,"category":"Camera","url":"https://www.drivenc.gov/?type=camera&id=4064"}},{"type":"Feature","geometry":{"type":"Point","coordinates":[-80.92965,35.3275]},"properties":{"id":"camera-4065","layer":"camera","title":"Camera 4065","severity":0,"category":"Camera","url":"https://www.drivenc.gov/?type=camera&id=4065"}},{"type":"Feature","geometry":{"type":"Point","coordinates":[-80.67231,35.41865]},"properties":{"id":"camera-4066","layer":"camera","title":"Camera 4066","severity":0,"category":"Camera","url":"https://www.drivenc.gov/?type=camera&id=4066"}},{"type":"Feature","geometry":{"type":"Point","coordinates":[-80.65192,35.43816]},"properties":{"id":"camera-4067","layer":"camera","title":"Camera 4067","severity":0,"category":"Camera","url":"https://www.drivenc.gov/?type=camera&id=4067"}},{"type":"Feature","geometry":{"type":"Point","coordinates":[-80.68185,35.34468]},"properties":{"id":"camera-4068","layer":"camera","title":"Camera 4068","severity":0,"category":"Camera","url":"https://www.drivenc.gov/?type=camera&id=4068"}},{"type":"Feature","geometry":{"type":"Point","coordinates":[-80.85729,35.25059]},"properties":{"id":"camera-4069","layer":"camera","title":"Camera 4069","severity":0,"category":"Camera","url":"https://www.drivenc.gov/?type=camera&id=4069"}},{"type":"Feature","geometry":{"type":"Point","coordinates":[-80.8739,35.25898]},"properties":{"id":"camera-4070","layer":"camera","title":"Camera 4070","severity":0,"category":"Camera","url":"https://www.drivenc.gov/?type=camera&id=4070"}},{"type":"Feature","geometry":{"type":"Point","coordinates":[-80.68815,35.35293]},"properties":{"id":"camera-4071","layer":"camera","title":"Camera 4071","severity":0,"category":"Camera","url":"https://www.drivenc.gov/?type=camera&id=4071"}},{"type":"Feature","geometry":{"type":"Point","coordinates":[-80.6907,35.3495]},"properties":{"id":"camera-4072","layer":"camera","title":"Camera 4072","severity":0,"category":"Camera","url":"https://www.drivenc.gov/?type=camera&id=4072"}},{"type":"Feature","geometry":{"type":"Point","coordinates":[-80.69947,35.34302]},"properties":{"id":"camera-4073","layer":"camera","title":"Camera 4073","severity":0,"category":"Camera","url":"https://www.drivenc.gov/?type=camera&id=4073"}},{"type":"Feature","geometry":{"type":"Point","coordinates":[-80.68489,35.35622]},"properties":{"id":"camera-4074","layer":"camera","title":"Camera 4074","severity":0,"category":"Camera","url":"https://www.drivenc.gov/?type=camera&id=4074"}},{"type":"Feature","geometry":{"type":"Point","coordinates":[-80.6948,35.3463]},"properties":{"id":"camera-4075","layer":"camera","title":"Camera 4075","severity":0,"category":"Camera","url":"https://www.drivenc.gov/?type=camera&id=4075"}},{"type":"Feature","geometry":{"type":"Point","coordinates":[-80.94321,35.31935]},"properties":{"id":"camera-4076","layer":"camera","title":"Camera 4076","severity":0,"category":"Camera","url":"https://www.drivenc.gov/?type=camera&id=4076"}},{"type":"Feature","geometry":{"type":"Point","coordinates":[-80.7174,35.3351]},"properties":{"id":"camera-4077","layer":"camera","title":"Camera 4077","severity":0,"category":"Camera","url":"https://www.drivenc.gov/?type=camera&id=4077"}},{"type":"Feature","geometry":{"type":"Point","coordinates":[-80.67875,35.10121]},"properties":{"id":"camera-4079","layer":"camera","title":"Camera 4079","severity":0,"category":"Camera","url":"https://www.drivenc.gov/?type=camera&id=4079"}},{"type":"Feature","geometry":{"type":"Point","coordinates":[-80.66847,35.09092]},"properties":{"id":"camera-4080","layer":"camera","title":"Camera 4080","severity":0,"category":"Camera","url":"https://www.drivenc.gov/?type=camera&id=4080"}},{"type":"Feature","geometry":{"type":"Point","coordinates":[-80.65234,35.09642]},"properties":{"id":"camera-4081","layer":"camera","title":"Camera 4081","severity":0,"category":"Camera","url":"https://www.drivenc.gov/?type=camera&id=4081"}},{"type":"Feature","geometry":{"type":"Point","coordinates":[-80.63907,35.09833]},"properties":{"id":"camera-4082","layer":"camera","title":"Camera 4082","severity":0,"category":"Camera","url":"https://www.drivenc.gov/?type=camera&id=4082"}},{"type":"Feature","geometry":{"type":"Point","coordinates":[-80.6256,35.09351]},"properties":{"id":"camera-4083","layer":"camera","title":"Camera 4083","severity":0,"category":"Camera","url":"https://www.drivenc.gov/?type=camera&id=4083"}},{"type":"Feature","geometry":{"type":"Point","coordinates":[-80.61683,35.08217]},"properties":{"id":"camera-4084","layer":"camera","title":"Camera 4084","severity":0,"category":"Camera","url":"https://www.drivenc.gov/?type=camera&id=4084"}},{"type":"Feature","geometry":{"type":"Point","coordinates":[-80.61122,35.07694]},"properties":{"id":"camera-4085","layer":"camera","title":"Camera 4085","severity":0,"category":"Camera","url":"https://www.drivenc.gov/?type=camera&id=4085"}},{"type":"Feature","geometry":{"type":"Point","coordinates":[-80.93919,35.32316]},"properties":{"id":"camera-4086","layer":"camera","title":"Camera 4086","severity":0,"category":"Camera","url":"https://www.drivenc.gov/?type=camera&id=4086"}},{"type":"Feature","geometry":{"type":"Point","coordinates":[-80.60335,35.07035]},"properties":{"id":"camera-4087","layer":"camera","title":"Camera 4087","severity":0,"category":"Camera","url":"https://www.drivenc.gov/?type=camera&id=4087"}},{"type":"Feature","geometry":{"type":"Point","coordinates":[-80.59291,35.06362]},"properties":{"id":"camera-4088","layer":"camera","title":"Camera 4088","severity":0,"category":"Camera","url":"https://www.drivenc.gov/?type=camera&id=4088"}},{"type":"Feature","geometry":{"type":"Point","coordinates":[-80.58096,35.05693]},"properties":{"id":"camera-4089","layer":"camera","title":"Camera 4089","severity":0,"category":"Camera","url":"https://www.drivenc.gov/?type=camera&id=4089"}},{"type":"Feature","geometry":{"type":"Point","coordinates":[-80.56985,35.04647]},"properties":{"id":"camera-4090","layer":"camera","title":"Camera 4090","severity":0,"category":"Camera","url":"https://www.drivenc.gov/?type=camera&id=4090"}},{"type":"Feature","geometry":{"type":"Point","coordinates":[-80.55781,35.03586]},"properties":{"id":"camera-4091","layer":"camera","title":"Camera 4091","severity":0,"category":"Camera","url":"https://www.drivenc.gov/?type=camera&id=4091"}},{"type":"Feature","geometry":{"type":"Point","coordinates":[-80.5451,35.032]},"properties":{"id":"camera-4092","layer":"camera","title":"Camera 4092","severity":0,"category":"Camera","url":"https://www.drivenc.gov/?type=camera&id=4092"}},{"type":"Feature","geometry":{"type":"Point","coordinates":[-80.54003,35.02773]},"properties":{"id":"camera-4093","layer":"camera","title":"Camera 4093","severity":0,"category":"Camera","url":"https://www.drivenc.gov/?type=camera&id=4093"}},{"type":"Feature","geometry":{"type":"Point","coordinates":[-80.52778,35.01942]},"properties":{"id":"camera-4094","layer":"camera","title":"Camera 4094","severity":0,"category":"Camera","url":"https://www.drivenc.gov/?type=camera&id=4094"}},{"type":"Feature","geometry":{"type":"Point","coordinates":[-80.51645,35.01127]},"properties":{"id":"camera-4095","layer":"camera","title":"Camera 4095","severity":0,"category":"Camera","url":"https://www.drivenc.gov/?type=camera&id=4095"}},{"type":"Feature","geometry":{"type":"Point","coordinates":[-80.49892,35.00611]},"properties":{"id":"camera-4096","layer":"camera","title":"Camera 4096","severity":0,"category":"Camera","url":"https://www.drivenc.gov/?type=camera&id=4096"}},{"type":"Feature","geometry":{"type":"Point","coordinates":[-80.92103,35.32915]},"properties":{"id":"camera-4097","layer":"camera","title":"Camera 4097","severity":0,"category":"Camera","url":"https://www.drivenc.gov/?type=camera&id=4097"}},{"type":"Feature","geometry":{"type":"Point","coordinates":[-80.48294,35.00147]},"properties":{"id":"camera-4098","layer":"camera","title":"Camera 4098","severity":0,"category":"Camera","url":"https://www.drivenc.gov/?type=camera&id=4098"}},{"type":"Feature","geometry":{"type":"Point","coordinates":[-80.46327,34.99769]},"properties":{"id":"camera-4099","layer":"camera","title":"Camera 4099","severity":0,"category":"Camera","url":"https://www.drivenc.gov/?type=camera&id=4099"}},{"type":"Feature","geometry":{"type":"Point","coordinates":[-80.44837,34.99748]},"properties":{"id":"camera-4100","layer":"camera","title":"Camera 4100","severity":0,"category":"Camera","url":"https://www.drivenc.gov/?type=camera&id=4100"}},{"type":"Feature","geometry":{"type":"Point","coordinates":[-80.43977,34.9971]},"properties":{"id":"camera-4101","layer":"camera","title":"Camera 4101","severity":0,"category":"Camera","url":"https://www.drivenc.gov/?type=camera&id=4101"}},{"type":"Feature","geometry":{"type":"Point","coordinates":[-80.42742,34.9975]},"properties":{"id":"camera-4102","layer":"camera","title":"Camera 4102","severity":0,"category":"Camera","url":"https://www.drivenc.gov/?type=camera&id=4102"}},{"type":"Feature","geometry":{"type":"Point","coordinates":[-80.41291,34.98988]},"properties":{"id":"camera-4103","layer":"camera","title":"Camera 4103","severity":0,"category":"Camera","url":"https://www.drivenc.gov/?type=camera&id=4103"}},{"type":"Feature","geometry":{"type":"Point","coordinates":[-80.40958,34.98533]},"properties":{"id":"camera-4104","layer":"camera","title":"Camera 4104","severity":0,"category":"Camera","url":"https://www.drivenc.gov/?type=camera&id=4104"}},{"type":"Feature","geometry":{"type":"Point","coordinates":[-80.39453,34.98516]},"properties":{"id":"camera-4105","layer":"camera","title":"Camera 4105","severity":0,"category":"Camera","url":"https://www.drivenc.gov/?type=camera&id=4105"}},{"type":"Feature","geometry":{"type":"Point","coordinates":[-80.8891,35.33969]},"properties":{"id":"camera-4106","layer":"camera","title":"Camera 4106","severity":0,"category":"Camera","url":"https://www.drivenc.gov/?type=camera&id=4106"}},{"type":"Feature","geometry":{"type":"Point","coordinates":[-80.913,35.33202]},"properties":{"id":"camera-4107","layer":"camera","title":"Camera 4107","severity":0,"category":"Camera","url":"https://www.drivenc.gov/?type=camera&id=4107"}},{"type":"Feature","geometry":{"type":"Point","coordinates":[-80.70205,35.36222]},"properties":{"id":"camera-4108","layer":"camera","title":"Camera 4108","severity":0,"category":"Camera","url":"https://www.drivenc.gov/?type=camera&id=4108"}},{"type":"Feature","geometry":{"type":"Point","coordinates":[-80.90509,35.33927]},"properties":{"id":"camera-4109","layer":"camera","title":"Camera 4109","severity":0,"category":"Camera","url":"https://www.drivenc.gov/?type=camera&id=4109"}},{"type":"Feature","geometry":{"type":"Point","coordinates":[-80.93147,35.14201]},"properties":{"id":"camera-4110","layer":"camera","title":"Camera 4110","severity":0,"category":"Camera","url":"https://www.drivenc.gov/?type=camera&id=4110"}},{"type":"Feature","geometry":{"type":"Point","coordinates":[-80.94805,35.1543]},"properties":{"id":"camera-4111","layer":"camera","title":"Camera 4111","severity":0,"category":"Camera","url":"https://www.drivenc.gov/?type=camera&id=4111"}},{"type":"Feature","geometry":{"type":"Point","coordinates":[-80.87678,35.34499]},"properties":{"id":"camera-4112","layer":"camera","title":"Camera 4112","severity":0,"category":"Camera","url":"https://www.drivenc.gov/?type=camera&id=4112"}},{"type":"Feature","geometry":{"type":"Point","coordinates":[-80.88306,35.34275]},"properties":{"id":"camera-4113","layer":"camera","title":"Camera 4113","severity":0,"category":"Camera","url":"https://www.drivenc.gov/?type=camera&id=4113"}},{"type":"Feature","geometry":{"type":"Point","coordinates":[-80.85631,35.3602]},"properties":{"id":"camera-4114","layer":"camera","title":"Camera 4114","severity":0,"category":"Camera","url":"https://www.drivenc.gov/?type=camera&id=4114"}},{"type":"Feature","geometry":{"type":"Point","coordinates":[-80.84812,35.36348]},"properties":{"id":"camera-4115","layer":"camera","title":"Camera 4115","severity":0,"category":"Camera","url":"https://www.drivenc.gov/?type=camera&id=4115"}},{"type":"Feature","geometry":{"type":"Point","coordinates":[-80.86629,35.34925]},"properties":{"id":"camera-4116","layer":"camera","title":"Camera 4116","severity":0,"category":"Camera","url":"https://www.drivenc.gov/?type=camera&id=4116"}},{"type":"Feature","geometry":{"type":"Point","coordinates":[-80.8622,35.354]},"properties":{"id":"camera-4117","layer":"camera","title":"Camera 4117","severity":0,"category":"Camera","url":"https://www.drivenc.gov/?type=camera&id=4117"}},{"type":"Feature","geometry":{"type":"Point","coordinates":[-80.82803,35.36611]},"properties":{"id":"camera-4118","layer":"camera","title":"Camera 4118","severity":0,"category":"Camera","url":"https://www.drivenc.gov/?type=camera&id=4118"}},{"type":"Feature","geometry":{"type":"Point","coordinates":[-80.86571,35.22543]},"properties":{"id":"camera-4119","layer":"camera","title":"Camera 4119","severity":0,"category":"Camera","url":"https://www.drivenc.gov/?type=camera&id=4119"}},{"type":"Feature","geometry":{"type":"Point","coordinates":[-80.80628,35.36783]},"properties":{"id":"camera-4120","layer":"camera","title":"Camera 4120","severity":0,"category":"Camera","url":"https://www.drivenc.gov/?type=camera&id=4120"}},{"type":"Feature","geometry":{"type":"Point","coordinates":[-80.81578,35.36619]},"properties":{"id":"camera-4121","layer":"camera","title":"Camera 4121","severity":0,"category":"Camera","url":"https://www.drivenc.gov/?type=camera&id=4121"}},{"type":"Feature","geometry":{"type":"Point","coordinates":[-80.7894,35.3696]},"properties":{"id":"camera-4122","layer":"camera","title":"Camera 4122","severity":0,"category":"Camera","url":"https://www.drivenc.gov/?type=camera&id=4122"}},{"type":"Feature","geometry":{"type":"Point","coordinates":[-80.77992,35.36847]},"properties":{"id":"camera-4123","layer":"camera","title":"Camera 4123","severity":0,"category":"Camera","url":"https://www.drivenc.gov/?type=camera&id=4123"}},{"type":"Feature","geometry":{"type":"Point","coordinates":[-80.76534,35.36834]},"properties":{"id":"camera-4124","layer":"camera","title":"Camera 4124","severity":0,"category":"Camera","url":"https://www.drivenc.gov/?type=camera&id=4124"}},{"type":"Feature","geometry":{"type":"Point","coordinates":[-80.74818,35.36156]},"properties":{"id":"camera-4125","layer":"camera","title":"Camera 4125","severity":0,"category":"Camera","url":"https://www.drivenc.gov/?type=camera&id=4125"}},{"type":"Feature","geometry":{"type":"Point","coordinates":[-80.7333,35.34894]},"properties":{"id":"camera-4126","layer":"camera","title":"Camera 4126","severity":0,"category":"Camera","url":"https://www.drivenc.gov/?type=camera&id=4126"}},{"type":"Feature","geometry":{"type":"Point","coordinates":[-80.73037,35.34391]},"properties":{"id":"camera-4127","layer":"camera","title":"Camera 4127","severity":0,"category":"Camera","url":"https://www.drivenc.gov/?type=camera&id=4127"}},{"type":"Feature","geometry":{"type":"Point","coordinates":[-80.7076,35.3123]},"properties":{"id":"camera-4128","layer":"camera","title":"Camera 4128","severity":0,"category":"Camera","url":"https://www.drivenc.gov/?type=camera&id=4128"}},{"type":"Feature","geometry":{"type":"Point","coordinates":[-80.9657,35.1664]},"properties":{"id":"camera-4129","layer":"camera","title":"Camera 4129","severity":0,"category":"Camera","url":"https://www.drivenc.gov/?type=camera&id=4129"}},{"type":"Feature","geometry":{"type":"Point","coordinates":[-80.9148,35.12575]},"properties":{"id":"camera-4130","layer":"camera","title":"Camera 4130","severity":0,"category":"Camera","url":"https://www.drivenc.gov/?type=camera&id=4130"}},{"type":"Feature","geometry":{"type":"Point","coordinates":[-80.96936,35.19079]},"properties":{"id":"camera-4131","layer":"camera","title":"Camera 4131","severity":0,"category":"Camera","url":"https://www.drivenc.gov/?type=camera&id=4131"}},{"type":"Feature","geometry":{"type":"Point","coordinates":[-80.9681,35.20366]},"properties":{"id":"camera-4132","layer":"camera","title":"Camera 4132","severity":0,"category":"Camera","url":"https://www.drivenc.gov/?type=camera&id=4132"}},{"type":"Feature","geometry":{"type":"Point","coordinates":[-80.96942,35.21938]},"properties":{"id":"camera-4133","layer":"camera","title":"Camera 4133","severity":0,"category":"Camera","url":"https://www.drivenc.gov/?type=camera&id=4133"}},{"type":"Feature","geometry":{"type":"Point","coordinates":[-80.9703,35.23925]},"properties":{"id":"camera-4134","layer":"camera","title":"Camera 4134","severity":0,"category":"Camera","url":"https://www.drivenc.gov/?type=camera&id=4134"}},{"type":"Feature","geometry":{"type":"Point","coordinates":[-80.93096,35.10401]},"properties":{"id":"camera-4135","layer":"camera","title":"Camera 4135","severity":0,"category":"Camera","url":"https://www.drivenc.gov/?type=camera&id=4135"}},{"type":"Feature","geometry":{"type":"Point","coordinates":[-80.92435,35.11471]},"properties":{"id":"camera-4136","layer":"camera","title":"Camera 4136","severity":0,"category":"Camera","url":"https://www.drivenc.gov/?type=camera&id=4136"}},{"type":"Feature","geometry":{"type":"Point","coordinates":[-80.9194,35.12175]},"properties":{"id":"camera-4137","layer":"camera","title":"Camera 4137","severity":0,"category":"Camera","url":"https://www.drivenc.gov/?type=camera&id=4137"}},{"type":"Feature","geometry":{"type":"Point","coordinates":[-80.8468,35.2432]},"properties":{"id":"camera-4138","layer":"camera","title":"Camera 4138","severity":0,"category":"Camera","url":"https://www.drivenc.gov/?type=camera&id=4138"}},{"type":"Feature","geometry":{"type":"Point","coordinates":[-80.84694,35.24645]},"properties":{"id":"camera-4139","layer":"camera","title":"Camera 4139","severity":0,"category":"Camera","url":"https://www.drivenc.gov/?type=camera&id=4139"}},{"type":"Feature","geometry":{"type":"Point","coordinates":[-80.96747,35.25818]},"properties":{"id":"camera-4141","layer":"camera","title":"Camera 4141","severity":0,"category":"Camera","url":"https://www.drivenc.gov/?type=camera&id=4141"}},{"type":"Feature","geometry":{"type":"Point","coordinates":[-80.84504,35.25048]},"properties":{"id":"camera-4142","layer":"camera","title":"Camera 4142","severity":0,"category":"Camera","url":"https://www.drivenc.gov/?type=camera&id=4142"}},{"type":"Feature","geometry":{"type":"Point","coordinates":[-80.84935,35.24201]},"properties":{"id":"camera-4143","layer":"camera","title":"Camera 4143","severity":0,"category":"Camera","url":"https://www.drivenc.gov/?type=camera&id=4143"}},{"type":"Feature","geometry":{"type":"Point","coordinates":[-80.84072,35.26216]},"properties":{"id":"camera-4144","layer":"camera","title":"Camera 4144","severity":0,"category":"Camera","url":"https://www.drivenc.gov/?type=camera&id=4144"}},{"type":"Feature","geometry":{"type":"Point","coordinates":[-80.84425,35.27504]},"properties":{"id":"camera-4145","layer":"camera","title":"Camera 4145","severity":0,"category":"Camera","url":"https://www.drivenc.gov/?type=camera&id=4145"}},{"type":"Feature","geometry":{"type":"Point","coordinates":[-80.84934,35.28447]},"properties":{"id":"camera-4146","layer":"camera","title":"Camera 4146","severity":0,"category":"Camera","url":"https://www.drivenc.gov/?type=camera&id=4146"}},{"type":"Feature","geometry":{"type":"Point","coordinates":[-80.84705,35.28212]},"properties":{"id":"camera-4147","layer":"camera","title":"Camera 4147","severity":0,"category":"Camera","url":"https://www.drivenc.gov/?type=camera&id=4147"}},{"type":"Feature","geometry":{"type":"Point","coordinates":[-80.84634,35.27043]},"properties":{"id":"camera-4148","layer":"camera","title":"Camera 4148","severity":0,"category":"Camera","url":"https://www.drivenc.gov/?type=camera&id=4148"}},{"type":"Feature","geometry":{"type":"Point","coordinates":[-80.85015,35.29713]},"properties":{"id":"camera-4149","layer":"camera","title":"Camera 4149","severity":0,"category":"Camera","url":"https://www.drivenc.gov/?type=camera&id=4149"}},{"type":"Feature","geometry":{"type":"Point","coordinates":[-80.84808,35.31047]},"properties":{"id":"camera-4150","layer":"camera","title":"Camera 4150","severity":0,"category":"Camera","url":"https://www.drivenc.gov/?type=camera&id=4150"}},{"type":"Feature","geometry":{"type":"Point","coordinates":[-80.84701,35.31624]},"properties":{"id":"camera-4151","layer":"camera","title":"Camera 4151","severity":0,"category":"Camera","url":"https://www.drivenc.gov/?type=camera&id=4151"}},{"type":"Feature","geometry":{"type":"Point","coordinates":[-80.96668,35.26612]},"properties":{"id":"camera-4152","layer":"camera","title":"Camera 4152","severity":0,"category":"Camera","url":"https://www.drivenc.gov/?type=camera&id=4152"}},{"type":"Feature","geometry":{"type":"Point","coordinates":[-80.8483,35.30707]},"properties":{"id":"camera-4153","layer":"camera","title":"Camera 4153","severity":0,"category":"Camera","url":"https://www.drivenc.gov/?type=camera&id=4153"}},{"type":"Feature","geometry":{"type":"Point","coordinates":[-80.84917,35.33732]},"properties":{"id":"camera-4154","layer":"camera","title":"Camera 4154","severity":0,"category":"Camera","url":"https://www.drivenc.gov/?type=camera&id=4154"}},{"type":"Feature","geometry":{"type":"Point","coordinates":[-80.84714,35.34794]},"properties":{"id":"camera-4155","layer":"camera","title":"Camera 4155","severity":0,"category":"Camera","url":"https://www.drivenc.gov/?type=camera&id=4155"}},{"type":"Feature","geometry":{"type":"Point","coordinates":[-80.84797,35.34891]},"properties":{"id":"camera-4156","layer":"camera","title":"Camera 4156","severity":0,"category":"Camera","url":"https://www.drivenc.gov/?type=camera&id=4156"}},{"type":"Feature","geometry":{"type":"Point","coordinates":[-80.8418,35.36616]},"properties":{"id":"camera-4157","layer":"camera","title":"Camera 4157","severity":0,"category":"Camera","url":"https://www.drivenc.gov/?type=camera&id=4157"}},{"type":"Feature","geometry":{"type":"Point","coordinates":[-80.84432,35.35819]},"properties":{"id":"camera-4158","layer":"camera","title":"Camera 4158","severity":0,"category":"Camera","url":"https://www.drivenc.gov/?type=camera&id=4158"}},{"type":"Feature","geometry":{"type":"Point","coordinates":[-80.84188,35.36202]},"properties":{"id":"camera-4159","layer":"camera","title":"Camera 4159","severity":0,"category":"Camera","url":"https://www.drivenc.gov/?type=camera&id=4159"}},{"type":"Feature","geometry":{"type":"Point","coordinates":[-80.9153,35.12965]},"properties":{"id":"camera-4160","layer":"camera","title":"Camera 4160","severity":0,"category":"Camera","url":"https://www.drivenc.gov/?type=camera&id=4160"}},{"type":"Feature","geometry":{"type":"Point","coordinates":[-80.84808,35.37633]},"properties":{"id":"camera-4161","layer":"camera","title":"Camera 4161","severity":0,"category":"Camera","url":"https://www.drivenc.gov/?type=camera&id=4161"}},{"type":"Feature","geometry":{"type":"Point","coordinates":[-80.84861,35.37962]},"properties":{"id":"camera-4162","layer":"camera","title":"Camera 4162","severity":0,"category":"Camera","url":"https://www.drivenc.gov/?type=camera&id=4162"}},{"type":"Feature","geometry":{"type":"Point","coordinates":[-80.9654,35.28069]},"properties":{"id":"camera-4163","layer":"camera","title":"Camera 4163","severity":0,"category":"Camera","url":"https://www.drivenc.gov/?type=camera&id=4163"}},{"type":"Feature","geometry":{"type":"Point","coordinates":[-80.84734,35.37562]},"properties":{"id":"camera-4164","layer":"camera","title":"Camera 4164","severity":0,"category":"Camera","url":"https://www.drivenc.gov/?type=camera&id=4164"}},{"type":"Feature","geometry":{"type":"Point","coordinates":[-80.84948,35.38766]},"properties":{"id":"camera-4165","layer":"camera","title":"Camera 4165","severity":0,"category":"Camera","url":"https://www.drivenc.gov/?type=camera&id=4165"}},{"type":"Feature","geometry":{"type":"Point","coordinates":[-80.85199,35.39164]},"properties":{"id":"camera-4166","layer":"camera","title":"Camera 4166","severity":0,"category":"Camera","url":"https://www.drivenc.gov/?type=camera&id=4166"}},{"type":"Feature","geometry":{"type":"Point","coordinates":[-80.8561,35.3988]},"properties":{"id":"camera-4167","layer":"camera","title":"Camera 4167","severity":0,"category":"Camera","url":"https://www.drivenc.gov/?type=camera&id=4167"}},{"type":"Feature","geometry":{"type":"Point","coordinates":[-80.85587,35.40111]},"properties":{"id":"camera-4168","layer":"camera","title":"Camera 4168","severity":0,"category":"Camera","url":"https://www.drivenc.gov/?type=camera&id=4168"}},{"type":"Feature","geometry":{"type":"Point","coordinates":[-80.86189,35.42211]},"properties":{"id":"camera-4169","layer":"camera","title":"Camera 4169","severity":0,"category":"Camera","url":"https://www.drivenc.gov/?type=camera&id=4169"}},{"type":"Feature","geometry":{"type":"Point","coordinates":[-80.85721,35.40909]},"properties":{"id":"camera-4170","layer":"camera","title":"Camera 4170","severity":0,"category":"Camera","url":"https://www.drivenc.gov/?type=camera&id=4170"}},{"type":"Feature","geometry":{"type":"Point","coordinates":[-80.86713,35.42901]},"properties":{"id":"camera-4171","layer":"camera","title":"Camera 4171","severity":0,"category":"Camera","url":"https://www.drivenc.gov/?type=camera&id=4171"}},{"type":"Feature","geometry":{"type":"Point","coordinates":[-80.86819,35.43832]},"properties":{"id":"camera-4172","layer":"camera","title":"Camera 4172","severity":0,"category":"Camera","url":"https://www.drivenc.gov/?type=camera&id=4172"}},{"type":"Feature","geometry":{"type":"Point","coordinates":[-80.86924,35.4489]},"properties":{"id":"camera-4173","layer":"camera","title":"Camera 4173","severity":0,"category":"Camera","url":"https://www.drivenc.gov/?type=camera&id=4173"}},{"type":"Feature","geometry":{"type":"Point","coordinates":[-80.96546,35.27348]},"properties":{"id":"camera-4174","layer":"camera","title":"Camera 4174","severity":0,"category":"Camera","url":"https://www.drivenc.gov/?type=camera&id=4174"}},{"type":"Feature","geometry":{"type":"Point","coordinates":[-80.87543,35.46109]},"properties":{"id":"camera-4175","layer":"camera","title":"Camera 4175","severity":0,"category":"Camera","url":"https://www.drivenc.gov/?type=camera&id=4175"}},{"type":"Feature","geometry":{"type":"Point","coordinates":[-80.87509,35.4848]},"properties":{"id":"camera-4176","layer":"camera","title":"Camera 4176","severity":0,"category":"Camera","url":"https://www.drivenc.gov/?type=camera&id=4176"}},{"type":"Feature","geometry":{"type":"Point","coordinates":[-80.87511,35.47407]},"properties":{"id":"camera-4177","layer":"camera","title":"Camera 4177","severity":0,"category":"Camera","url":"https://www.drivenc.gov/?type=camera&id=4177"}},{"type":"Feature","geometry":{"type":"Point","coordinates":[-80.87354,35.48885]},"properties":{"id":"camera-4178","layer":"camera","title":"Camera 4178","severity":0,"category":"Camera","url":"https://www.drivenc.gov/?type=camera&id=4178"}},{"type":"Feature","geometry":{"type":"Point","coordinates":[-80.8697,35.49596]},"properties":{"id":"camera-4179","layer":"camera","title":"Camera 4179","severity":0,"category":"Camera","url":"https://www.drivenc.gov/?type=camera&id=4179"}},{"type":"Feature","geometry":{"type":"Point","coordinates":[-80.84286,35.24078]},"properties":{"id":"camera-4180","layer":"camera","title":"Camera 4180","severity":0,"category":"Camera","url":"https://www.drivenc.gov/?type=camera&id=4180"}},{"type":"Feature","geometry":{"type":"Point","coordinates":[-80.86511,35.51916]},"properties":{"id":"camera-4181","layer":"camera","title":"Camera 4181","severity":0,"category":"Camera","url":"https://www.drivenc.gov/?type=camera&id=4181"}},{"type":"Feature","geometry":{"type":"Point","coordinates":[-80.86163,35.5323]},"properties":{"id":"camera-4182","layer":"camera","title":"Camera 4182","severity":0,"category":"Camera","url":"https://www.drivenc.gov/?type=camera&id=4182"}},{"type":"Feature","geometry":{"type":"Point","coordinates":[-80.95992,35.29491]},"properties":{"id":"camera-4183","layer":"camera","title":"Camera 4183","severity":0,"category":"Camera","url":"https://www.drivenc.gov/?type=camera&id=4183"}},{"type":"Feature","geometry":{"type":"Point","coordinates":[-80.8593,35.54567]},"properties":{"id":"camera-4184","layer":"camera","title":"Camera 4184","severity":0,"category":"Camera","url":"https://www.drivenc.gov/?type=camera&id=4184"}},{"type":"Feature","geometry":{"type":"Point","coordinates":[-80.85879,35.56405]},"properties":{"id":"camera-4185","layer":"camera","title":"Camera 4185","severity":0,"category":"Camera","url":"https://www.drivenc.gov/?type=camera&id=4185"}},{"type":"Feature","geometry":{"type":"Point","coordinates":[-80.85747,35.55209]},"properties":{"id":"camera-4186","layer":"camera","title":"Camera 4186","severity":0,"category":"Camera","url":"https://www.drivenc.gov/?type=camera&id=4186"}},{"type":"Feature","geometry":{"type":"Point","coordinates":[-80.85543,35.57524]},"properties":{"id":"camera-4187","layer":"camera","title":"Camera 4187","severity":0,"category":"Camera","url":"https://www.drivenc.gov/?type=camera&id=4187"}},{"type":"Feature","geometry":{"type":"Point","coordinates":[-80.85808,35.58613]},"properties":{"id":"camera-4188","layer":"camera","title":"Camera 4188","severity":0,"category":"Camera","url":"https://www.drivenc.gov/?type=camera&id=4188"}},{"type":"Feature","geometry":{"type":"Point","coordinates":[-80.86003,35.5958]},"properties":{"id":"camera-4189","layer":"camera","title":"Camera 4189","severity":0,"category":"Camera","url":"https://www.drivenc.gov/?type=camera&id=4189"}},{"type":"Feature","geometry":{"type":"Point","coordinates":[-80.85928,35.60395]},"properties":{"id":"camera-4190","layer":"camera","title":"Camera 4190","severity":0,"category":"Camera","url":"https://www.drivenc.gov/?type=camera&id=4190"}},{"type":"Feature","geometry":{"type":"Point","coordinates":[-80.91108,35.13518]},"properties":{"id":"camera-4191","layer":"camera","title":"Camera 4191","severity":0,"category":"Camera","url":"https://www.drivenc.gov/?type=camera&id=4191"}},{"type":"Feature","geometry":{"type":"Point","coordinates":[-80.89706,35.14757]},"properties":{"id":"camera-4192","layer":"camera","title":"Camera 4192","severity":0,"category":"Camera","url":"https://www.drivenc.gov/?type=camera&id=4192"}},{"type":"Feature","geometry":{"type":"Point","coordinates":[-80.88944,35.16313]},"properties":{"id":"camera-4193","layer":"camera","title":"Camera 4193","severity":0,"category":"Camera","url":"https://www.drivenc.gov/?type=camera&id=4193"}},{"type":"Feature","geometry":{"type":"Point","coordinates":[-81.04327,35.25619]},"properties":{"id":"camera-4195","layer":"camera","title":"Camera 4195","severity":0,"category":"Camera","url":"https://www.drivenc.gov/?type=camera&id=4195"}},{"type":"Feature","geometry":{"type":"Point","coordinates":[-81.00067,35.25828]},"properties":{"id":"camera-4197","layer":"camera","title":"Camera 4197","severity":0,"category":"Camera","url":"https://www.drivenc.gov/?type=camera&id=4197"}},{"type":"Feature","geometry":{"type":"Point","coordinates":[-82.53513,35.4316]},"properties":{"id":"camera-4203","layer":"camera","title":"Camera 4203","severity":0,"category":"Camera","url":"https://www.drivenc.gov/?type=camera&id=4203"}},{"type":"Feature","geometry":{"type":"Point","coordinates":[-82.54707,35.60062]},"properties":{"id":"camera-4204","layer":"camera","title":"Camera 4204","severity":0,"category":"Camera","url":"https://www.drivenc.gov/?type=camera&id=4204"}},{"type":"Feature","geometry":{"type":"Point","coordinates":[-82.6037,35.5445]},"properties":{"id":"camera-4206","layer":"camera","title":"Camera 4206","severity":0,"category":"Camera","url":"https://www.drivenc.gov/?type=camera&id=4206"}},{"type":"Feature","geometry":{"type":"Point","coordinates":[-82.603,35.53402]},"properties":{"id":"camera-4207","layer":"camera","title":"Camera 4207","severity":0,"category":"Camera","url":"https://www.drivenc.gov/?type=camera&id=4207"}},{"type":"Feature","geometry":{"type":"Point","coordinates":[-82.55602,35.48167]},"properties":{"id":"camera-4208","layer":"camera","title":"Camera 4208","severity":0,"category":"Camera","url":"https://www.drivenc.gov/?type=camera&id=4208"}},{"type":"Feature","geometry":{"type":"Point","coordinates":[-82.5361,35.44009]},"properties":{"id":"camera-4210","layer":"camera","title":"Camera 4210","severity":0,"category":"Camera","url":"https://www.drivenc.gov/?type=camera&id=4210"}},{"type":"Feature","geometry":{"type":"Point","coordinates":[-82.55657,35.59112]},"properties":{"id":"camera-4212","layer":"camera","title":"Camera 4212","severity":0,"category":"Camera","url":"https://www.drivenc.gov/?type=camera&id=4212"}},{"type":"Feature","geometry":{"type":"Point","coordinates":[-82.59902,35.55646]},"properties":{"id":"camera-4213","layer":"camera","title":"Camera 4213","severity":0,"category":"Camera","url":"https://www.drivenc.gov/?type=camera&id=4213"}},{"type":"Feature","geometry":{"type":"Point","coordinates":[-82.5381,35.55815]},"properties":{"id":"camera-4214","layer":"camera","title":"Camera 4214","severity":0,"category":"Camera","url":"https://www.drivenc.gov/?type=camera&id=4214"}},{"type":"Feature","geometry":{"type":"Point","coordinates":[-82.49795,35.56679]},"properties":{"id":"camera-4215","layer":"camera","title":"Camera 4215","severity":0,"category":"Camera","url":"https://www.drivenc.gov/?type=camera&id=4215"}},{"type":"Feature","geometry":{"type":"Point","coordinates":[-82.60291,35.51463]},"properties":{"id":"camera-4216","layer":"camera","title":"Camera 4216","severity":0,"category":"Camera","url":"https://www.drivenc.gov/?type=camera&id=4216"}},{"type":"Feature","geometry":{"type":"Point","coordinates":[-82.60704,35.52659]},"properties":{"id":"camera-4217","layer":"camera","title":"Camera 4217","severity":0,"category":"Camera","url":"https://www.drivenc.gov/?type=camera&id=4217"}},{"type":"Feature","geometry":{"type":"Point","coordinates":[-82.545,35.57026]},"properties":{"id":"camera-4218","layer":"camera","title":"Camera 4218","severity":0,"category":"Camera","url":"https://www.drivenc.gov/?type=camera&id=4218"}},{"type":"Feature","geometry":{"type":"Point","coordinates":[-82.5938,35.56416]},"properties":{"id":"camera-4219","layer":"camera","title":"Camera 4219","severity":0,"category":"Camera","url":"https://www.drivenc.gov/?type=camera&id=4219"}},{"type":"Feature","geometry":{"type":"Point","coordinates":[-82.65893,35.54531]},"properties":{"id":"camera-4220","layer":"camera","title":"Camera 4220","severity":0,"category":"Camera","url":"https://www.drivenc.gov/?type=camera&id=4220"}},{"type":"Feature","geometry":{"type":"Point","coordinates":[-82.5119,35.45979]},"properties":{"id":"camera-4221","layer":"camera","title":"Camera 4221","severity":0,"category":"Camera","url":"https://www.drivenc.gov/?type=camera&id=4221"}},{"type":"Feature","geometry":{"type":"Point","coordinates":[-82.54469,35.56693]},"properties":{"id":"camera-4222","layer":"camera","title":"Camera 4222","severity":0,"category":"Camera","url":"https://www.drivenc.gov/?type=camera&id=4222"}},{"type":"Feature","geometry":{"type":"Point","coordinates":[-82.5243,35.5037]},"properties":{"id":"camera-4223","layer":"camera","title":"Camera 4223","severity":0,"category":"Camera","url":"https://www.drivenc.gov/?type=camera&id=4223"}},{"type":"Feature","geometry":{"type":"Point","coordinates":[-82.52577,35.48505]},"properties":{"id":"camera-4224","layer":"camera","title":"Camera 4224","severity":0,"category":"Camera","url":"https://www.drivenc.gov/?type=camera&id=4224"}},{"type":"Feature","geometry":{"type":"Point","coordinates":[-82.5825,35.57795]},"properties":{"id":"camera-4225","layer":"camera","title":"Camera 4225","severity":0,"category":"Camera","url":"https://www.drivenc.gov/?type=camera&id=4225"}},{"type":"Feature","geometry":{"type":"Point","coordinates":[-82.52767,35.53374]},"properties":{"id":"camera-4227","layer":"camera","title":"Camera 4227","severity":0,"category":"Camera","url":"https://www.drivenc.gov/?type=camera&id=4227"}},{"type":"Feature","geometry":{"type":"Point","coordinates":[-82.57924,35.58917]},"properties":{"id":"camera-4228","layer":"camera","title":"Camera 4228","severity":0,"category":"Camera","url":"https://www.drivenc.gov/?type=camera&id=4228"}},{"type":"Feature","geometry":{"type":"Point","coordinates":[-82.56377,35.59258]},"properties":{"id":"camera-4229","layer":"camera","title":"Camera 4229","severity":0,"category":"Camera","url":"https://www.drivenc.gov/?type=camera&id=4229"}},{"type":"Feature","geometry":{"type":"Point","coordinates":[-82.52293,35.58574]},"properties":{"id":"camera-4733","layer":"camera","title":"Camera 4733","severity":0,"category":"Camera","url":"https://www.drivenc.gov/?type=camera&id=4733"}},{"type":"Feature","geometry":{"type":"Point","coordinates":[-77.88879,34.19918]},"properties":{"id":"camera-4758","layer":"camera","title":"Camera 4758","severity":0,"category":"Camera","url":"https://www.drivenc.gov/?type=camera&id=4758"}},{"type":"Feature","geometry":{"type":"Point","coordinates":[-77.891,34.17495]},"properties":{"id":"camera-4759","layer":"camera","title":"Camera 4759","severity":0,"category":"Camera","url":"https://www.drivenc.gov/?type=camera&id=4759"}},{"type":"Feature","geometry":{"type":"Point","coordinates":[-77.83001,34.22445]},"properties":{"id":"camera-4760","layer":"camera","title":"Camera 4760","severity":0,"category":"Camera","url":"https://www.drivenc.gov/?type=camera&id=4760"}},{"type":"Feature","geometry":{"type":"Point","coordinates":[-77.89486,34.24178]},"properties":{"id":"camera-4761","layer":"camera","title":"Camera 4761","severity":0,"category":"Camera","url":"https://www.drivenc.gov/?type=camera&id=4761"}},{"type":"Feature","geometry":{"type":"Point","coordinates":[-77.86279,34.2443]},"properties":{"id":"camera-4762","layer":"camera","title":"Camera 4762","severity":0,"category":"Camera","url":"https://www.drivenc.gov/?type=camera&id=4762"}},{"type":"Feature","geometry":{"type":"Point","coordinates":[-77.90073,34.21423]},"properties":{"id":"camera-4763","layer":"camera","title":"Camera 4763","severity":0,"category":"Camera","url":"https://www.drivenc.gov/?type=camera&id=4763"}},{"type":"Feature","geometry":{"type":"Point","coordinates":[-77.87068,34.25546]},"properties":{"id":"camera-4764","layer":"camera","title":"Camera 4764","severity":0,"category":"Camera","url":"https://www.drivenc.gov/?type=camera&id=4764"}},{"type":"Feature","geometry":{"type":"Point","coordinates":[-77.87086,34.23967]},"properties":{"id":"camera-4765","layer":"camera","title":"Camera 4765","severity":0,"category":"Camera","url":"https://www.drivenc.gov/?type=camera&id=4765"}},{"type":"Feature","geometry":{"type":"Point","coordinates":[-77.88802,34.21069]},"properties":{"id":"camera-4766","layer":"camera","title":"Camera 4766","severity":0,"category":"Camera","url":"https://www.drivenc.gov/?type=camera&id=4766"}},{"type":"Feature","geometry":{"type":"Point","coordinates":[-77.82877,34.26232]},"properties":{"id":"camera-4767","layer":"camera","title":"Camera 4767","severity":0,"category":"Camera","url":"https://www.drivenc.gov/?type=camera&id=4767"}},{"type":"Feature","geometry":{"type":"Point","coordinates":[-77.92103,34.19554]},"properties":{"id":"camera-4768","layer":"camera","title":"Camera 4768","severity":0,"category":"Camera","url":"https://www.drivenc.gov/?type=camera&id=4768"}},{"type":"Feature","geometry":{"type":"Point","coordinates":[-77.926751,34.225546]},"properties":{"id":"camera-4769","layer":"camera","title":"Camera 4769","severity":0,"category":"Camera","url":"https://www.drivenc.gov/?type=camera&id=4769"}},{"type":"Feature","geometry":{"type":"Point","coordinates":[-77.83539,34.23135]},"properties":{"id":"camera-4770","layer":"camera","title":"Camera 4770","severity":0,"category":"Camera","url":"https://www.drivenc.gov/?type=camera&id=4770"}},{"type":"Feature","geometry":{"type":"Point","coordinates":[-77.86126,34.24874]},"properties":{"id":"camera-4771","layer":"camera","title":"Camera 4771","severity":0,"category":"Camera","url":"https://www.drivenc.gov/?type=camera&id=4771"}},{"type":"Feature","geometry":{"type":"Point","coordinates":[-77.90907,34.19362]},"properties":{"id":"camera-4772","layer":"camera","title":"Camera 4772","severity":0,"category":"Camera","url":"https://www.drivenc.gov/?type=camera&id=4772"}},{"type":"Feature","geometry":{"type":"Point","coordinates":[-77.88554,34.21789]},"properties":{"id":"camera-4773","layer":"camera","title":"Camera 4773","severity":0,"category":"Camera","url":"https://www.drivenc.gov/?type=camera&id=4773"}},{"type":"Feature","geometry":{"type":"Point","coordinates":[-77.94477,34.22341]},"properties":{"id":"camera-4774","layer":"camera","title":"Camera 4774","severity":0,"category":"Camera","url":"https://www.drivenc.gov/?type=camera&id=4774"}},{"type":"Feature","geometry":{"type":"Point","coordinates":[-77.9255,34.22682]},"properties":{"id":"camera-4775","layer":"camera","title":"Camera 4775","severity":0,"category":"Camera","url":"https://www.drivenc.gov/?type=camera&id=4775"}},{"type":"Feature","geometry":{"type":"Point","coordinates":[-77.94633,34.22581]},"properties":{"id":"camera-4776","layer":"camera","title":"Camera 4776","severity":0,"category":"Camera","url":"https://www.drivenc.gov/?type=camera&id=4776"}},{"type":"Feature","geometry":{"type":"Point","coordinates":[-77.95924,34.23022]},"properties":{"id":"camera-4777","layer":"camera","title":"Camera 4777","severity":0,"category":"Camera","url":"https://www.drivenc.gov/?type=camera&id=4777"}},{"type":"Feature","geometry":{"type":"Point","coordinates":[-77.90472,34.22067]},"properties":{"id":"camera-4778","layer":"camera","title":"Camera 4778","severity":0,"category":"Camera","url":"https://www.drivenc.gov/?type=camera&id=4778"}},{"type":"Feature","geometry":{"type":"Point","coordinates":[-77.94591,34.2115]},"properties":{"id":"camera-4779","layer":"camera","title":"Camera 4779","severity":0,"category":"Camera","url":"https://www.drivenc.gov/?type=camera&id=4779"}},{"type":"Feature","geometry":{"type":"Point","coordinates":[-77.94673,34.25272]},"properties":{"id":"camera-4780","layer":"camera","title":"Camera 4780","severity":0,"category":"Camera","url":"https://www.drivenc.gov/?type=camera&id=4780"}},{"type":"Feature","geometry":{"type":"Point","coordinates":[-77.81292,34.27953]},"properties":{"id":"camera-4781","layer":"camera","title":"Camera 4781","severity":0,"category":"Camera","url":"https://www.drivenc.gov/?type=camera&id=4781"}},{"type":"Feature","geometry":{"type":"Point","coordinates":[-77.89027,34.24248]},"properties":{"id":"camera-4782","layer":"camera","title":"Camera 4782","severity":0,"category":"Camera","url":"https://www.drivenc.gov/?type=camera&id=4782"}},{"type":"Feature","geometry":{"type":"Point","coordinates":[-77.8515,34.23869]},"properties":{"id":"camera-4783","layer":"camera","title":"Camera 4783","severity":0,"category":"Camera","url":"https://www.drivenc.gov/?type=camera&id=4783"}},{"type":"Feature","geometry":{"type":"Point","coordinates":[-77.89338,34.13966]},"properties":{"id":"camera-4785","layer":"camera","title":"Camera 4785","severity":0,"category":"Camera","url":"https://www.drivenc.gov/?type=camera&id=4785"}},{"type":"Feature","geometry":{"type":"Point","coordinates":[-77.87264,34.24558]},"properties":{"id":"camera-4786","layer":"camera","title":"Camera 4786","severity":0,"category":"Camera","url":"https://www.drivenc.gov/?type=camera&id=4786"}},{"type":"Feature","geometry":{"type":"Point","coordinates":[-77.89981,34.12588]},"properties":{"id":"camera-4787","layer":"camera","title":"Camera 4787","severity":0,"category":"Camera","url":"https://www.drivenc.gov/?type=camera&id=4787"}},{"type":"Feature","geometry":{"type":"Point","coordinates":[-77.92119,34.16834]},"properties":{"id":"camera-4788","layer":"camera","title":"Camera 4788","severity":0,"category":"Camera","url":"https://www.drivenc.gov/?type=camera&id=4788"}},{"type":"Feature","geometry":{"type":"Point","coordinates":[-77.93375,34.1907]},"properties":{"id":"camera-4789","layer":"camera","title":"Camera 4789","severity":0,"category":"Camera","url":"https://www.drivenc.gov/?type=camera&id=4789"}},{"type":"Feature","geometry":{"type":"Point","coordinates":[-77.82644,34.25213]},"properties":{"id":"camera-4790","layer":"camera","title":"Camera 4790","severity":0,"category":"Camera","url":"https://www.drivenc.gov/?type=camera&id=4790"}},{"type":"Feature","geometry":{"type":"Point","coordinates":[-80.87515,35.4836]},"properties":{"id":"camera-4792","layer":"camera","title":"Camera 4792","severity":0,"category":"Camera","url":"https://www.drivenc.gov/?type=camera&id=4792"}},{"type":"Feature","geometry":{"type":"Point","coordinates":[-80.86618,35.50347]},"properties":{"id":"camera-4793","layer":"camera","title":"Camera 4793","severity":0,"category":"Camera","url":"https://www.drivenc.gov/?type=camera&id=4793"}},{"type":"Feature","geometry":{"type":"Point","coordinates":[-80.8092,36.30135]},"properties":{"id":"camera-4796","layer":"camera","title":"Camera 4796","severity":0,"category":"Camera","url":"https://www.drivenc.gov/?type=camera&id=4796"}},{"type":"Feature","geometry":{"type":"Point","coordinates":[-81.74302,36.19599]},"properties":{"id":"camera-4797","layer":"camera","title":"Camera 4797","severity":0,"category":"Camera","url":"https://www.drivenc.gov/?type=camera&id=4797"}},{"type":"Feature","geometry":{"type":"Point","coordinates":[-81.74719,36.18451]},"properties":{"id":"camera-4799","layer":"camera","title":"Camera 4799","severity":0,"category":"Camera","url":"https://www.drivenc.gov/?type=camera&id=4799"}},{"type":"Feature","geometry":{"type":"Point","coordinates":[-81.74537,36.19371]},"properties":{"id":"camera-4801","layer":"camera","title":"Camera 4801","severity":0,"category":"Camera","url":"https://www.drivenc.gov/?type=camera&id=4801"}},{"type":"Feature","geometry":{"type":"Point","coordinates":[-81.44041,36.20405]},"properties":{"id":"camera-4803","layer":"camera","title":"Camera 4803","severity":0,"category":"Camera","url":"https://www.drivenc.gov/?type=camera&id=4803"}},{"type":"Feature","geometry":{"type":"Point","coordinates":[-81.45409,36.20818]},"properties":{"id":"camera-4804","layer":"camera","title":"Camera 4804","severity":0,"category":"Camera","url":"https://www.drivenc.gov/?type=camera&id=4804"}},{"type":"Feature","geometry":{"type":"Point","coordinates":[-80.85966,35.83361]},"properties":{"id":"camera-4811","layer":"camera","title":"Camera 4811","severity":0,"category":"Camera","url":"https://www.drivenc.gov/?type=camera&id=4811"}},{"type":"Feature","geometry":{"type":"Point","coordinates":[-80.85869,35.84962]},"properties":{"id":"camera-4812","layer":"camera","title":"Camera 4812","severity":0,"category":"Camera","url":"https://www.drivenc.gov/?type=camera&id=4812"}},{"type":"Feature","geometry":{"type":"Point","coordinates":[-81.2996,35.25057]},"properties":{"id":"camera-4813","layer":"camera","title":"Camera 4813","severity":0,"category":"Camera","url":"https://www.drivenc.gov/?type=camera&id=4813"}},{"type":"Feature","geometry":{"type":"Point","coordinates":[-81.25747,35.26589]},"properties":{"id":"camera-4814","layer":"camera","title":"Camera 4814","severity":0,"category":"Camera","url":"https://www.drivenc.gov/?type=camera&id=4814"}},{"type":"Feature","geometry":{"type":"Point","coordinates":[-81.22932,35.27656]},"properties":{"id":"camera-4815","layer":"camera","title":"Camera 4815","severity":0,"category":"Camera","url":"https://www.drivenc.gov/?type=camera&id=4815"}},{"type":"Feature","geometry":{"type":"Point","coordinates":[-81.20089,35.28599]},"properties":{"id":"camera-4816","layer":"camera","title":"Camera 4816","severity":0,"category":"Camera","url":"https://www.drivenc.gov/?type=camera&id=4816"}},{"type":"Feature","geometry":{"type":"Point","coordinates":[-81.17894,35.28314]},"properties":{"id":"camera-4817","layer":"camera","title":"Camera 4817","severity":0,"category":"Camera","url":"https://www.drivenc.gov/?type=camera&id=4817"}},{"type":"Feature","geometry":{"type":"Point","coordinates":[-81.17333,35.28414]},"properties":{"id":"camera-4818","layer":"camera","title":"Camera 4818","severity":0,"category":"Camera","url":"https://www.drivenc.gov/?type=camera&id=4818"}},{"type":"Feature","geometry":{"type":"Point","coordinates":[-80.9357,35.79413]},"properties":{"id":"camera-4819","layer":"camera","title":"Camera 4819","severity":0,"category":"Camera","url":"https://www.drivenc.gov/?type=camera&id=4819"}},{"type":"Feature","geometry":{"type":"Point","coordinates":[-81.1607,35.2724]},"properties":{"id":"camera-4821","layer":"camera","title":"Camera 4821","severity":0,"category":"Camera","url":"https://www.drivenc.gov/?type=camera&id=4821"}},{"type":"Feature","geometry":{"type":"Point","coordinates":[-81.14869,35.26876]},"properties":{"id":"camera-4822","layer":"camera","title":"Camera 4822","severity":0,"category":"Camera","url":"https://www.drivenc.gov/?type=camera&id=4822"}},{"type":"Feature","geometry":{"type":"Point","coordinates":[-81.1343,35.26477]},"properties":{"id":"camera-4823","layer":"camera","title":"Camera 4823","severity":0,"category":"Camera","url":"https://www.drivenc.gov/?type=camera&id=4823"}},{"type":"Feature","geometry":{"type":"Point","coordinates":[-81.10398,35.25988]},"properties":{"id":"camera-4824","layer":"camera","title":"Camera 4824","severity":0,"category":"Camera","url":"https://www.drivenc.gov/?type=camera&id=4824"}},{"type":"Feature","geometry":{"type":"Point","coordinates":[-81.08865,35.2638]},"properties":{"id":"camera-4825","layer":"camera","title":"Camera 4825","severity":0,"category":"Camera","url":"https://www.drivenc.gov/?type=camera&id=4825"}},{"type":"Feature","geometry":{"type":"Point","coordinates":[-81.06833,35.26437]},"properties":{"id":"camera-4826","layer":"camera","title":"Camera 4826","severity":0,"category":"Camera","url":"https://www.drivenc.gov/?type=camera&id=4826"}},{"type":"Feature","geometry":{"type":"Point","coordinates":[-81.04628,35.25886]},"properties":{"id":"camera-4827","layer":"camera","title":"Camera 4827","severity":0,"category":"Camera","url":"https://www.drivenc.gov/?type=camera&id=4827"}},{"type":"Feature","geometry":{"type":"Point","coordinates":[-80.90561,35.80136]},"properties":{"id":"camera-4828","layer":"camera","title":"Camera 4828","severity":0,"category":"Camera","url":"https://www.drivenc.gov/?type=camera&id=4828"}},{"type":"Feature","geometry":{"type":"Point","coordinates":[-80.86066,35.81166]},"properties":{"id":"camera-4830","layer":"camera","title":"Camera 4830","severity":0,"category":"Camera","url":"https://www.drivenc.gov/?type=camera&id=4830"}},{"type":"Feature","geometry":{"type":"Point","coordinates":[-80.83206,35.81444]},"properties":{"id":"camera-4832","layer":"camera","title":"Camera 4832","severity":0,"category":"Camera","url":"https://www.drivenc.gov/?type=camera&id=4832"}},{"type":"Feature","geometry":{"type":"Point","coordinates":[-80.81106,35.82143]},"properties":{"id":"camera-4834","layer":"camera","title":"Camera 4834","severity":0,"category":"Camera","url":"https://www.drivenc.gov/?type=camera&id=4834"}},{"type":"Feature","geometry":{"type":"Point","coordinates":[-80.86395,35.77823]},"properties":{"id":"camera-4836","layer":"camera","title":"Camera 4836","severity":0,"category":"Camera","url":"https://www.drivenc.gov/?type=camera&id=4836"}},{"type":"Feature","geometry":{"type":"Point","coordinates":[-80.86079,35.81165]},"properties":{"id":"camera-4837","layer":"camera","title":"Camera 4837","severity":0,"category":"Camera","url":"https://www.drivenc.gov/?type=camera&id=4837"}},{"type":"Feature","geometry":{"type":"Point","coordinates":[-82.59182,35.51908]},"properties":{"id":"camera-4838","layer":"camera","title":"Camera 4838","severity":0,"category":"Camera","url":"https://www.drivenc.gov/?type=camera&id=4838"}},{"type":"Feature","geometry":{"type":"Point","coordinates":[-82.57179,35.50713]},"properties":{"id":"camera-4839","layer":"camera","title":"Camera 4839","severity":0,"category":"Camera","url":"https://www.drivenc.gov/?type=camera&id=4839"}},{"type":"Feature","geometry":{"type":"Point","coordinates":[-82.57293,35.59761]},"properties":{"id":"camera-4841","layer":"camera","title":"Camera 4841","severity":0,"category":"Camera","url":"https://www.drivenc.gov/?type=camera&id=4841"}},{"type":"Feature","geometry":{"type":"Point","coordinates":[-81.75195,35.71841]},"properties":{"id":"camera-4842","layer":"camera","title":"Camera 4842","severity":0,"category":"Camera","url":"https://www.drivenc.gov/?type=camera&id=4842"}},{"type":"Feature","geometry":{"type":"Point","coordinates":[-81.6942,35.71946]},"properties":{"id":"camera-4843","layer":"camera","title":"Camera 4843","severity":0,"category":"Camera","url":"https://www.drivenc.gov/?type=camera&id=4843"}},{"type":"Feature","geometry":{"type":"Point","coordinates":[-81.65541,35.72274]},"properties":{"id":"camera-4844","layer":"camera","title":"Camera 4844","severity":0,"category":"Camera","url":"https://www.drivenc.gov/?type=camera&id=4844"}},{"type":"Feature","geometry":{"type":"Point","coordinates":[-81.63655,35.7252]},"properties":{"id":"camera-4845","layer":"camera","title":"Camera 4845","severity":0,"category":"Camera","url":"https://www.drivenc.gov/?type=camera&id=4845"}},{"type":"Feature","geometry":{"type":"Point","coordinates":[-82.63869,35.55953]},"properties":{"id":"camera-4846","layer":"camera","title":"Camera 4846","severity":0,"category":"Camera","url":"https://www.drivenc.gov/?type=camera&id=4846"}},{"type":"Feature","geometry":{"type":"Point","coordinates":[-82.26078,35.61692]},"properties":{"id":"camera-4848","layer":"camera","title":"Camera 4848","severity":0,"category":"Camera","url":"https://www.drivenc.gov/?type=camera&id=4848"}},{"type":"Feature","geometry":{"type":"Point","coordinates":[-82.23942,35.6219]},"properties":{"id":"camera-4849","layer":"camera","title":"Camera 4849","severity":0,"category":"Camera","url":"https://www.drivenc.gov/?type=camera&id=4849"}},{"type":"Feature","geometry":{"type":"Point","coordinates":[-82.5792,35.4717]},"properties":{"id":"camera-4851","layer":"camera","title":"Camera 4851","severity":0,"category":"Camera","url":"https://www.drivenc.gov/?type=camera&id=4851"}},{"type":"Feature","geometry":{"type":"Point","coordinates":[-82.84566,35.55703]},"properties":{"id":"camera-4860","layer":"camera","title":"Camera 4860","severity":0,"category":"Camera","url":"https://www.drivenc.gov/?type=camera&id=4860"}},{"type":"Feature","geometry":{"type":"Point","coordinates":[-82.82646,35.55558]},"properties":{"id":"camera-4861","layer":"camera","title":"Camera 4861","severity":0,"category":"Camera","url":"https://www.drivenc.gov/?type=camera&id=4861"}},{"type":"Feature","geometry":{"type":"Point","coordinates":[-83.0347,35.72269]},"properties":{"id":"camera-4864","layer":"camera","title":"Camera 4864","severity":0,"category":"Camera","url":"https://www.drivenc.gov/?type=camera&id=4864"}},{"type":"Feature","geometry":{"type":"Point","coordinates":[-82.45858,35.30758]},"properties":{"id":"camera-4867","layer":"camera","title":"Camera 4867","severity":0,"category":"Camera","url":"https://www.drivenc.gov/?type=camera&id=4867"}},{"type":"Feature","geometry":{"type":"Point","coordinates":[-82.52782,35.42285]},"properties":{"id":"camera-4868","layer":"camera","title":"Camera 4868","severity":0,"category":"Camera","url":"https://www.drivenc.gov/?type=camera&id=4868"}},{"type":"Feature","geometry":{"type":"Point","coordinates":[-82.46496,35.32514]},"properties":{"id":"camera-4869","layer":"camera","title":"Camera 4869","severity":0,"category":"Camera","url":"https://www.drivenc.gov/?type=camera&id=4869"}},{"type":"Feature","geometry":{"type":"Point","coordinates":[-82.43322,35.34613]},"properties":{"id":"camera-4871","layer":"camera","title":"Camera 4871","severity":0,"category":"Camera","url":"https://www.drivenc.gov/?type=camera&id=4871"}},{"type":"Feature","geometry":{"type":"Point","coordinates":[-82.44874,35.33305]},"properties":{"id":"camera-4872","layer":"camera","title":"Camera 4872","severity":0,"category":"Camera","url":"https://www.drivenc.gov/?type=camera&id=4872"}},{"type":"Feature","geometry":{"type":"Point","coordinates":[-82.45974,35.31992]},"properties":{"id":"camera-4873","layer":"camera","title":"Camera 4873","severity":0,"category":"Camera","url":"https://www.drivenc.gov/?type=camera&id=4873"}},{"type":"Feature","geometry":{"type":"Point","coordinates":[-82.4618,35.31843]},"properties":{"id":"camera-4874","layer":"camera","title":"Camera 4874","severity":0,"category":"Camera","url":"https://www.drivenc.gov/?type=camera&id=4874"}},{"type":"Feature","geometry":{"type":"Point","coordinates":[-82.06805,35.28613]},"properties":{"id":"camera-4875","layer":"camera","title":"Camera 4875","severity":0,"category":"Camera","url":"https://www.drivenc.gov/?type=camera&id=4875"}},{"type":"Feature","geometry":{"type":"Point","coordinates":[-82.50865,35.3992]},"properties":{"id":"camera-4876","layer":"camera","title":"Camera 4876","severity":0,"category":"Camera","url":"https://www.drivenc.gov/?type=camera&id=4876"}},{"type":"Feature","geometry":{"type":"Point","coordinates":[-82.56601,35.480299]},"properties":{"id":"camera-4877","layer":"camera","title":"Camera 4877","severity":0,"category":"Camera","url":"https://www.drivenc.gov/?type=camera&id=4877"}},{"type":"Feature","geometry":{"type":"Point","coordinates":[-82.43981,35.34117]},"properties":{"id":"camera-4878","layer":"camera","title":"Camera 4878","severity":0,"category":"Camera","url":"https://www.drivenc.gov/?type=camera&id=4878"}},{"type":"Feature","geometry":{"type":"Point","coordinates":[-82.24262,35.25496]},"properties":{"id":"camera-4879","layer":"camera","title":"Camera 4879","severity":0,"category":"Camera","url":"https://www.drivenc.gov/?type=camera&id=4879"}},{"type":"Feature","geometry":{"type":"Point","coordinates":[-82.20816,35.24885]},"properties":{"id":"camera-4880","layer":"camera","title":"Camera 4880","severity":0,"category":"Camera","url":"https://www.drivenc.gov/?type=camera&id=4880"}},{"type":"Feature","geometry":{"type":"Point","coordinates":[-82.22214,35.25382]},"properties":{"id":"camera-4881","layer":"camera","title":"Camera 4881","severity":0,"category":"Camera","url":"https://www.drivenc.gov/?type=camera&id=4881"}},{"type":"Feature","geometry":{"type":"Point","coordinates":[-83.15371,35.82147]},"properties":{"id":"camera-5052","layer":"camera","title":"Camera 5052","severity":0,"category":"Camera","url":"https://www.drivenc.gov/?type=camera&id=5052"}},{"type":"Feature","geometry":{"type":"Point","coordinates":[-83.14249,35.81002]},"properties":{"id":"camera-5053","layer":"camera","title":"Camera 5053","severity":0,"category":"Camera","url":"https://www.drivenc.gov/?type=camera&id=5053"}},{"type":"Feature","geometry":{"type":"Point","coordinates":[-83.13163,35.80092]},"properties":{"id":"camera-5054","layer":"camera","title":"Camera 5054","severity":0,"category":"Camera","url":"https://www.drivenc.gov/?type=camera&id=5054"}},{"type":"Feature","geometry":{"type":"Point","coordinates":[-83.1299,35.79648]},"properties":{"id":"camera-5055","layer":"camera","title":"Camera 5055","severity":0,"category":"Camera","url":"https://www.drivenc.gov/?type=camera&id=5055"}},{"type":"Feature","geometry":{"type":"Point","coordinates":[-83.11815,35.79772]},"properties":{"id":"camera-5056","layer":"camera","title":"Camera 5056","severity":0,"category":"Camera","url":"https://www.drivenc.gov/?type=camera&id=5056"}},{"type":"Feature","geometry":{"type":"Point","coordinates":[-83.1143,35.79093]},"properties":{"id":"camera-5057","layer":"camera","title":"Camera 5057","severity":0,"category":"Camera","url":"https://www.drivenc.gov/?type=camera&id=5057"}},{"type":"Feature","geometry":{"type":"Point","coordinates":[-83.11143,35.78558]},"properties":{"id":"camera-5058","layer":"camera","title":"Camera 5058","severity":0,"category":"Camera","url":"https://www.drivenc.gov/?type=camera&id=5058"}},{"type":"Feature","geometry":{"type":"Point","coordinates":[-83.09903,35.77601]},"properties":{"id":"camera-5059","layer":"camera","title":"Camera 5059","severity":0,"category":"Camera","url":"https://www.drivenc.gov/?type=camera&id=5059"}},{"type":"Feature","geometry":{"type":"Point","coordinates":[-83.07064,35.75656]},"properties":{"id":"camera-5061","layer":"camera","title":"Camera 5061","severity":0,"category":"Camera","url":"https://www.drivenc.gov/?type=camera&id=5061"}},{"type":"Feature","geometry":{"type":"Point","coordinates":[-83.06573,35.75116]},"properties":{"id":"camera-5062","layer":"camera","title":"Camera 5062","severity":0,"category":"Camera","url":"https://www.drivenc.gov/?type=camera&id=5062"}},{"type":"Feature","geometry":{"type":"Point","coordinates":[-83.05742,35.75298]},"properties":{"id":"camera-5063","layer":"camera","title":"Camera 5063","severity":0,"category":"Camera","url":"https://www.drivenc.gov/?type=camera&id=5063"}},{"type":"Feature","geometry":{"type":"Point","coordinates":[-83.04831,35.75612]},"properties":{"id":"camera-5064","layer":"camera","title":"Camera 5064","severity":0,"category":"Camera","url":"https://www.drivenc.gov/?type=camera&id=5064"}},{"type":"Feature","geometry":{"type":"Point","coordinates":[-83.03879,35.75661]},"properties":{"id":"camera-5065","layer":"camera","title":"Camera 5065","severity":0,"category":"Camera","url":"https://www.drivenc.gov/?type=camera&id=5065"}},{"type":"Feature","geometry":{"type":"Point","coordinates":[-83.03262,35.75306]},"properties":{"id":"camera-5066","layer":"camera","title":"Camera 5066","severity":0,"category":"Camera","url":"https://www.drivenc.gov/?type=camera&id=5066"}},{"type":"Feature","geometry":{"type":"Point","coordinates":[-83.03455,35.74751]},"properties":{"id":"camera-5067","layer":"camera","title":"Camera 5067","severity":0,"category":"Camera","url":"https://www.drivenc.gov/?type=camera&id=5067"}},{"type":"Feature","geometry":{"type":"Point","coordinates":[-83.0384,35.72114]},"properties":{"id":"camera-5069","layer":"camera","title":"Camera 5069","severity":0,"category":"Camera","url":"https://www.drivenc.gov/?type=camera&id=5069"}},{"type":"Feature","geometry":{"type":"Point","coordinates":[-82.58282,35.64794]},"properties":{"id":"camera-5121","layer":"camera","title":"Camera 5121","severity":0,"category":"Camera","url":"https://www.drivenc.gov/?type=camera&id=5121"}},{"type":"Feature","geometry":{"type":"Point","coordinates":[-82.57283,35.6156]},"properties":{"id":"camera-5122","layer":"camera","title":"Camera 5122","severity":0,"category":"Camera","url":"https://www.drivenc.gov/?type=camera&id=5122"}},{"type":"Feature","geometry":{"type":"Point","coordinates":[-82.60816,35.55729]},"properties":{"id":"camera-5123","layer":"camera","title":"Camera 5123","severity":0,"category":"Camera","url":"https://www.drivenc.gov/?type=camera&id=5123"}},{"type":"Feature","geometry":{"type":"Point","coordinates":[-82.56705,35.59193]},"properties":{"id":"camera-5125","layer":"camera","title":"Camera 5125","severity":0,"category":"Camera","url":"https://www.drivenc.gov/?type=camera&id=5125"}},{"type":"Feature","geometry":{"type":"Point","coordinates":[-82.55947,35.59699]},"properties":{"id":"camera-5126","layer":"camera","title":"Camera 5126","severity":0,"category":"Camera","url":"https://www.drivenc.gov/?type=camera&id=5126"}},{"type":"Feature","geometry":{"type":"Point","coordinates":[-82.50793,35.41452]},"properties":{"id":"camera-5128","layer":"camera","title":"Camera 5128","severity":0,"category":"Camera","url":"https://www.drivenc.gov/?type=camera&id=5128"}},{"type":"Feature","geometry":{"type":"Point","coordinates":[-82.40648,35.29737]},"properties":{"id":"camera-5131","layer":"camera","title":"Camera 5131","severity":0,"category":"Camera","url":"https://www.drivenc.gov/?type=camera&id=5131"}},{"type":"Feature","geometry":{"type":"Point","coordinates":[-81.69429,35.72982]},"properties":{"id":"camera-5133","layer":"camera","title":"Camera 5133","severity":0,"category":"Camera","url":"https://www.drivenc.gov/?type=camera&id=5133"}},{"type":"Feature","geometry":{"type":"Point","coordinates":[-81.67913,35.73791]},"properties":{"id":"camera-5134","layer":"camera","title":"Camera 5134","severity":0,"category":"Camera","url":"https://www.drivenc.gov/?type=camera&id=5134"}},{"type":"Feature","geometry":{"type":"Point","coordinates":[-80.84097,35.26997]},"properties":{"id":"camera-5135","layer":"camera","title":"Camera 5135","severity":0,"category":"Camera","url":"https://www.drivenc.gov/?type=camera&id=5135"}},{"type":"Feature","geometry":{"type":"Point","coordinates":[-80.84105,35.26914]},"properties":{"id":"camera-5136","layer":"camera","title":"Camera 5136","severity":0,"category":"Camera","url":"https://www.drivenc.gov/?type=camera&id=5136"}},{"type":"Feature","geometry":{"type":"Point","coordinates":[-80.84127,35.55479]},"properties":{"id":"camera-5137","layer":"camera","title":"Camera 5137","severity":0,"category":"Camera","url":"https://www.drivenc.gov/?type=camera&id=5137"}},{"type":"Feature","geometry":{"type":"Point","coordinates":[-80.84629,35.54794]},"properties":{"id":"camera-5138","layer":"camera","title":"Camera 5138","severity":0,"category":"Camera","url":"https://www.drivenc.gov/?type=camera&id=5138"}},{"type":"Feature","geometry":{"type":"Point","coordinates":[-80.847,35.53516]},"properties":{"id":"camera-5139","layer":"camera","title":"Camera 5139","severity":0,"category":"Camera","url":"https://www.drivenc.gov/?type=camera&id=5139"}},{"type":"Feature","geometry":{"type":"Point","coordinates":[-82.49269,35.36917]},"properties":{"id":"camera-5188","layer":"camera","title":"Camera 5188","severity":0,"category":"Camera","url":"https://www.drivenc.gov/?type=camera&id=5188"}},{"type":"Feature","geometry":{"type":"Point","coordinates":[-81.54676,35.94675]},"properties":{"id":"camera-5247","layer":"camera","title":"Camera 5247","severity":0,"category":"Camera","url":"https://www.drivenc.gov/?type=camera&id=5247"}},{"type":"Feature","geometry":{"type":"Point","coordinates":[-82.42887,35.29122]},"properties":{"id":"camera-5253","layer":"camera","title":"Camera 5253","severity":0,"category":"Camera","url":"https://www.drivenc.gov/?type=camera&id=5253"}},{"type":"Feature","geometry":{"type":"Point","coordinates":[-82.22613,35.62303]},"properties":{"id":"camera-5254","layer":"camera","title":"Camera 5254","severity":0,"category":"Camera","url":"https://www.drivenc.gov/?type=camera&id=5254"}},{"type":"Feature","geometry":{"type":"Point","coordinates":[-82.39968,35.28268]},"properties":{"id":"camera-5264","layer":"camera","title":"Camera 5264","severity":0,"category":"Camera","url":"https://www.drivenc.gov/?type=camera&id=5264"}},{"type":"Feature","geometry":{"type":"Point","coordinates":[-82.32814,35.24877]},"properties":{"id":"camera-5265","layer":"camera","title":"Camera 5265","severity":0,"category":"Camera","url":"https://www.drivenc.gov/?type=camera&id=5265"}},{"type":"Feature","geometry":{"type":"Point","coordinates":[-82.58195,35.67964]},"properties":{"id":"camera-5266","layer":"camera","title":"Camera 5266","severity":0,"category":"Camera","url":"https://www.drivenc.gov/?type=camera&id=5266"}},{"type":"Feature","geometry":{"type":"Point","coordinates":[-82.54248,35.45747]},"properties":{"id":"camera-5269","layer":"camera","title":"Camera 5269","severity":0,"category":"Camera","url":"https://www.drivenc.gov/?type=camera&id=5269"}},{"type":"Feature","geometry":{"type":"Point","coordinates":[-81.187201,36.140668]},"properties":{"id":"camera-5275","layer":"camera","title":"Camera 5275","severity":0,"category":"Camera","url":"https://www.drivenc.gov/?type=camera&id=5275"}},{"type":"Feature","geometry":{"type":"Point","coordinates":[-81.231508,36.148975]},"properties":{"id":"camera-5287","layer":"camera","title":"Camera 5287","severity":0,"category":"Camera","url":"https://www.drivenc.gov/?type=camera&id=5287"}},{"type":"Feature","geometry":{"type":"Point","coordinates":[-81.199705,36.135906]},"properties":{"id":"camera-5288","layer":"camera","title":"Camera 5288","severity":0,"category":"Camera","url":"https://www.drivenc.gov/?type=camera&id=5288"}},{"type":"Feature","geometry":{"type":"Point","coordinates":[-80.89828,35.11144]},"properties":{"id":"camera-5290","layer":"camera","title":"Camera 5290","severity":0,"category":"Camera","url":"https://www.drivenc.gov/?type=camera&id=5290"}},{"type":"Feature","geometry":{"type":"Point","coordinates":[-80.88054,35.10184]},"properties":{"id":"camera-5291","layer":"camera","title":"Camera 5291","severity":0,"category":"Camera","url":"https://www.drivenc.gov/?type=camera&id=5291"}},{"type":"Feature","geometry":{"type":"Point","coordinates":[-80.86541,35.06838]},"properties":{"id":"camera-5292","layer":"camera","title":"Camera 5292","severity":0,"category":"Camera","url":"https://www.drivenc.gov/?type=camera&id=5292"}},{"type":"Feature","geometry":{"type":"Point","coordinates":[-80.86127,35.06617]},"properties":{"id":"camera-5293","layer":"camera","title":"Camera 5293","severity":0,"category":"Camera","url":"https://www.drivenc.gov/?type=camera&id=5293"}},{"type":"Feature","geometry":{"type":"Point","coordinates":[-80.76945,35.05967]},"properties":{"id":"camera-5294","layer":"camera","title":"Camera 5294","severity":0,"category":"Camera","url":"https://www.drivenc.gov/?type=camera&id=5294"}},{"type":"Feature","geometry":{"type":"Point","coordinates":[-80.73227,35.08825]},"properties":{"id":"camera-5295","layer":"camera","title":"Camera 5295","severity":0,"category":"Camera","url":"https://www.drivenc.gov/?type=camera&id=5295"}},{"type":"Feature","geometry":{"type":"Point","coordinates":[-80.72229,35.09541]},"properties":{"id":"camera-5296","layer":"camera","title":"Camera 5296","severity":0,"category":"Camera","url":"https://www.drivenc.gov/?type=camera&id=5296"}},{"type":"Feature","geometry":{"type":"Point","coordinates":[-80.8452,35.06541]},"properties":{"id":"camera-5297","layer":"camera","title":"Camera 5297","severity":0,"category":"Camera","url":"https://www.drivenc.gov/?type=camera&id=5297"}},{"type":"Feature","geometry":{"type":"Point","coordinates":[-80.74888,35.06874]},"properties":{"id":"camera-5298","layer":"camera","title":"Camera 5298","severity":0,"category":"Camera","url":"https://www.drivenc.gov/?type=camera&id=5298"}},{"type":"Feature","geometry":{"type":"Point","coordinates":[-76.07586,36.45239]},"properties":{"id":"camera-5299","layer":"camera","title":"Camera 5299","severity":0,"category":"Camera","url":"https://www.drivenc.gov/?type=camera&id=5299"}},{"type":"Feature","geometry":{"type":"Point","coordinates":[-75.7276,36.09711]},"properties":{"id":"camera-5300","layer":"camera","title":"Camera 5300","severity":0,"category":"Camera","url":"https://www.drivenc.gov/?type=camera&id=5300"}},{"type":"Feature","geometry":{"type":"Point","coordinates":[-76.21804,36.30126]},"properties":{"id":"camera-5301","layer":"camera","title":"Camera 5301","severity":0,"category":"Camera","url":"https://www.drivenc.gov/?type=camera&id=5301"}},{"type":"Feature","geometry":{"type":"Point","coordinates":[-75.87807,36.24263]},"properties":{"id":"camera-5302","layer":"camera","title":"Camera 5302","severity":0,"category":"Camera","url":"https://www.drivenc.gov/?type=camera&id=5302"}},{"type":"Feature","geometry":{"type":"Point","coordinates":[-75.975,36.38528]},"properties":{"id":"camera-5303","layer":"camera","title":"Camera 5303","severity":0,"category":"Camera","url":"https://www.drivenc.gov/?type=camera&id=5303"}},{"type":"Feature","geometry":{"type":"Point","coordinates":[-75.8412,36.13926]},"properties":{"id":"camera-5304","layer":"camera","title":"Camera 5304","severity":0,"category":"Camera","url":"https://www.drivenc.gov/?type=camera&id=5304"}},{"type":"Feature","geometry":{"type":"Point","coordinates":[-75.79083,36.08]},"properties":{"id":"camera-5305","layer":"camera","title":"Camera 5305","severity":0,"category":"Camera","url":"https://www.drivenc.gov/?type=camera&id=5305"}},{"type":"Feature","geometry":{"type":"Point","coordinates":[-75.69345,36.06665]},"properties":{"id":"camera-5306","layer":"camera","title":"Camera 5306","severity":0,"category":"Camera","url":"https://www.drivenc.gov/?type=camera&id=5306"}},{"type":"Feature","geometry":{"type":"Point","coordinates":[-75.68389,36.05139]},"properties":{"id":"camera-5307","layer":"camera","title":"Camera 5307","severity":0,"category":"Camera","url":"https://www.drivenc.gov/?type=camera&id=5307"}},{"type":"Feature","geometry":{"type":"Point","coordinates":[-75.67278,36.03389]},"properties":{"id":"camera-5308","layer":"camera","title":"Camera 5308","severity":0,"category":"Camera","url":"https://www.drivenc.gov/?type=camera&id=5308"}},{"type":"Feature","geometry":{"type":"Point","coordinates":[-75.66056,36.01333]},"properties":{"id":"camera-5309","layer":"camera","title":"Camera 5309","severity":0,"category":"Camera","url":"https://www.drivenc.gov/?type=camera&id=5309"}},{"type":"Feature","geometry":{"type":"Point","coordinates":[-75.65203,35.99848]},"properties":{"id":"camera-5310","layer":"camera","title":"Camera 5310","severity":0,"category":"Camera","url":"https://www.drivenc.gov/?type=camera&id=5310"}},{"type":"Feature","geometry":{"type":"Point","coordinates":[-76.57941,35.88658]},"properties":{"id":"camera-5311","layer":"camera","title":"Camera 5311","severity":0,"category":"Camera","url":"https://www.drivenc.gov/?type=camera&id=5311"}},{"type":"Feature","geometry":{"type":"Point","coordinates":[-76.47404,35.90729]},"properties":{"id":"camera-5312","layer":"camera","title":"Camera 5312","severity":0,"category":"Camera","url":"https://www.drivenc.gov/?type=camera&id=5312"}},{"type":"Feature","geometry":{"type":"Point","coordinates":[-76.01067,35.90098]},"properties":{"id":"camera-5313","layer":"camera","title":"Camera 5313","severity":0,"category":"Camera","url":"https://www.drivenc.gov/?type=camera&id=5313"}},{"type":"Feature","geometry":{"type":"Point","coordinates":[-75.60544,35.90336]},"properties":{"id":"camera-5314","layer":"camera","title":"Camera 5314","severity":0,"category":"Camera","url":"https://www.drivenc.gov/?type=camera&id=5314"}},{"type":"Feature","geometry":{"type":"Point","coordinates":[-75.66166,35.88985]},"properties":{"id":"camera-5315","layer":"camera","title":"Camera 5315","severity":0,"category":"Camera","url":"https://www.drivenc.gov/?type=camera&id=5315"}},{"type":"Feature","geometry":{"type":"Point","coordinates":[-75.73872,36.09398]},"properties":{"id":"camera-5316","layer":"camera","title":"Camera 5316","severity":0,"category":"Camera","url":"https://www.drivenc.gov/?type=camera&id=5316"}},{"type":"Feature","geometry":{"type":"Point","coordinates":[-75.64194,35.98]},"properties":{"id":"camera-5317","layer":"camera","title":"Camera 5317","severity":0,"category":"Camera","url":"https://www.drivenc.gov/?type=camera&id=5317"}},{"type":"Feature","geometry":{"type":"Point","coordinates":[-75.62583,35.95861]},"properties":{"id":"camera-5318","layer":"camera","title":"Camera 5318","severity":0,"category":"Camera","url":"https://www.drivenc.gov/?type=camera&id=5318"}},{"type":"Feature","geometry":{"type":"Point","coordinates":[-75.62,35.94639]},"properties":{"id":"camera-5319","layer":"camera","title":"Camera 5319","severity":0,"category":"Camera","url":"https://www.drivenc.gov/?type=camera&id=5319"}},{"type":"Feature","geometry":{"type":"Point","coordinates":[-75.61556,35.93806]},"properties":{"id":"camera-5320","layer":"camera","title":"Camera 5320","severity":0,"category":"Camera","url":"https://www.drivenc.gov/?type=camera&id=5320"}},{"type":"Feature","geometry":{"type":"Point","coordinates":[-75.59944,35.90972]},"properties":{"id":"camera-5321","layer":"camera","title":"Camera 5321","severity":0,"category":"Camera","url":"https://www.drivenc.gov/?type=camera&id=5321"}},{"type":"Feature","geometry":{"type":"Point","coordinates":[-76.26331,36.29747]},"properties":{"id":"camera-5322","layer":"camera","title":"Camera 5322","severity":0,"category":"Camera","url":"https://www.drivenc.gov/?type=camera&id=5322"}},{"type":"Feature","geometry":{"type":"Point","coordinates":[-76.2173,36.27979]},"properties":{"id":"camera-5323","layer":"camera","title":"Camera 5323","severity":0,"category":"Camera","url":"https://www.drivenc.gov/?type=camera&id=5323"}},{"type":"Feature","geometry":{"type":"Point","coordinates":[-76.22347,36.28144]},"properties":{"id":"camera-5324","layer":"camera","title":"Camera 5324","severity":0,"category":"Camera","url":"https://www.drivenc.gov/?type=camera&id=5324"}},{"type":"Feature","geometry":{"type":"Point","coordinates":[-76.19918,36.26519]},"properties":{"id":"camera-5325","layer":"camera","title":"Camera 5325","severity":0,"category":"Camera","url":"https://www.drivenc.gov/?type=camera&id=5325"}},{"type":"Feature","geometry":{"type":"Point","coordinates":[-76.23408,36.28345]},"properties":{"id":"camera-5326","layer":"camera","title":"Camera 5326","severity":0,"category":"Camera","url":"https://www.drivenc.gov/?type=camera&id=5326"}},{"type":"Feature","geometry":{"type":"Point","coordinates":[-76.29602,36.29338]},"properties":{"id":"camera-5327","layer":"camera","title":"Camera 5327","severity":0,"category":"Camera","url":"https://www.drivenc.gov/?type=camera&id=5327"}},{"type":"Feature","geometry":{"type":"Point","coordinates":[-76.22329,36.30212]},"properties":{"id":"camera-5328","layer":"camera","title":"Camera 5328","severity":0,"category":"Camera","url":"https://www.drivenc.gov/?type=camera&id=5328"}},{"type":"Feature","geometry":{"type":"Point","coordinates":[-76.21841,36.30129]},"properties":{"id":"camera-5329","layer":"camera","title":"Camera 5329","severity":0,"category":"Camera","url":"https://www.drivenc.gov/?type=camera&id=5329"}},{"type":"Feature","geometry":{"type":"Point","coordinates":[-76.2218,36.32399]},"properties":{"id":"camera-5330","layer":"camera","title":"Camera 5330","severity":0,"category":"Camera","url":"https://www.drivenc.gov/?type=camera&id=5330"}},{"type":"Feature","geometry":{"type":"Point","coordinates":[-76.23308,36.3354]},"properties":{"id":"camera-5331","layer":"camera","title":"Camera 5331","severity":0,"category":"Camera","url":"https://www.drivenc.gov/?type=camera&id=5331"}},{"type":"Feature","geometry":{"type":"Point","coordinates":[-76.21768,36.31768]},"properties":{"id":"camera-5332","layer":"camera","title":"Camera 5332","severity":0,"category":"Camera","url":"https://www.drivenc.gov/?type=camera&id=5332"}},{"type":"Feature","geometry":{"type":"Point","coordinates":[-76.23768,36.30309]},"properties":{"id":"camera-5333","layer":"camera","title":"Camera 5333","severity":0,"category":"Camera","url":"https://www.drivenc.gov/?type=camera&id=5333"}},{"type":"Feature","geometry":{"type":"Point","coordinates":[-76.24709,36.29485]},"properties":{"id":"camera-5334","layer":"camera","title":"Camera 5334","severity":0,"category":"Camera","url":"https://www.drivenc.gov/?type=camera&id=5334"}},{"type":"Feature","geometry":{"type":"Point","coordinates":[-76.2526,36.28955]},"properties":{"id":"camera-5335","layer":"camera","title":"Camera 5335","severity":0,"category":"Camera","url":"https://www.drivenc.gov/?type=camera&id=5335"}},{"type":"Feature","geometry":{"type":"Point","coordinates":[-76.23318,36.3055]},"properties":{"id":"camera-5336","layer":"camera","title":"Camera 5336","severity":0,"category":"Camera","url":"https://www.drivenc.gov/?type=camera&id=5336"}},{"type":"Feature","geometry":{"type":"Point","coordinates":[-76.22057,36.31206]},"properties":{"id":"camera-5337","layer":"camera","title":"Camera 5337","severity":0,"category":"Camera","url":"https://www.drivenc.gov/?type=camera&id=5337"}},{"type":"Feature","geometry":{"type":"Point","coordinates":[-76.2341,36.29544]},"properties":{"id":"camera-5338","layer":"camera","title":"Camera 5338","severity":0,"category":"Camera","url":"https://www.drivenc.gov/?type=camera&id=5338"}},{"type":"Feature","geometry":{"type":"Point","coordinates":[-76.2238,36.30025]},"properties":{"id":"camera-5339","layer":"camera","title":"Camera 5339","severity":0,"category":"Camera","url":"https://www.drivenc.gov/?type=camera&id=5339"}},{"type":"Feature","geometry":{"type":"Point","coordinates":[-76.24559,36.29277]},"properties":{"id":"camera-5340","layer":"camera","title":"Camera 5340","severity":0,"category":"Camera","url":"https://www.drivenc.gov/?type=camera&id=5340"}},{"type":"Feature","geometry":{"type":"Point","coordinates":[-76.22376,36.29652]},"properties":{"id":"camera-5341","layer":"camera","title":"Camera 5341","severity":0,"category":"Camera","url":"https://www.drivenc.gov/?type=camera&id=5341"}},{"type":"Feature","geometry":{"type":"Point","coordinates":[-76.23142,36.29568]},"properties":{"id":"camera-5342","layer":"camera","title":"Camera 5342","severity":0,"category":"Camera","url":"https://www.drivenc.gov/?type=camera&id=5342"}},{"type":"Feature","geometry":{"type":"Point","coordinates":[-76.21911,36.29731]},"properties":{"id":"camera-5343","layer":"camera","title":"Camera 5343","severity":0,"category":"Camera","url":"https://www.drivenc.gov/?type=camera&id=5343"}},{"type":"Feature","geometry":{"type":"Point","coordinates":[-76.34121,36.41463]},"properties":{"id":"camera-5344","layer":"camera","title":"Camera 5344","severity":0,"category":"Camera","url":"https://www.drivenc.gov/?type=camera&id=5344"}},{"type":"Feature","geometry":{"type":"Point","coordinates":[-75.8044,36.30195]},"properties":{"id":"camera-5345","layer":"camera","title":"Camera 5345","severity":0,"category":"Camera","url":"https://www.drivenc.gov/?type=camera&id=5345"}},{"type":"Feature","geometry":{"type":"Point","coordinates":[-75.81759,36.32678]},"properties":{"id":"camera-5346","layer":"camera","title":"Camera 5346","severity":0,"category":"Camera","url":"https://www.drivenc.gov/?type=camera&id=5346"}},{"type":"Feature","geometry":{"type":"Point","coordinates":[-76.02934,36.45546]},"properties":{"id":"camera-5347","layer":"camera","title":"Camera 5347","severity":0,"category":"Camera","url":"https://www.drivenc.gov/?type=camera&id=5347"}},{"type":"Feature","geometry":{"type":"Point","coordinates":[-76.1928,36.55035]},"properties":{"id":"camera-5348","layer":"camera","title":"Camera 5348","severity":0,"category":"Camera","url":"https://www.drivenc.gov/?type=camera&id=5348"}},{"type":"Feature","geometry":{"type":"Point","coordinates":[-75.71454,36.10029]},"properties":{"id":"camera-5349","layer":"camera","title":"Camera 5349","severity":0,"category":"Camera","url":"https://www.drivenc.gov/?type=camera&id=5349"}},{"type":"Feature","geometry":{"type":"Point","coordinates":[-75.72013,36.11474]},"properties":{"id":"camera-5350","layer":"camera","title":"Camera 5350","severity":0,"category":"Camera","url":"https://www.drivenc.gov/?type=camera&id=5350"}},{"type":"Feature","geometry":{"type":"Point","coordinates":[-75.73992,36.14416]},"properties":{"id":"camera-5351","layer":"camera","title":"Camera 5351","severity":0,"category":"Camera","url":"https://www.drivenc.gov/?type=camera&id=5351"}},{"type":"Feature","geometry":{"type":"Point","coordinates":[-75.72984,36.12896]},"properties":{"id":"camera-5353","layer":"camera","title":"Camera 5353","severity":0,"category":"Camera","url":"https://www.drivenc.gov/?type=camera&id=5353"}},{"type":"Feature","geometry":{"type":"Point","coordinates":[-76.17547,36.52233]},"properties":{"id":"camera-5354","layer":"camera","title":"Camera 5354","severity":0,"category":"Camera","url":"https://www.drivenc.gov/?type=camera&id=5354"}},{"type":"Feature","geometry":{"type":"Point","coordinates":[-76.17023,36.51764]},"properties":{"id":"camera-5355","layer":"camera","title":"Camera 5355","severity":0,"category":"Camera","url":"https://www.drivenc.gov/?type=camera&id=5355"}},{"type":"Feature","geometry":{"type":"Point","coordinates":[-76.14804,36.5017]},"properties":{"id":"camera-5356","layer":"camera","title":"Camera 5356","severity":0,"category":"Camera","url":"https://www.drivenc.gov/?type=camera&id=5356"}},{"type":"Feature","geometry":{"type":"Point","coordinates":[-75.51145,35.75503]},"properties":{"id":"camera-5357","layer":"camera","title":"Camera 5357","severity":0,"category":"Camera","url":"https://www.drivenc.gov/?type=camera&id=5357"}},{"type":"Feature","geometry":{"type":"Point","coordinates":[-75.82076,35.16735]},"properties":{"id":"camera-5358","layer":"camera","title":"Camera 5358","severity":0,"category":"Camera","url":"https://www.drivenc.gov/?type=camera&id=5358"}},{"type":"Feature","geometry":{"type":"Point","coordinates":[-75.8438,35.15866]},"properties":{"id":"camera-5359","layer":"camera","title":"Camera 5359","severity":0,"category":"Camera","url":"https://www.drivenc.gov/?type=camera&id=5359"}},{"type":"Feature","geometry":{"type":"Point","coordinates":[-75.65704,35.22072]},"properties":{"id":"camera-5360","layer":"camera","title":"Camera 5360","severity":0,"category":"Camera","url":"https://www.drivenc.gov/?type=camera&id=5360"}},{"type":"Feature","geometry":{"type":"Point","coordinates":[-75.52022,35.76505]},"properties":{"id":"camera-5361","layer":"camera","title":"Camera 5361","severity":0,"category":"Camera","url":"https://www.drivenc.gov/?type=camera&id=5361"}},{"type":"Feature","geometry":{"type":"Point","coordinates":[-75.49321,35.71594]},"properties":{"id":"camera-5362","layer":"camera","title":"Camera 5362","severity":0,"category":"Camera","url":"https://www.drivenc.gov/?type=camera&id=5362"}},{"type":"Feature","geometry":{"type":"Point","coordinates":[-75.51904,35.26781]},"properties":{"id":"camera-5363","layer":"camera","title":"Camera 5363","severity":0,"category":"Camera","url":"https://www.drivenc.gov/?type=camera&id=5363"}},{"type":"Feature","geometry":{"type":"Point","coordinates":[-75.6222,35.23191]},"properties":{"id":"camera-5364","layer":"camera","title":"Camera 5364","severity":0,"category":"Camera","url":"https://www.drivenc.gov/?type=camera&id=5364"}},{"type":"Feature","geometry":{"type":"Point","coordinates":[-75.67247,36.01388]},"properties":{"id":"camera-5365","layer":"camera","title":"Camera 5365","severity":0,"category":"Camera","url":"https://www.drivenc.gov/?type=camera&id=5365"}},{"type":"Feature","geometry":{"type":"Point","coordinates":[-75.96248,35.10434]},"properties":{"id":"camera-5366","layer":"camera","title":"Camera 5366","severity":0,"category":"Camera","url":"https://www.drivenc.gov/?type=camera&id=5366"}},{"type":"Feature","geometry":{"type":"Point","coordinates":[-75.96133,35.10479]},"properties":{"id":"camera-5367","layer":"camera","title":"Camera 5367","severity":0,"category":"Camera","url":"https://www.drivenc.gov/?type=camera&id=5367"}},{"type":"Feature","geometry":{"type":"Point","coordinates":[-75.53773,35.77218]},"properties":{"id":"camera-5368","layer":"camera","title":"Camera 5368","severity":0,"category":"Camera","url":"https://www.drivenc.gov/?type=camera&id=5368"}},{"type":"Feature","geometry":{"type":"Point","coordinates":[-75.48098,35.67753]},"properties":{"id":"camera-5370","layer":"camera","title":"Camera 5370","severity":0,"category":"Camera","url":"https://www.drivenc.gov/?type=camera&id=5370"}},{"type":"Feature","geometry":{"type":"Point","coordinates":[-77.61975,36.45154]},"properties":{"id":"camera-5372","layer":"camera","title":"Camera 5372","severity":0,"category":"Camera","url":"https://www.drivenc.gov/?type=camera&id=5372"}},{"type":"Feature","geometry":{"type":"Point","coordinates":[-76.26264,36.28912]},"properties":{"id":"camera-5373","layer":"camera","title":"Camera 5373","severity":0,"category":"Camera","url":"https://www.drivenc.gov/?type=camera&id=5373"}},{"type":"Feature","geometry":{"type":"Point","coordinates":[-77.44671,35.47687]},"properties":{"id":"camera-5375","layer":"camera","title":"Camera 5375","severity":0,"category":"Camera","url":"https://www.drivenc.gov/?type=camera&id=5375"}},{"type":"Feature","geometry":{"type":"Point","coordinates":[-77.64213,35.26322]},"properties":{"id":"camera-5376","layer":"camera","title":"Camera 5376","severity":0,"category":"Camera","url":"https://www.drivenc.gov/?type=camera&id=5376"}},{"type":"Feature","geometry":{"type":"Point","coordinates":[-77.60332,35.25588]},"properties":{"id":"camera-5377","layer":"camera","title":"Camera 5377","severity":0,"category":"Camera","url":"https://www.drivenc.gov/?type=camera&id=5377"}},{"type":"Feature","geometry":{"type":"Point","coordinates":[-77.58506,35.24425]},"properties":{"id":"camera-5378","layer":"camera","title":"Camera 5378","severity":0,"category":"Camera","url":"https://www.drivenc.gov/?type=camera&id=5378"}},{"type":"Feature","geometry":{"type":"Point","coordinates":[-77.57375,35.2376]},"properties":{"id":"camera-5379","layer":"camera","title":"Camera 5379","severity":0,"category":"Camera","url":"https://www.drivenc.gov/?type=camera&id=5379"}},{"type":"Feature","geometry":{"type":"Point","coordinates":[-77.16664,35.13682]},"properties":{"id":"camera-5380","layer":"camera","title":"Camera 5380","severity":0,"category":"Camera","url":"https://www.drivenc.gov/?type=camera&id=5380"}},{"type":"Feature","geometry":{"type":"Point","coordinates":[-77.13387,35.12698]},"properties":{"id":"camera-5381","layer":"camera","title":"Camera 5381","severity":0,"category":"Camera","url":"https://www.drivenc.gov/?type=camera&id=5381"}},{"type":"Feature","geometry":{"type":"Point","coordinates":[-77.09705,35.11246]},"properties":{"id":"camera-5382","layer":"camera","title":"Camera 5382","severity":0,"category":"Camera","url":"https://www.drivenc.gov/?type=camera&id=5382"}},{"type":"Feature","geometry":{"type":"Point","coordinates":[-77.0585,35.10141]},"properties":{"id":"camera-5383","layer":"camera","title":"Camera 5383","severity":0,"category":"Camera","url":"https://www.drivenc.gov/?type=camera&id=5383"}},{"type":"Feature","geometry":{"type":"Point","coordinates":[-77.04059,35.09277]},"properties":{"id":"camera-5384","layer":"camera","title":"Camera 5384","severity":0,"category":"Camera","url":"https://www.drivenc.gov/?type=camera&id=5384"}},{"type":"Feature","geometry":{"type":"Point","coordinates":[-76.8172,34.74097]},"properties":{"id":"camera-5385","layer":"camera","title":"Camera 5385","severity":0,"category":"Camera","url":"https://www.drivenc.gov/?type=camera&id=5385"}},{"type":"Feature","geometry":{"type":"Point","coordinates":[-77.462052,35.561295]},"properties":{"id":"camera-5386","layer":"camera","title":"Camera 5386","severity":0,"category":"Camera","url":"https://www.drivenc.gov/?type=camera&id=5386"}},{"type":"Feature","geometry":{"type":"Point","coordinates":[-76.79529,34.73556]},"properties":{"id":"camera-5387","layer":"camera","title":"Camera 5387","severity":0,"category":"Camera","url":"https://www.drivenc.gov/?type=camera&id=5387"}},{"type":"Feature","geometry":{"type":"Point","coordinates":[-76.73407,34.72322]},"properties":{"id":"camera-5388","layer":"camera","title":"Camera 5388","severity":0,"category":"Camera","url":"https://www.drivenc.gov/?type=camera&id=5388"}},{"type":"Feature","geometry":{"type":"Point","coordinates":[-76.70641,34.72089]},"properties":{"id":"camera-5389","layer":"camera","title":"Camera 5389","severity":0,"category":"Camera","url":"https://www.drivenc.gov/?type=camera&id=5389"}},{"type":"Feature","geometry":{"type":"Point","coordinates":[-77.43861,35.60812]},"properties":{"id":"camera-5390","layer":"camera","title":"Camera 5390","severity":0,"category":"Camera","url":"https://www.drivenc.gov/?type=camera&id=5390"}},{"type":"Feature","geometry":{"type":"Point","coordinates":[-76.73784,34.70142]},"properties":{"id":"camera-5391","layer":"camera","title":"Camera 5391","severity":0,"category":"Camera","url":"https://www.drivenc.gov/?type=camera&id=5391"}},{"type":"Feature","geometry":{"type":"Point","coordinates":[-77.027892,35.096809]},"properties":{"id":"camera-5392","layer":"camera","title":"Camera 5392","severity":0,"category":"Camera","url":"https://www.drivenc.gov/?type=camera&id=5392"}},{"type":"Feature","geometry":{"type":"Point","coordinates":[-77.027912,35.096864]},"properties":{"id":"camera-5393","layer":"camera","title":"Camera 5393","severity":0,"category":"Camera","url":"https://www.drivenc.gov/?type=camera&id=5393"}},{"type":"Feature","geometry":{"type":"Point","coordinates":[-77.76037,35.28954]},"properties":{"id":"camera-5395","layer":"camera","title":"Camera 5395","severity":0,"category":"Camera","url":"https://www.drivenc.gov/?type=camera&id=5395"}},{"type":"Feature","geometry":{"type":"Point","coordinates":[-77.67615,35.26605]},"properties":{"id":"camera-5396","layer":"camera","title":"Camera 5396","severity":0,"category":"Camera","url":"https://www.drivenc.gov/?type=camera&id=5396"}},{"type":"Feature","geometry":{"type":"Point","coordinates":[-77.87853,34.34634]},"properties":{"id":"camera-5397","layer":"camera","title":"Camera 5397","severity":0,"category":"Camera","url":"https://www.drivenc.gov/?type=camera&id=5397"}},{"type":"Feature","geometry":{"type":"Point","coordinates":[-78.04911,34.2778]},"properties":{"id":"camera-5398","layer":"camera","title":"Camera 5398","severity":0,"category":"Camera","url":"https://www.drivenc.gov/?type=camera&id=5398"}},{"type":"Feature","geometry":{"type":"Point","coordinates":[-77.87159,34.31852]},"properties":{"id":"camera-5399","layer":"camera","title":"Camera 5399","severity":0,"category":"Camera","url":"https://www.drivenc.gov/?type=camera&id=5399"}},{"type":"Feature","geometry":{"type":"Point","coordinates":[-77.55779,34.44142]},"properties":{"id":"camera-5400","layer":"camera","title":"Camera 5400","severity":0,"category":"Camera","url":"https://www.drivenc.gov/?type=camera&id=5400"}},{"type":"Feature","geometry":{"type":"Point","coordinates":[-77.99359,34.23219]},"properties":{"id":"camera-5401","layer":"camera","title":"Camera 5401","severity":0,"category":"Camera","url":"https://www.drivenc.gov/?type=camera&id=5401"}},{"type":"Feature","geometry":{"type":"Point","coordinates":[-77.9771,34.23412]},"properties":{"id":"camera-5402","layer":"camera","title":"Camera 5402","severity":0,"category":"Camera","url":"https://www.drivenc.gov/?type=camera&id=5402"}},{"type":"Feature","geometry":{"type":"Point","coordinates":[-77.96706,34.23481]},"properties":{"id":"camera-5403","layer":"camera","title":"Camera 5403","severity":0,"category":"Camera","url":"https://www.drivenc.gov/?type=camera&id=5403"}},{"type":"Feature","geometry":{"type":"Point","coordinates":[-77.95825,34.23873]},"properties":{"id":"camera-5404","layer":"camera","title":"Camera 5404","severity":0,"category":"Camera","url":"https://www.drivenc.gov/?type=camera&id=5404"}},{"type":"Feature","geometry":{"type":"Point","coordinates":[-77.55291,34.4346]},"properties":{"id":"camera-5405","layer":"camera","title":"Camera 5405","severity":0,"category":"Camera","url":"https://www.drivenc.gov/?type=camera&id=5405"}},{"type":"Feature","geometry":{"type":"Point","coordinates":[-78.28913,35.51737]},"properties":{"id":"camera-5406","layer":"camera","title":"Camera 5406","severity":0,"category":"Camera","url":"https://www.drivenc.gov/?type=camera&id=5406"}},{"type":"Feature","geometry":{"type":"Point","coordinates":[-78.01722,34.27305]},"properties":{"id":"camera-5407","layer":"camera","title":"Camera 5407","severity":0,"category":"Camera","url":"https://www.drivenc.gov/?type=camera&id=5407"}},{"type":"Feature","geometry":{"type":"Point","coordinates":[-77.96847,34.28892]},"properties":{"id":"camera-5408","layer":"camera","title":"Camera 5408","severity":0,"category":"Camera","url":"https://www.drivenc.gov/?type=camera&id=5408"}},{"type":"Feature","geometry":{"type":"Point","coordinates":[-77.92231,34.31719]},"properties":{"id":"camera-5409","layer":"camera","title":"Camera 5409","severity":0,"category":"Camera","url":"https://www.drivenc.gov/?type=camera&id=5409"}},{"type":"Feature","geometry":{"type":"Point","coordinates":[-78.0787,34.19015]},"properties":{"id":"camera-5410","layer":"camera","title":"Camera 5410","severity":0,"category":"Camera","url":"https://www.drivenc.gov/?type=camera&id=5410"}},{"type":"Feature","geometry":{"type":"Point","coordinates":[-78.08159,34.18507]},"properties":{"id":"camera-5411","layer":"camera","title":"Camera 5411","severity":0,"category":"Camera","url":"https://www.drivenc.gov/?type=camera&id=5411"}},{"type":"Feature","geometry":{"type":"Point","coordinates":[-78.08003,34.25853]},"properties":{"id":"camera-5412","layer":"camera","title":"Camera 5412","severity":0,"category":"Camera","url":"https://www.drivenc.gov/?type=camera&id=5412"}},{"type":"Feature","geometry":{"type":"Point","coordinates":[-78.56731,35.62281]},"properties":{"id":"camera-5413","layer":"camera","title":"Camera 5413","severity":0,"category":"Camera","url":"https://www.drivenc.gov/?type=camera&id=5413"}},{"type":"Feature","geometry":{"type":"Point","coordinates":[-77.99569,35.49507]},"properties":{"id":"camera-5414","layer":"camera","title":"Camera 5414","severity":0,"category":"Camera","url":"https://www.drivenc.gov/?type=camera&id=5414"}},{"type":"Feature","geometry":{"type":"Point","coordinates":[-78.21979,35.54985]},"properties":{"id":"camera-5415","layer":"camera","title":"Camera 5415","severity":0,"category":"Camera","url":"https://www.drivenc.gov/?type=camera&id=5415"}},{"type":"Feature","geometry":{"type":"Point","coordinates":[-78.20106,35.55663]},"properties":{"id":"camera-5416","layer":"camera","title":"Camera 5416","severity":0,"category":"Camera","url":"https://www.drivenc.gov/?type=camera&id=5416"}},{"type":"Feature","geometry":{"type":"Point","coordinates":[-78.16702,35.56856]},"properties":{"id":"camera-5417","layer":"camera","title":"Camera 5417","severity":0,"category":"Camera","url":"https://www.drivenc.gov/?type=camera&id=5417"}},{"type":"Feature","geometry":{"type":"Point","coordinates":[-78.14676,35.57891]},"properties":{"id":"camera-5418","layer":"camera","title":"Camera 5418","severity":0,"category":"Camera","url":"https://www.drivenc.gov/?type=camera&id=5418"}},{"type":"Feature","geometry":{"type":"Point","coordinates":[-78.13349,35.59202]},"properties":{"id":"camera-5419","layer":"camera","title":"Camera 5419","severity":0,"category":"Camera","url":"https://www.drivenc.gov/?type=camera&id=5419"}},{"type":"Feature","geometry":{"type":"Point","coordinates":[-78.04637,35.70265]},"properties":{"id":"camera-5420","layer":"camera","title":"Camera 5420","severity":0,"category":"Camera","url":"https://www.drivenc.gov/?type=camera&id=5420"}},{"type":"Feature","geometry":{"type":"Point","coordinates":[-78.03152,35.72046]},"properties":{"id":"camera-5421","layer":"camera","title":"Camera 5421","severity":0,"category":"Camera","url":"https://www.drivenc.gov/?type=camera&id=5421"}},{"type":"Feature","geometry":{"type":"Point","coordinates":[-78.01173,35.73349]},"properties":{"id":"camera-5422","layer":"camera","title":"Camera 5422","severity":0,"category":"Camera","url":"https://www.drivenc.gov/?type=camera&id=5422"}},{"type":"Feature","geometry":{"type":"Point","coordinates":[-78.01216,35.73563]},"properties":{"id":"camera-5423","layer":"camera","title":"Camera 5423","severity":0,"category":"Camera","url":"https://www.drivenc.gov/?type=camera&id=5423"}},{"type":"Feature","geometry":{"type":"Point","coordinates":[-78.00445,35.7631]},"properties":{"id":"camera-5424","layer":"camera","title":"Camera 5424","severity":0,"category":"Camera","url":"https://www.drivenc.gov/?type=camera&id=5424"}},{"type":"Feature","geometry":{"type":"Point","coordinates":[-77.97606,35.83722]},"properties":{"id":"camera-5425","layer":"camera","title":"Camera 5425","severity":0,"category":"Camera","url":"https://www.drivenc.gov/?type=camera&id=5425"}},{"type":"Feature","geometry":{"type":"Point","coordinates":[-77.92571,35.90401]},"properties":{"id":"camera-5426","layer":"camera","title":"Camera 5426","severity":0,"category":"Camera","url":"https://www.drivenc.gov/?type=camera&id=5426"}},{"type":"Feature","geometry":{"type":"Point","coordinates":[-77.87695,35.9815]},"properties":{"id":"camera-5427","layer":"camera","title":"Camera 5427","severity":0,"category":"Camera","url":"https://www.drivenc.gov/?type=camera&id=5427"}},{"type":"Feature","geometry":{"type":"Point","coordinates":[-77.86297,36.01373]},"properties":{"id":"camera-5428","layer":"camera","title":"Camera 5428","severity":0,"category":"Camera","url":"https://www.drivenc.gov/?type=camera&id=5428"}},{"type":"Feature","geometry":{"type":"Point","coordinates":[-77.82237,36.06359]},"properties":{"id":"camera-5429","layer":"camera","title":"Camera 5429","severity":0,"category":"Camera","url":"https://www.drivenc.gov/?type=camera&id=5429"}},{"type":"Feature","geometry":{"type":"Point","coordinates":[-77.7954,36.12627]},"properties":{"id":"camera-5430","layer":"camera","title":"Camera 5430","severity":0,"category":"Camera","url":"https://www.drivenc.gov/?type=camera&id=5430"}},{"type":"Feature","geometry":{"type":"Point","coordinates":[-77.76857,36.17591]},"properties":{"id":"camera-5431","layer":"camera","title":"Camera 5431","severity":0,"category":"Camera","url":"https://www.drivenc.gov/?type=camera&id=5431"}},{"type":"Feature","geometry":{"type":"Point","coordinates":[-77.7221,36.26905]},"properties":{"id":"camera-5432","layer":"camera","title":"Camera 5432","severity":0,"category":"Camera","url":"https://www.drivenc.gov/?type=camera&id=5432"}},{"type":"Feature","geometry":{"type":"Point","coordinates":[-77.67318,36.36404]},"properties":{"id":"camera-5433","layer":"camera","title":"Camera 5433","severity":0,"category":"Camera","url":"https://www.drivenc.gov/?type=camera&id=5433"}},{"type":"Feature","geometry":{"type":"Point","coordinates":[-78.563551,35.607014]},"properties":{"id":"camera-5434","layer":"camera","title":"Camera 5434","severity":0,"category":"Camera","url":"https://www.drivenc.gov/?type=camera&id=5434"}},{"type":"Feature","geometry":{"type":"Point","coordinates":[-77.6438,36.39996]},"properties":{"id":"camera-5435","layer":"camera","title":"Camera 5435","severity":0,"category":"Camera","url":"https://www.drivenc.gov/?type=camera&id=5435"}},{"type":"Feature","geometry":{"type":"Point","coordinates":[-77.63026,36.4308]},"properties":{"id":"camera-5436","layer":"camera","title":"Camera 5436","severity":0,"category":"Camera","url":"https://www.drivenc.gov/?type=camera&id=5436"}},{"type":"Feature","geometry":{"type":"Point","coordinates":[-77.61165,36.46867]},"properties":{"id":"camera-5437","layer":"camera","title":"Camera 5437","severity":0,"category":"Camera","url":"https://www.drivenc.gov/?type=camera&id=5437"}},{"type":"Feature","geometry":{"type":"Point","coordinates":[-77.58425,36.53305]},"properties":{"id":"camera-5438","layer":"camera","title":"Camera 5438","severity":0,"category":"Camera","url":"https://www.drivenc.gov/?type=camera&id=5438"}},{"type":"Feature","geometry":{"type":"Point","coordinates":[-78.51824,35.38936]},"properties":{"id":"camera-5439","layer":"camera","title":"Camera 5439","severity":0,"category":"Camera","url":"https://www.drivenc.gov/?type=camera&id=5439"}},{"type":"Feature","geometry":{"type":"Point","coordinates":[-78.41851,35.44071]},"properties":{"id":"camera-5440","layer":"camera","title":"Camera 5440","severity":0,"category":"Camera","url":"https://www.drivenc.gov/?type=camera&id=5440"}},{"type":"Feature","geometry":{"type":"Point","coordinates":[-78.38935,35.45787]},"properties":{"id":"camera-5441","layer":"camera","title":"Camera 5441","severity":0,"category":"Camera","url":"https://www.drivenc.gov/?type=camera&id=5441"}},{"type":"Feature","geometry":{"type":"Point","coordinates":[-78.32073,35.50407]},"properties":{"id":"camera-5442","layer":"camera","title":"Camera 5442","severity":0,"category":"Camera","url":"https://www.drivenc.gov/?type=camera&id=5442"}},{"type":"Feature","geometry":{"type":"Point","coordinates":[-78.29034,35.51942]},"properties":{"id":"camera-5443","layer":"camera","title":"Camera 5443","severity":0,"category":"Camera","url":"https://www.drivenc.gov/?type=camera&id=5443"}},{"type":"Feature","geometry":{"type":"Point","coordinates":[-78.56483,35.59745]},"properties":{"id":"camera-5444","layer":"camera","title":"Camera 5444","severity":0,"category":"Camera","url":"https://www.drivenc.gov/?type=camera&id=5444"}},{"type":"Feature","geometry":{"type":"Point","coordinates":[-78.27077,35.52891]},"properties":{"id":"camera-5445","layer":"camera","title":"Camera 5445","severity":0,"category":"Camera","url":"https://www.drivenc.gov/?type=camera&id=5445"}},{"type":"Feature","geometry":{"type":"Point","coordinates":[-78.00012,35.71056]},"properties":{"id":"camera-5446","layer":"camera","title":"Camera 5446","severity":0,"category":"Camera","url":"https://www.drivenc.gov/?type=camera&id=5446"}},{"type":"Feature","geometry":{"type":"Point","coordinates":[-77.95242,35.67885]},"properties":{"id":"camera-5447","layer":"camera","title":"Camera 5447","severity":0,"category":"Camera","url":"https://www.drivenc.gov/?type=camera&id=5447"}},{"type":"Feature","geometry":{"type":"Point","coordinates":[-77.85862,35.67478]},"properties":{"id":"camera-5448","layer":"camera","title":"Camera 5448","severity":0,"category":"Camera","url":"https://www.drivenc.gov/?type=camera&id=5448"}},{"type":"Feature","geometry":{"type":"Point","coordinates":[-77.80556,35.67268]},"properties":{"id":"camera-5449","layer":"camera","title":"Camera 5449","severity":0,"category":"Camera","url":"https://www.drivenc.gov/?type=camera&id=5449"}},{"type":"Feature","geometry":{"type":"Point","coordinates":[-78.16342,35.91632]},"properties":{"id":"camera-5450","layer":"camera","title":"Camera 5450","severity":0,"category":"Camera","url":"https://www.drivenc.gov/?type=camera&id=5450"}},{"type":"Feature","geometry":{"type":"Point","coordinates":[-78.0972,35.9314]},"properties":{"id":"camera-5451","layer":"camera","title":"Camera 5451","severity":0,"category":"Camera","url":"https://www.drivenc.gov/?type=camera&id=5451"}},{"type":"Feature","geometry":{"type":"Point","coordinates":[-77.9915,35.96989]},"properties":{"id":"camera-5452","layer":"camera","title":"Camera 5452","severity":0,"category":"Camera","url":"https://www.drivenc.gov/?type=camera&id=5452"}},{"type":"Feature","geometry":{"type":"Point","coordinates":[-77.97534,35.98029]},"properties":{"id":"camera-5453","layer":"camera","title":"Camera 5453","severity":0,"category":"Camera","url":"https://www.drivenc.gov/?type=camera&id=5453"}},{"type":"Feature","geometry":{"type":"Point","coordinates":[-78.57683,35.57789]},"properties":{"id":"camera-5454","layer":"camera","title":"Camera 5454","severity":0,"category":"Camera","url":"https://www.drivenc.gov/?type=camera&id=5454"}},{"type":"Feature","geometry":{"type":"Point","coordinates":[-77.9377,35.97332]},"properties":{"id":"camera-5455","layer":"camera","title":"Camera 5455","severity":0,"category":"Camera","url":"https://www.drivenc.gov/?type=camera&id=5455"}},{"type":"Feature","geometry":{"type":"Point","coordinates":[-77.89759,35.98113]},"properties":{"id":"camera-5456","layer":"camera","title":"Camera 5456","severity":0,"category":"Camera","url":"https://www.drivenc.gov/?type=camera&id=5456"}},{"type":"Feature","geometry":{"type":"Point","coordinates":[-77.6754,35.9259]},"properties":{"id":"camera-5457","layer":"camera","title":"Camera 5457","severity":0,"category":"Camera","url":"https://www.drivenc.gov/?type=camera&id=5457"}},{"type":"Feature","geometry":{"type":"Point","coordinates":[-77.58785,35.88616]},"properties":{"id":"camera-5458","layer":"camera","title":"Camera 5458","severity":0,"category":"Camera","url":"https://www.drivenc.gov/?type=camera&id=5458"}},{"type":"Feature","geometry":{"type":"Point","coordinates":[-77.54762,35.8865]},"properties":{"id":"camera-5459","layer":"camera","title":"Camera 5459","severity":0,"category":"Camera","url":"https://www.drivenc.gov/?type=camera&id=5459"}},{"type":"Feature","geometry":{"type":"Point","coordinates":[-77.52357,35.87055]},"properties":{"id":"camera-5460","layer":"camera","title":"Camera 5460","severity":0,"category":"Camera","url":"https://www.drivenc.gov/?type=camera&id=5460"}},{"type":"Feature","geometry":{"type":"Point","coordinates":[-77.46108,35.85401]},"properties":{"id":"camera-5461","layer":"camera","title":"Camera 5461","severity":0,"category":"Camera","url":"https://www.drivenc.gov/?type=camera&id=5461"}},{"type":"Feature","geometry":{"type":"Point","coordinates":[-77.406844,35.842678]},"properties":{"id":"camera-5462","layer":"camera","title":"Camera 5462","severity":0,"category":"Camera","url":"https://www.drivenc.gov/?type=camera&id=5462"}},{"type":"Feature","geometry":{"type":"Point","coordinates":[-77.373842,35.83445]},"properties":{"id":"camera-5463","layer":"camera","title":"Camera 5463","severity":0,"category":"Camera","url":"https://www.drivenc.gov/?type=camera&id=5463"}},{"type":"Feature","geometry":{"type":"Point","coordinates":[-78.53598,35.63038]},"properties":{"id":"camera-5464","layer":"camera","title":"Camera 5464","severity":0,"category":"Camera","url":"https://www.drivenc.gov/?type=camera&id=5464"}},{"type":"Feature","geometry":{"type":"Point","coordinates":[-78.55713,35.51627]},"properties":{"id":"camera-5465","layer":"camera","title":"Camera 5465","severity":0,"category":"Camera","url":"https://www.drivenc.gov/?type=camera&id=5465"}},{"type":"Feature","geometry":{"type":"Point","coordinates":[-78.51046,35.62344]},"properties":{"id":"camera-5466","layer":"camera","title":"Camera 5466","severity":0,"category":"Camera","url":"https://www.drivenc.gov/?type=camera&id=5466"}},{"type":"Feature","geometry":{"type":"Point","coordinates":[-78.46278,35.61175]},"properties":{"id":"camera-5467","layer":"camera","title":"Camera 5467","severity":0,"category":"Camera","url":"https://www.drivenc.gov/?type=camera&id=5467"}},{"type":"Feature","geometry":{"type":"Point","coordinates":[-78.41593,35.60372]},"properties":{"id":"camera-5468","layer":"camera","title":"Camera 5468","severity":0,"category":"Camera","url":"https://www.drivenc.gov/?type=camera&id=5468"}},{"type":"Feature","geometry":{"type":"Point","coordinates":[-78.06976,35.43536]},"properties":{"id":"camera-5469","layer":"camera","title":"Camera 5469","severity":0,"category":"Camera","url":"https://www.drivenc.gov/?type=camera&id=5469"}},{"type":"Feature","geometry":{"type":"Point","coordinates":[-78.05586,35.4336]},"properties":{"id":"camera-5470","layer":"camera","title":"Camera 5470","severity":0,"category":"Camera","url":"https://www.drivenc.gov/?type=camera&id=5470"}},{"type":"Feature","geometry":{"type":"Point","coordinates":[-77.99218,35.42749]},"properties":{"id":"camera-5471","layer":"camera","title":"Camera 5471","severity":0,"category":"Camera","url":"https://www.drivenc.gov/?type=camera&id=5471"}},{"type":"Feature","geometry":{"type":"Point","coordinates":[-77.99106,35.42749]},"properties":{"id":"camera-5472","layer":"camera","title":"Camera 5472","severity":0,"category":"Camera","url":"https://www.drivenc.gov/?type=camera&id=5472"}},{"type":"Feature","geometry":{"type":"Point","coordinates":[-77.97984,35.42564]},"properties":{"id":"camera-5473","layer":"camera","title":"Camera 5473","severity":0,"category":"Camera","url":"https://www.drivenc.gov/?type=camera&id=5473"}},{"type":"Feature","geometry":{"type":"Point","coordinates":[-77.93444,35.4191]},"properties":{"id":"camera-5474","layer":"camera","title":"Camera 5474","severity":0,"category":"Camera","url":"https://www.drivenc.gov/?type=camera&id=5474"}},{"type":"Feature","geometry":{"type":"Point","coordinates":[-77.89747,35.41247]},"properties":{"id":"camera-5475","layer":"camera","title":"Camera 5475","severity":0,"category":"Camera","url":"https://www.drivenc.gov/?type=camera&id=5475"}},{"type":"Feature","geometry":{"type":"Point","coordinates":[-78.52024,35.39122]},"properties":{"id":"camera-5476","layer":"camera","title":"Camera 5476","severity":0,"category":"Camera","url":"https://www.drivenc.gov/?type=camera&id=5476"}},{"type":"Feature","geometry":{"type":"Point","coordinates":[-77.86419,35.38092]},"properties":{"id":"camera-5477","layer":"camera","title":"Camera 5477","severity":0,"category":"Camera","url":"https://www.drivenc.gov/?type=camera&id=5477"}},{"type":"Feature","geometry":{"type":"Point","coordinates":[-77.81847,35.30412]},"properties":{"id":"camera-5478","layer":"camera","title":"Camera 5478","severity":0,"category":"Camera","url":"https://www.drivenc.gov/?type=camera&id=5478"}},{"type":"Feature","geometry":{"type":"Point","coordinates":[-78.3758,35.24953]},"properties":{"id":"camera-5479","layer":"camera","title":"Camera 5479","severity":0,"category":"Camera","url":"https://www.drivenc.gov/?type=camera&id=5479"}},{"type":"Feature","geometry":{"type":"Point","coordinates":[-78.02807,35.76217]},"properties":{"id":"camera-5480","layer":"camera","title":"Camera 5480","severity":0,"category":"Camera","url":"https://www.drivenc.gov/?type=camera&id=5480"}},{"type":"Feature","geometry":{"type":"Point","coordinates":[-78.18446,36.54372]},"properties":{"id":"camera-5481","layer":"camera","title":"Camera 5481","severity":0,"category":"Camera","url":"https://www.drivenc.gov/?type=camera&id=5481"}},{"type":"Feature","geometry":{"type":"Point","coordinates":[-78.98874,35.93336]},"properties":{"id":"camera-5482","layer":"camera","title":"Camera 5482","severity":0,"category":"Camera","url":"https://www.drivenc.gov/?type=camera&id=5482"}},{"type":"Feature","geometry":{"type":"Point","coordinates":[-78.42604,36.33952]},"properties":{"id":"camera-5483","layer":"camera","title":"Camera 5483","severity":0,"category":"Camera","url":"https://www.drivenc.gov/?type=camera&id=5483"}},{"type":"Feature","geometry":{"type":"Point","coordinates":[-78.40745,36.34113]},"properties":{"id":"camera-5484","layer":"camera","title":"Camera 5484","severity":0,"category":"Camera","url":"https://www.drivenc.gov/?type=camera&id=5484"}},{"type":"Feature","geometry":{"type":"Point","coordinates":[-78.39333,36.34774]},"properties":{"id":"camera-5485","layer":"camera","title":"Camera 5485","severity":0,"category":"Camera","url":"https://www.drivenc.gov/?type=camera&id=5485"}},{"type":"Feature","geometry":{"type":"Point","coordinates":[-78.37451,36.3618]},"properties":{"id":"camera-5486","layer":"camera","title":"Camera 5486","severity":0,"category":"Camera","url":"https://www.drivenc.gov/?type=camera&id=5486"}},{"type":"Feature","geometry":{"type":"Point","coordinates":[-78.35815,36.37453]},"properties":{"id":"camera-5487","layer":"camera","title":"Camera 5487","severity":0,"category":"Camera","url":"https://www.drivenc.gov/?type=camera&id=5487"}},{"type":"Feature","geometry":{"type":"Point","coordinates":[-78.33792,36.39326]},"properties":{"id":"camera-5488","layer":"camera","title":"Camera 5488","severity":0,"category":"Camera","url":"https://www.drivenc.gov/?type=camera&id=5488"}},{"type":"Feature","geometry":{"type":"Point","coordinates":[-78.32644,36.40697]},"properties":{"id":"camera-5489","layer":"camera","title":"Camera 5489","severity":0,"category":"Camera","url":"https://www.drivenc.gov/?type=camera&id=5489"}},{"type":"Feature","geometry":{"type":"Point","coordinates":[-78.30706,36.42219]},"properties":{"id":"camera-5490","layer":"camera","title":"Camera 5490","severity":0,"category":"Camera","url":"https://www.drivenc.gov/?type=camera&id=5490"}},{"type":"Feature","geometry":{"type":"Point","coordinates":[-78.27267,36.4474]},"properties":{"id":"camera-5491","layer":"camera","title":"Camera 5491","severity":0,"category":"Camera","url":"https://www.drivenc.gov/?type=camera&id=5491"}},{"type":"Feature","geometry":{"type":"Point","coordinates":[-78.26596,36.4548]},"properties":{"id":"camera-5492","layer":"camera","title":"Camera 5492","severity":0,"category":"Camera","url":"https://www.drivenc.gov/?type=camera&id=5492"}},{"type":"Feature","geometry":{"type":"Point","coordinates":[-78.97114,35.9047]},"properties":{"id":"camera-5493","layer":"camera","title":"Camera 5493","severity":0,"category":"Camera","url":"https://www.drivenc.gov/?type=camera&id=5493"}},{"type":"Feature","geometry":{"type":"Point","coordinates":[-78.20708,36.51341]},"properties":{"id":"camera-5494","layer":"camera","title":"Camera 5494","severity":0,"category":"Camera","url":"https://www.drivenc.gov/?type=camera&id=5494"}},{"type":"Feature","geometry":{"type":"Point","coordinates":[-78.44161,35.78287]},"properties":{"id":"camera-5495","layer":"camera","title":"Camera 5495","severity":0,"category":"Camera","url":"https://www.drivenc.gov/?type=camera&id=5495"}},{"type":"Feature","geometry":{"type":"Point","coordinates":[-78.43135,35.8002]},"properties":{"id":"camera-5496","layer":"camera","title":"Camera 5496","severity":0,"category":"Camera","url":"https://www.drivenc.gov/?type=camera&id=5496"}},{"type":"Feature","geometry":{"type":"Point","coordinates":[-78.42809,35.80448]},"properties":{"id":"camera-5497","layer":"camera","title":"Camera 5497","severity":0,"category":"Camera","url":"https://www.drivenc.gov/?type=camera&id=5497"}},{"type":"Feature","geometry":{"type":"Point","coordinates":[-78.56044,35.77733]},"properties":{"id":"camera-5498","layer":"camera","title":"Camera 5498","severity":0,"category":"Camera","url":"https://www.drivenc.gov/?type=camera&id=5498"}},{"type":"Feature","geometry":{"type":"Point","coordinates":[-78.53481,35.77263]},"properties":{"id":"camera-5499","layer":"camera","title":"Camera 5499","severity":0,"category":"Camera","url":"https://www.drivenc.gov/?type=camera&id=5499"}},{"type":"Feature","geometry":{"type":"Point","coordinates":[-78.52165,35.76817]},"properties":{"id":"camera-5500","layer":"camera","title":"Camera 5500","severity":0,"category":"Camera","url":"https://www.drivenc.gov/?type=camera&id=5500"}},{"type":"Feature","geometry":{"type":"Point","coordinates":[-78.98224,35.91266]},"properties":{"id":"camera-5501","layer":"camera","title":"Camera 5501","severity":0,"category":"Camera","url":"https://www.drivenc.gov/?type=camera&id=5501"}},{"type":"Feature","geometry":{"type":"Point","coordinates":[-78.48766,35.76748]},"properties":{"id":"camera-5502","layer":"camera","title":"Camera 5502","severity":0,"category":"Camera","url":"https://www.drivenc.gov/?type=camera&id=5502"}},{"type":"Feature","geometry":{"type":"Point","coordinates":[-78.4655,35.76727]},"properties":{"id":"camera-5503","layer":"camera","title":"Camera 5503","severity":0,"category":"Camera","url":"https://www.drivenc.gov/?type=camera&id=5503"}},{"type":"Feature","geometry":{"type":"Point","coordinates":[-78.87309,35.90349]},"properties":{"id":"camera-5504","layer":"camera","title":"Camera 5504","severity":0,"category":"Camera","url":"https://www.drivenc.gov/?type=camera&id=5504"}},{"type":"Feature","geometry":{"type":"Point","coordinates":[-78.86531,35.91126]},"properties":{"id":"camera-5505","layer":"camera","title":"Camera 5505","severity":0,"category":"Camera","url":"https://www.drivenc.gov/?type=camera&id=5505"}},{"type":"Feature","geometry":{"type":"Point","coordinates":[-78.86012,35.9243]},"properties":{"id":"camera-5506","layer":"camera","title":"Camera 5506","severity":0,"category":"Camera","url":"https://www.drivenc.gov/?type=camera&id=5506"}},{"type":"Feature","geometry":{"type":"Point","coordinates":[-78.85939,35.93955]},"properties":{"id":"camera-5507","layer":"camera","title":"Camera 5507","severity":0,"category":"Camera","url":"https://www.drivenc.gov/?type=camera&id=5507"}},{"type":"Feature","geometry":{"type":"Point","coordinates":[-78.8639,35.95685]},"properties":{"id":"camera-5508","layer":"camera","title":"Camera 5508","severity":0,"category":"Camera","url":"https://www.drivenc.gov/?type=camera&id=5508"}},{"type":"Feature","geometry":{"type":"Point","coordinates":[-78.87247,35.97484]},"properties":{"id":"camera-5509","layer":"camera","title":"Camera 5509","severity":0,"category":"Camera","url":"https://www.drivenc.gov/?type=camera&id=5509"}},{"type":"Feature","geometry":{"type":"Point","coordinates":[-78.89048,35.9823]},"properties":{"id":"camera-5510","layer":"camera","title":"Camera 5510","severity":0,"category":"Camera","url":"https://www.drivenc.gov/?type=camera&id=5510"}},{"type":"Feature","geometry":{"type":"Point","coordinates":[-78.90304,35.99009]},"properties":{"id":"camera-5511","layer":"camera","title":"Camera 5511","severity":0,"category":"Camera","url":"https://www.drivenc.gov/?type=camera&id=5511"}},{"type":"Feature","geometry":{"type":"Point","coordinates":[-78.9598,35.90377]},"properties":{"id":"camera-5512","layer":"camera","title":"Camera 5512","severity":0,"category":"Camera","url":"https://www.drivenc.gov/?type=camera&id=5512"}},{"type":"Feature","geometry":{"type":"Point","coordinates":[-78.91249,35.99889]},"properties":{"id":"camera-5513","layer":"camera","title":"Camera 5513","severity":0,"category":"Camera","url":"https://www.drivenc.gov/?type=camera&id=5513"}},{"type":"Feature","geometry":{"type":"Point","coordinates":[-78.92446,36.00596]},"properties":{"id":"camera-5514","layer":"camera","title":"Camera 5514","severity":0,"category":"Camera","url":"https://www.drivenc.gov/?type=camera&id=5514"}},{"type":"Feature","geometry":{"type":"Point","coordinates":[-78.93647,36.01356]},"properties":{"id":"camera-5515","layer":"camera","title":"Camera 5515","severity":0,"category":"Camera","url":"https://www.drivenc.gov/?type=camera&id=5515"}},{"type":"Feature","geometry":{"type":"Point","coordinates":[-78.95183,36.01658]},"properties":{"id":"camera-5516","layer":"camera","title":"Camera 5516","severity":0,"category":"Camera","url":"https://www.drivenc.gov/?type=camera&id=5516"}},{"type":"Feature","geometry":{"type":"Point","coordinates":[-78.89262,35.80925]},"properties":{"id":"camera-5517","layer":"camera","title":"Camera 5517","severity":0,"category":"Camera","url":"https://www.drivenc.gov/?type=camera&id=5517"}},{"type":"Feature","geometry":{"type":"Point","coordinates":[-78.89388,35.74707]},"properties":{"id":"camera-5518","layer":"camera","title":"Camera 5518","severity":0,"category":"Camera","url":"https://www.drivenc.gov/?type=camera&id=5518"}},{"type":"Feature","geometry":{"type":"Point","coordinates":[-78.840908,35.687622]},"properties":{"id":"camera-5519","layer":"camera","title":"Camera 5519","severity":0,"category":"Camera","url":"https://www.drivenc.gov/?type=camera&id=5519"}},{"type":"Feature","geometry":{"type":"Point","coordinates":[-78.84384,35.68779]},"properties":{"id":"camera-5520","layer":"camera","title":"Camera 5520","severity":0,"category":"Camera","url":"https://www.drivenc.gov/?type=camera&id=5520"}},{"type":"Feature","geometry":{"type":"Point","coordinates":[-78.86158,35.68873]},"properties":{"id":"camera-5521","layer":"camera","title":"Camera 5521","severity":0,"category":"Camera","url":"https://www.drivenc.gov/?type=camera&id=5521"}},{"type":"Feature","geometry":{"type":"Point","coordinates":[-78.87178,35.69672]},"properties":{"id":"camera-5522","layer":"camera","title":"Camera 5522","severity":0,"category":"Camera","url":"https://www.drivenc.gov/?type=camera&id=5522"}},{"type":"Feature","geometry":{"type":"Point","coordinates":[-78.9358,35.90924]},"properties":{"id":"camera-5523","layer":"camera","title":"Camera 5523","severity":0,"category":"Camera","url":"https://www.drivenc.gov/?type=camera&id=5523"}},{"type":"Feature","geometry":{"type":"Point","coordinates":[-78.87159,35.69993]},"properties":{"id":"camera-5524","layer":"camera","title":"Camera 5524","severity":0,"category":"Camera","url":"https://www.drivenc.gov/?type=camera&id=5524"}},{"type":"Feature","geometry":{"type":"Point","coordinates":[-78.87992,35.70945]},"properties":{"id":"camera-5525","layer":"camera","title":"Camera 5525","severity":0,"category":"Camera","url":"https://www.drivenc.gov/?type=camera&id=5525"}},{"type":"Feature","geometry":{"type":"Point","coordinates":[-78.88686,35.72215]},"properties":{"id":"camera-5526","layer":"camera","title":"Camera 5526","severity":0,"category":"Camera","url":"https://www.drivenc.gov/?type=camera&id=5526"}},{"type":"Feature","geometry":{"type":"Point","coordinates":[-78.89229,35.73225]},"properties":{"id":"camera-5527","layer":"camera","title":"Camera 5527","severity":0,"category":"Camera","url":"https://www.drivenc.gov/?type=camera&id=5527"}},{"type":"Feature","geometry":{"type":"Point","coordinates":[-78.89164,35.74738]},"properties":{"id":"camera-5528","layer":"camera","title":"Camera 5528","severity":0,"category":"Camera","url":"https://www.drivenc.gov/?type=camera&id=5528"}},{"type":"Feature","geometry":{"type":"Point","coordinates":[-78.88722,35.76736]},"properties":{"id":"camera-5529","layer":"camera","title":"Camera 5529","severity":0,"category":"Camera","url":"https://www.drivenc.gov/?type=camera&id=5529"}},{"type":"Feature","geometry":{"type":"Point","coordinates":[-78.88591,35.78373]},"properties":{"id":"camera-5530","layer":"camera","title":"Camera 5530","severity":0,"category":"Camera","url":"https://www.drivenc.gov/?type=camera&id=5530"}},{"type":"Feature","geometry":{"type":"Point","coordinates":[-78.8917,35.80257]},"properties":{"id":"camera-5531","layer":"camera","title":"Camera 5531","severity":0,"category":"Camera","url":"https://www.drivenc.gov/?type=camera&id=5531"}},{"type":"Feature","geometry":{"type":"Point","coordinates":[-78.89337,35.8227]},"properties":{"id":"camera-5532","layer":"camera","title":"Camera 5532","severity":0,"category":"Camera","url":"https://www.drivenc.gov/?type=camera&id=5532"}},{"type":"Feature","geometry":{"type":"Point","coordinates":[-78.91639,35.90914]},"properties":{"id":"camera-5533","layer":"camera","title":"Camera 5533","severity":0,"category":"Camera","url":"https://www.drivenc.gov/?type=camera&id=5533"}},{"type":"Feature","geometry":{"type":"Point","coordinates":[-78.89308,35.82827]},"properties":{"id":"camera-5534","layer":"camera","title":"Camera 5534","severity":0,"category":"Camera","url":"https://www.drivenc.gov/?type=camera&id=5534"}},{"type":"Feature","geometry":{"type":"Point","coordinates":[-78.88673,35.84116]},"properties":{"id":"camera-5535","layer":"camera","title":"Camera 5535","severity":0,"category":"Camera","url":"https://www.drivenc.gov/?type=camera&id=5535"}},{"type":"Feature","geometry":{"type":"Point","coordinates":[-78.88369,35.8431]},"properties":{"id":"camera-5536","layer":"camera","title":"Camera 5536","severity":0,"category":"Camera","url":"https://www.drivenc.gov/?type=camera&id=5536"}},{"type":"Feature","geometry":{"type":"Point","coordinates":[-78.86357,35.85173]},"properties":{"id":"camera-5537","layer":"camera","title":"Camera 5537","severity":0,"category":"Camera","url":"https://www.drivenc.gov/?type=camera&id=5537"}},{"type":"Feature","geometry":{"type":"Point","coordinates":[-78.85827,35.85643]},"properties":{"id":"camera-5538","layer":"camera","title":"Camera 5538","severity":0,"category":"Camera","url":"https://www.drivenc.gov/?type=camera&id=5538"}},{"type":"Feature","geometry":{"type":"Point","coordinates":[-78.84507,35.86161]},"properties":{"id":"camera-5539","layer":"camera","title":"Camera 5539","severity":0,"category":"Camera","url":"https://www.drivenc.gov/?type=camera&id=5539"}},{"type":"Feature","geometry":{"type":"Point","coordinates":[-78.84038,35.71505]},"properties":{"id":"camera-5540","layer":"camera","title":"Camera 5540","severity":0,"category":"Camera","url":"https://www.drivenc.gov/?type=camera&id=5540"}},{"type":"Feature","geometry":{"type":"Point","coordinates":[-78.86609,35.87]},"properties":{"id":"camera-5541","layer":"camera","title":"Camera 5541","severity":0,"category":"Camera","url":"https://www.drivenc.gov/?type=camera&id=5541"}},{"type":"Feature","geometry":{"type":"Point","coordinates":[-78.86644,35.87672]},"properties":{"id":"camera-5542","layer":"camera","title":"Camera 5542","severity":0,"category":"Camera","url":"https://www.drivenc.gov/?type=camera&id=5542"}},{"type":"Feature","geometry":{"type":"Point","coordinates":[-78.88584,35.9054]},"properties":{"id":"camera-5543","layer":"camera","title":"Camera 5543","severity":0,"category":"Camera","url":"https://www.drivenc.gov/?type=camera&id=5543"}},{"type":"Feature","geometry":{"type":"Point","coordinates":[-78.87602,35.89494]},"properties":{"id":"camera-5544","layer":"camera","title":"Camera 5544","severity":0,"category":"Camera","url":"https://www.drivenc.gov/?type=camera&id=5544"}},{"type":"Feature","geometry":{"type":"Point","coordinates":[-78.57723,35.97761]},"properties":{"id":"camera-5545","layer":"camera","title":"Camera 5545","severity":0,"category":"Camera","url":"https://www.drivenc.gov/?type=camera&id=5545"}},{"type":"Feature","geometry":{"type":"Point","coordinates":[-78.71704,35.79909]},"properties":{"id":"camera-5546","layer":"camera","title":"Camera 5546","severity":0,"category":"Camera","url":"https://www.drivenc.gov/?type=camera&id=5546"}},{"type":"Feature","geometry":{"type":"Point","coordinates":[-78.74437,35.76284]},"properties":{"id":"camera-5547","layer":"camera","title":"Camera 5547","severity":0,"category":"Camera","url":"https://www.drivenc.gov/?type=camera&id=5547"}},{"type":"Feature","geometry":{"type":"Point","coordinates":[-78.36217,36.36506]},"properties":{"id":"camera-5548","layer":"camera","title":"Camera 5548","severity":0,"category":"Camera","url":"https://www.drivenc.gov/?type=camera&id=5548"}},{"type":"Feature","geometry":{"type":"Point","coordinates":[-78.90007,35.68329]},"properties":{"id":"camera-5549","layer":"camera","title":"Camera 5549","severity":0,"category":"Camera","url":"https://www.drivenc.gov/?type=camera&id=5549"}},{"type":"Feature","geometry":{"type":"Point","coordinates":[-78.88073,35.69329]},"properties":{"id":"camera-5550","layer":"camera","title":"Camera 5550","severity":0,"category":"Camera","url":"https://www.drivenc.gov/?type=camera&id=5550"}},{"type":"Feature","geometry":{"type":"Point","coordinates":[-78.85918,35.7033]},"properties":{"id":"camera-5551","layer":"camera","title":"Camera 5551","severity":0,"category":"Camera","url":"https://www.drivenc.gov/?type=camera&id=5551"}},{"type":"Feature","geometry":{"type":"Point","coordinates":[-78.84002,35.71421]},"properties":{"id":"camera-5552","layer":"camera","title":"Camera 5552","severity":0,"category":"Camera","url":"https://www.drivenc.gov/?type=camera&id=5552"}},{"type":"Feature","geometry":{"type":"Point","coordinates":[-78.89451,35.90705]},"properties":{"id":"camera-5553","layer":"camera","title":"Camera 5553","severity":0,"category":"Camera","url":"https://www.drivenc.gov/?type=camera&id=5553"}},{"type":"Feature","geometry":{"type":"Point","coordinates":[-78.82328,35.72383]},"properties":{"id":"camera-5554","layer":"camera","title":"Camera 5554","severity":0,"category":"Camera","url":"https://www.drivenc.gov/?type=camera&id=5554"}},{"type":"Feature","geometry":{"type":"Point","coordinates":[-78.80499,35.73057]},"properties":{"id":"camera-5555","layer":"camera","title":"Camera 5555","severity":0,"category":"Camera","url":"https://www.drivenc.gov/?type=camera&id=5555"}},{"type":"Feature","geometry":{"type":"Point","coordinates":[-78.77204,35.7489]},"properties":{"id":"camera-5556","layer":"camera","title":"Camera 5556","severity":0,"category":"Camera","url":"https://www.drivenc.gov/?type=camera&id=5556"}},{"type":"Feature","geometry":{"type":"Point","coordinates":[-78.39973,35.81684]},"properties":{"id":"camera-5557","layer":"camera","title":"Camera 5557","severity":0,"category":"Camera","url":"https://www.drivenc.gov/?type=camera&id=5557"}},{"type":"Feature","geometry":{"type":"Point","coordinates":[-78.37449,35.82491]},"properties":{"id":"camera-5558","layer":"camera","title":"Camera 5558","severity":0,"category":"Camera","url":"https://www.drivenc.gov/?type=camera&id=5558"}},{"type":"Feature","geometry":{"type":"Point","coordinates":[-78.34409,35.83521]},"properties":{"id":"camera-5559","layer":"camera","title":"Camera 5559","severity":0,"category":"Camera","url":"https://www.drivenc.gov/?type=camera&id=5559"}},{"type":"Feature","geometry":{"type":"Point","coordinates":[-78.32145,35.83452]},"properties":{"id":"camera-5560","layer":"camera","title":"Camera 5560","severity":0,"category":"Camera","url":"https://www.drivenc.gov/?type=camera&id=5560"}},{"type":"Feature","geometry":{"type":"Point","coordinates":[-78.31377,35.83382]},"properties":{"id":"camera-5561","layer":"camera","title":"Camera 5561","severity":0,"category":"Camera","url":"https://www.drivenc.gov/?type=camera&id=5561"}},{"type":"Feature","geometry":{"type":"Point","coordinates":[-78.30149,35.83652]},"properties":{"id":"camera-5562","layer":"camera","title":"Camera 5562","severity":0,"category":"Camera","url":"https://www.drivenc.gov/?type=camera&id=5562"}},{"type":"Feature","geometry":{"type":"Point","coordinates":[-78.87564,35.90122]},"properties":{"id":"camera-5563","layer":"camera","title":"Camera 5563","severity":0,"category":"Camera","url":"https://www.drivenc.gov/?type=camera&id=5563"}},{"type":"Feature","geometry":{"type":"Point","coordinates":[-78.53459,35.796]},"properties":{"id":"camera-5564","layer":"camera","title":"Camera 5564","severity":0,"category":"Camera","url":"https://www.drivenc.gov/?type=camera&id=5564"}},{"type":"Feature","geometry":{"type":"Point","coordinates":[-78.54861,35.79359]},"properties":{"id":"camera-5565","layer":"camera","title":"Camera 5565","severity":0,"category":"Camera","url":"https://www.drivenc.gov/?type=camera&id=5565"}},{"type":"Feature","geometry":{"type":"Point","coordinates":[-78.48727,35.79813]},"properties":{"id":"camera-5566","layer":"camera","title":"Camera 5566","severity":0,"category":"Camera","url":"https://www.drivenc.gov/?type=camera&id=5566"}},{"type":"Feature","geometry":{"type":"Point","coordinates":[-78.56306,35.7988]},"properties":{"id":"camera-5567","layer":"camera","title":"Camera 5567","severity":0,"category":"Camera","url":"https://www.drivenc.gov/?type=camera&id=5567"}},{"type":"Feature","geometry":{"type":"Point","coordinates":[-78.578,35.79753]},"properties":{"id":"camera-5568","layer":"camera","title":"Camera 5568","severity":0,"category":"Camera","url":"https://www.drivenc.gov/?type=camera&id=5568"}},{"type":"Feature","geometry":{"type":"Point","coordinates":[-78.64898,35.74097]},"properties":{"id":"camera-5569","layer":"camera","title":"Camera 5569","severity":0,"category":"Camera","url":"https://www.drivenc.gov/?type=camera&id=5569"}},{"type":"Feature","geometry":{"type":"Point","coordinates":[-78.86402,36.0056]},"properties":{"id":"camera-5570","layer":"camera","title":"Camera 5570","severity":0,"category":"Camera","url":"https://www.drivenc.gov/?type=camera&id=5570"}},{"type":"Feature","geometry":{"type":"Point","coordinates":[-78.63815,35.71878]},"properties":{"id":"camera-5571","layer":"camera","title":"Camera 5571","severity":0,"category":"Camera","url":"https://www.drivenc.gov/?type=camera&id=5571"}},{"type":"Feature","geometry":{"type":"Point","coordinates":[-78.64872,35.72498]},"properties":{"id":"camera-5572","layer":"camera","title":"Camera 5572","severity":0,"category":"Camera","url":"https://www.drivenc.gov/?type=camera&id=5572"}},{"type":"Feature","geometry":{"type":"Point","coordinates":[-78.63057,35.71481]},"properties":{"id":"camera-5573","layer":"camera","title":"Camera 5573","severity":0,"category":"Camera","url":"https://www.drivenc.gov/?type=camera&id=5573"}},{"type":"Feature","geometry":{"type":"Point","coordinates":[-78.86027,35.89429]},"properties":{"id":"camera-5574","layer":"camera","title":"Camera 5574","severity":0,"category":"Camera","url":"https://www.drivenc.gov/?type=camera&id=5574"}},{"type":"Feature","geometry":{"type":"Point","coordinates":[-78.62301,35.7108]},"properties":{"id":"camera-5576","layer":"camera","title":"Camera 5576","severity":0,"category":"Camera","url":"https://www.drivenc.gov/?type=camera&id=5576"}},{"type":"Feature","geometry":{"type":"Point","coordinates":[-78.5848,35.69622]},"properties":{"id":"camera-5577","layer":"camera","title":"Camera 5577","severity":0,"category":"Camera","url":"https://www.drivenc.gov/?type=camera&id=5577"}},{"type":"Feature","geometry":{"type":"Point","coordinates":[-78.60156,35.70213]},"properties":{"id":"camera-5578","layer":"camera","title":"Camera 5578","severity":0,"category":"Camera","url":"https://www.drivenc.gov/?type=camera&id=5578"}},{"type":"Feature","geometry":{"type":"Point","coordinates":[-78.52109,35.67652]},"properties":{"id":"camera-5579","layer":"camera","title":"Camera 5579","severity":0,"category":"Camera","url":"https://www.drivenc.gov/?type=camera&id=5579"}},{"type":"Feature","geometry":{"type":"Point","coordinates":[-78.55015,35.68734]},"properties":{"id":"camera-5580","layer":"camera","title":"Camera 5580","severity":0,"category":"Camera","url":"https://www.drivenc.gov/?type=camera&id=5580"}},{"type":"Feature","geometry":{"type":"Point","coordinates":[-78.43738,35.63372]},"properties":{"id":"camera-5581","layer":"camera","title":"Camera 5581","severity":0,"category":"Camera","url":"https://www.drivenc.gov/?type=camera&id=5581"}},{"type":"Feature","geometry":{"type":"Point","coordinates":[-78.4935,35.664]},"properties":{"id":"camera-5582","layer":"camera","title":"Camera 5582","severity":0,"category":"Camera","url":"https://www.drivenc.gov/?type=camera&id=5582"}},{"type":"Feature","geometry":{"type":"Point","coordinates":[-78.6807,35.84334]},"properties":{"id":"camera-5583","layer":"camera","title":"Camera 5583","severity":0,"category":"Camera","url":"https://www.drivenc.gov/?type=camera&id=5583"}},{"type":"Feature","geometry":{"type":"Point","coordinates":[-78.6807,35.84334]},"properties":{"id":"camera-5584","layer":"camera","title":"Camera 5584","severity":0,"category":"Camera","url":"https://www.drivenc.gov/?type=camera&id=5584"}},{"type":"Feature","geometry":{"type":"Point","coordinates":[-78.69434,35.80476]},"properties":{"id":"camera-5585","layer":"camera","title":"Camera 5585","severity":0,"category":"Camera","url":"https://www.drivenc.gov/?type=camera&id=5585"}},{"type":"Feature","geometry":{"type":"Point","coordinates":[-78.84863,35.89117]},"properties":{"id":"camera-5586","layer":"camera","title":"Camera 5586","severity":0,"category":"Camera","url":"https://www.drivenc.gov/?type=camera&id=5586"}},{"type":"Feature","geometry":{"type":"Point","coordinates":[-78.83946,35.88156]},"properties":{"id":"camera-5587","layer":"camera","title":"Camera 5587","severity":0,"category":"Camera","url":"https://www.drivenc.gov/?type=camera&id=5587"}},{"type":"Feature","geometry":{"type":"Point","coordinates":[-78.83149,35.87285]},"properties":{"id":"camera-5588","layer":"camera","title":"Camera 5588","severity":0,"category":"Camera","url":"https://www.drivenc.gov/?type=camera&id=5588"}},{"type":"Feature","geometry":{"type":"Point","coordinates":[-78.81545,35.8615]},"properties":{"id":"camera-5589","layer":"camera","title":"Camera 5589","severity":0,"category":"Camera","url":"https://www.drivenc.gov/?type=camera&id=5589"}},{"type":"Feature","geometry":{"type":"Point","coordinates":[-78.79795,35.84953]},"properties":{"id":"camera-5590","layer":"camera","title":"Camera 5590","severity":0,"category":"Camera","url":"https://www.drivenc.gov/?type=camera&id=5590"}},{"type":"Feature","geometry":{"type":"Point","coordinates":[-78.78192,35.84011]},"properties":{"id":"camera-5591","layer":"camera","title":"Camera 5591","severity":0,"category":"Camera","url":"https://www.drivenc.gov/?type=camera&id=5591"}},{"type":"Feature","geometry":{"type":"Point","coordinates":[-78.76357,35.83192]},"properties":{"id":"camera-5592","layer":"camera","title":"Camera 5592","severity":0,"category":"Camera","url":"https://www.drivenc.gov/?type=camera&id=5592"}},{"type":"Feature","geometry":{"type":"Point","coordinates":[-78.74284,35.82014]},"properties":{"id":"camera-5593","layer":"camera","title":"Camera 5593","severity":0,"category":"Camera","url":"https://www.drivenc.gov/?type=camera&id=5593"}},{"type":"Feature","geometry":{"type":"Point","coordinates":[-78.73968,35.80629]},"properties":{"id":"camera-5594","layer":"camera","title":"Camera 5594","severity":0,"category":"Camera","url":"https://www.drivenc.gov/?type=camera&id=5594"}},{"type":"Feature","geometry":{"type":"Point","coordinates":[-78.74498,35.79186]},"properties":{"id":"camera-5595","layer":"camera","title":"Camera 5595","severity":0,"category":"Camera","url":"https://www.drivenc.gov/?type=camera&id=5595"}},{"type":"Feature","geometry":{"type":"Point","coordinates":[-78.70691,35.82409]},"properties":{"id":"camera-5596","layer":"camera","title":"Camera 5596","severity":0,"category":"Camera","url":"https://www.drivenc.gov/?type=camera&id=5596"}},{"type":"Feature","geometry":{"type":"Point","coordinates":[-78.74901,35.78036]},"properties":{"id":"camera-5597","layer":"camera","title":"Camera 5597","severity":0,"category":"Camera","url":"https://www.drivenc.gov/?type=camera&id=5597"}},{"type":"Feature","geometry":{"type":"Point","coordinates":[-78.73543,35.76724]},"properties":{"id":"camera-5598","layer":"camera","title":"Camera 5598","severity":0,"category":"Camera","url":"https://www.drivenc.gov/?type=camera&id=5598"}},{"type":"Feature","geometry":{"type":"Point","coordinates":[-78.7184,35.75666]},"properties":{"id":"camera-5599","layer":"camera","title":"Camera 5599","severity":0,"category":"Camera","url":"https://www.drivenc.gov/?type=camera&id=5599"}},{"type":"Feature","geometry":{"type":"Point","coordinates":[-78.69455,35.75163]},"properties":{"id":"camera-5600","layer":"camera","title":"Camera 5600","severity":0,"category":"Camera","url":"https://www.drivenc.gov/?type=camera&id=5600"}},{"type":"Feature","geometry":{"type":"Point","coordinates":[-78.66476,35.75775]},"properties":{"id":"camera-5601","layer":"camera","title":"Camera 5601","severity":0,"category":"Camera","url":"https://www.drivenc.gov/?type=camera&id=5601"}},{"type":"Feature","geometry":{"type":"Point","coordinates":[-78.64949,35.75247]},"properties":{"id":"camera-5602","layer":"camera","title":"Camera 5602","severity":0,"category":"Camera","url":"https://www.drivenc.gov/?type=camera&id=5602"}},{"type":"Feature","geometry":{"type":"Point","coordinates":[-78.63081,35.75257]},"properties":{"id":"camera-5603","layer":"camera","title":"Camera 5603","severity":0,"category":"Camera","url":"https://www.drivenc.gov/?type=camera&id=5603"}},{"type":"Feature","geometry":{"type":"Point","coordinates":[-78.5959,35.7532]},"properties":{"id":"camera-5604","layer":"camera","title":"Camera 5604","severity":0,"category":"Camera","url":"https://www.drivenc.gov/?type=camera&id=5604"}},{"type":"Feature","geometry":{"type":"Point","coordinates":[-78.61254,35.75821]},"properties":{"id":"camera-5605","layer":"camera","title":"Camera 5605","severity":0,"category":"Camera","url":"https://www.drivenc.gov/?type=camera&id=5605"}},{"type":"Feature","geometry":{"type":"Point","coordinates":[-78.71466,35.8152]},"properties":{"id":"camera-5606","layer":"camera","title":"Camera 5606","severity":0,"category":"Camera","url":"https://www.drivenc.gov/?type=camera&id=5606"}},{"type":"Feature","geometry":{"type":"Point","coordinates":[-78.58421,35.72249]},"properties":{"id":"camera-5607","layer":"camera","title":"Camera 5607","severity":0,"category":"Camera","url":"https://www.drivenc.gov/?type=camera&id=5607"}},{"type":"Feature","geometry":{"type":"Point","coordinates":[-78.58265,35.70281]},"properties":{"id":"camera-5608","layer":"camera","title":"Camera 5608","severity":0,"category":"Camera","url":"https://www.drivenc.gov/?type=camera&id=5608"}},{"type":"Feature","geometry":{"type":"Point","coordinates":[-78.57488,35.69503]},"properties":{"id":"camera-5609","layer":"camera","title":"Camera 5609","severity":0,"category":"Camera","url":"https://www.drivenc.gov/?type=camera&id=5609"}},{"type":"Feature","geometry":{"type":"Point","coordinates":[-78.56401,35.66545]},"properties":{"id":"camera-5610","layer":"camera","title":"Camera 5610","severity":0,"category":"Camera","url":"https://www.drivenc.gov/?type=camera&id=5610"}},{"type":"Feature","geometry":{"type":"Point","coordinates":[-78.56404,35.6772]},"properties":{"id":"camera-5611","layer":"camera","title":"Camera 5611","severity":0,"category":"Camera","url":"https://www.drivenc.gov/?type=camera&id=5611"}},{"type":"Feature","geometry":{"type":"Point","coordinates":[-78.62091,35.82543]},"properties":{"id":"camera-5612","layer":"camera","title":"Camera 5612","severity":0,"category":"Camera","url":"https://www.drivenc.gov/?type=camera&id=5612"}},{"type":"Feature","geometry":{"type":"Point","coordinates":[-78.59665,35.80494]},"properties":{"id":"camera-5613","layer":"camera","title":"Camera 5613","severity":0,"category":"Camera","url":"https://www.drivenc.gov/?type=camera&id=5613"}},{"type":"Feature","geometry":{"type":"Point","coordinates":[-78.58249,35.79477]},"properties":{"id":"camera-5614","layer":"camera","title":"Camera 5614","severity":0,"category":"Camera","url":"https://www.drivenc.gov/?type=camera&id=5614"}},{"type":"Feature","geometry":{"type":"Point","coordinates":[-78.57302,35.78154]},"properties":{"id":"camera-5615","layer":"camera","title":"Camera 5615","severity":0,"category":"Camera","url":"https://www.drivenc.gov/?type=camera&id=5615"}},{"type":"Feature","geometry":{"type":"Point","coordinates":[-78.72746,35.79978]},"properties":{"id":"camera-5616","layer":"camera","title":"Camera 5616","severity":0,"category":"Camera","url":"https://www.drivenc.gov/?type=camera&id=5616"}},{"type":"Feature","geometry":{"type":"Point","coordinates":[-78.57759,35.75656]},"properties":{"id":"camera-5617","layer":"camera","title":"Camera 5617","severity":0,"category":"Camera","url":"https://www.drivenc.gov/?type=camera&id=5617"}},{"type":"Feature","geometry":{"type":"Point","coordinates":[-78.5848,35.7533]},"properties":{"id":"camera-5618","layer":"camera","title":"Camera 5618","severity":0,"category":"Camera","url":"https://www.drivenc.gov/?type=camera&id=5618"}},{"type":"Feature","geometry":{"type":"Point","coordinates":[-78.72308,35.77052]},"properties":{"id":"camera-5619","layer":"camera","title":"Camera 5619","severity":0,"category":"Camera","url":"https://www.drivenc.gov/?type=camera&id=5619"}},{"type":"Feature","geometry":{"type":"Point","coordinates":[-78.69766,35.7846]},"properties":{"id":"camera-5620","layer":"camera","title":"Camera 5620","severity":0,"category":"Camera","url":"https://www.drivenc.gov/?type=camera&id=5620"}},{"type":"Feature","geometry":{"type":"Point","coordinates":[-78.69607,35.79399]},"properties":{"id":"camera-5621","layer":"camera","title":"Camera 5621","severity":0,"category":"Camera","url":"https://www.drivenc.gov/?type=camera&id=5621"}},{"type":"Feature","geometry":{"type":"Point","coordinates":[-78.69039,35.81563]},"properties":{"id":"camera-5622","layer":"camera","title":"Camera 5622","severity":0,"category":"Camera","url":"https://www.drivenc.gov/?type=camera&id=5622"}},{"type":"Feature","geometry":{"type":"Point","coordinates":[-78.6754,35.83323]},"properties":{"id":"camera-5623","layer":"camera","title":"Camera 5623","severity":0,"category":"Camera","url":"https://www.drivenc.gov/?type=camera&id=5623"}},{"type":"Feature","geometry":{"type":"Point","coordinates":[-78.64984,35.83612]},"properties":{"id":"camera-5624","layer":"camera","title":"Camera 5624","severity":0,"category":"Camera","url":"https://www.drivenc.gov/?type=camera&id=5624"}},{"type":"Feature","geometry":{"type":"Point","coordinates":[-78.66941,35.83566]},"properties":{"id":"camera-5625","layer":"camera","title":"Camera 5625","severity":0,"category":"Camera","url":"https://www.drivenc.gov/?type=camera&id=5625"}},{"type":"Feature","geometry":{"type":"Point","coordinates":[-78.72382,35.80734]},"properties":{"id":"camera-5626","layer":"camera","title":"Camera 5626","severity":0,"category":"Camera","url":"https://www.drivenc.gov/?type=camera&id=5626"}},{"type":"Feature","geometry":{"type":"Point","coordinates":[-78.6381,35.8348]},"properties":{"id":"camera-5627","layer":"camera","title":"Camera 5627","severity":0,"category":"Camera","url":"https://www.drivenc.gov/?type=camera&id=5627"}},{"type":"Feature","geometry":{"type":"Point","coordinates":[-78.59139,35.88436]},"properties":{"id":"camera-5633","layer":"camera","title":"Camera 5633","severity":0,"category":"Camera","url":"https://www.drivenc.gov/?type=camera&id=5633"}},{"type":"Feature","geometry":{"type":"Point","coordinates":[-78.57695,35.87584]},"properties":{"id":"camera-5634","layer":"camera","title":"Camera 5634","severity":0,"category":"Camera","url":"https://www.drivenc.gov/?type=camera&id=5634"}},{"type":"Feature","geometry":{"type":"Point","coordinates":[-78.56775,35.87372]},"properties":{"id":"camera-5635","layer":"camera","title":"Camera 5635","severity":0,"category":"Camera","url":"https://www.drivenc.gov/?type=camera&id=5635"}},{"type":"Feature","geometry":{"type":"Point","coordinates":[-78.72653,35.80257]},"properties":{"id":"camera-5637","layer":"camera","title":"Camera 5637","severity":0,"category":"Camera","url":"https://www.drivenc.gov/?type=camera&id=5637"}},{"type":"Feature","geometry":{"type":"Point","coordinates":[-78.53212,35.85501]},"properties":{"id":"camera-5638","layer":"camera","title":"Camera 5638","severity":0,"category":"Camera","url":"https://www.drivenc.gov/?type=camera&id=5638"}},{"type":"Feature","geometry":{"type":"Point","coordinates":[-78.80104,35.89489]},"properties":{"id":"camera-5639","layer":"camera","title":"Camera 5639","severity":0,"category":"Camera","url":"https://www.drivenc.gov/?type=camera&id=5639"}},{"type":"Feature","geometry":{"type":"Point","coordinates":[-78.52294,35.8465]},"properties":{"id":"camera-5640","layer":"camera","title":"Camera 5640","severity":0,"category":"Camera","url":"https://www.drivenc.gov/?type=camera&id=5640"}},{"type":"Feature","geometry":{"type":"Point","coordinates":[-78.51593,35.82118]},"properties":{"id":"camera-5641","layer":"camera","title":"Camera 5641","severity":0,"category":"Camera","url":"https://www.drivenc.gov/?type=camera&id=5641"}},{"type":"Feature","geometry":{"type":"Point","coordinates":[-78.51573,35.79531]},"properties":{"id":"camera-5642","layer":"camera","title":"Camera 5642","severity":0,"category":"Camera","url":"https://www.drivenc.gov/?type=camera&id=5642"}},{"type":"Feature","geometry":{"type":"Point","coordinates":[-78.50665,35.77289]},"properties":{"id":"camera-5643","layer":"camera","title":"Camera 5643","severity":0,"category":"Camera","url":"https://www.drivenc.gov/?type=camera&id=5643"}},{"type":"Feature","geometry":{"type":"Point","coordinates":[-78.81352,35.89267]},"properties":{"id":"camera-5645","layer":"camera","title":"Camera 5645","severity":0,"category":"Camera","url":"https://www.drivenc.gov/?type=camera&id=5645"}},{"type":"Feature","geometry":{"type":"Point","coordinates":[-78.78426,35.898783]},"properties":{"id":"camera-5646","layer":"camera","title":"Camera 5646","severity":0,"category":"Camera","url":"https://www.drivenc.gov/?type=camera&id=5646"}},{"type":"Feature","geometry":{"type":"Point","coordinates":[-78.77194,35.90507]},"properties":{"id":"camera-5647","layer":"camera","title":"Camera 5647","severity":0,"category":"Camera","url":"https://www.drivenc.gov/?type=camera&id=5647"}},{"type":"Feature","geometry":{"type":"Point","coordinates":[-78.6985,35.83324]},"properties":{"id":"camera-5648","layer":"camera","title":"Camera 5648","severity":0,"category":"Camera","url":"https://www.drivenc.gov/?type=camera&id=5648"}},{"type":"Feature","geometry":{"type":"Point","coordinates":[-78.75611,35.91102]},"properties":{"id":"camera-5649","layer":"camera","title":"Camera 5649","severity":0,"category":"Camera","url":"https://www.drivenc.gov/?type=camera&id=5649"}},{"type":"Feature","geometry":{"type":"Point","coordinates":[-78.72819,35.91097]},"properties":{"id":"camera-5650","layer":"camera","title":"Camera 5650","severity":0,"category":"Camera","url":"https://www.drivenc.gov/?type=camera&id=5650"}},{"type":"Feature","geometry":{"type":"Point","coordinates":[-78.72815,35.91256]},"properties":{"id":"camera-5651","layer":"camera","title":"Camera 5651","severity":0,"category":"Camera","url":"https://www.drivenc.gov/?type=camera&id=5651"}},{"type":"Feature","geometry":{"type":"Point","coordinates":[-78.7085,35.91519]},"properties":{"id":"camera-5652","layer":"camera","title":"Camera 5652","severity":0,"category":"Camera","url":"https://www.drivenc.gov/?type=camera&id=5652"}},{"type":"Feature","geometry":{"type":"Point","coordinates":[-78.68206,35.91447]},"properties":{"id":"camera-5653","layer":"camera","title":"Camera 5653","severity":0,"category":"Camera","url":"https://www.drivenc.gov/?type=camera&id=5653"}},{"type":"Feature","geometry":{"type":"Point","coordinates":[-78.68162,35.9158]},"properties":{"id":"camera-5654","layer":"camera","title":"Camera 5654","severity":0,"category":"Camera","url":"https://www.drivenc.gov/?type=camera&id=5654"}},{"type":"Feature","geometry":{"type":"Point","coordinates":[-78.29632,35.83344]},"properties":{"id":"camera-5655","layer":"camera","title":"Camera 5655","severity":0,"category":"Camera","url":"https://www.drivenc.gov/?type=camera&id=5655"}},{"type":"Feature","geometry":{"type":"Point","coordinates":[-78.96356,36.03276]},"properties":{"id":"camera-5656","layer":"camera","title":"Camera 5656","severity":0,"category":"Camera","url":"https://www.drivenc.gov/?type=camera&id=5656"}},{"type":"Feature","geometry":{"type":"Point","coordinates":[-78.94806,36.02424]},"properties":{"id":"camera-5657","layer":"camera","title":"Camera 5657","severity":0,"category":"Camera","url":"https://www.drivenc.gov/?type=camera&id=5657"}},{"type":"Feature","geometry":{"type":"Point","coordinates":[-78.91678,36.02491]},"properties":{"id":"camera-5658","layer":"camera","title":"Camera 5658","severity":0,"category":"Camera","url":"https://www.drivenc.gov/?type=camera&id=5658"}},{"type":"Feature","geometry":{"type":"Point","coordinates":[-78.99844,35.95089]},"properties":{"id":"camera-5659","layer":"camera","title":"Camera 5659","severity":0,"category":"Camera","url":"https://www.drivenc.gov/?type=camera&id=5659"}},{"type":"Feature","geometry":{"type":"Point","coordinates":[-78.90551,36.02015]},"properties":{"id":"camera-5660","layer":"camera","title":"Camera 5660","severity":0,"category":"Camera","url":"https://www.drivenc.gov/?type=camera&id=5660"}},{"type":"Feature","geometry":{"type":"Point","coordinates":[-78.88687,36.01395]},"properties":{"id":"camera-5661","layer":"camera","title":"Camera 5661","severity":0,"category":"Camera","url":"https://www.drivenc.gov/?type=camera&id=5661"}},{"type":"Feature","geometry":{"type":"Point","coordinates":[-78.87048,36.01327]},"properties":{"id":"camera-5662","layer":"camera","title":"Camera 5662","severity":0,"category":"Camera","url":"https://www.drivenc.gov/?type=camera&id=5662"}},{"type":"Feature","geometry":{"type":"Point","coordinates":[-78.85147,36.02568]},"properties":{"id":"camera-5663","layer":"camera","title":"Camera 5663","severity":0,"category":"Camera","url":"https://www.drivenc.gov/?type=camera&id=5663"}},{"type":"Feature","geometry":{"type":"Point","coordinates":[-78.84144,36.03225]},"properties":{"id":"camera-5664","layer":"camera","title":"Camera 5664","severity":0,"category":"Camera","url":"https://www.drivenc.gov/?type=camera&id=5664"}},{"type":"Feature","geometry":{"type":"Point","coordinates":[-78.81561,36.04551]},"properties":{"id":"camera-5665","layer":"camera","title":"Camera 5665","severity":0,"category":"Camera","url":"https://www.drivenc.gov/?type=camera&id=5665"}},{"type":"Feature","geometry":{"type":"Point","coordinates":[-78.79514,36.05785]},"properties":{"id":"camera-5666","layer":"camera","title":"Camera 5666","severity":0,"category":"Camera","url":"https://www.drivenc.gov/?type=camera&id=5666"}},{"type":"Feature","geometry":{"type":"Point","coordinates":[-78.78269,36.06695]},"properties":{"id":"camera-5667","layer":"camera","title":"Camera 5667","severity":0,"category":"Camera","url":"https://www.drivenc.gov/?type=camera&id=5667"}},{"type":"Feature","geometry":{"type":"Point","coordinates":[-78.4491,36.32725]},"properties":{"id":"camera-5668","layer":"camera","title":"Camera 5668","severity":0,"category":"Camera","url":"https://www.drivenc.gov/?type=camera&id=5668"}},{"type":"Feature","geometry":{"type":"Point","coordinates":[-78.99752,34.7075]},"properties":{"id":"camera-5669","layer":"camera","title":"Camera 5669","severity":0,"category":"Camera","url":"https://www.drivenc.gov/?type=camera&id=5669"}},{"type":"Feature","geometry":{"type":"Point","coordinates":[-78.94279,34.92479]},"properties":{"id":"camera-5670","layer":"camera","title":"Camera 5670","severity":0,"category":"Camera","url":"https://www.drivenc.gov/?type=camera&id=5670"}},{"type":"Feature","geometry":{"type":"Point","coordinates":[-78.92885,34.94855]},"properties":{"id":"camera-5671","layer":"camera","title":"Camera 5671","severity":0,"category":"Camera","url":"https://www.drivenc.gov/?type=camera&id=5671"}},{"type":"Feature","geometry":{"type":"Point","coordinates":[-79.08342,34.60973]},"properties":{"id":"camera-5672","layer":"camera","title":"Camera 5672","severity":0,"category":"Camera","url":"https://www.drivenc.gov/?type=camera&id=5672"}},{"type":"Feature","geometry":{"type":"Point","coordinates":[-79.050543,34.623258]},"properties":{"id":"camera-5673","layer":"camera","title":"Camera 5673","severity":0,"category":"Camera","url":"https://www.drivenc.gov/?type=camera&id=5673"}},{"type":"Feature","geometry":{"type":"Point","coordinates":[-79.14752,34.57864]},"properties":{"id":"camera-5674","layer":"camera","title":"Camera 5674","severity":0,"category":"Camera","url":"https://www.drivenc.gov/?type=camera&id=5674"}},{"type":"Feature","geometry":{"type":"Point","coordinates":[-79.0056,34.67222]},"properties":{"id":"camera-5675","layer":"camera","title":"Camera 5675","severity":0,"category":"Camera","url":"https://www.drivenc.gov/?type=camera&id=5675"}},{"type":"Feature","geometry":{"type":"Point","coordinates":[-79.0285,34.63304]},"properties":{"id":"camera-5676","layer":"camera","title":"Camera 5676","severity":0,"category":"Camera","url":"https://www.drivenc.gov/?type=camera&id=5676"}},{"type":"Feature","geometry":{"type":"Point","coordinates":[-79.01633,34.64107]},"properties":{"id":"camera-5678","layer":"camera","title":"Camera 5678","severity":0,"category":"Camera","url":"https://www.drivenc.gov/?type=camera&id=5678"}},{"type":"Feature","geometry":{"type":"Point","coordinates":[-78.99542,34.77886]},"properties":{"id":"camera-5680","layer":"camera","title":"Camera 5680","severity":0,"category":"Camera","url":"https://www.drivenc.gov/?type=camera&id=5680"}},{"type":"Feature","geometry":{"type":"Point","coordinates":[-79.2448,34.6507]},"properties":{"id":"camera-5681","layer":"camera","title":"Camera 5681","severity":0,"category":"Camera","url":"https://www.drivenc.gov/?type=camera&id=5681"}},{"type":"Feature","geometry":{"type":"Point","coordinates":[-79.20078,34.60433]},"properties":{"id":"camera-5682","layer":"camera","title":"Camera 5682","severity":0,"category":"Camera","url":"https://www.drivenc.gov/?type=camera&id=5682"}},{"type":"Feature","geometry":{"type":"Point","coordinates":[-79.11009,34.59339]},"properties":{"id":"camera-5683","layer":"camera","title":"Camera 5683","severity":0,"category":"Camera","url":"https://www.drivenc.gov/?type=camera&id=5683"}},{"type":"Feature","geometry":{"type":"Point","coordinates":[-79.088431,34.591791]},"properties":{"id":"camera-5684","layer":"camera","title":"Camera 5684","severity":0,"category":"Camera","url":"https://www.drivenc.gov/?type=camera&id=5684"}},{"type":"Feature","geometry":{"type":"Point","coordinates":[-79.04811,34.57972]},"properties":{"id":"camera-5685","layer":"camera","title":"Camera 5685","severity":0,"category":"Camera","url":"https://www.drivenc.gov/?type=camera&id=5685"}},{"type":"Feature","geometry":{"type":"Point","coordinates":[-79.00628,34.66988]},"properties":{"id":"camera-5686","layer":"camera","title":"Camera 5686","severity":0,"category":"Camera","url":"https://www.drivenc.gov/?type=camera&id=5686"}},{"type":"Feature","geometry":{"type":"Point","coordinates":[-78.997651,34.720053]},"properties":{"id":"camera-5687","layer":"camera","title":"Camera 5687","severity":0,"category":"Camera","url":"https://www.drivenc.gov/?type=camera&id=5687"}},{"type":"Feature","geometry":{"type":"Point","coordinates":[-78.98618,34.81092]},"properties":{"id":"camera-5688","layer":"camera","title":"Camera 5688","severity":0,"category":"Camera","url":"https://www.drivenc.gov/?type=camera&id=5688"}},{"type":"Feature","geometry":{"type":"Point","coordinates":[-78.7871,35.082899]},"properties":{"id":"camera-5689","layer":"camera","title":"Camera 5689","severity":0,"category":"Camera","url":"https://www.drivenc.gov/?type=camera&id=5689"}},{"type":"Feature","geometry":{"type":"Point","coordinates":[-78.99866,34.69177]},"properties":{"id":"camera-5690","layer":"camera","title":"Camera 5690","severity":0,"category":"Camera","url":"https://www.drivenc.gov/?type=camera&id=5690"}},{"type":"Feature","geometry":{"type":"Point","coordinates":[-78.92235,34.938]},"properties":{"id":"camera-5691","layer":"camera","title":"Camera 5691","severity":0,"category":"Camera","url":"https://www.drivenc.gov/?type=camera&id=5691"}},{"type":"Feature","geometry":{"type":"Point","coordinates":[-78.86172,34.97344]},"properties":{"id":"camera-5692","layer":"camera","title":"Camera 5692","severity":0,"category":"Camera","url":"https://www.drivenc.gov/?type=camera&id=5692"}},{"type":"Feature","geometry":{"type":"Point","coordinates":[-78.85554,34.97674]},"properties":{"id":"camera-5693","layer":"camera","title":"Camera 5693","severity":0,"category":"Camera","url":"https://www.drivenc.gov/?type=camera&id=5693"}},{"type":"Feature","geometry":{"type":"Point","coordinates":[-78.80431,35.04254]},"properties":{"id":"camera-5694","layer":"camera","title":"Camera 5694","severity":0,"category":"Camera","url":"https://www.drivenc.gov/?type=camera&id=5694"}},{"type":"Feature","geometry":{"type":"Point","coordinates":[-78.82023,35.00905]},"properties":{"id":"camera-5695","layer":"camera","title":"Camera 5695","severity":0,"category":"Camera","url":"https://www.drivenc.gov/?type=camera&id=5695"}},{"type":"Feature","geometry":{"type":"Point","coordinates":[-78.777,35.09577]},"properties":{"id":"camera-5697","layer":"camera","title":"Camera 5697","severity":0,"category":"Camera","url":"https://www.drivenc.gov/?type=camera&id=5697"}},{"type":"Feature","geometry":{"type":"Point","coordinates":[-78.76613,35.11255]},"properties":{"id":"camera-5698","layer":"camera","title":"Camera 5698","severity":0,"category":"Camera","url":"https://www.drivenc.gov/?type=camera&id=5698"}},{"type":"Feature","geometry":{"type":"Point","coordinates":[-78.99725,34.74848]},"properties":{"id":"camera-5699","layer":"camera","title":"Camera 5699","severity":0,"category":"Camera","url":"https://www.drivenc.gov/?type=camera&id=5699"}},{"type":"Feature","geometry":{"type":"Point","coordinates":[-78.70949,35.16511]},"properties":{"id":"camera-5700","layer":"camera","title":"Camera 5700","severity":0,"category":"Camera","url":"https://www.drivenc.gov/?type=camera&id=5700"}},{"type":"Feature","geometry":{"type":"Point","coordinates":[-78.6264,35.25439]},"properties":{"id":"camera-5701","layer":"camera","title":"Camera 5701","severity":0,"category":"Camera","url":"https://www.drivenc.gov/?type=camera&id=5701"}},{"type":"Feature","geometry":{"type":"Point","coordinates":[-78.61697,35.27011]},"properties":{"id":"camera-5702","layer":"camera","title":"Camera 5702","severity":0,"category":"Camera","url":"https://www.drivenc.gov/?type=camera&id=5702"}},{"type":"Feature","geometry":{"type":"Point","coordinates":[-78.59864,35.29902]},"properties":{"id":"camera-5703","layer":"camera","title":"Camera 5703","severity":0,"category":"Camera","url":"https://www.drivenc.gov/?type=camera&id=5703"}},{"type":"Feature","geometry":{"type":"Point","coordinates":[-78.82579,35.1473]},"properties":{"id":"camera-5706","layer":"camera","title":"Camera 5706","severity":0,"category":"Camera","url":"https://www.drivenc.gov/?type=camera&id=5706"}},{"type":"Feature","geometry":{"type":"Point","coordinates":[-78.78569,35.13693]},"properties":{"id":"camera-5707","layer":"camera","title":"Camera 5707","severity":0,"category":"Camera","url":"https://www.drivenc.gov/?type=camera&id=5707"}},{"type":"Feature","geometry":{"type":"Point","coordinates":[-78.99718,34.71903]},"properties":{"id":"camera-5709","layer":"camera","title":"Camera 5709","severity":0,"category":"Camera","url":"https://www.drivenc.gov/?type=camera&id=5709"}},{"type":"Feature","geometry":{"type":"Point","coordinates":[-78.63761,35.25133]},"properties":{"id":"camera-5710","layer":"camera","title":"Camera 5710","severity":0,"category":"Camera","url":"https://www.drivenc.gov/?type=camera&id=5710"}},{"type":"Feature","geometry":{"type":"Point","coordinates":[-78.67785,35.21644]},"properties":{"id":"camera-5711","layer":"camera","title":"Camera 5711","severity":0,"category":"Camera","url":"https://www.drivenc.gov/?type=camera&id=5711"}},{"type":"Feature","geometry":{"type":"Point","coordinates":[-78.60125,35.31493]},"properties":{"id":"camera-5712","layer":"camera","title":"Camera 5712","severity":0,"category":"Camera","url":"https://www.drivenc.gov/?type=camera&id=5712"}},{"type":"Feature","geometry":{"type":"Point","coordinates":[-78.60932,35.30629]},"properties":{"id":"camera-5714","layer":"camera","title":"Camera 5714","severity":0,"category":"Camera","url":"https://www.drivenc.gov/?type=camera&id=5714"}},{"type":"Feature","geometry":{"type":"Point","coordinates":[-78.72975,35.16076]},"properties":{"id":"camera-5715","layer":"camera","title":"Camera 5715","severity":0,"category":"Camera","url":"https://www.drivenc.gov/?type=camera&id=5715"}},{"type":"Feature","geometry":{"type":"Point","coordinates":[-78.35365,35.24387]},"properties":{"id":"camera-5717","layer":"camera","title":"Camera 5717","severity":0,"category":"Camera","url":"https://www.drivenc.gov/?type=camera&id=5717"}},{"type":"Feature","geometry":{"type":"Point","coordinates":[-79.34365,34.74902]},"properties":{"id":"camera-5718","layer":"camera","title":"Camera 5718","severity":0,"category":"Camera","url":"https://www.drivenc.gov/?type=camera&id=5718"}},{"type":"Feature","geometry":{"type":"Point","coordinates":[-78.96099,34.88545]},"properties":{"id":"camera-5719","layer":"camera","title":"Camera 5719","severity":0,"category":"Camera","url":"https://www.drivenc.gov/?type=camera&id=5719"}},{"type":"Feature","geometry":{"type":"Point","coordinates":[-78.96591,34.85742]},"properties":{"id":"camera-5720","layer":"camera","title":"Camera 5720","severity":0,"category":"Camera","url":"https://www.drivenc.gov/?type=camera&id=5720"}},{"type":"Feature","geometry":{"type":"Point","coordinates":[-78.98304,34.82481]},"properties":{"id":"camera-5721","layer":"camera","title":"Camera 5721","severity":0,"category":"Camera","url":"https://www.drivenc.gov/?type=camera&id=5721"}},{"type":"Feature","geometry":{"type":"Point","coordinates":[-78.96893,34.84934]},"properties":{"id":"camera-5722","layer":"camera","title":"Camera 5722","severity":0,"category":"Camera","url":"https://www.drivenc.gov/?type=camera&id=5722"}},{"type":"Feature","geometry":{"type":"Point","coordinates":[-79.6923,36.07503]},"properties":{"id":"camera-5723","layer":"camera","title":"Camera 5723","severity":0,"category":"Camera","url":"https://www.drivenc.gov/?type=camera&id=5723"}},{"type":"Feature","geometry":{"type":"Point","coordinates":[-79.68789,36.04482]},"properties":{"id":"camera-5724","layer":"camera","title":"Camera 5724","severity":0,"category":"Camera","url":"https://www.drivenc.gov/?type=camera&id=5724"}},{"type":"Feature","geometry":{"type":"Point","coordinates":[-79.67996,36.05874]},"properties":{"id":"camera-5725","layer":"camera","title":"Camera 5725","severity":0,"category":"Camera","url":"https://www.drivenc.gov/?type=camera&id=5725"}},{"type":"Feature","geometry":{"type":"Point","coordinates":[-79.90847,36.11697]},"properties":{"id":"camera-5726","layer":"camera","title":"Camera 5726","severity":0,"category":"Camera","url":"https://www.drivenc.gov/?type=camera&id=5726"}},{"type":"Feature","geometry":{"type":"Point","coordinates":[-79.90286,36.12491]},"properties":{"id":"camera-5727","layer":"camera","title":"Camera 5727","severity":0,"category":"Camera","url":"https://www.drivenc.gov/?type=camera&id=5727"}},{"type":"Feature","geometry":{"type":"Point","coordinates":[-79.87135,36.13618]},"properties":{"id":"camera-5728","layer":"camera","title":"Camera 5728","severity":0,"category":"Camera","url":"https://www.drivenc.gov/?type=camera&id=5728"}},{"type":"Feature","geometry":{"type":"Point","coordinates":[-79.88625,36.13557]},"properties":{"id":"camera-5729","layer":"camera","title":"Camera 5729","severity":0,"category":"Camera","url":"https://www.drivenc.gov/?type=camera&id=5729"}},{"type":"Feature","geometry":{"type":"Point","coordinates":[-79.86316,36.13719]},"properties":{"id":"camera-5730","layer":"camera","title":"Camera 5730","severity":0,"category":"Camera","url":"https://www.drivenc.gov/?type=camera&id=5730"}},{"type":"Feature","geometry":{"type":"Point","coordinates":[-79.84941,36.13804]},"properties":{"id":"camera-5731","layer":"camera","title":"Camera 5731","severity":0,"category":"Camera","url":"https://www.drivenc.gov/?type=camera&id=5731"}},{"type":"Feature","geometry":{"type":"Point","coordinates":[-79.84897,36.13868]},"properties":{"id":"camera-5732","layer":"camera","title":"Camera 5732","severity":0,"category":"Camera","url":"https://www.drivenc.gov/?type=camera&id=5732"}},{"type":"Feature","geometry":{"type":"Point","coordinates":[-79.86111,36.13925]},"properties":{"id":"camera-5733","layer":"camera","title":"Camera 5733","severity":0,"category":"Camera","url":"https://www.drivenc.gov/?type=camera&id=5733"}},{"type":"Feature","geometry":{"type":"Point","coordinates":[-79.83083,36.14157]},"properties":{"id":"camera-5734","layer":"camera","title":"Camera 5734","severity":0,"category":"Camera","url":"https://www.drivenc.gov/?type=camera&id=5734"}},{"type":"Feature","geometry":{"type":"Point","coordinates":[-79.83514,36.14097]},"properties":{"id":"camera-5735","layer":"camera","title":"Camera 5735","severity":0,"category":"Camera","url":"https://www.drivenc.gov/?type=camera&id=5735"}},{"type":"Feature","geometry":{"type":"Point","coordinates":[-79.81426,36.14199]},"properties":{"id":"camera-5736","layer":"camera","title":"Camera 5736","severity":0,"category":"Camera","url":"https://www.drivenc.gov/?type=camera&id=5736"}},{"type":"Feature","geometry":{"type":"Point","coordinates":[-79.82818,36.00328]},"properties":{"id":"camera-5737","layer":"camera","title":"Camera 5737","severity":0,"category":"Camera","url":"https://www.drivenc.gov/?type=camera&id=5737"}},{"type":"Feature","geometry":{"type":"Point","coordinates":[-79.82682,36.00331]},"properties":{"id":"camera-5738","layer":"camera","title":"Camera 5738","severity":0,"category":"Camera","url":"https://www.drivenc.gov/?type=camera&id=5738"}},{"type":"Feature","geometry":{"type":"Point","coordinates":[-79.8062,36.0002]},"properties":{"id":"camera-5739","layer":"camera","title":"Camera 5739","severity":0,"category":"Camera","url":"https://www.drivenc.gov/?type=camera&id=5739"}},{"type":"Feature","geometry":{"type":"Point","coordinates":[-79.118583,36.049298]},"properties":{"id":"camera-5740","layer":"camera","title":"Camera 5740","severity":0,"category":"Camera","url":"https://www.drivenc.gov/?type=camera&id=5740"}},{"type":"Feature","geometry":{"type":"Point","coordinates":[-79.79232,36.00111]},"properties":{"id":"camera-5741","layer":"camera","title":"Camera 5741","severity":0,"category":"Camera","url":"https://www.drivenc.gov/?type=camera&id=5741"}},{"type":"Feature","geometry":{"type":"Point","coordinates":[-79.7685,35.9969]},"properties":{"id":"camera-5742","layer":"camera","title":"Camera 5742","severity":0,"category":"Camera","url":"https://www.drivenc.gov/?type=camera&id=5742"}},{"type":"Feature","geometry":{"type":"Point","coordinates":[-79.7402,36.00751]},"properties":{"id":"camera-5743","layer":"camera","title":"Camera 5743","severity":0,"category":"Camera","url":"https://www.drivenc.gov/?type=camera&id=5743"}},{"type":"Feature","geometry":{"type":"Point","coordinates":[-79.75266,35.99831]},"properties":{"id":"camera-5744","layer":"camera","title":"Camera 5744","severity":0,"category":"Camera","url":"https://www.drivenc.gov/?type=camera&id=5744"}},{"type":"Feature","geometry":{"type":"Point","coordinates":[-79.71874,36.03047]},"properties":{"id":"camera-5745","layer":"camera","title":"Camera 5745","severity":0,"category":"Camera","url":"https://www.drivenc.gov/?type=camera&id=5745"}},{"type":"Feature","geometry":{"type":"Point","coordinates":[-79.72992,36.02417]},"properties":{"id":"camera-5746","layer":"camera","title":"Camera 5746","severity":0,"category":"Camera","url":"https://www.drivenc.gov/?type=camera&id=5746"}},{"type":"Feature","geometry":{"type":"Point","coordinates":[-79.69583,36.03314]},"properties":{"id":"camera-5747","layer":"camera","title":"Camera 5747","severity":0,"category":"Camera","url":"https://www.drivenc.gov/?type=camera&id=5747"}},{"type":"Feature","geometry":{"type":"Point","coordinates":[-79.6847,36.05593]},"properties":{"id":"camera-5748","layer":"camera","title":"Camera 5748","severity":0,"category":"Camera","url":"https://www.drivenc.gov/?type=camera&id=5748"}},{"type":"Feature","geometry":{"type":"Point","coordinates":[-79.66043,36.05885]},"properties":{"id":"camera-5749","layer":"camera","title":"Camera 5749","severity":0,"category":"Camera","url":"https://www.drivenc.gov/?type=camera&id=5749"}},{"type":"Feature","geometry":{"type":"Point","coordinates":[-79.6391,36.0579]},"properties":{"id":"camera-5750","layer":"camera","title":"Camera 5750","severity":0,"category":"Camera","url":"https://www.drivenc.gov/?type=camera&id=5750"}},{"type":"Feature","geometry":{"type":"Point","coordinates":[-79.10629,36.03795]},"properties":{"id":"camera-5751","layer":"camera","title":"Camera 5751","severity":0,"category":"Camera","url":"https://www.drivenc.gov/?type=camera&id=5751"}},{"type":"Feature","geometry":{"type":"Point","coordinates":[-79.60896,36.06047]},"properties":{"id":"camera-5752","layer":"camera","title":"Camera 5752","severity":0,"category":"Camera","url":"https://www.drivenc.gov/?type=camera&id=5752"}},{"type":"Feature","geometry":{"type":"Point","coordinates":[-79.5855,36.0611]},"properties":{"id":"camera-5753","layer":"camera","title":"Camera 5753","severity":0,"category":"Camera","url":"https://www.drivenc.gov/?type=camera&id=5753"}},{"type":"Feature","geometry":{"type":"Point","coordinates":[-79.56587,36.06241]},"properties":{"id":"camera-5754","layer":"camera","title":"Camera 5754","severity":0,"category":"Camera","url":"https://www.drivenc.gov/?type=camera&id=5754"}},{"type":"Feature","geometry":{"type":"Point","coordinates":[-79.54539,36.0618]},"properties":{"id":"camera-5755","layer":"camera","title":"Camera 5755","severity":0,"category":"Camera","url":"https://www.drivenc.gov/?type=camera&id=5755"}},{"type":"Feature","geometry":{"type":"Point","coordinates":[-79.1905,36.07478]},"properties":{"id":"camera-5756","layer":"camera","title":"Camera 5756","severity":0,"category":"Camera","url":"https://www.drivenc.gov/?type=camera&id=5756"}},{"type":"Feature","geometry":{"type":"Point","coordinates":[-79.10441,36.05696]},"properties":{"id":"camera-5757","layer":"camera","title":"Camera 5757","severity":0,"category":"Camera","url":"https://www.drivenc.gov/?type=camera&id=5757"}},{"type":"Feature","geometry":{"type":"Point","coordinates":[-79.08263,36.05933]},"properties":{"id":"camera-5758","layer":"camera","title":"Camera 5758","severity":0,"category":"Camera","url":"https://www.drivenc.gov/?type=camera&id=5758"}},{"type":"Feature","geometry":{"type":"Point","coordinates":[-79.04693,36.04665]},"properties":{"id":"camera-5759","layer":"camera","title":"Camera 5759","severity":0,"category":"Camera","url":"https://www.drivenc.gov/?type=camera&id=5759"}},{"type":"Feature","geometry":{"type":"Point","coordinates":[-79.02333,36.03888]},"properties":{"id":"camera-5760","layer":"camera","title":"Camera 5760","severity":0,"category":"Camera","url":"https://www.drivenc.gov/?type=camera&id=5760"}},{"type":"Feature","geometry":{"type":"Point","coordinates":[-78.9908,36.03786]},"properties":{"id":"camera-5761","layer":"camera","title":"Camera 5761","severity":0,"category":"Camera","url":"https://www.drivenc.gov/?type=camera&id=5761"}},{"type":"Feature","geometry":{"type":"Point","coordinates":[-79.09457,36.03579]},"properties":{"id":"camera-5762","layer":"camera","title":"Camera 5762","severity":0,"category":"Camera","url":"https://www.drivenc.gov/?type=camera&id=5762"}},{"type":"Feature","geometry":{"type":"Point","coordinates":[-79.83917,36.01102]},"properties":{"id":"camera-5763","layer":"camera","title":"Camera 5763","severity":0,"category":"Camera","url":"https://www.drivenc.gov/?type=camera&id=5763"}},{"type":"Feature","geometry":{"type":"Point","coordinates":[-79.81853,36.02179]},"properties":{"id":"camera-5764","layer":"camera","title":"Camera 5764","severity":0,"category":"Camera","url":"https://www.drivenc.gov/?type=camera&id=5764"}},{"type":"Feature","geometry":{"type":"Point","coordinates":[-79.82643,36.018]},"properties":{"id":"camera-5765","layer":"camera","title":"Camera 5765","severity":0,"category":"Camera","url":"https://www.drivenc.gov/?type=camera&id=5765"}},{"type":"Feature","geometry":{"type":"Point","coordinates":[-79.0899,36.03032]},"properties":{"id":"camera-5766","layer":"camera","title":"Camera 5766","severity":0,"category":"Camera","url":"https://www.drivenc.gov/?type=camera&id=5766"}},{"type":"Feature","geometry":{"type":"Point","coordinates":[-79.0885813,36.0249761]},"properties":{"id":"camera-5767","layer":"camera","title":"Camera 5767","severity":0,"category":"Camera","url":"https://www.drivenc.gov/?type=camera&id=5767"}},{"type":"Feature","geometry":{"type":"Point","coordinates":[-79.9622,36.11624]},"properties":{"id":"camera-5768","layer":"camera","title":"Camera 5768","severity":0,"category":"Camera","url":"https://www.drivenc.gov/?type=camera&id=5768"}},{"type":"Feature","geometry":{"type":"Point","coordinates":[-79.84049,36.04381]},"properties":{"id":"camera-5770","layer":"camera","title":"Camera 5770","severity":0,"category":"Camera","url":"https://www.drivenc.gov/?type=camera&id=5770"}},{"type":"Feature","geometry":{"type":"Point","coordinates":[-79.85939,36.04888]},"properties":{"id":"camera-5771","layer":"camera","title":"Camera 5771","severity":0,"category":"Camera","url":"https://www.drivenc.gov/?type=camera&id=5771"}},{"type":"Feature","geometry":{"type":"Point","coordinates":[-80.10849,36.0747]},"properties":{"id":"camera-5772","layer":"camera","title":"Camera 5772","severity":0,"category":"Camera","url":"https://www.drivenc.gov/?type=camera&id=5772"}},{"type":"Feature","geometry":{"type":"Point","coordinates":[-79.0846,36.00956]},"properties":{"id":"camera-5776","layer":"camera","title":"Camera 5776","severity":0,"category":"Camera","url":"https://www.drivenc.gov/?type=camera&id=5776"}},{"type":"Feature","geometry":{"type":"Point","coordinates":[-79.01195,35.95985]},"properties":{"id":"camera-5777","layer":"camera","title":"Camera 5777","severity":0,"category":"Camera","url":"https://www.drivenc.gov/?type=camera&id=5777"}},{"type":"Feature","geometry":{"type":"Point","coordinates":[-79.72877,36.15119]},"properties":{"id":"camera-5779","layer":"camera","title":"Camera 5779","severity":0,"category":"Camera","url":"https://www.drivenc.gov/?type=camera&id=5779"}},{"type":"Feature","geometry":{"type":"Point","coordinates":[-79.07589,35.99673]},"properties":{"id":"camera-5780","layer":"camera","title":"Camera 5780","severity":0,"category":"Camera","url":"https://www.drivenc.gov/?type=camera&id=5780"}},{"type":"Feature","geometry":{"type":"Point","coordinates":[-80.01802,36.09902]},"properties":{"id":"camera-5781","layer":"camera","title":"Camera 5781","severity":0,"category":"Camera","url":"https://www.drivenc.gov/?type=camera&id=5781"}},{"type":"Feature","geometry":{"type":"Point","coordinates":[-80.0282,36.10288]},"properties":{"id":"camera-5782","layer":"camera","title":"Camera 5782","severity":0,"category":"Camera","url":"https://www.drivenc.gov/?type=camera&id=5782"}},{"type":"Feature","geometry":{"type":"Point","coordinates":[-79.96637,36.09317]},"properties":{"id":"camera-5783","layer":"camera","title":"Camera 5783","severity":0,"category":"Camera","url":"https://www.drivenc.gov/?type=camera&id=5783"}},{"type":"Feature","geometry":{"type":"Point","coordinates":[-79.07373,35.98312]},"properties":{"id":"camera-5784","layer":"camera","title":"Camera 5784","severity":0,"category":"Camera","url":"https://www.drivenc.gov/?type=camera&id=5784"}},{"type":"Feature","geometry":{"type":"Point","coordinates":[-79.06405,35.97166]},"properties":{"id":"camera-5785","layer":"camera","title":"Camera 5785","severity":0,"category":"Camera","url":"https://www.drivenc.gov/?type=camera&id=5785"}},{"type":"Feature","geometry":{"type":"Point","coordinates":[-79.05982,35.96984]},"properties":{"id":"camera-5786","layer":"camera","title":"Camera 5786","severity":0,"category":"Camera","url":"https://www.drivenc.gov/?type=camera&id=5786"}},{"type":"Feature","geometry":{"type":"Point","coordinates":[-79.05007,35.9674]},"properties":{"id":"camera-5787","layer":"camera","title":"Camera 5787","severity":0,"category":"Camera","url":"https://www.drivenc.gov/?type=camera&id=5787"}},{"type":"Feature","geometry":{"type":"Point","coordinates":[-79.02716,35.96784]},"properties":{"id":"camera-5788","layer":"camera","title":"Camera 5788","severity":0,"category":"Camera","url":"https://www.drivenc.gov/?type=camera&id=5788"}},{"type":"Feature","geometry":{"type":"Point","coordinates":[-79.15637,36.07206]},"properties":{"id":"camera-5789","layer":"camera","title":"Camera 5789","severity":0,"category":"Camera","url":"https://www.drivenc.gov/?type=camera&id=5789"}},{"type":"Feature","geometry":{"type":"Point","coordinates":[-79.13039,36.05923]},"properties":{"id":"camera-5790","layer":"camera","title":"Camera 5790","severity":0,"category":"Camera","url":"https://www.drivenc.gov/?type=camera&id=5790"}},{"type":"Feature","geometry":{"type":"Point","coordinates":[-79.99644,36.09263]},"properties":{"id":"camera-5791","layer":"camera","title":"Camera 5791","severity":0,"category":"Camera","url":"https://www.drivenc.gov/?type=camera&id=5791"}},{"type":"Feature","geometry":{"type":"Point","coordinates":[-79.95911,36.08077]},"properties":{"id":"camera-5792","layer":"camera","title":"Camera 5792","severity":0,"category":"Camera","url":"https://www.drivenc.gov/?type=camera&id=5792"}},{"type":"Feature","geometry":{"type":"Point","coordinates":[-79.92285,36.06853]},"properties":{"id":"camera-5793","layer":"camera","title":"Camera 5793","severity":0,"category":"Camera","url":"https://www.drivenc.gov/?type=camera&id=5793"}},{"type":"Feature","geometry":{"type":"Point","coordinates":[-79.94187,36.07543]},"properties":{"id":"camera-5794","layer":"camera","title":"Camera 5794","severity":0,"category":"Camera","url":"https://www.drivenc.gov/?type=camera&id=5794"}},{"type":"Feature","geometry":{"type":"Point","coordinates":[-79.91789,36.0666]},"properties":{"id":"camera-5795","layer":"camera","title":"Camera 5795","severity":0,"category":"Camera","url":"https://www.drivenc.gov/?type=camera&id=5795"}},{"type":"Feature","geometry":{"type":"Point","coordinates":[-79.92116,36.06788]},"properties":{"id":"camera-5796","layer":"camera","title":"Camera 5796","severity":0,"category":"Camera","url":"https://www.drivenc.gov/?type=camera&id=5796"}},{"type":"Feature","geometry":{"type":"Point","coordinates":[-79.90788,36.0629]},"properties":{"id":"camera-5797","layer":"camera","title":"Camera 5797","severity":0,"category":"Camera","url":"https://www.drivenc.gov/?type=camera&id=5797"}},{"type":"Feature","geometry":{"type":"Point","coordinates":[-79.89068,36.05646]},"properties":{"id":"camera-5798","layer":"camera","title":"Camera 5798","severity":0,"category":"Camera","url":"https://www.drivenc.gov/?type=camera&id=5798"}},{"type":"Feature","geometry":{"type":"Point","coordinates":[-79.8191,36.03577]},"properties":{"id":"camera-5801","layer":"camera","title":"Camera 5801","severity":0,"category":"Camera","url":"https://www.drivenc.gov/?type=camera&id=5801"}},{"type":"Feature","geometry":{"type":"Point","coordinates":[-79.80716,36.03164]},"properties":{"id":"camera-5802","layer":"camera","title":"Camera 5802","severity":0,"category":"Camera","url":"https://www.drivenc.gov/?type=camera&id=5802"}},{"type":"Feature","geometry":{"type":"Point","coordinates":[-79.8007,36.03353]},"properties":{"id":"camera-5803","layer":"camera","title":"Camera 5803","severity":0,"category":"Camera","url":"https://www.drivenc.gov/?type=camera&id=5803"}},{"type":"Feature","geometry":{"type":"Point","coordinates":[-79.7804,36.03909]},"properties":{"id":"camera-5804","layer":"camera","title":"Camera 5804","severity":0,"category":"Camera","url":"https://www.drivenc.gov/?type=camera&id=5804"}},{"type":"Feature","geometry":{"type":"Point","coordinates":[-79.77457,36.04463]},"properties":{"id":"camera-5806","layer":"camera","title":"Camera 5806","severity":0,"category":"Camera","url":"https://www.drivenc.gov/?type=camera&id=5806"}},{"type":"Feature","geometry":{"type":"Point","coordinates":[-79.7494,36.04712]},"properties":{"id":"camera-5807","layer":"camera","title":"Camera 5807","severity":0,"category":"Camera","url":"https://www.drivenc.gov/?type=camera&id=5807"}},{"type":"Feature","geometry":{"type":"Point","coordinates":[-79.76885,36.04605]},"properties":{"id":"camera-5808","layer":"camera","title":"Camera 5808","severity":0,"category":"Camera","url":"https://www.drivenc.gov/?type=camera&id=5808"}},{"type":"Feature","geometry":{"type":"Point","coordinates":[-79.73461,36.05211]},"properties":{"id":"camera-5809","layer":"camera","title":"Camera 5809","severity":0,"category":"Camera","url":"https://www.drivenc.gov/?type=camera&id=5809"}},{"type":"Feature","geometry":{"type":"Point","coordinates":[-79.71115,36.05718]},"properties":{"id":"camera-5810","layer":"camera","title":"Camera 5810","severity":0,"category":"Camera","url":"https://www.drivenc.gov/?type=camera&id=5810"}},{"type":"Feature","geometry":{"type":"Point","coordinates":[-79.6884,36.0598]},"properties":{"id":"camera-5811","layer":"camera","title":"Camera 5811","severity":0,"category":"Camera","url":"https://www.drivenc.gov/?type=camera&id=5811"}},{"type":"Feature","geometry":{"type":"Point","coordinates":[-79.68653,36.06001]},"properties":{"id":"camera-5812","layer":"camera","title":"Camera 5812","severity":0,"category":"Camera","url":"https://www.drivenc.gov/?type=camera&id=5812"}},{"type":"Feature","geometry":{"type":"Point","coordinates":[-79.0754,36.017]},"properties":{"id":"camera-5816","layer":"camera","title":"Camera 5816","severity":0,"category":"Camera","url":"https://www.drivenc.gov/?type=camera&id=5816"}},{"type":"Feature","geometry":{"type":"Point","coordinates":[-79.0375,35.96998]},"properties":{"id":"camera-5818","layer":"camera","title":"Camera 5818","severity":0,"category":"Camera","url":"https://www.drivenc.gov/?type=camera&id=5818"}},{"type":"Feature","geometry":{"type":"Point","coordinates":[-79.89176,36.04029]},"properties":{"id":"camera-5820","layer":"camera","title":"Camera 5820","severity":0,"category":"Camera","url":"https://www.drivenc.gov/?type=camera&id=5820"}},{"type":"Feature","geometry":{"type":"Point","coordinates":[-79.88749,36.03038]},"properties":{"id":"camera-5821","layer":"camera","title":"Camera 5821","severity":0,"category":"Camera","url":"https://www.drivenc.gov/?type=camera&id=5821"}},{"type":"Feature","geometry":{"type":"Point","coordinates":[-79.8836,36.0266]},"properties":{"id":"camera-5822","layer":"camera","title":"Camera 5822","severity":0,"category":"Camera","url":"https://www.drivenc.gov/?type=camera&id=5822"}},{"type":"Feature","geometry":{"type":"Point","coordinates":[-79.90234,36.04579]},"properties":{"id":"camera-5823","layer":"camera","title":"Camera 5823","severity":0,"category":"Camera","url":"https://www.drivenc.gov/?type=camera&id=5823"}},{"type":"Feature","geometry":{"type":"Point","coordinates":[-79.91605,36.05048]},"properties":{"id":"camera-5824","layer":"camera","title":"Camera 5824","severity":0,"category":"Camera","url":"https://www.drivenc.gov/?type=camera&id=5824"}},{"type":"Feature","geometry":{"type":"Point","coordinates":[-79.91541,36.07596]},"properties":{"id":"camera-5825","layer":"camera","title":"Camera 5825","severity":0,"category":"Camera","url":"https://www.drivenc.gov/?type=camera&id=5825"}},{"type":"Feature","geometry":{"type":"Point","coordinates":[-79.92119,36.0648]},"properties":{"id":"camera-5826","layer":"camera","title":"Camera 5826","severity":0,"category":"Camera","url":"https://www.drivenc.gov/?type=camera&id=5826"}},{"type":"Feature","geometry":{"type":"Point","coordinates":[-79.9153,36.0925]},"properties":{"id":"camera-5827","layer":"camera","title":"Camera 5827","severity":0,"category":"Camera","url":"https://www.drivenc.gov/?type=camera&id=5827"}},{"type":"Feature","geometry":{"type":"Point","coordinates":[-79.9147,36.10116]},"properties":{"id":"camera-5828","layer":"camera","title":"Camera 5828","severity":0,"category":"Camera","url":"https://www.drivenc.gov/?type=camera&id=5828"}},{"type":"Feature","geometry":{"type":"Point","coordinates":[-79.91028,36.11311]},"properties":{"id":"camera-5829","layer":"camera","title":"Camera 5829","severity":0,"category":"Camera","url":"https://www.drivenc.gov/?type=camera&id=5829"}},{"type":"Feature","geometry":{"type":"Point","coordinates":[-79.93841,36.12247]},"properties":{"id":"camera-5830","layer":"camera","title":"Camera 5830","severity":0,"category":"Camera","url":"https://www.drivenc.gov/?type=camera&id=5830"}},{"type":"Feature","geometry":{"type":"Point","coordinates":[-79.95056,36.12032]},"properties":{"id":"camera-5831","layer":"camera","title":"Camera 5831","severity":0,"category":"Camera","url":"https://www.drivenc.gov/?type=camera&id=5831"}},{"type":"Feature","geometry":{"type":"Point","coordinates":[-79.96091,36.12353]},"properties":{"id":"camera-5832","layer":"camera","title":"Camera 5832","severity":0,"category":"Camera","url":"https://www.drivenc.gov/?type=camera&id=5832"}},{"type":"Feature","geometry":{"type":"Point","coordinates":[-79.9657,36.13319]},"properties":{"id":"camera-5833","layer":"camera","title":"Camera 5833","severity":0,"category":"Camera","url":"https://www.drivenc.gov/?type=camera&id=5833"}},{"type":"Feature","geometry":{"type":"Point","coordinates":[-79.95969,36.15284]},"properties":{"id":"camera-5834","layer":"camera","title":"Camera 5834","severity":0,"category":"Camera","url":"https://www.drivenc.gov/?type=camera&id=5834"}},{"type":"Feature","geometry":{"type":"Point","coordinates":[-79.94786,36.16956]},"properties":{"id":"camera-5835","layer":"camera","title":"Camera 5835","severity":0,"category":"Camera","url":"https://www.drivenc.gov/?type=camera&id=5835"}},{"type":"Feature","geometry":{"type":"Point","coordinates":[-79.93088,36.18424]},"properties":{"id":"camera-5836","layer":"camera","title":"Camera 5836","severity":0,"category":"Camera","url":"https://www.drivenc.gov/?type=camera&id=5836"}},{"type":"Feature","geometry":{"type":"Point","coordinates":[-79.9281,36.20291]},"properties":{"id":"camera-5837","layer":"camera","title":"Camera 5837","severity":0,"category":"Camera","url":"https://www.drivenc.gov/?type=camera&id=5837"}},{"type":"Feature","geometry":{"type":"Point","coordinates":[-79.9145,36.22926]},"properties":{"id":"camera-5838","layer":"camera","title":"Camera 5838","severity":0,"category":"Camera","url":"https://www.drivenc.gov/?type=camera&id=5838"}},{"type":"Feature","geometry":{"type":"Point","coordinates":[-79.92046,36.24649]},"properties":{"id":"camera-5839","layer":"camera","title":"Camera 5839","severity":0,"category":"Camera","url":"https://www.drivenc.gov/?type=camera&id=5839"}},{"type":"Feature","geometry":{"type":"Point","coordinates":[-79.92997,36.26762]},"properties":{"id":"camera-5840","layer":"camera","title":"Camera 5840","severity":0,"category":"Camera","url":"https://www.drivenc.gov/?type=camera&id=5840"}},{"type":"Feature","geometry":{"type":"Point","coordinates":[-79.85119,36.00499]},"properties":{"id":"camera-5842","layer":"camera","title":"Camera 5842","severity":0,"category":"Camera","url":"https://www.drivenc.gov/?type=camera&id=5842"}},{"type":"Feature","geometry":{"type":"Point","coordinates":[-79.84983,36.00573]},"properties":{"id":"camera-5843","layer":"camera","title":"Camera 5843","severity":0,"category":"Camera","url":"https://www.drivenc.gov/?type=camera&id=5843"}},{"type":"Feature","geometry":{"type":"Point","coordinates":[-79.85188,36.00583]},"properties":{"id":"camera-5845","layer":"camera","title":"Camera 5845","severity":0,"category":"Camera","url":"https://www.drivenc.gov/?type=camera&id=5845"}},{"type":"Feature","geometry":{"type":"Point","coordinates":[-79.85862,36.02121]},"properties":{"id":"camera-5846","layer":"camera","title":"Camera 5846","severity":0,"category":"Camera","url":"https://www.drivenc.gov/?type=camera&id=5846"}},{"type":"Feature","geometry":{"type":"Point","coordinates":[-79.85266,36.01592]},"properties":{"id":"camera-5847","layer":"camera","title":"Camera 5847","severity":0,"category":"Camera","url":"https://www.drivenc.gov/?type=camera&id=5847"}},{"type":"Feature","geometry":{"type":"Point","coordinates":[-79.87372,36.01997]},"properties":{"id":"camera-5848","layer":"camera","title":"Camera 5848","severity":0,"category":"Camera","url":"https://www.drivenc.gov/?type=camera&id=5848"}},{"type":"Feature","geometry":{"type":"Point","coordinates":[-79.78997,36.13994]},"properties":{"id":"camera-5850","layer":"camera","title":"Camera 5850","severity":0,"category":"Camera","url":"https://www.drivenc.gov/?type=camera&id=5850"}},{"type":"Feature","geometry":{"type":"Point","coordinates":[-79.79716,36.13893]},"properties":{"id":"camera-5851","layer":"camera","title":"Camera 5851","severity":0,"category":"Camera","url":"https://www.drivenc.gov/?type=camera&id=5851"}},{"type":"Feature","geometry":{"type":"Point","coordinates":[-79.76679,36.15103]},"properties":{"id":"camera-5852","layer":"camera","title":"Camera 5852","severity":0,"category":"Camera","url":"https://www.drivenc.gov/?type=camera&id=5852"}},{"type":"Feature","geometry":{"type":"Point","coordinates":[-79.77597,36.14731]},"properties":{"id":"camera-5853","layer":"camera","title":"Camera 5853","severity":0,"category":"Camera","url":"https://www.drivenc.gov/?type=camera&id=5853"}},{"type":"Feature","geometry":{"type":"Point","coordinates":[-79.75076,36.15061]},"properties":{"id":"camera-5854","layer":"camera","title":"Camera 5854","severity":0,"category":"Camera","url":"https://www.drivenc.gov/?type=camera&id=5854"}},{"type":"Feature","geometry":{"type":"Point","coordinates":[-79.73794,36.14313]},"properties":{"id":"camera-5855","layer":"camera","title":"Camera 5855","severity":0,"category":"Camera","url":"https://www.drivenc.gov/?type=camera&id=5855"}},{"type":"Feature","geometry":{"type":"Point","coordinates":[-79.73491,36.14263]},"properties":{"id":"camera-5856","layer":"camera","title":"Camera 5856","severity":0,"category":"Camera","url":"https://www.drivenc.gov/?type=camera&id=5856"}},{"type":"Feature","geometry":{"type":"Point","coordinates":[-79.72275,36.13864]},"properties":{"id":"camera-5857","layer":"camera","title":"Camera 5857","severity":0,"category":"Camera","url":"https://www.drivenc.gov/?type=camera&id=5857"}},{"type":"Feature","geometry":{"type":"Point","coordinates":[-79.712,36.12745]},"properties":{"id":"camera-5858","layer":"camera","title":"Camera 5858","severity":0,"category":"Camera","url":"https://www.drivenc.gov/?type=camera&id=5858"}},{"type":"Feature","geometry":{"type":"Point","coordinates":[-79.7052,36.11798]},"properties":{"id":"camera-5859","layer":"camera","title":"Camera 5859","severity":0,"category":"Camera","url":"https://www.drivenc.gov/?type=camera&id=5859"}},{"type":"Feature","geometry":{"type":"Point","coordinates":[-79.69598,36.10476]},"properties":{"id":"camera-5860","layer":"camera","title":"Camera 5860","severity":0,"category":"Camera","url":"https://www.drivenc.gov/?type=camera&id=5860"}},{"type":"Feature","geometry":{"type":"Point","coordinates":[-79.69795,36.08955]},"properties":{"id":"camera-5861","layer":"camera","title":"Camera 5861","severity":0,"category":"Camera","url":"https://www.drivenc.gov/?type=camera&id=5861"}},{"type":"Feature","geometry":{"type":"Point","coordinates":[-80.23623,36.02923]},"properties":{"id":"camera-5862","layer":"camera","title":"Camera 5862","severity":0,"category":"Camera","url":"https://www.drivenc.gov/?type=camera&id=5862"}},{"type":"Feature","geometry":{"type":"Point","coordinates":[-80.30851,36.0661]},"properties":{"id":"camera-5863","layer":"camera","title":"Camera 5863","severity":0,"category":"Camera","url":"https://www.drivenc.gov/?type=camera&id=5863"}},{"type":"Feature","geometry":{"type":"Point","coordinates":[-80.23188,36.06243]},"properties":{"id":"camera-5864","layer":"camera","title":"Camera 5864","severity":0,"category":"Camera","url":"https://www.drivenc.gov/?type=camera&id=5864"}},{"type":"Feature","geometry":{"type":"Point","coordinates":[-80.22868,36.0856]},"properties":{"id":"camera-5865","layer":"camera","title":"Camera 5865","severity":0,"category":"Camera","url":"https://www.drivenc.gov/?type=camera&id=5865"}},{"type":"Feature","geometry":{"type":"Point","coordinates":[-80.22876,36.09028]},"properties":{"id":"camera-5866","layer":"camera","title":"Camera 5866","severity":0,"category":"Camera","url":"https://www.drivenc.gov/?type=camera&id=5866"}},{"type":"Feature","geometry":{"type":"Point","coordinates":[-80.22876,36.09026]},"properties":{"id":"camera-5867","layer":"camera","title":"Camera 5867","severity":0,"category":"Camera","url":"https://www.drivenc.gov/?type=camera&id=5867"}},{"type":"Feature","geometry":{"type":"Point","coordinates":[-80.22848,36.08346]},"properties":{"id":"camera-5868","layer":"camera","title":"Camera 5868","severity":0,"category":"Camera","url":"https://www.drivenc.gov/?type=camera&id=5868"}},{"type":"Feature","geometry":{"type":"Point","coordinates":[-80.23005,36.08458]},"properties":{"id":"camera-5869","layer":"camera","title":"Camera 5869","severity":0,"category":"Camera","url":"https://www.drivenc.gov/?type=camera&id=5869"}},{"type":"Feature","geometry":{"type":"Point","coordinates":[-80.23598,36.09795]},"properties":{"id":"camera-5870","layer":"camera","title":"Camera 5870","severity":0,"category":"Camera","url":"https://www.drivenc.gov/?type=camera&id=5870"}},{"type":"Feature","geometry":{"type":"Point","coordinates":[-80.23604,36.10506]},"properties":{"id":"camera-5871","layer":"camera","title":"Camera 5871","severity":0,"category":"Camera","url":"https://www.drivenc.gov/?type=camera&id=5871"}},{"type":"Feature","geometry":{"type":"Point","coordinates":[-80.23271,36.12674]},"properties":{"id":"camera-5872","layer":"camera","title":"Camera 5872","severity":0,"category":"Camera","url":"https://www.drivenc.gov/?type=camera&id=5872"}},{"type":"Feature","geometry":{"type":"Point","coordinates":[-80.29228,36.06323]},"properties":{"id":"camera-5873","layer":"camera","title":"Camera 5873","severity":0,"category":"Camera","url":"https://www.drivenc.gov/?type=camera&id=5873"}},{"type":"Feature","geometry":{"type":"Point","coordinates":[-80.23237,36.12287]},"properties":{"id":"camera-5874","layer":"camera","title":"Camera 5874","severity":0,"category":"Camera","url":"https://www.drivenc.gov/?type=camera&id=5874"}},{"type":"Feature","geometry":{"type":"Point","coordinates":[-80.23911,36.13856]},"properties":{"id":"camera-5875","layer":"camera","title":"Camera 5875","severity":0,"category":"Camera","url":"https://www.drivenc.gov/?type=camera&id=5875"}},{"type":"Feature","geometry":{"type":"Point","coordinates":[-80.23967,36.13543]},"properties":{"id":"camera-5876","layer":"camera","title":"Camera 5876","severity":0,"category":"Camera","url":"https://www.drivenc.gov/?type=camera&id=5876"}},{"type":"Feature","geometry":{"type":"Point","coordinates":[-80.24182,36.14715]},"properties":{"id":"camera-5877","layer":"camera","title":"Camera 5877","severity":0,"category":"Camera","url":"https://www.drivenc.gov/?type=camera&id=5877"}},{"type":"Feature","geometry":{"type":"Point","coordinates":[-80.26922,36.17727]},"properties":{"id":"camera-5878","layer":"camera","title":"Camera 5878","severity":0,"category":"Camera","url":"https://www.drivenc.gov/?type=camera&id=5878"}},{"type":"Feature","geometry":{"type":"Point","coordinates":[-80.25315,36.15577]},"properties":{"id":"camera-5879","layer":"camera","title":"Camera 5879","severity":0,"category":"Camera","url":"https://www.drivenc.gov/?type=camera&id=5879"}},{"type":"Feature","geometry":{"type":"Point","coordinates":[-80.26306,36.16654]},"properties":{"id":"camera-5880","layer":"camera","title":"Camera 5880","severity":0,"category":"Camera","url":"https://www.drivenc.gov/?type=camera&id=5880"}},{"type":"Feature","geometry":{"type":"Point","coordinates":[-80.27579,36.18119]},"properties":{"id":"camera-5881","layer":"camera","title":"Camera 5881","severity":0,"category":"Camera","url":"https://www.drivenc.gov/?type=camera&id=5881"}},{"type":"Feature","geometry":{"type":"Point","coordinates":[-80.2857425,36.1932365]},"properties":{"id":"camera-5882","layer":"camera","title":"Camera 5882","severity":0,"category":"Camera","url":"https://www.drivenc.gov/?type=camera&id=5882"}},{"type":"Feature","geometry":{"type":"Point","coordinates":[-80.27948,36.18786]},"properties":{"id":"camera-5883","layer":"camera","title":"Camera 5883","severity":0,"category":"Camera","url":"https://www.drivenc.gov/?type=camera&id=5883"}},{"type":"Feature","geometry":{"type":"Point","coordinates":[-80.28058,36.06217]},"properties":{"id":"camera-5884","layer":"camera","title":"Camera 5884","severity":0,"category":"Camera","url":"https://www.drivenc.gov/?type=camera&id=5884"}},{"type":"Feature","geometry":{"type":"Point","coordinates":[-80.2401,36.06652]},"properties":{"id":"camera-5886","layer":"camera","title":"Camera 5886","severity":0,"category":"Camera","url":"https://www.drivenc.gov/?type=camera&id=5886"}},{"type":"Feature","geometry":{"type":"Point","coordinates":[-80.25798,36.06576]},"properties":{"id":"camera-5887","layer":"camera","title":"Camera 5887","severity":0,"category":"Camera","url":"https://www.drivenc.gov/?type=camera&id=5887"}},{"type":"Feature","geometry":{"type":"Point","coordinates":[-80.22564,36.06207]},"properties":{"id":"camera-5888","layer":"camera","title":"Camera 5888","severity":0,"category":"Camera","url":"https://www.drivenc.gov/?type=camera&id=5888"}},{"type":"Feature","geometry":{"type":"Point","coordinates":[-80.23188,36.06243]},"properties":{"id":"camera-5889","layer":"camera","title":"Camera 5889","severity":0,"category":"Camera","url":"https://www.drivenc.gov/?type=camera&id=5889"}},{"type":"Feature","geometry":{"type":"Point","coordinates":[-80.20029,36.05773]},"properties":{"id":"camera-5890","layer":"camera","title":"Camera 5890","severity":0,"category":"Camera","url":"https://www.drivenc.gov/?type=camera&id=5890"}},{"type":"Feature","geometry":{"type":"Point","coordinates":[-80.2135,36.05814]},"properties":{"id":"camera-5891","layer":"camera","title":"Camera 5891","severity":0,"category":"Camera","url":"https://www.drivenc.gov/?type=camera&id=5891"}},{"type":"Feature","geometry":{"type":"Point","coordinates":[-80.18696,36.06544]},"properties":{"id":"camera-5892","layer":"camera","title":"Camera 5892","severity":0,"category":"Camera","url":"https://www.drivenc.gov/?type=camera&id=5892"}},{"type":"Feature","geometry":{"type":"Point","coordinates":[-80.23694,36.04797]},"properties":{"id":"camera-5893","layer":"camera","title":"Camera 5893","severity":0,"category":"Camera","url":"https://www.drivenc.gov/?type=camera&id=5893"}},{"type":"Feature","geometry":{"type":"Point","coordinates":[-80.19245,36.06194]},"properties":{"id":"camera-5894","layer":"camera","title":"Camera 5894","severity":0,"category":"Camera","url":"https://www.drivenc.gov/?type=camera&id=5894"}},{"type":"Feature","geometry":{"type":"Point","coordinates":[-80.27026,36.20415]},"properties":{"id":"camera-5896","layer":"camera","title":"Camera 5896","severity":0,"category":"Camera","url":"https://www.drivenc.gov/?type=camera&id=5896"}},{"type":"Feature","geometry":{"type":"Point","coordinates":[-80.28056,36.20474]},"properties":{"id":"camera-5897","layer":"camera","title":"Camera 5897","severity":0,"category":"Camera","url":"https://www.drivenc.gov/?type=camera&id=5897"}},{"type":"Feature","geometry":{"type":"Point","coordinates":[-80.25451,36.19857]},"properties":{"id":"camera-5898","layer":"camera","title":"Camera 5898","severity":0,"category":"Camera","url":"https://www.drivenc.gov/?type=camera&id=5898"}},{"type":"Feature","geometry":{"type":"Point","coordinates":[-80.24202,36.19104]},"properties":{"id":"camera-5899","layer":"camera","title":"Camera 5899","severity":0,"category":"Camera","url":"https://www.drivenc.gov/?type=camera&id=5899"}},{"type":"Feature","geometry":{"type":"Point","coordinates":[-80.24725,36.1957]},"properties":{"id":"camera-5900","layer":"camera","title":"Camera 5900","severity":0,"category":"Camera","url":"https://www.drivenc.gov/?type=camera&id=5900"}},{"type":"Feature","geometry":{"type":"Point","coordinates":[-80.23652,36.18596]},"properties":{"id":"camera-5901","layer":"camera","title":"Camera 5901","severity":0,"category":"Camera","url":"https://www.drivenc.gov/?type=camera&id=5901"}},{"type":"Feature","geometry":{"type":"Point","coordinates":[-80.21661,36.1804]},"properties":{"id":"camera-5902","layer":"camera","title":"Camera 5902","severity":0,"category":"Camera","url":"https://www.drivenc.gov/?type=camera&id=5902"}},{"type":"Feature","geometry":{"type":"Point","coordinates":[-80.22276,36.1835]},"properties":{"id":"camera-5903","layer":"camera","title":"Camera 5903","severity":0,"category":"Camera","url":"https://www.drivenc.gov/?type=camera&id=5903"}},{"type":"Feature","geometry":{"type":"Point","coordinates":[-80.46546,36.00094]},"properties":{"id":"camera-5904","layer":"camera","title":"Camera 5904","severity":0,"category":"Camera","url":"https://www.drivenc.gov/?type=camera&id=5904"}},{"type":"Feature","geometry":{"type":"Point","coordinates":[-80.20375,36.16434]},"properties":{"id":"camera-5905","layer":"camera","title":"Camera 5905","severity":0,"category":"Camera","url":"https://www.drivenc.gov/?type=camera&id=5905"}},{"type":"Feature","geometry":{"type":"Point","coordinates":[-80.2102,36.17331]},"properties":{"id":"camera-5906","layer":"camera","title":"Camera 5906","severity":0,"category":"Camera","url":"https://www.drivenc.gov/?type=camera&id=5906"}},{"type":"Feature","geometry":{"type":"Point","coordinates":[-80.19062,36.15958]},"properties":{"id":"camera-5907","layer":"camera","title":"Camera 5907","severity":0,"category":"Camera","url":"https://www.drivenc.gov/?type=camera&id=5907"}},{"type":"Feature","geometry":{"type":"Point","coordinates":[-80.16742,36.14968]},"properties":{"id":"camera-5908","layer":"camera","title":"Camera 5908","severity":0,"category":"Camera","url":"https://www.drivenc.gov/?type=camera&id=5908"}},{"type":"Feature","geometry":{"type":"Point","coordinates":[-80.17953,36.15217]},"properties":{"id":"camera-5909","layer":"camera","title":"Camera 5909","severity":0,"category":"Camera","url":"https://www.drivenc.gov/?type=camera&id=5909"}},{"type":"Feature","geometry":{"type":"Point","coordinates":[-80.15602,36.1462]},"properties":{"id":"camera-5910","layer":"camera","title":"Camera 5910","severity":0,"category":"Camera","url":"https://www.drivenc.gov/?type=camera&id=5910"}},{"type":"Feature","geometry":{"type":"Point","coordinates":[-80.13694,36.13672]},"properties":{"id":"camera-5911","layer":"camera","title":"Camera 5911","severity":0,"category":"Camera","url":"https://www.drivenc.gov/?type=camera&id=5911"}},{"type":"Feature","geometry":{"type":"Point","coordinates":[-80.12977,36.12842]},"properties":{"id":"camera-5912","layer":"camera","title":"Camera 5912","severity":0,"category":"Camera","url":"https://www.drivenc.gov/?type=camera&id=5912"}},{"type":"Feature","geometry":{"type":"Point","coordinates":[-80.57297,35.53474]},"properties":{"id":"camera-5914","layer":"camera","title":"Camera 5914","severity":0,"category":"Camera","url":"https://www.drivenc.gov/?type=camera&id=5914"}},{"type":"Feature","geometry":{"type":"Point","coordinates":[-80.44112,36.00689]},"properties":{"id":"camera-5915","layer":"camera","title":"Camera 5915","severity":0,"category":"Camera","url":"https://www.drivenc.gov/?type=camera&id=5915"}},{"type":"Feature","geometry":{"type":"Point","coordinates":[-80.57087,35.55354]},"properties":{"id":"camera-5916","layer":"camera","title":"Camera 5916","severity":0,"category":"Camera","url":"https://www.drivenc.gov/?type=camera&id=5916"}},{"type":"Feature","geometry":{"type":"Point","coordinates":[-80.55176,35.58304]},"properties":{"id":"camera-5917","layer":"camera","title":"Camera 5917","severity":0,"category":"Camera","url":"https://www.drivenc.gov/?type=camera&id=5917"}},{"type":"Feature","geometry":{"type":"Point","coordinates":[-80.55751,35.57221]},"properties":{"id":"camera-5918","layer":"camera","title":"Camera 5918","severity":0,"category":"Camera","url":"https://www.drivenc.gov/?type=camera&id=5918"}},{"type":"Feature","geometry":{"type":"Point","coordinates":[-80.54153,35.59168]},"properties":{"id":"camera-5919","layer":"camera","title":"Camera 5919","severity":0,"category":"Camera","url":"https://www.drivenc.gov/?type=camera&id=5919"}},{"type":"Feature","geometry":{"type":"Point","coordinates":[-80.53131,35.59934]},"properties":{"id":"camera-5920","layer":"camera","title":"Camera 5920","severity":0,"category":"Camera","url":"https://www.drivenc.gov/?type=camera&id=5920"}},{"type":"Feature","geometry":{"type":"Point","coordinates":[-80.51802,35.61056]},"properties":{"id":"camera-5921","layer":"camera","title":"Camera 5921","severity":0,"category":"Camera","url":"https://www.drivenc.gov/?type=camera&id=5921"}},{"type":"Feature","geometry":{"type":"Point","coordinates":[-80.50795,35.61906]},"properties":{"id":"camera-5922","layer":"camera","title":"Camera 5922","severity":0,"category":"Camera","url":"https://www.drivenc.gov/?type=camera&id=5922"}},{"type":"Feature","geometry":{"type":"Point","coordinates":[-80.49024,35.63365]},"properties":{"id":"camera-5923","layer":"camera","title":"Camera 5923","severity":0,"category":"Camera","url":"https://www.drivenc.gov/?type=camera&id=5923"}},{"type":"Feature","geometry":{"type":"Point","coordinates":[-80.47256,35.64918]},"properties":{"id":"camera-5924","layer":"camera","title":"Camera 5924","severity":0,"category":"Camera","url":"https://www.drivenc.gov/?type=camera&id=5924"}},{"type":"Feature","geometry":{"type":"Point","coordinates":[-80.48111,35.64251]},"properties":{"id":"camera-5925","layer":"camera","title":"Camera 5925","severity":0,"category":"Camera","url":"https://www.drivenc.gov/?type=camera&id=5925"}},{"type":"Feature","geometry":{"type":"Point","coordinates":[-80.40549,36.02232]},"properties":{"id":"camera-5926","layer":"camera","title":"Camera 5926","severity":0,"category":"Camera","url":"https://www.drivenc.gov/?type=camera&id=5926"}},{"type":"Feature","geometry":{"type":"Point","coordinates":[-80.45849,35.65672]},"properties":{"id":"camera-5927","layer":"camera","title":"Camera 5927","severity":0,"category":"Camera","url":"https://www.drivenc.gov/?type=camera&id=5927"}},{"type":"Feature","geometry":{"type":"Point","coordinates":[-80.45974,35.65816]},"properties":{"id":"camera-5928","layer":"camera","title":"Camera 5928","severity":0,"category":"Camera","url":"https://www.drivenc.gov/?type=camera&id=5928"}},{"type":"Feature","geometry":{"type":"Point","coordinates":[-80.44774,35.66427]},"properties":{"id":"camera-5929","layer":"camera","title":"Camera 5929","severity":0,"category":"Camera","url":"https://www.drivenc.gov/?type=camera&id=5929"}},{"type":"Feature","geometry":{"type":"Point","coordinates":[-80.43353,35.67038]},"properties":{"id":"camera-5930","layer":"camera","title":"Camera 5930","severity":0,"category":"Camera","url":"https://www.drivenc.gov/?type=camera&id=5930"}},{"type":"Feature","geometry":{"type":"Point","coordinates":[-80.41287,35.67761]},"properties":{"id":"camera-5931","layer":"camera","title":"Camera 5931","severity":0,"category":"Camera","url":"https://www.drivenc.gov/?type=camera&id=5931"}},{"type":"Feature","geometry":{"type":"Point","coordinates":[-80.40082,35.6952]},"properties":{"id":"camera-5932","layer":"camera","title":"Camera 5932","severity":0,"category":"Camera","url":"https://www.drivenc.gov/?type=camera&id=5932"}},{"type":"Feature","geometry":{"type":"Point","coordinates":[-80.39668,35.70844]},"properties":{"id":"camera-5933","layer":"camera","title":"Camera 5933","severity":0,"category":"Camera","url":"https://www.drivenc.gov/?type=camera&id=5933"}},{"type":"Feature","geometry":{"type":"Point","coordinates":[-80.38553,35.7248]},"properties":{"id":"camera-5934","layer":"camera","title":"Camera 5934","severity":0,"category":"Camera","url":"https://www.drivenc.gov/?type=camera&id=5934"}},{"type":"Feature","geometry":{"type":"Point","coordinates":[-80.37557,35.73168]},"properties":{"id":"camera-5935","layer":"camera","title":"Camera 5935","severity":0,"category":"Camera","url":"https://www.drivenc.gov/?type=camera&id=5935"}},{"type":"Feature","geometry":{"type":"Point","coordinates":[-80.36152,35.74151]},"properties":{"id":"camera-5936","layer":"camera","title":"Camera 5936","severity":0,"category":"Camera","url":"https://www.drivenc.gov/?type=camera&id=5936"}},{"type":"Feature","geometry":{"type":"Point","coordinates":[-80.39405,36.02858]},"properties":{"id":"camera-5937","layer":"camera","title":"Camera 5937","severity":0,"category":"Camera","url":"https://www.drivenc.gov/?type=camera&id=5937"}},{"type":"Feature","geometry":{"type":"Point","coordinates":[-80.34767,35.75345]},"properties":{"id":"camera-5938","layer":"camera","title":"Camera 5938","severity":0,"category":"Camera","url":"https://www.drivenc.gov/?type=camera&id=5938"}},{"type":"Feature","geometry":{"type":"Point","coordinates":[-80.33186,35.76801]},"properties":{"id":"camera-5939","layer":"camera","title":"Camera 5939","severity":0,"category":"Camera","url":"https://www.drivenc.gov/?type=camera&id=5939"}},{"type":"Feature","geometry":{"type":"Point","coordinates":[-80.32401,35.77237]},"properties":{"id":"camera-5940","layer":"camera","title":"Camera 5940","severity":0,"category":"Camera","url":"https://www.drivenc.gov/?type=camera&id=5940"}},{"type":"Feature","geometry":{"type":"Point","coordinates":[-80.22061,36.08108]},"properties":{"id":"camera-5941","layer":"camera","title":"Camera 5941","severity":0,"category":"Camera","url":"https://www.drivenc.gov/?type=camera&id=5941"}},{"type":"Feature","geometry":{"type":"Point","coordinates":[-80.22031,36.08552]},"properties":{"id":"camera-5942","layer":"camera","title":"Camera 5942","severity":0,"category":"Camera","url":"https://www.drivenc.gov/?type=camera&id=5942"}},{"type":"Feature","geometry":{"type":"Point","coordinates":[-80.27753,36.17197]},"properties":{"id":"camera-5944","layer":"camera","title":"Camera 5944","severity":0,"category":"Camera","url":"https://www.drivenc.gov/?type=camera&id=5944"}},{"type":"Feature","geometry":{"type":"Point","coordinates":[-80.27931,36.14678]},"properties":{"id":"camera-5945","layer":"camera","title":"Camera 5945","severity":0,"category":"Camera","url":"https://www.drivenc.gov/?type=camera&id=5945"}},{"type":"Feature","geometry":{"type":"Point","coordinates":[-80.27791,36.16172]},"properties":{"id":"camera-5946","layer":"camera","title":"Camera 5946","severity":0,"category":"Camera","url":"https://www.drivenc.gov/?type=camera&id=5946"}},{"type":"Feature","geometry":{"type":"Point","coordinates":[-80.27352,36.1387]},"properties":{"id":"camera-5947","layer":"camera","title":"Camera 5947","severity":0,"category":"Camera","url":"https://www.drivenc.gov/?type=camera&id=5947"}},{"type":"Feature","geometry":{"type":"Point","coordinates":[-80.38461,36.0356]},"properties":{"id":"camera-5948","layer":"camera","title":"Camera 5948","severity":0,"category":"Camera","url":"https://www.drivenc.gov/?type=camera&id=5948"}},{"type":"Feature","geometry":{"type":"Point","coordinates":[-80.56459,35.57322]},"properties":{"id":"camera-5949","layer":"camera","title":"Camera 5949","severity":0,"category":"Camera","url":"https://www.drivenc.gov/?type=camera&id=5949"}},{"type":"Feature","geometry":{"type":"Point","coordinates":[-80.05457,36.10807]},"properties":{"id":"camera-5950","layer":"camera","title":"Camera 5950","severity":0,"category":"Camera","url":"https://www.drivenc.gov/?type=camera&id=5950"}},{"type":"Feature","geometry":{"type":"Point","coordinates":[-80.04573,36.10679]},"properties":{"id":"camera-5951","layer":"camera","title":"Camera 5951","severity":0,"category":"Camera","url":"https://www.drivenc.gov/?type=camera&id=5951"}},{"type":"Feature","geometry":{"type":"Point","coordinates":[-80.06855,36.11323]},"properties":{"id":"camera-5952","layer":"camera","title":"Camera 5952","severity":0,"category":"Camera","url":"https://www.drivenc.gov/?type=camera&id=5952"}},{"type":"Feature","geometry":{"type":"Point","coordinates":[-80.06023,36.11208]},"properties":{"id":"camera-5953","layer":"camera","title":"Camera 5953","severity":0,"category":"Camera","url":"https://www.drivenc.gov/?type=camera&id=5953"}},{"type":"Feature","geometry":{"type":"Point","coordinates":[-80.13925,36.11334]},"properties":{"id":"camera-5954","layer":"camera","title":"Camera 5954","severity":0,"category":"Camera","url":"https://www.drivenc.gov/?type=camera&id=5954"}},{"type":"Feature","geometry":{"type":"Point","coordinates":[-80.12956,36.11324]},"properties":{"id":"camera-5955","layer":"camera","title":"Camera 5955","severity":0,"category":"Camera","url":"https://www.drivenc.gov/?type=camera&id=5955"}},{"type":"Feature","geometry":{"type":"Point","coordinates":[-80.12967,36.1125]},"properties":{"id":"camera-5956","layer":"camera","title":"Camera 5956","severity":0,"category":"Camera","url":"https://www.drivenc.gov/?type=camera&id=5956"}},{"type":"Feature","geometry":{"type":"Point","coordinates":[-80.16426,36.11135]},"properties":{"id":"camera-5957","layer":"camera","title":"Camera 5957","severity":0,"category":"Camera","url":"https://www.drivenc.gov/?type=camera&id=5957"}},{"type":"Feature","geometry":{"type":"Point","coordinates":[-80.18005,36.10626]},"properties":{"id":"camera-5958","layer":"camera","title":"Camera 5958","severity":0,"category":"Camera","url":"https://www.drivenc.gov/?type=camera&id=5958"}},{"type":"Feature","geometry":{"type":"Point","coordinates":[-80.1939,36.10162]},"properties":{"id":"camera-5960","layer":"camera","title":"Camera 5960","severity":0,"category":"Camera","url":"https://www.drivenc.gov/?type=camera&id=5960"}},{"type":"Feature","geometry":{"type":"Point","coordinates":[-80.22804,36.09549]},"properties":{"id":"camera-5961","layer":"camera","title":"Camera 5961","severity":0,"category":"Camera","url":"https://www.drivenc.gov/?type=camera&id=5961"}},{"type":"Feature","geometry":{"type":"Point","coordinates":[-80.20955,36.09736]},"properties":{"id":"camera-5962","layer":"camera","title":"Camera 5962","severity":0,"category":"Camera","url":"https://www.drivenc.gov/?type=camera&id=5962"}},{"type":"Feature","geometry":{"type":"Point","coordinates":[-80.23935,36.093]},"properties":{"id":"camera-5963","layer":"camera","title":"Camera 5963","severity":0,"category":"Camera","url":"https://www.drivenc.gov/?type=camera&id=5963"}},{"type":"Feature","geometry":{"type":"Point","coordinates":[-80.23192,36.09403]},"properties":{"id":"camera-5964","layer":"camera","title":"Camera 5964","severity":0,"category":"Camera","url":"https://www.drivenc.gov/?type=camera&id=5964"}},{"type":"Feature","geometry":{"type":"Point","coordinates":[-80.25701,36.08948]},"properties":{"id":"camera-5965","layer":"camera","title":"Camera 5965","severity":0,"category":"Camera","url":"https://www.drivenc.gov/?type=camera&id=5965"}},{"type":"Feature","geometry":{"type":"Point","coordinates":[-80.25179,36.09219]},"properties":{"id":"camera-5966","layer":"camera","title":"Camera 5966","severity":0,"category":"Camera","url":"https://www.drivenc.gov/?type=camera&id=5966"}},{"type":"Feature","geometry":{"type":"Point","coordinates":[-80.24342,36.09392]},"properties":{"id":"camera-5967","layer":"camera","title":"Camera 5967","severity":0,"category":"Camera","url":"https://www.drivenc.gov/?type=camera&id=5967"}},{"type":"Feature","geometry":{"type":"Point","coordinates":[-80.27165,36.09254]},"properties":{"id":"camera-5968","layer":"camera","title":"Camera 5968","severity":0,"category":"Camera","url":"https://www.drivenc.gov/?type=camera&id=5968"}},{"type":"Feature","geometry":{"type":"Point","coordinates":[-80.26251,36.08999]},"properties":{"id":"camera-5969","layer":"camera","title":"Camera 5969","severity":0,"category":"Camera","url":"https://www.drivenc.gov/?type=camera&id=5969"}},{"type":"Feature","geometry":{"type":"Point","coordinates":[-80.34046,36.06351]},"properties":{"id":"camera-5970","layer":"camera","title":"Camera 5970","severity":0,"category":"Camera","url":"https://www.drivenc.gov/?type=camera&id=5970"}},{"type":"Feature","geometry":{"type":"Point","coordinates":[-80.2795,36.09464]},"properties":{"id":"camera-5971","layer":"camera","title":"Camera 5971","severity":0,"category":"Camera","url":"https://www.drivenc.gov/?type=camera&id=5971"}},{"type":"Feature","geometry":{"type":"Point","coordinates":[-80.29061,36.09011]},"properties":{"id":"camera-5972","layer":"camera","title":"Camera 5972","severity":0,"category":"Camera","url":"https://www.drivenc.gov/?type=camera&id=5972"}},{"type":"Feature","geometry":{"type":"Point","coordinates":[-80.32203,36.07447]},"properties":{"id":"camera-5973","layer":"camera","title":"Camera 5973","severity":0,"category":"Camera","url":"https://www.drivenc.gov/?type=camera&id=5973"}},{"type":"Feature","geometry":{"type":"Point","coordinates":[-80.30718,36.08423]},"properties":{"id":"camera-5974","layer":"camera","title":"Camera 5974","severity":0,"category":"Camera","url":"https://www.drivenc.gov/?type=camera&id=5974"}},{"type":"Feature","geometry":{"type":"Point","coordinates":[-80.33843,36.07292]},"properties":{"id":"camera-5975","layer":"camera","title":"Camera 5975","severity":0,"category":"Camera","url":"https://www.drivenc.gov/?type=camera&id=5975"}},{"type":"Feature","geometry":{"type":"Point","coordinates":[-80.3583334,36.0719459]},"properties":{"id":"camera-5976","layer":"camera","title":"Camera 5976","severity":0,"category":"Camera","url":"https://www.drivenc.gov/?type=camera&id=5976"}},{"type":"Feature","geometry":{"type":"Point","coordinates":[-80.38908,36.07746]},"properties":{"id":"camera-5977","layer":"camera","title":"Camera 5977","severity":0,"category":"Camera","url":"https://www.drivenc.gov/?type=camera&id=5977"}},{"type":"Feature","geometry":{"type":"Point","coordinates":[-80.2283534,36.072183]},"properties":{"id":"camera-5978","layer":"camera","title":"Camera 5978","severity":0,"category":"Camera","url":"https://www.drivenc.gov/?type=camera&id=5978"}},{"type":"Feature","geometry":{"type":"Point","coordinates":[-80.23082,36.07897]},"properties":{"id":"camera-5979","layer":"camera","title":"Camera 5979","severity":0,"category":"Camera","url":"https://www.drivenc.gov/?type=camera&id=5979"}},{"type":"Feature","geometry":{"type":"Point","coordinates":[-80.23188,36.06243]},"properties":{"id":"camera-5980","layer":"camera","title":"Camera 5980","severity":0,"category":"Camera","url":"https://www.drivenc.gov/?type=camera&id=5980"}},{"type":"Feature","geometry":{"type":"Point","coordinates":[-78.56907,35.63103]},"properties":{"id":"camera-5981","layer":"camera","title":"Camera 5981","severity":0,"category":"Camera","url":"https://www.drivenc.gov/?type=camera&id=5981"}},{"type":"Feature","geometry":{"type":"Point","coordinates":[-78.58466,35.63006]},"properties":{"id":"camera-5982","layer":"camera","title":"Camera 5982","severity":0,"category":"Camera","url":"https://www.drivenc.gov/?type=camera&id=5982"}},{"type":"Feature","geometry":{"type":"Point","coordinates":[-78.59201,35.62624]},"properties":{"id":"camera-5983","layer":"camera","title":"Camera 5983","severity":0,"category":"Camera","url":"https://www.drivenc.gov/?type=camera&id=5983"}},{"type":"Feature","geometry":{"type":"Point","coordinates":[-78.60645,35.62259]},"properties":{"id":"camera-5984","layer":"camera","title":"Camera 5984","severity":0,"category":"Camera","url":"https://www.drivenc.gov/?type=camera&id=5984"}},{"type":"Feature","geometry":{"type":"Point","coordinates":[-78.63202,35.62696]},"properties":{"id":"camera-5985","layer":"camera","title":"Camera 5985","severity":0,"category":"Camera","url":"https://www.drivenc.gov/?type=camera&id=5985"}},{"type":"Feature","geometry":{"type":"Point","coordinates":[-78.6204,35.62216]},"properties":{"id":"camera-5986","layer":"camera","title":"Camera 5986","severity":0,"category":"Camera","url":"https://www.drivenc.gov/?type=camera&id=5986"}},{"type":"Feature","geometry":{"type":"Point","coordinates":[-78.64173,35.63398]},"properties":{"id":"camera-5987","layer":"camera","title":"Camera 5987","severity":0,"category":"Camera","url":"https://www.drivenc.gov/?type=camera&id=5987"}},{"type":"Feature","geometry":{"type":"Point","coordinates":[-78.65465,35.63754]},"properties":{"id":"camera-5988","layer":"camera","title":"Camera 5988","severity":0,"category":"Camera","url":"https://www.drivenc.gov/?type=camera&id=5988"}},{"type":"Feature","geometry":{"type":"Point","coordinates":[-78.66985,35.6465]},"properties":{"id":"camera-5989","layer":"camera","title":"Camera 5989","severity":0,"category":"Camera","url":"https://www.drivenc.gov/?type=camera&id=5989"}},{"type":"Feature","geometry":{"type":"Point","coordinates":[-78.67821,35.64975]},"properties":{"id":"camera-5990","layer":"camera","title":"Camera 5990","severity":0,"category":"Camera","url":"https://www.drivenc.gov/?type=camera&id=5990"}},{"type":"Feature","geometry":{"type":"Point","coordinates":[-78.68845,35.65202]},"properties":{"id":"camera-5991","layer":"camera","title":"Camera 5991","severity":0,"category":"Camera","url":"https://www.drivenc.gov/?type=camera&id=5991"}},{"type":"Feature","geometry":{"type":"Point","coordinates":[-78.70504,35.65481]},"properties":{"id":"camera-5992","layer":"camera","title":"Camera 5992","severity":0,"category":"Camera","url":"https://www.drivenc.gov/?type=camera&id=5992"}},{"type":"Feature","geometry":{"type":"Point","coordinates":[-78.71577,35.66172]},"properties":{"id":"camera-5993","layer":"camera","title":"Camera 5993","severity":0,"category":"Camera","url":"https://www.drivenc.gov/?type=camera&id=5993"}},{"type":"Feature","geometry":{"type":"Point","coordinates":[-78.72398,35.669]},"properties":{"id":"camera-5994","layer":"camera","title":"Camera 5994","severity":0,"category":"Camera","url":"https://www.drivenc.gov/?type=camera&id=5994"}},{"type":"Feature","geometry":{"type":"Point","coordinates":[-78.73276,35.67139]},"properties":{"id":"camera-5995","layer":"camera","title":"Camera 5995","severity":0,"category":"Camera","url":"https://www.drivenc.gov/?type=camera&id=5995"}},{"type":"Feature","geometry":{"type":"Point","coordinates":[-78.754939,35.676466]},"properties":{"id":"camera-5996","layer":"camera","title":"Camera 5996","severity":0,"category":"Camera","url":"https://www.drivenc.gov/?type=camera&id=5996"}},{"type":"Feature","geometry":{"type":"Point","coordinates":[-78.74414,35.67532]},"properties":{"id":"camera-5997","layer":"camera","title":"Camera 5997","severity":0,"category":"Camera","url":"https://www.drivenc.gov/?type=camera&id=5997"}},{"type":"Feature","geometry":{"type":"Point","coordinates":[-78.76696,35.67759]},"properties":{"id":"camera-5998","layer":"camera","title":"Camera 5998","severity":0,"category":"Camera","url":"https://www.drivenc.gov/?type=camera&id=5998"}},{"type":"Feature","geometry":{"type":"Point","coordinates":[-78.79346,35.67579]},"properties":{"id":"camera-5999","layer":"camera","title":"Camera 5999","severity":0,"category":"Camera","url":"https://www.drivenc.gov/?type=camera&id=5999"}},{"type":"Feature","geometry":{"type":"Point","coordinates":[-78.77995,35.67498]},"properties":{"id":"camera-6000","layer":"camera","title":"Camera 6000","severity":0,"category":"Camera","url":"https://www.drivenc.gov/?type=camera&id=6000"}},{"type":"Feature","geometry":{"type":"Point","coordinates":[-78.82125,35.67899]},"properties":{"id":"camera-6001","layer":"camera","title":"Camera 6001","severity":0,"category":"Camera","url":"https://www.drivenc.gov/?type=camera&id=6001"}},{"type":"Feature","geometry":{"type":"Point","coordinates":[-78.8161,35.67487]},"properties":{"id":"camera-6002","layer":"camera","title":"Camera 6002","severity":0,"category":"Camera","url":"https://www.drivenc.gov/?type=camera&id=6002"}},{"type":"Feature","geometry":{"type":"Point","coordinates":[-78.82125,35.67899]},"properties":{"id":"camera-6003","layer":"camera","title":"Camera 6003","severity":0,"category":"Camera","url":"https://www.drivenc.gov/?type=camera&id=6003"}},{"type":"Feature","geometry":{"type":"Point","coordinates":[-78.82736,35.68581]},"properties":{"id":"camera-6004","layer":"camera","title":"Camera 6004","severity":0,"category":"Camera","url":"https://www.drivenc.gov/?type=camera&id=6004"}},{"type":"Feature","geometry":{"type":"Point","coordinates":[-78.56597,35.64309]},"properties":{"id":"camera-6005","layer":"camera","title":"Camera 6005","severity":0,"category":"Camera","url":"https://www.drivenc.gov/?type=camera&id=6005"}},{"type":"Feature","geometry":{"type":"Point","coordinates":[-78.86347,35.99798]},"properties":{"id":"camera-6006","layer":"camera","title":"Camera 6006","severity":0,"category":"Camera","url":"https://www.drivenc.gov/?type=camera&id=6006"}},{"type":"Feature","geometry":{"type":"Point","coordinates":[-78.47473,35.79905]},"properties":{"id":"camera-6011","layer":"camera","title":"Camera 6011","severity":0,"category":"Camera","url":"https://www.drivenc.gov/?type=camera&id=6011"}},{"type":"Feature","geometry":{"type":"Point","coordinates":[-78.49523,35.79861]},"properties":{"id":"camera-6012","layer":"camera","title":"Camera 6012","severity":0,"category":"Camera","url":"https://www.drivenc.gov/?type=camera&id=6012"}},{"type":"Feature","geometry":{"type":"Point","coordinates":[-82.925,35.52831]},"properties":{"id":"camera-6013","layer":"camera","title":"Camera 6013","severity":0,"category":"Camera","url":"https://www.drivenc.gov/?type=camera&id=6013"}},{"type":"Feature","geometry":{"type":"Point","coordinates":[-78.52062,35.79526]},"properties":{"id":"camera-6014","layer":"camera","title":"Camera 6014","severity":0,"category":"Camera","url":"https://www.drivenc.gov/?type=camera&id=6014"}},{"type":"Feature","geometry":{"type":"Point","coordinates":[-79.30751,34.50235]},"properties":{"id":"camera-6015","layer":"camera","title":"Camera 6015","severity":0,"category":"Camera","url":"https://www.drivenc.gov/?type=camera&id=6015"}},{"type":"Feature","geometry":{"type":"Point","coordinates":[-79.27679,34.52325]},"properties":{"id":"camera-6016","layer":"camera","title":"Camera 6016","severity":0,"category":"Camera","url":"https://www.drivenc.gov/?type=camera&id=6016"}},{"type":"Feature","geometry":{"type":"Point","coordinates":[-78.86347,35.99798]},"properties":{"id":"camera-6017","layer":"camera","title":"Camera 6017","severity":0,"category":"Camera","url":"https://www.drivenc.gov/?type=camera&id=6017"}},{"type":"Feature","geometry":{"type":"Point","coordinates":[-79.19928,34.55139]},"properties":{"id":"camera-6018","layer":"camera","title":"Camera 6018","severity":0,"category":"Camera","url":"https://www.drivenc.gov/?type=camera&id=6018"}},{"type":"Feature","geometry":{"type":"Point","coordinates":[-79.151805,34.576859]},"properties":{"id":"camera-6019","layer":"camera","title":"Camera 6019","severity":0,"category":"Camera","url":"https://www.drivenc.gov/?type=camera&id=6019"}},{"type":"Feature","geometry":{"type":"Point","coordinates":[-78.54017,35.37725]},"properties":{"id":"camera-6021","layer":"camera","title":"Camera 6021","severity":0,"category":"Camera","url":"https://www.drivenc.gov/?type=camera&id=6021"}},{"type":"Feature","geometry":{"type":"Point","coordinates":[-78.92002,35.67305]},"properties":{"id":"camera-6022","layer":"camera","title":"Camera 6022","severity":0,"category":"Camera","url":"https://www.drivenc.gov/?type=camera&id=6022"}},{"type":"Feature","geometry":{"type":"Point","coordinates":[-78.76664,36.07991]},"properties":{"id":"camera-6023","layer":"camera","title":"Camera 6023","severity":0,"category":"Camera","url":"https://www.drivenc.gov/?type=camera&id=6023"}},{"type":"Feature","geometry":{"type":"Point","coordinates":[-78.24978,36.4692]},"properties":{"id":"camera-6024","layer":"camera","title":"Camera 6024","severity":0,"category":"Camera","url":"https://www.drivenc.gov/?type=camera&id=6024"}},{"type":"Feature","geometry":{"type":"Point","coordinates":[-78.23089,36.48469]},"properties":{"id":"camera-6025","layer":"camera","title":"Camera 6025","severity":0,"category":"Camera","url":"https://www.drivenc.gov/?type=camera&id=6025"}},{"type":"Feature","geometry":{"type":"Point","coordinates":[-78.19092,36.5345]},"properties":{"id":"camera-6026","layer":"camera","title":"Camera 6026","severity":0,"category":"Camera","url":"https://www.drivenc.gov/?type=camera&id=6026"}},{"type":"Feature","geometry":{"type":"Point","coordinates":[-78.82025,35.00715]},"properties":{"id":"camera-6027","layer":"camera","title":"Camera 6027","severity":0,"category":"Camera","url":"https://www.drivenc.gov/?type=camera&id=6027"}},{"type":"Feature","geometry":{"type":"Point","coordinates":[-78.36318,35.57803]},"properties":{"id":"camera-6028","layer":"camera","title":"Camera 6028","severity":0,"category":"Camera","url":"https://www.drivenc.gov/?type=camera&id=6028"}},{"type":"Feature","geometry":{"type":"Point","coordinates":[-78.34574,35.57097]},"properties":{"id":"camera-6029","layer":"camera","title":"Camera 6029","severity":0,"category":"Camera","url":"https://www.drivenc.gov/?type=camera&id=6029"}},{"type":"Feature","geometry":{"type":"Point","coordinates":[-78.40094,35.59162]},"properties":{"id":"camera-6030","layer":"camera","title":"Camera 6030","severity":0,"category":"Camera","url":"https://www.drivenc.gov/?type=camera&id=6030"}},{"type":"Feature","geometry":{"type":"Point","coordinates":[-77.88251,35.96915]},"properties":{"id":"camera-6031","layer":"camera","title":"Camera 6031","severity":0,"category":"Camera","url":"https://www.drivenc.gov/?type=camera&id=6031"}},{"type":"Feature","geometry":{"type":"Point","coordinates":[-78.73391,35.14205]},"properties":{"id":"camera-6032","layer":"camera","title":"Camera 6032","severity":0,"category":"Camera","url":"https://www.drivenc.gov/?type=camera&id=6032"}},{"type":"Feature","geometry":{"type":"Point","coordinates":[-79.1125,34.59321]},"properties":{"id":"camera-6033","layer":"camera","title":"Camera 6033","severity":0,"category":"Camera","url":"https://www.drivenc.gov/?type=camera&id=6033"}},{"type":"Feature","geometry":{"type":"Point","coordinates":[-78.95752,34.90288]},"properties":{"id":"camera-6034","layer":"camera","title":"Camera 6034","severity":0,"category":"Camera","url":"https://www.drivenc.gov/?type=camera&id=6034"}},{"type":"Feature","geometry":{"type":"Point","coordinates":[-78.95652,34.90822]},"properties":{"id":"camera-6035","layer":"camera","title":"Camera 6035","severity":0,"category":"Camera","url":"https://www.drivenc.gov/?type=camera&id=6035"}},{"type":"Feature","geometry":{"type":"Point","coordinates":[-78.88931,34.96205]},"properties":{"id":"camera-6036","layer":"camera","title":"Camera 6036","severity":0,"category":"Camera","url":"https://www.drivenc.gov/?type=camera&id=6036"}},{"type":"Feature","geometry":{"type":"Point","coordinates":[-78.75306,35.1235]},"properties":{"id":"camera-6037","layer":"camera","title":"Camera 6037","severity":0,"category":"Camera","url":"https://www.drivenc.gov/?type=camera&id=6037"}},{"type":"Feature","geometry":{"type":"Point","coordinates":[-78.75298,35.12354]},"properties":{"id":"camera-6038","layer":"camera","title":"Camera 6038","severity":0,"category":"Camera","url":"https://www.drivenc.gov/?type=camera&id=6038"}},{"type":"Feature","geometry":{"type":"Point","coordinates":[-78.74199,35.13513]},"properties":{"id":"camera-6039","layer":"camera","title":"Camera 6039","severity":0,"category":"Camera","url":"https://www.drivenc.gov/?type=camera&id=6039"}},{"type":"Feature","geometry":{"type":"Point","coordinates":[-78.63637,35.23631]},"properties":{"id":"camera-6041","layer":"camera","title":"Camera 6041","severity":0,"category":"Camera","url":"https://www.drivenc.gov/?type=camera&id=6041"}},{"type":"Feature","geometry":{"type":"Point","coordinates":[-78.7603,35.12482]},"properties":{"id":"camera-6042","layer":"camera","title":"Camera 6042","severity":0,"category":"Camera","url":"https://www.drivenc.gov/?type=camera&id=6042"}},{"type":"Feature","geometry":{"type":"Point","coordinates":[-77.744562,34.336808]},"properties":{"id":"camera-6043","layer":"camera","title":"Camera 6043","severity":0,"category":"Camera","url":"https://www.drivenc.gov/?type=camera&id=6043"}},{"type":"Feature","geometry":{"type":"Point","coordinates":[-78.79253,35.73775]},"properties":{"id":"camera-6045","layer":"camera","title":"Camera 6045","severity":0,"category":"Camera","url":"https://www.drivenc.gov/?type=camera&id=6045"}},{"type":"Feature","geometry":{"type":"Point","coordinates":[-78.75921,35.59677]},"properties":{"id":"camera-6047","layer":"camera","title":"Camera 6047","severity":0,"category":"Camera","url":"https://www.drivenc.gov/?type=camera&id=6047"}},{"type":"Feature","geometry":{"type":"Point","coordinates":[-78.51762,35.96611]},"properties":{"id":"camera-6048","layer":"camera","title":"Camera 6048","severity":0,"category":"Camera","url":"https://www.drivenc.gov/?type=camera&id=6048"}},{"type":"Feature","geometry":{"type":"Point","coordinates":[-78.54196,35.96526]},"properties":{"id":"camera-6049","layer":"camera","title":"Camera 6049","severity":0,"category":"Camera","url":"https://www.drivenc.gov/?type=camera&id=6049"}},{"type":"Feature","geometry":{"type":"Point","coordinates":[-78.55626,35.97095]},"properties":{"id":"camera-6050","layer":"camera","title":"Camera 6050","severity":0,"category":"Camera","url":"https://www.drivenc.gov/?type=camera&id=6050"}},{"type":"Feature","geometry":{"type":"Point","coordinates":[-78.51752,36.013747]},"properties":{"id":"camera-6051","layer":"camera","title":"Camera 6051","severity":0,"category":"Camera","url":"https://www.drivenc.gov/?type=camera&id=6051"}},{"type":"Feature","geometry":{"type":"Point","coordinates":[-78.50908,36.02504]},"properties":{"id":"camera-6052","layer":"camera","title":"Camera 6052","severity":0,"category":"Camera","url":"https://www.drivenc.gov/?type=camera&id=6052"}},{"type":"Feature","geometry":{"type":"Point","coordinates":[-78.53916,35.97897]},"properties":{"id":"camera-6053","layer":"camera","title":"Camera 6053","severity":0,"category":"Camera","url":"https://www.drivenc.gov/?type=camera&id=6053"}},{"type":"Feature","geometry":{"type":"Point","coordinates":[-78.53512,35.98628]},"properties":{"id":"camera-6054","layer":"camera","title":"Camera 6054","severity":0,"category":"Camera","url":"https://www.drivenc.gov/?type=camera&id=6054"}},{"type":"Feature","geometry":{"type":"Point","coordinates":[-78.52122,36.00491]},"properties":{"id":"camera-6055","layer":"camera","title":"Camera 6055","severity":0,"category":"Camera","url":"https://www.drivenc.gov/?type=camera&id=6055"}},{"type":"Feature","geometry":{"type":"Point","coordinates":[-78.6052,35.81418]},"properties":{"id":"camera-6057","layer":"camera","title":"Camera 6057","severity":0,"category":"Camera","url":"https://www.drivenc.gov/?type=camera&id=6057"}},{"type":"Feature","geometry":{"type":"Point","coordinates":[-79.95212,36.12055]},"properties":{"id":"camera-6058","layer":"camera","title":"Camera 6058","severity":0,"category":"Camera","url":"https://www.drivenc.gov/?type=camera&id=6058"}},{"type":"Feature","geometry":{"type":"Point","coordinates":[-80.23629,36.11476]},"properties":{"id":"camera-6062","layer":"camera","title":"Camera 6062","severity":0,"category":"Camera","url":"https://www.drivenc.gov/?type=camera&id=6062"}},{"type":"Feature","geometry":{"type":"Point","coordinates":[-80.29614,36.20132]},"properties":{"id":"camera-6063","layer":"camera","title":"Camera 6063","severity":0,"category":"Camera","url":"https://www.drivenc.gov/?type=camera&id=6063"}},{"type":"Feature","geometry":{"type":"Point","coordinates":[-80.8722,35.07666]},"properties":{"id":"camera-6064","layer":"camera","title":"Camera 6064","severity":0,"category":"Camera","url":"https://www.drivenc.gov/?type=camera&id=6064"}},{"type":"Feature","geometry":{"type":"Point","coordinates":[-78.66964,35.20328]},"properties":{"id":"camera-6066","layer":"camera","title":"Camera 6066","severity":0,"category":"Camera","url":"https://www.drivenc.gov/?type=camera&id=6066"}},{"type":"Feature","geometry":{"type":"Point","coordinates":[-78.68379,35.19012]},"properties":{"id":"camera-6067","layer":"camera","title":"Camera 6067","severity":0,"category":"Camera","url":"https://www.drivenc.gov/?type=camera&id=6067"}},{"type":"Feature","geometry":{"type":"Point","coordinates":[-80.70663,35.33774]},"properties":{"id":"camera-6068","layer":"camera","title":"Camera 6068","severity":0,"category":"Camera","url":"https://www.drivenc.gov/?type=camera&id=6068"}},{"type":"Feature","geometry":{"type":"Point","coordinates":[-79.33452,34.74573]},"properties":{"id":"camera-6069","layer":"camera","title":"Camera 6069","severity":0,"category":"Camera","url":"https://www.drivenc.gov/?type=camera&id=6069"}},{"type":"Feature","geometry":{"type":"Point","coordinates":[-78.7906,35.08799]},"properties":{"id":"camera-6070","layer":"camera","title":"Camera 6070","severity":0,"category":"Camera","url":"https://www.drivenc.gov/?type=camera&id=6070"}},{"type":"Feature","geometry":{"type":"Point","coordinates":[-81.64851,36.17573]},"properties":{"id":"camera-6072","layer":"camera","title":"Camera 6072","severity":0,"category":"Camera","url":"https://www.drivenc.gov/?type=camera&id=6072"}},{"type":"Feature","geometry":{"type":"Point","coordinates":[-78.80373,35.67365]},"properties":{"id":"camera-6076","layer":"camera","title":"Camera 6076","severity":0,"category":"Camera","url":"https://www.drivenc.gov/?type=camera&id=6076"}},{"type":"Feature","geometry":{"type":"Point","coordinates":[-80.86105,35.75353]},"properties":{"id":"camera-6077","layer":"camera","title":"Camera 6077","severity":0,"category":"Camera","url":"https://www.drivenc.gov/?type=camera&id=6077"}},{"type":"Feature","geometry":{"type":"Point","coordinates":[-80.84045,35.25943]},"properties":{"id":"camera-6078","layer":"camera","title":"Camera 6078","severity":0,"category":"Camera","url":"https://www.drivenc.gov/?type=camera&id=6078"}},{"type":"Feature","geometry":{"type":"Point","coordinates":[-81.167,35.27945]},"properties":{"id":"camera-6079","layer":"camera","title":"Camera 6079","severity":0,"category":"Camera","url":"https://www.drivenc.gov/?type=camera&id=6079"}},{"type":"Feature","geometry":{"type":"Point","coordinates":[-80.335217,36.234245]},"properties":{"id":"camera-6080","layer":"camera","title":"Camera 6080","severity":0,"category":"Camera","url":"https://www.drivenc.gov/?type=camera&id=6080"}},{"type":"Feature","geometry":{"type":"Point","coordinates":[-77.78705,35.28874]},"properties":{"id":"camera-6081","layer":"camera","title":"Camera 6081","severity":0,"category":"Camera","url":"https://www.drivenc.gov/?type=camera&id=6081"}},{"type":"Feature","geometry":{"type":"Point","coordinates":[-75.77922,35.1905]},"properties":{"id":"camera-6082","layer":"camera","title":"Camera 6082","severity":0,"category":"Camera","url":"https://www.drivenc.gov/?type=camera&id=6082"}},{"type":"Feature","geometry":{"type":"Point","coordinates":[-75.70213,35.20713]},"properties":{"id":"camera-6083","layer":"camera","title":"Camera 6083","severity":0,"category":"Camera","url":"https://www.drivenc.gov/?type=camera&id=6083"}},{"type":"Feature","geometry":{"type":"Point","coordinates":[-75.77971,35.18942]},"properties":{"id":"camera-6084","layer":"camera","title":"Camera 6084","severity":0,"category":"Camera","url":"https://www.drivenc.gov/?type=camera&id=6084"}},{"type":"Feature","geometry":{"type":"Point","coordinates":[-75.70244,35.20755]},"properties":{"id":"camera-6085","layer":"camera","title":"Camera 6085","severity":0,"category":"Camera","url":"https://www.drivenc.gov/?type=camera&id=6085"}},{"type":"Feature","geometry":{"type":"Point","coordinates":[-76.81124,34.93678]},"properties":{"id":"camera-6086","layer":"camera","title":"Camera 6086","severity":0,"category":"Camera","url":"https://www.drivenc.gov/?type=camera&id=6086"}},{"type":"Feature","geometry":{"type":"Point","coordinates":[-76.74845,35.37702]},"properties":{"id":"camera-6087","layer":"camera","title":"Camera 6087","severity":0,"category":"Camera","url":"https://www.drivenc.gov/?type=camera&id=6087"}},{"type":"Feature","geometry":{"type":"Point","coordinates":[-79.12788,36.0577]},"properties":{"id":"camera-6088","layer":"camera","title":"Camera 6088","severity":0,"category":"Camera","url":"https://www.drivenc.gov/?type=camera&id=6088"}},{"type":"Feature","geometry":{"type":"Point","coordinates":[-79.90742,36.11918]},"properties":{"id":"camera-6089","layer":"camera","title":"Camera 6089","severity":0,"category":"Camera","url":"https://www.drivenc.gov/?type=camera&id=6089"}},{"type":"Feature","geometry":{"type":"Point","coordinates":[-82.61585,35.55548]},"properties":{"id":"camera-6092","layer":"camera","title":"Camera 6092","severity":0,"category":"Camera","url":"https://www.drivenc.gov/?type=camera&id=6092"}},{"type":"Feature","geometry":{"type":"Point","coordinates":[-82.55558,35.92729]},"properties":{"id":"camera-6093","layer":"camera","title":"Camera 6093","severity":0,"category":"Camera","url":"https://www.drivenc.gov/?type=camera&id=6093"}},{"type":"Feature","geometry":{"type":"Point","coordinates":[-78.02474,34.91805]},"properties":{"id":"camera-6094","layer":"camera","title":"Camera 6094","severity":0,"category":"Camera","url":"https://www.drivenc.gov/?type=camera&id=6094"}},{"type":"Feature","geometry":{"type":"Point","coordinates":[-80.85636,35.23528]},"properties":{"id":"camera-6095","layer":"camera","title":"Camera 6095","severity":0,"category":"Camera","url":"https://www.drivenc.gov/?type=camera&id=6095"}},{"type":"Feature","geometry":{"type":"Point","coordinates":[-82.91791,35.54152]},"properties":{"id":"camera-6096","layer":"camera","title":"Camera 6096","severity":0,"category":"Camera","url":"https://www.drivenc.gov/?type=camera&id=6096"}},{"type":"Feature","geometry":{"type":"Point","coordinates":[-82.48254,35.37936]},"properties":{"id":"camera-6097","layer":"camera","title":"Camera 6097","severity":0,"category":"Camera","url":"https://www.drivenc.gov/?type=camera&id=6097"}},{"type":"Feature","geometry":{"type":"Point","coordinates":[-83.08095,35.76933]},"properties":{"id":"camera-6098","layer":"camera","title":"Camera 6098","severity":0,"category":"Camera","url":"https://www.drivenc.gov/?type=camera&id=6098"}},{"type":"Feature","geometry":{"type":"Point","coordinates":[-82.70172,35.55472]},"properties":{"id":"camera-6099","layer":"camera","title":"Camera 6099","severity":0,"category":"Camera","url":"https://www.drivenc.gov/?type=camera&id=6099"}},{"type":"Feature","geometry":{"type":"Point","coordinates":[-82.53841,35.42141]},"properties":{"id":"camera-6100","layer":"camera","title":"Camera 6100","severity":0,"category":"Camera","url":"https://www.drivenc.gov/?type=camera&id=6100"}},{"type":"Feature","geometry":{"type":"Point","coordinates":[-82.4918,35.39221]},"properties":{"id":"camera-6101","layer":"camera","title":"Camera 6101","severity":0,"category":"Camera","url":"https://www.drivenc.gov/?type=camera&id=6101"}},{"type":"Feature","geometry":{"type":"Point","coordinates":[-82.42006,35.31526]},"properties":{"id":"camera-6102","layer":"camera","title":"Camera 6102","severity":0,"category":"Camera","url":"https://www.drivenc.gov/?type=camera&id=6102"}},{"type":"Feature","geometry":{"type":"Point","coordinates":[-82.50581,35.44216]},"properties":{"id":"camera-6103","layer":"camera","title":"Camera 6103","severity":0,"category":"Camera","url":"https://www.drivenc.gov/?type=camera&id=6103"}},{"type":"Feature","geometry":{"type":"Point","coordinates":[-83.03044,35.73866]},"properties":{"id":"camera-6105","layer":"camera","title":"Camera 6105","severity":0,"category":"Camera","url":"https://www.drivenc.gov/?type=camera&id=6105"}},{"type":"Feature","geometry":{"type":"Point","coordinates":[-83.00676,35.60237]},"properties":{"id":"camera-6107","layer":"camera","title":"Camera 6107","severity":0,"category":"Camera","url":"https://www.drivenc.gov/?type=camera&id=6107"}},{"type":"Feature","geometry":{"type":"Point","coordinates":[-83.07576,35.76289]},"properties":{"id":"camera-6108","layer":"camera","title":"Camera 6108","severity":0,"category":"Camera","url":"https://www.drivenc.gov/?type=camera&id=6108"}},{"type":"Feature","geometry":{"type":"Point","coordinates":[-75.53468,35.76933]},"properties":{"id":"camera-6109","layer":"camera","title":"Camera 6109","severity":0,"category":"Camera","url":"https://www.drivenc.gov/?type=camera&id=6109"}},{"type":"Feature","geometry":{"type":"Point","coordinates":[-78.37663,35.25073]},"properties":{"id":"camera-6110","layer":"camera","title":"Camera 6110","severity":0,"category":"Camera","url":"https://www.drivenc.gov/?type=camera&id=6110"}},{"type":"Feature","geometry":{"type":"Point","coordinates":[-78.28217,35.19089]},"properties":{"id":"camera-6111","layer":"camera","title":"Camera 6111","severity":0,"category":"Camera","url":"https://www.drivenc.gov/?type=camera&id=6111"}},{"type":"Feature","geometry":{"type":"Point","coordinates":[-77.99639,34.82345]},"properties":{"id":"camera-6112","layer":"camera","title":"Camera 6112","severity":0,"category":"Camera","url":"https://www.drivenc.gov/?type=camera&id=6112"}},{"type":"Feature","geometry":{"type":"Point","coordinates":[-77.90101,34.57449]},"properties":{"id":"camera-6113","layer":"camera","title":"Camera 6113","severity":0,"category":"Camera","url":"https://www.drivenc.gov/?type=camera&id=6113"}},{"type":"Feature","geometry":{"type":"Point","coordinates":[-77.86397,34.30086]},"properties":{"id":"camera-6114","layer":"camera","title":"Camera 6114","severity":0,"category":"Camera","url":"https://www.drivenc.gov/?type=camera&id=6114"}},{"type":"Feature","geometry":{"type":"Point","coordinates":[-77.95079,34.75526]},"properties":{"id":"camera-6115","layer":"camera","title":"Camera 6115","severity":0,"category":"Camera","url":"https://www.drivenc.gov/?type=camera&id=6115"}},{"type":"Feature","geometry":{"type":"Point","coordinates":[-77.87449,34.44275]},"properties":{"id":"camera-6116","layer":"camera","title":"Camera 6116","severity":0,"category":"Camera","url":"https://www.drivenc.gov/?type=camera&id=6116"}},{"type":"Feature","geometry":{"type":"Point","coordinates":[-78.18548,35.11458]},"properties":{"id":"camera-6117","layer":"camera","title":"Camera 6117","severity":0,"category":"Camera","url":"https://www.drivenc.gov/?type=camera&id=6117"}},{"type":"Feature","geometry":{"type":"Point","coordinates":[-77.94745,34.68557]},"properties":{"id":"camera-6118","layer":"camera","title":"Camera 6118","severity":0,"category":"Camera","url":"https://www.drivenc.gov/?type=camera&id=6118"}},{"type":"Feature","geometry":{"type":"Point","coordinates":[-82.45846,35.35953]},"properties":{"id":"camera-6119","layer":"camera","title":"Camera 6119","severity":0,"category":"Camera","url":"https://www.drivenc.gov/?type=camera&id=6119"}},{"type":"Feature","geometry":{"type":"Point","coordinates":[-82.56805,35.49945]},"properties":{"id":"camera-6120","layer":"camera","title":"Camera 6120","severity":0,"category":"Camera","url":"https://www.drivenc.gov/?type=camera&id=6120"}},{"type":"Feature","geometry":{"type":"Point","coordinates":[-81.026438,35.256636]},"properties":{"id":"camera-6121","layer":"camera","title":"Camera 6121","severity":0,"category":"Camera","url":"https://www.drivenc.gov/?type=camera&id=6121"}},{"type":"Feature","geometry":{"type":"Point","coordinates":[-76.08625,36.37776]},"properties":{"id":"camera-6122","layer":"camera","title":"Camera 6122","severity":0,"category":"Camera","url":"https://www.drivenc.gov/?type=camera&id=6122"}},{"type":"Feature","geometry":{"type":"Point","coordinates":[-76.97048,34.96993]},"properties":{"id":"camera-6124","layer":"camera","title":"Camera 6124","severity":0,"category":"Camera","url":"https://www.drivenc.gov/?type=camera&id=6124"}},{"type":"Feature","geometry":{"type":"Point","coordinates":[-78.70744,35.7982]},"properties":{"id":"camera-6125","layer":"camera","title":"Camera 6125","severity":0,"category":"Camera","url":"https://www.drivenc.gov/?type=camera&id=6125"}},{"type":"Feature","geometry":{"type":"Point","coordinates":[-78.9963,35.10637]},"properties":{"id":"camera-6126","layer":"camera","title":"Camera 6126","severity":0,"category":"Camera","url":"https://www.drivenc.gov/?type=camera&id=6126"}},{"type":"Feature","geometry":{"type":"Point","coordinates":[-79.01305,35.10599]},"properties":{"id":"camera-6127","layer":"camera","title":"Camera 6127","severity":0,"category":"Camera","url":"https://www.drivenc.gov/?type=camera&id=6127"}},{"type":"Feature","geometry":{"type":"Point","coordinates":[-79.01249,35.10757]},"properties":{"id":"camera-6128","layer":"camera","title":"Camera 6128","severity":0,"category":"Camera","url":"https://www.drivenc.gov/?type=camera&id=6128"}},{"type":"Feature","geometry":{"type":"Point","coordinates":[-79.01024,35.10321]},"properties":{"id":"camera-6129","layer":"camera","title":"Camera 6129","severity":0,"category":"Camera","url":"https://www.drivenc.gov/?type=camera&id=6129"}},{"type":"Feature","geometry":{"type":"Point","coordinates":[-76.81728,35.91101]},"properties":{"id":"camera-6130","layer":"camera","title":"Camera 6130","severity":0,"category":"Camera","url":"https://www.drivenc.gov/?type=camera&id=6130"}},{"type":"Feature","geometry":{"type":"Point","coordinates":[-76.95385,36.43724]},"properties":{"id":"camera-6131","layer":"camera","title":"Camera 6131","severity":0,"category":"Camera","url":"https://www.drivenc.gov/?type=camera&id=6131"}},{"type":"Feature","geometry":{"type":"Point","coordinates":[-83.02401,35.73798]},"properties":{"id":"camera-6132","layer":"camera","title":"Camera 6132","severity":0,"category":"Camera","url":"https://www.drivenc.gov/?type=camera&id=6132"}},{"type":"Feature","geometry":{"type":"Point","coordinates":[-77.95736,34.25328]},"properties":{"id":"camera-6134","layer":"camera","title":"Camera 6134","severity":0,"category":"Camera","url":"https://www.drivenc.gov/?type=camera&id=6134"}},{"type":"Feature","geometry":{"type":"Point","coordinates":[-77.94774,34.25016]},"properties":{"id":"camera-6135","layer":"camera","title":"Camera 6135","severity":0,"category":"Camera","url":"https://www.drivenc.gov/?type=camera&id=6135"}},{"type":"Feature","geometry":{"type":"Point","coordinates":[-77.94505,34.22596]},"properties":{"id":"camera-6136","layer":"camera","title":"Camera 6136","severity":0,"category":"Camera","url":"https://www.drivenc.gov/?type=camera&id=6136"}},{"type":"Feature","geometry":{"type":"Point","coordinates":[-77.91637,34.18183]},"properties":{"id":"camera-6137","layer":"camera","title":"Camera 6137","severity":0,"category":"Camera","url":"https://www.drivenc.gov/?type=camera&id=6137"}},{"type":"Feature","geometry":{"type":"Point","coordinates":[-77.82678,34.26496]},"properties":{"id":"camera-6138","layer":"camera","title":"Camera 6138","severity":0,"category":"Camera","url":"https://www.drivenc.gov/?type=camera&id=6138"}},{"type":"Feature","geometry":{"type":"Point","coordinates":[-77.83335,34.27605]},"properties":{"id":"camera-6139","layer":"camera","title":"Camera 6139","severity":0,"category":"Camera","url":"https://www.drivenc.gov/?type=camera&id=6139"}},{"type":"Feature","geometry":{"type":"Point","coordinates":[-77.8228,34.28879]},"properties":{"id":"camera-6140","layer":"camera","title":"Camera 6140","severity":0,"category":"Camera","url":"https://www.drivenc.gov/?type=camera&id=6140"}},{"type":"Feature","geometry":{"type":"Point","coordinates":[-77.78769,34.30164]},"properties":{"id":"camera-6141","layer":"camera","title":"Camera 6141","severity":0,"category":"Camera","url":"https://www.drivenc.gov/?type=camera&id=6141"}},{"type":"Feature","geometry":{"type":"Point","coordinates":[-80.86954,35.40448]},"properties":{"id":"camera-6143","layer":"camera","title":"Camera 6143","severity":0,"category":"Camera","url":"https://www.drivenc.gov/?type=camera&id=6143"}},{"type":"Feature","geometry":{"type":"Point","coordinates":[-80.86276,35.40702]},"properties":{"id":"camera-6144","layer":"camera","title":"Camera 6144","severity":0,"category":"Camera","url":"https://www.drivenc.gov/?type=camera&id=6144"}},{"type":"Feature","geometry":{"type":"Point","coordinates":[-80.85882,35.40899]},"properties":{"id":"camera-6145","layer":"camera","title":"Camera 6145","severity":0,"category":"Camera","url":"https://www.drivenc.gov/?type=camera&id=6145"}},{"type":"Feature","geometry":{"type":"Point","coordinates":[-80.85669,35.40917]},"properties":{"id":"camera-6146","layer":"camera","title":"Camera 6146","severity":0,"category":"Camera","url":"https://www.drivenc.gov/?type=camera&id=6146"}},{"type":"Feature","geometry":{"type":"Point","coordinates":[-80.85532,35.41011]},"properties":{"id":"camera-6147","layer":"camera","title":"Camera 6147","severity":0,"category":"Camera","url":"https://www.drivenc.gov/?type=camera&id=6147"}},{"type":"Feature","geometry":{"type":"Point","coordinates":[-80.85179,35.41058]},"properties":{"id":"camera-6148","layer":"camera","title":"Camera 6148","severity":0,"category":"Camera","url":"https://www.drivenc.gov/?type=camera&id=6148"}},{"type":"Feature","geometry":{"type":"Point","coordinates":[-80.85635,35.41384]},"properties":{"id":"camera-6149","layer":"camera","title":"Camera 6149","severity":0,"category":"Camera","url":"https://www.drivenc.gov/?type=camera&id=6149"}},{"type":"Feature","geometry":{"type":"Point","coordinates":[-80.85583,35.41218]},"properties":{"id":"camera-6150","layer":"camera","title":"Camera 6150","severity":0,"category":"Camera","url":"https://www.drivenc.gov/?type=camera&id=6150"}},{"type":"Feature","geometry":{"type":"Point","coordinates":[-80.85443,35.40764]},"properties":{"id":"camera-6151","layer":"camera","title":"Camera 6151","severity":0,"category":"Camera","url":"https://www.drivenc.gov/?type=camera&id=6151"}},{"type":"Feature","geometry":{"type":"Point","coordinates":[-80.68982,35.10939]},"properties":{"id":"camera-6152","layer":"camera","title":"Camera 6152","severity":0,"category":"Camera","url":"https://www.drivenc.gov/?type=camera&id=6152"}},{"type":"Feature","geometry":{"type":"Point","coordinates":[-80.68704,35.11126]},"properties":{"id":"camera-6153","layer":"camera","title":"Camera 6153","severity":0,"category":"Camera","url":"https://www.drivenc.gov/?type=camera&id=6153"}},{"type":"Feature","geometry":{"type":"Point","coordinates":[-80.70958,35.10255]},"properties":{"id":"camera-6154","layer":"camera","title":"Camera 6154","severity":0,"category":"Camera","url":"https://www.drivenc.gov/?type=camera&id=6154"}},{"type":"Feature","geometry":{"type":"Point","coordinates":[-80.904828,35.119343]},"properties":{"id":"camera-6155","layer":"camera","title":"Camera 6155","severity":0,"category":"Camera","url":"https://www.drivenc.gov/?type=camera&id=6155"}},{"type":"Feature","geometry":{"type":"Point","coordinates":[-82.75325,35.54191]},"properties":{"id":"camera-6156","layer":"camera","title":"Camera 6156","severity":0,"category":"Camera","url":"https://www.drivenc.gov/?type=camera&id=6156"}},{"type":"Feature","geometry":{"type":"Point","coordinates":[-77.56788,34.48438]},"properties":{"id":"camera-6157","layer":"camera","title":"Camera 6157","severity":0,"category":"Camera","url":"https://www.drivenc.gov/?type=camera&id=6157"}}]}