{"type":"FeatureCollection","generated":1789619777625,"features":[{"type":"Feature","geometry":{"type":"Point","coordinates":[-76.3425,36.42138889]},"properties":{"id":"nwis-0204382800","layer":"flow","title":"PASQUOTANK RIVER NEAR SOUTH MILLS, NC","detail":"USGS 0204382800 · 51.9 ft³/s · stage 6.3 ft","severity":0,"value":"51.9 ft³/s","category":"Streamgage","url":"https://waterdata.usgs.gov/monitoring-location/0204382800/"}},{"type":"Feature","geometry":{"type":"Point","coordinates":[-77.0255556,36.3708333]},"properties":{"id":"nwis-02053200","layer":"flow","title":"POTECASI CREEK NEAR UNION, NC","detail":"USGS 02053200 · stage 2.6 ft","severity":0,"value":"stage 2.6 ft","category":"Streamgage","url":"https://waterdata.usgs.gov/monitoring-location/02053200/"}},{"type":"Feature","geometry":{"type":"Point","coordinates":[-76.9994444,36.28027778]},"properties":{"id":"nwis-02053500","layer":"flow","title":"AHOSKIE CREEK AT AHOSKIE, NC","detail":"USGS 02053500 · 2.88 ft³/s · stage 1.4 ft","severity":0,"value":"2.88 ft³/s","category":"Streamgage","url":"https://waterdata.usgs.gov/monitoring-location/02053500/"}},{"type":"Feature","geometry":{"type":"Point","coordinates":[-80.3030556,36.515]},"properties":{"id":"nwis-02068500","layer":"flow","title":"DAN RIVER NEAR FRANCISCO, NC","detail":"USGS 02068500 · 23.7 ft³/s · stage 1.1 ft","severity":0,"value":"23.7 ft³/s","category":"Streamgage","url":"https://waterdata.usgs.gov/monitoring-location/02068500/"}},{"type":"Feature","geometry":{"type":"Point","coordinates":[-80.0500424,36.31930349]},"properties":{"id":"nwis-02069000","layer":"flow","title":"DAN RIVER AT PINE HALL, NC","detail":"USGS 02069000 · 65 ft³/s · stage 1.2 ft","severity":0,"value":"65 ft³/s","category":"Streamgage","url":"https://waterdata.usgs.gov/monitoring-location/02069000/"}},{"type":"Feature","geometry":{"type":"Point","coordinates":[-79.99138889,36.53388889]},"properties":{"id":"nwis-02070500","layer":"flow","title":"MAYO RIVER NEAR PRICE, NC","detail":"USGS 02070500 · 56.9 ft³/s · stage 0.6 ft","severity":0,"value":"56.9 ft³/s","category":"Streamgage","url":"https://waterdata.usgs.gov/monitoring-location/02070500/"}},{"type":"Feature","geometry":{"type":"Point","coordinates":[-79.82713611,36.41054722]},"properties":{"id":"nwis-02071000","layer":"flow","title":"DAN RIVER NEAR WENTWORTH, NC","detail":"USGS 02071000 · 79.7 ft³/s · stage 0.5 ft","severity":0,"value":"79.7 ft³/s","category":"Streamgage","url":"https://waterdata.usgs.gov/monitoring-location/02071000/"}},{"type":"Feature","geometry":{"type":"Point","coordinates":[-79.7655556,36.52555556]},"properties":{"id":"nwis-02074000","layer":"flow","title":"SMITH RIVER AT EDEN, NC","detail":"USGS 02074000 · 221 ft³/s · stage 2.0 ft","severity":0,"value":"221 ft³/s","category":"Streamgage","url":"https://waterdata.usgs.gov/monitoring-location/02074000/"}},{"type":"Feature","geometry":{"type":"Point","coordinates":[-79.1966667,36.39777778]},"properties":{"id":"nwis-02077200","layer":"flow","title":"HYCO CREEK NEAR LEASBURG, NC","detail":"USGS 02077200 · 0 ft³/s · stage 22.9 ft","severity":0,"value":"0 ft³/s","category":"Streamgage","url":"https://waterdata.usgs.gov/monitoring-location/02077200/"}},{"type":"Feature","geometry":{"type":"Point","coordinates":[-78.9970556,36.5227222]},"properties":{"id":"nwis-02077303","layer":"flow","title":"HYCO R BL ABAY D NR MCGEHEES MILL, NC","detail":"USGS 02077303 · 5.2 ft³/s · stage 3.9 ft","severity":0,"value":"5.2 ft³/s","category":"Streamgage","url":"https://waterdata.usgs.gov/monitoring-location/02077303/"}},{"type":"Feature","geometry":{"type":"Point","coordinates":[-78.8719444,36.5408333]},"properties":{"id":"nwis-02077670","layer":"flow","title":"MAYO CR NR BETHEL HILL, NC","detail":"USGS 02077670 · 3.1 ft³/s · stage 2.0 ft","severity":0,"value":"3.1 ft³/s","category":"Streamgage","url":"https://waterdata.usgs.gov/monitoring-location/02077670/"}},{"type":"Feature","geometry":{"type":"Point","coordinates":[-77.6336111,36.46]},"properties":{"id":"nwis-02080500","layer":"flow","title":"ROANOKE RIVER AT ROANOKE RAPIDS, NC","detail":"USGS 02080500 · 1,880 ft³/s · stage 2.9 ft","severity":0,"value":"1,880 ft³/s","category":"Streamgage","url":"https://waterdata.usgs.gov/monitoring-location/02080500/"}},{"type":"Feature","geometry":{"type":"Point","coordinates":[-77.58027778,36.3311111]},"properties":{"id":"nwis-0208062765","layer":"flow","title":"ROANOKE RIVER AT HALIFAX, NC","detail":"USGS 0208062765 · stage 17.9 ft","severity":0,"value":"stage 17.9 ft","category":"Streamgage","url":"https://waterdata.usgs.gov/monitoring-location/0208062765/"}},{"type":"Feature","geometry":{"type":"Point","coordinates":[-77.38388889,36.20916667]},"properties":{"id":"nwis-02081000","layer":"flow","title":"ROANOKE RIVER NEAR SCOTLAND NECK, NC","detail":"USGS 02081000 · stage 6.5 ft","severity":0,"value":"stage 6.5 ft","category":"Streamgage","url":"https://waterdata.usgs.gov/monitoring-location/02081000/"}},{"type":"Feature","geometry":{"type":"Point","coordinates":[-77.21527778,36.0136111]},"properties":{"id":"nwis-02081022","layer":"flow","title":"ROANOKE RIVER NEAR OAK CITY, NC","detail":"USGS 02081022 · 1,850 ft³/s · stage 12.4 ft","severity":0,"value":"1,850 ft³/s","category":"Streamgage","url":"https://waterdata.usgs.gov/monitoring-location/02081022/"}},{"type":"Feature","geometry":{"type":"Point","coordinates":[-77.2025,35.9475]},"properties":{"id":"nwis-02081028","layer":"flow","title":"ROANOKE RIVER AT HAMILTON, NC","detail":"USGS 02081028 · stage 3.6 ft","severity":0,"value":"stage 3.6 ft","category":"Streamgage","url":"https://waterdata.usgs.gov/monitoring-location/02081028/"}},{"type":"Feature","geometry":{"type":"Point","coordinates":[-77.04027778,35.8597222]},"properties":{"id":"nwis-02081054","layer":"flow","title":"ROANOKE RIVER AT WILLIAMSTON, NC","detail":"USGS 02081054 · 1,530 ft³/s · stage 5.1 ft","severity":0,"value":"1,530 ft³/s","category":"Streamgage","url":"https://waterdata.usgs.gov/monitoring-location/02081054/"}},{"type":"Feature","geometry":{"type":"Point","coordinates":[-76.89277778,35.81305556]},"properties":{"id":"nwis-02081094","layer":"flow","title":"ROANOKE RIVER AT JAMESVILLE, NC","detail":"USGS 02081094 · stage 1.8 ft","severity":0,"value":"stage 1.8 ft","category":"Streamgage","url":"https://waterdata.usgs.gov/monitoring-location/02081094/"}},{"type":"Feature","geometry":{"type":"Point","coordinates":[-76.9841667,36.04777778]},"properties":{"id":"nwis-0208111310","layer":"flow","title":"CASHIE RIVER AT SR1257 NEAR WINDSOR, NC","detail":"USGS 0208111310 · 0.02 ft³/s · stage 4.0 ft","severity":0,"value":"0.02 ft³/s","category":"Streamgage","url":"https://waterdata.usgs.gov/monitoring-location/0208111310/"}},{"type":"Feature","geometry":{"type":"Point","coordinates":[-76.72277778,35.915]},"properties":{"id":"nwis-0208114150","layer":"flow","title":"ROANOKE RIVER AT NC 45 NR WESTOVER, NC","detail":"USGS 0208114150 · stage 1.8 ft","severity":0,"value":"stage 1.8 ft","category":"Streamgage","url":"https://waterdata.usgs.gov/monitoring-location/0208114150/"}},{"type":"Feature","geometry":{"type":"Point","coordinates":[-78.5830556,36.19416667]},"properties":{"id":"nwis-02081500","layer":"flow","title":"TAR RIVER NEAR TAR RIVER, NC","detail":"USGS 02081500 · 3.28 ft³/s · stage 1.3 ft","severity":0,"value":"3.28 ft³/s","category":"Streamgage","url":"https://waterdata.usgs.gov/monitoring-location/02081500/"}},{"type":"Feature","geometry":{"type":"Point","coordinates":[-78.2961111,36.09305556]},"properties":{"id":"nwis-02081747","layer":"flow","title":"TAR R AT US 401 AT LOUISBURG, NC","detail":"USGS 02081747 · 15.9 ft³/s · stage 3.4 ft","severity":0,"value":"15.9 ft³/s","category":"Streamgage","url":"https://waterdata.usgs.gov/monitoring-location/02081747/"}},{"type":"Feature","geometry":{"type":"Point","coordinates":[-78.08953889,35.8820861]},"properties":{"id":"nwis-02081942","layer":"flow","title":"TAR RIVER AT NC-581 NEAR SPRING HOPE, NC","detail":"USGS 02081942 · 41.5 ft³/s · stage 1.9 ft","severity":0,"value":"41.5 ft³/s","category":"Streamgage","url":"https://waterdata.usgs.gov/monitoring-location/02081942/"}},{"type":"Feature","geometry":{"type":"Point","coordinates":[-77.88414888,35.89987728]},"properties":{"id":"nwis-0208250410","layer":"flow","title":"TAR RIVER BELOW DAM NEAR LANGLEY CROSSROADS, NC","detail":"USGS 0208250410 · 76.4 ft³/s · stage 0.5 ft","severity":0,"value":"76.4 ft³/s","category":"Streamgage","url":"https://waterdata.usgs.gov/monitoring-location/0208250410/"}},{"type":"Feature","geometry":{"type":"Point","coordinates":[-77.7872222,35.9547222]},"properties":{"id":"nwis-02082585","layer":"flow","title":"TAR RIVER AT NC 97 AT ROCKY MOUNT, NC","detail":"USGS 02082585 · 61.2 ft³/s · stage 3.0 ft","severity":0,"value":"61.2 ft³/s","category":"Streamgage","url":"https://waterdata.usgs.gov/monitoring-location/02082585/"}},{"type":"Feature","geometry":{"type":"Point","coordinates":[-77.8761111,36.1833333]},"properties":{"id":"nwis-02082950","layer":"flow","title":"LITTLE FISHING CREEK NEAR WHITE OAK, NC","detail":"USGS 02082950 · 0.11 ft³/s · stage 1.4 ft","severity":0,"value":"0.11 ft³/s","category":"Streamgage","url":"https://waterdata.usgs.gov/monitoring-location/02082950/"}},{"type":"Feature","geometry":{"type":"Point","coordinates":[-77.6930556,36.15055556]},"properties":{"id":"nwis-02083000","layer":"flow","title":"FISHING CREEK NEAR ENFIELD, NC","detail":"USGS 02083000 · 3.09 ft³/s · stage 2.4 ft","severity":0,"value":"3.09 ft³/s","category":"Streamgage","url":"https://waterdata.usgs.gov/monitoring-location/02083000/"}},{"type":"Feature","geometry":{"type":"Point","coordinates":[-77.5330556,35.89444444]},"properties":{"id":"nwis-02083500","layer":"flow","title":"TAR RIVER AT TARBORO, NC","detail":"USGS 02083500 · 134 ft³/s · stage 1.6 ft","severity":0,"value":"134 ft³/s","category":"Streamgage","url":"https://waterdata.usgs.gov/monitoring-location/02083500/"}},{"type":"Feature","geometry":{"type":"Point","coordinates":[-77.37277778,35.61666667]},"properties":{"id":"nwis-02084000","layer":"flow","title":"TAR RIVER AT GREENVILLE, NC","detail":"USGS 02084000 · stage 5.0 ft","severity":0,"value":"stage 5.0 ft","category":"Streamgage","url":"https://waterdata.usgs.gov/monitoring-location/02084000/"}},{"type":"Feature","geometry":{"type":"Point","coordinates":[-76.7461111,35.7308333]},"properties":{"id":"nwis-02084557","layer":"flow","title":"VAN SWAMP NEAR HOKE, NC","detail":"USGS 02084557 · 0.63 ft³/s · stage 2.1 ft","severity":0,"value":"0.63 ft³/s","category":"Streamgage","url":"https://waterdata.usgs.gov/monitoring-location/02084557/"}},{"type":"Feature","geometry":{"type":"Point","coordinates":[-79.0955556,36.0711111]},"properties":{"id":"nwis-02085000","layer":"flow","title":"ENO RIVER AT HILLSBOROUGH, NC","detail":"USGS 02085000 · 4.49 ft³/s · stage 1.5 ft","severity":0,"value":"4.49 ft³/s","category":"Streamgage","url":"https://waterdata.usgs.gov/monitoring-location/02085000/"}},{"type":"Feature","geometry":{"type":"Point","coordinates":[-78.9780833,36.05941667]},"properties":{"id":"nwis-02085039","layer":"flow","title":"ENO RIVER AT COLE MILL RD NR HUCKLEBERRY SPRING","detail":"USGS 02085039 · stage 1.9 ft","severity":0,"value":"stage 1.9 ft","category":"Streamgage","url":"https://waterdata.usgs.gov/monitoring-location/02085039/"}},{"type":"Feature","geometry":{"type":"Point","coordinates":[-78.9077778,36.0722222]},"properties":{"id":"nwis-02085070","layer":"flow","title":"ENO RIVER NEAR DURHAM, NC","detail":"USGS 02085070 · 12.3 ft³/s · stage 2.1 ft","severity":0,"value":"12.3 ft³/s","category":"Streamgage","url":"https://waterdata.usgs.gov/monitoring-location/02085070/"}},{"type":"Feature","geometry":{"type":"Point","coordinates":[-78.9191667,36.14166667]},"properties":{"id":"nwis-0208521324","layer":"flow","title":"LITTLE RIVER AT SR1461 NEAR ORANGE FACTORY, NC","detail":"USGS 0208521324 · 2.85 ft³/s · stage 0.3 ft","severity":0,"value":"2.85 ft³/s","category":"Streamgage","url":"https://waterdata.usgs.gov/monitoring-location/0208521324/"}},{"type":"Feature","geometry":{"type":"Point","coordinates":[-78.8966667,36.1497222]},"properties":{"id":"nwis-0208524090","layer":"flow","title":"MOUNTAIN CREEK AT SR1617 NR BAHAMA, NC","detail":"USGS 0208524090 · 0.01 ft³/s · stage 3.6 ft","severity":0,"value":"0.01 ft³/s","category":"Streamgage","url":"https://waterdata.usgs.gov/monitoring-location/0208524090/"}},{"type":"Feature","geometry":{"type":"Point","coordinates":[-78.8597222,36.1133333]},"properties":{"id":"nwis-0208524975","layer":"flow","title":"LITTLE R BL LITTLE R TRIB AT FAIRNTOSH, NC","detail":"USGS 0208524975 · 3.21 ft³/s · stage 2.5 ft","severity":0,"value":"3.21 ft³/s","category":"Streamgage","url":"https://waterdata.usgs.gov/monitoring-location/0208524975/"}},{"type":"Feature","geometry":{"type":"Point","coordinates":[-78.87888889,36.18277778]},"properties":{"id":"nwis-02085500","layer":"flow","title":"FLAT RIVER AT BAHAMA, NC","detail":"USGS 02085500 · 8.94 ft³/s · stage 1.1 ft","severity":0,"value":"8.94 ft³/s","category":"Streamgage","url":"https://waterdata.usgs.gov/monitoring-location/02085500/"}},{"type":"Feature","geometry":{"type":"Point","coordinates":[-78.82888889,36.1486111]},"properties":{"id":"nwis-02086500","layer":"flow","title":"FLAT RIVER AT DAM NEAR BAHAMA, NC","detail":"USGS 02086500 · 1.63 ft³/s · stage 0.6 ft","severity":0,"value":"1.63 ft³/s","category":"Streamgage","url":"https://waterdata.usgs.gov/monitoring-location/02086500/"}},{"type":"Feature","geometry":{"type":"Point","coordinates":[-78.7983389,36.12792215]},"properties":{"id":"nwis-02086624","layer":"flow","title":"KNAP OF REEDS CREEK NEAR BUTNER, NC","detail":"USGS 02086624 · 5.38 ft³/s · stage 1.9 ft","severity":0,"value":"5.38 ft³/s","category":"Streamgage","url":"https://waterdata.usgs.gov/monitoring-location/02086624/"}},{"type":"Feature","geometry":{"type":"Point","coordinates":[-78.8947778,36.01938889]},"properties":{"id":"nwis-0208675010","layer":"flow","title":"ELLERBE CREEK AT CLUB BOULEVARD AT DURHAM, NC","detail":"USGS 0208675010 · stage 1.0 ft","severity":0,"value":"stage 1.0 ft","category":"Streamgage","url":"https://waterdata.usgs.gov/monitoring-location/0208675010/"}},{"type":"Feature","geometry":{"type":"Point","coordinates":[-78.8605694,36.02455]},"properties":{"id":"nwis-02086799","layer":"flow","title":"GOOSE CREEK AT CAMDEN AVENUE AT DURHAM, NC","detail":"USGS 02086799 · 0.05 ft³/s · stage 1.6 ft","severity":0,"value":"0.05 ft³/s","category":"Streamgage","url":"https://waterdata.usgs.gov/monitoring-location/02086799/"}},{"type":"Feature","geometry":{"type":"Point","coordinates":[-78.8325065,36.05931106]},"properties":{"id":"nwis-02086849","layer":"flow","title":"ELLERBE CREEK NEAR GORMAN, NC","detail":"USGS 02086849 · 20.6 ft³/s · stage 1.3 ft","severity":0,"value":"20.6 ft³/s","category":"Streamgage","url":"https://waterdata.usgs.gov/monitoring-location/02086849/"}},{"type":"Feature","geometry":{"type":"Point","coordinates":[-78.8245,35.9823333]},"properties":{"id":"nwis-0208700550","layer":"flow","title":"LITTLE LICK CREEK AT NC HWY 98 AT OAK GROVE, NC","detail":"USGS 0208700550 · stage 1.2 ft","severity":0,"value":"stage 1.2 ft","category":"Streamgage","url":"https://waterdata.usgs.gov/monitoring-location/0208700550/"}},{"type":"Feature","geometry":{"type":"Point","coordinates":[-78.5808333,35.94]},"properties":{"id":"nwis-02087183","layer":"flow","title":"NEUSE RIVER NEAR FALLS, NC","detail":"USGS 02087183 · 107 ft³/s · stage 1.3 ft","severity":0,"value":"107 ft³/s","category":"Streamgage","url":"https://waterdata.usgs.gov/monitoring-location/02087183/"}},{"type":"Feature","geometry":{"type":"Point","coordinates":[-78.591097,35.877692]},"properties":{"id":"nwis-0208721060","layer":"flow","title":"PERRY CREEK AT CYNROWBLVDAT RALEIGH, NC","detail":"USGS 0208721060 · stage 3.4 ft","severity":0,"value":"stage 3.4 ft","category":"Streamgage","url":"https://waterdata.usgs.gov/monitoring-location/0208721060/"}},{"type":"Feature","geometry":{"type":"Point","coordinates":[-78.547681,35.879958]},"properties":{"id":"nwis-0208721455","layer":"flow","title":"PERRY CREEK AT PERRY CREEK ROAD NEAR RALEIGH, NC","detail":"USGS 0208721455 · stage 2.5 ft","severity":0,"value":"stage 2.5 ft","category":"Streamgage","url":"https://waterdata.usgs.gov/monitoring-location/0208721455/"}},{"type":"Feature","geometry":{"type":"Point","coordinates":[-78.7244444,35.84527778]},"properties":{"id":"nwis-0208726005","layer":"flow","title":"CRABTREE CR AT EBENEZER CHURCH RD NR RALEIGH, NC","detail":"USGS 0208726005 · 23.5 ft³/s · stage 3.6 ft","severity":0,"value":"23.5 ft³/s","category":"Streamgage","url":"https://waterdata.usgs.gov/monitoring-location/0208726005/"}},{"type":"Feature","geometry":{"type":"Point","coordinates":[-78.6741667,35.83805556]},"properties":{"id":"nwis-02087275","layer":"flow","title":"CRABTREE CREEK AT HWY 70 AT RALEIGH, NC","detail":"USGS 02087275 · 27.3 ft³/s · stage 4.8 ft","severity":0,"value":"27.3 ft³/s","category":"Streamgage","url":"https://waterdata.usgs.gov/monitoring-location/02087275/"}},{"type":"Feature","geometry":{"type":"Point","coordinates":[-78.6341667,35.8211111]},"properties":{"id":"nwis-0208731190","layer":"flow","title":"CRABTREE CREEK AT ANDERSON DRIVE AT RALEIGH, NC","detail":"USGS 0208731190 · stage 2.3 ft","severity":0,"value":"stage 2.3 ft","category":"Streamgage","url":"https://waterdata.usgs.gov/monitoring-location/0208731190/"}},{"type":"Feature","geometry":{"type":"Point","coordinates":[-78.6261111,35.8158333]},"properties":{"id":"nwis-02087322","layer":"flow","title":"CRABTREE CR AT OLD WAKE FOREST RD AT RALEIGH, NC","detail":"USGS 02087322 · stage 1.3 ft","severity":0,"value":"stage 1.3 ft","category":"Streamgage","url":"https://waterdata.usgs.gov/monitoring-location/02087322/"}},{"type":"Feature","geometry":{"type":"Point","coordinates":[-78.6108333,35.8111111]},"properties":{"id":"nwis-02087324","layer":"flow","title":"CRABTREE CREEK AT US 1 AT RALEIGH, NC","detail":"USGS 02087324 · 40.4 ft³/s · stage 0.1 ft","severity":0,"value":"40.4 ft³/s","category":"Streamgage","url":"https://waterdata.usgs.gov/monitoring-location/02087324/"}},{"type":"Feature","geometry":{"type":"Point","coordinates":[-78.6547222,35.7875]},"properties":{"id":"nwis-0208732534","layer":"flow","title":"PIGEON HOUSE CR AT CAMERON VILLAGE AT RALEIGH, NC","detail":"USGS 0208732534 · 0.03 ft³/s · stage 1.4 ft","severity":0,"value":"0.03 ft³/s","category":"Streamgage","url":"https://waterdata.usgs.gov/monitoring-location/0208732534/"}},{"type":"Feature","geometry":{"type":"Point","coordinates":[-78.642597,35.793892]},"properties":{"id":"nwis-0208732544","layer":"flow","title":"PIGEON HOUSE CR AT DORTCH STREET AT RALEIGH, NC","detail":"USGS 0208732544 · stage 1.9 ft","severity":0,"value":"stage 1.9 ft","category":"Streamgage","url":"https://waterdata.usgs.gov/monitoring-location/0208732544/"}},{"type":"Feature","geometry":{"type":"Point","coordinates":[-78.6202528,35.8029583]},"properties":{"id":"nwis-0208732593","layer":"flow","title":"PIGEON HOUSE CREEK AT FENTON STREET AT RALEIGH, NC","detail":"USGS 0208732593 · 1.19 ft³/s · stage 3.9 ft","severity":0,"value":"1.19 ft³/s","category":"Streamgage","url":"https://waterdata.usgs.gov/monitoring-location/0208732593/"}},{"type":"Feature","geometry":{"type":"Point","coordinates":[-78.598697,35.830892]},"properties":{"id":"nwis-0208732860","layer":"flow","title":"MARSH CREEK AT INGRAM DRIVE AT RALEIGH, NC","detail":"USGS 0208732860 · stage 3.1 ft","severity":0,"value":"stage 3.1 ft","category":"Streamgage","url":"https://waterdata.usgs.gov/monitoring-location/0208732860/"}},{"type":"Feature","geometry":{"type":"Point","coordinates":[-78.5930556,35.81694444]},"properties":{"id":"nwis-0208732885","layer":"flow","title":"MARSH CREEK NEAR NEW HOPE, NC","detail":"USGS 0208732885 · 1.21 ft³/s · stage 2.8 ft","severity":0,"value":"1.21 ft³/s","category":"Streamgage","url":"https://waterdata.usgs.gov/monitoring-location/0208732885/"}},{"type":"Feature","geometry":{"type":"Point","coordinates":[-78.73714722,35.77300556]},"properties":{"id":"nwis-02087337","layer":"flow","title":"WALNUT CREEK AT BUCK JONES ROAD AT RALEIGH, NC","detail":"USGS 02087337 · 0.29 ft³/s · stage 0.9 ft","severity":0,"value":"0.29 ft³/s","category":"Streamgage","url":"https://waterdata.usgs.gov/monitoring-location/02087337/"}},{"type":"Feature","geometry":{"type":"Point","coordinates":[-78.703408,35.768783]},"properties":{"id":"nwis-0208734095","layer":"flow","title":"SIMMONS BRANCH AT LAIL COURT NEAR RALEIGH, NC","detail":"USGS 0208734095 · stage 1.3 ft","severity":0,"value":"stage 1.3 ft","category":"Streamgage","url":"https://waterdata.usgs.gov/monitoring-location/0208734095/"}},{"type":"Feature","geometry":{"type":"Point","coordinates":[-78.691,35.76838889]},"properties":{"id":"nwis-0208734210","layer":"flow","title":"WALNUT CREEK AT TRAILWOOD DRIVE AT RALEIGH, NC","detail":"USGS 0208734210 · 1.19 ft³/s · stage 3.8 ft","severity":0,"value":"1.19 ft³/s","category":"Streamgage","url":"https://waterdata.usgs.gov/monitoring-location/0208734210/"}},{"type":"Feature","geometry":{"type":"Point","coordinates":[-78.693161,35.772831]},"properties":{"id":"nwis-0208734290","layer":"flow","title":"BUSHY BRANCH CREEK AT GORMAN STREET AT RALEIGH, NC","detail":"USGS 0208734290 · stage 1.3 ft","severity":0,"value":"stage 1.3 ft","category":"Streamgage","url":"https://waterdata.usgs.gov/monitoring-location/0208734290/"}},{"type":"Feature","geometry":{"type":"Point","coordinates":[-78.6406111,35.75688889]},"properties":{"id":"nwis-0208734795","layer":"flow","title":"WALNUT CREEK AT SOUTH WILMINGTON ST AT RALEIGH, NC","detail":"USGS 0208734795 · 2.68 ft³/s · stage 0.7 ft","severity":0,"value":"2.68 ft³/s","category":"Streamgage","url":"https://waterdata.usgs.gov/monitoring-location/0208734795/"}},{"type":"Feature","geometry":{"type":"Point","coordinates":[-78.66638889,35.78]},"properties":{"id":"nwis-0208735012","layer":"flow","title":"ROCKY BRANCH BELOW PULLEN ROAD AT RALEIGH, NC","detail":"USGS 0208735012 · 0.37 ft³/s · stage 4.8 ft","severity":0,"value":"0.37 ft³/s","category":"Streamgage","url":"https://waterdata.usgs.gov/monitoring-location/0208735012/"}},{"type":"Feature","geometry":{"type":"Point","coordinates":[-78.639658,35.744214]},"properties":{"id":"nwis-0208735390","layer":"flow","title":"WILDCAT BRANCH AT HAMMOND ROAD AT RALEIGH, NC","detail":"USGS 0208735390 · stage 1.6 ft","severity":0,"value":"stage 1.6 ft","category":"Streamgage","url":"https://waterdata.usgs.gov/monitoring-location/0208735390/"}},{"type":"Feature","geometry":{"type":"Point","coordinates":[-78.6238333,35.75788889]},"properties":{"id":"nwis-0208735460","layer":"flow","title":"WALNUT CREEK AT SOUTH STATE STREET AT RALEIGH, NC","detail":"USGS 0208735460 · stage 1.6 ft","severity":0,"value":"stage 1.6 ft","category":"Streamgage","url":"https://waterdata.usgs.gov/monitoring-location/0208735460/"}},{"type":"Feature","geometry":{"type":"Point","coordinates":[-78.608197,35.755392]},"properties":{"id":"nwis-0208735720","layer":"flow","title":"WALNUT CREEK TRIB AT FOUNTAIN DR AT RALEIGH, NC","detail":"USGS 0208735720 · stage 1.8 ft","severity":0,"value":"stage 1.8 ft","category":"Streamgage","url":"https://waterdata.usgs.gov/monitoring-location/0208735720/"}},{"type":"Feature","geometry":{"type":"Point","coordinates":[-78.6000806,35.76025]},"properties":{"id":"nwis-02087358","layer":"flow","title":"WALNUT CREEK AT ROSE LANE AT RALEIGH, NC","detail":"USGS 02087358 · stage 4.1 ft","severity":0,"value":"stage 4.1 ft","category":"Streamgage","url":"https://waterdata.usgs.gov/monitoring-location/02087358/"}},{"type":"Feature","geometry":{"type":"Point","coordinates":[-78.5830556,35.7583333]},"properties":{"id":"nwis-02087359","layer":"flow","title":"WALNUT CREEK AT SUNNYBROOK DRIVE NR RALEIGH, NC","detail":"USGS 02087359 · 8.46 ft³/s · stage 2.4 ft","severity":0,"value":"8.46 ft³/s","category":"Streamgage","url":"https://waterdata.usgs.gov/monitoring-location/02087359/"}},{"type":"Feature","geometry":{"type":"Point","coordinates":[-78.4052778,35.6472222]},"properties":{"id":"nwis-02087500","layer":"flow","title":"NEUSE RIVER NEAR CLAYTON, NC","detail":"USGS 02087500 · 266 ft³/s · stage 1.3 ft","severity":0,"value":"266 ft³/s","category":"Streamgage","url":"https://waterdata.usgs.gov/monitoring-location/02087500/"}},{"type":"Feature","geometry":{"type":"Point","coordinates":[-78.3494444,35.5125]},"properties":{"id":"nwis-02087570","layer":"flow","title":"NEUSE RIVER AT SMITHFIELD, NC","detail":"USGS 02087570 · 298 ft³/s · stage 4.6 ft","severity":0,"value":"298 ft³/s","category":"Streamgage","url":"https://waterdata.usgs.gov/monitoring-location/02087570/"}},{"type":"Feature","geometry":{"type":"Point","coordinates":[-78.752222,35.718889]},"properties":{"id":"nwis-02087580","layer":"flow","title":"SWIFT CREEK NEAR APEX, NC","detail":"USGS 02087580 · 1 ft³/s · stage 1.4 ft","severity":0,"value":"1 ft³/s","category":"Streamgage","url":"https://waterdata.usgs.gov/monitoring-location/02087580/"}},{"type":"Feature","geometry":{"type":"Point","coordinates":[-78.6922222,35.6936111]},"properties":{"id":"nwis-0208758850","layer":"flow","title":"SWIFT CREEK NEAR MCCULLARS CROSSROADS, NC","detail":"USGS 0208758850 · 24.2 ft³/s · stage 1.9 ft","severity":0,"value":"24.2 ft³/s","category":"Streamgage","url":"https://waterdata.usgs.gov/monitoring-location/0208758850/"}},{"type":"Feature","geometry":{"type":"Point","coordinates":[-78.4986111,35.575]},"properties":{"id":"nwis-0208773375","layer":"flow","title":"SWIFT CREEK AT SR1555 NEAR CLAYTON, NC","detail":"USGS 0208773375 · 7.02 ft³/s · stage 0.6 ft","severity":0,"value":"7.02 ft³/s","category":"Streamgage","url":"https://waterdata.usgs.gov/monitoring-location/0208773375/"}},{"type":"Feature","geometry":{"type":"Point","coordinates":[-78.5905556,35.5708333]},"properties":{"id":"nwis-02088000","layer":"flow","title":"MIDDLE CREEK NEAR CLAYTON, NC","detail":"USGS 02088000 · 10 ft³/s · stage 1.4 ft","severity":0,"value":"10 ft³/s","category":"Streamgage","url":"https://waterdata.usgs.gov/monitoring-location/02088000/"}},{"type":"Feature","geometry":{"type":"Point","coordinates":[-78.19615278,35.374125]},"properties":{"id":"nwis-02088119","layer":"flow","title":"NEUSE RIVER NEAR COX MILL, NC","detail":"USGS 02088119 · 367 ft³/s · stage 69.9 ft","severity":0,"value":"367 ft³/s","category":"Streamgage","url":"https://waterdata.usgs.gov/monitoring-location/02088119/"}},{"type":"Feature","geometry":{"type":"Point","coordinates":[-78.3522222,35.82194444]},"properties":{"id":"nwis-02088383","layer":"flow","title":"LITTLE RIVER NEAR ZEBULON, NC","detail":"USGS 02088383 · 4.16 ft³/s · stage 1.5 ft","severity":0,"value":"4.16 ft³/s","category":"Streamgage","url":"https://waterdata.usgs.gov/monitoring-location/02088383/"}},{"type":"Feature","geometry":{"type":"Point","coordinates":[-78.1602778,35.51138889]},"properties":{"id":"nwis-02088500","layer":"flow","title":"LITTLE RIVER NEAR PRINCETON, NC","detail":"USGS 02088500 · 7.43 ft³/s · stage 0.4 ft","severity":0,"value":"7.43 ft³/s","category":"Streamgage","url":"https://waterdata.usgs.gov/monitoring-location/02088500/"}},{"type":"Feature","geometry":{"type":"Point","coordinates":[-77.9975,35.3375]},"properties":{"id":"nwis-02089000","layer":"flow","title":"NEUSE RIVER NEAR GOLDSBORO, NC","detail":"USGS 02089000 · 396 ft³/s · stage 3.1 ft","severity":0,"value":"396 ft³/s","category":"Streamgage","url":"https://waterdata.usgs.gov/monitoring-location/02089000/"}},{"type":"Feature","geometry":{"type":"Point","coordinates":[-77.5855556,35.25777778]},"properties":{"id":"nwis-02089500","layer":"flow","title":"NEUSE RIVER AT KINSTON, NC","detail":"USGS 02089500 · 554 ft³/s · stage 3.5 ft","severity":0,"value":"554 ft³/s","category":"Streamgage","url":"https://waterdata.usgs.gov/monitoring-location/02089500/"}},{"type":"Feature","geometry":{"type":"Point","coordinates":[-78.1097222,35.6911111]},"properties":{"id":"nwis-02090380","layer":"flow","title":"CONTENTNEA CREEK NEAR LUCAMA, NC","detail":"USGS 02090380 · 31.3 ft³/s · stage 2.2 ft","severity":0,"value":"31.3 ft³/s","category":"Streamgage","url":"https://waterdata.usgs.gov/monitoring-location/02090380/"}},{"type":"Feature","geometry":{"type":"Point","coordinates":[-77.90887268,35.66849178]},"properties":{"id":"nwis-02090504","layer":"flow","title":"CONTENTNEA CREEK NR BLACK CREEK, NC","detail":"USGS 02090504 · 26.7 ft³/s · stage 6.8 ft","severity":0,"value":"26.7 ft³/s","category":"Streamgage","url":"https://waterdata.usgs.gov/monitoring-location/02090504/"}},{"type":"Feature","geometry":{"type":"Point","coordinates":[-77.8061111,35.48888889]},"properties":{"id":"nwis-02091000","layer":"flow","title":"NAHUNTA SWAMP NEAR SHINE, NC","detail":"USGS 02091000 · 3.61 ft³/s · stage 2.0 ft","severity":0,"value":"3.61 ft³/s","category":"Streamgage","url":"https://waterdata.usgs.gov/monitoring-location/02091000/"}},{"type":"Feature","geometry":{"type":"Point","coordinates":[-77.5825,35.42888889]},"properties":{"id":"nwis-02091500","layer":"flow","title":"CONTENTNEA CREEK AT HOOKERTON, NC","detail":"USGS 02091500 · 39.2 ft³/s · stage 4.6 ft","severity":0,"value":"39.2 ft³/s","category":"Streamgage","url":"https://waterdata.usgs.gov/monitoring-location/02091500/"}},{"type":"Feature","geometry":{"type":"Point","coordinates":[-77.30277778,35.31388889]},"properties":{"id":"nwis-02091814","layer":"flow","title":"NEUSE RIVER NEAR FORT BARNWELL, NC","detail":"USGS 02091814 · 51.5 ft³/s · stage 2.7 ft","severity":0,"value":"51.5 ft³/s","category":"Streamgage","url":"https://waterdata.usgs.gov/monitoring-location/02091814/"}},{"type":"Feature","geometry":{"type":"Point","coordinates":[-77.11388889,35.2308333]},"properties":{"id":"nwis-0209205053","layer":"flow","title":"SWIFT CREEK AT HWY 43 NR STREETS FERRY, NC","detail":"USGS 0209205053 · 285 ft³/s · stage 2.3 ft","severity":0,"value":"285 ft³/s","category":"Streamgage","url":"https://waterdata.usgs.gov/monitoring-location/0209205053/"}},{"type":"Feature","geometry":{"type":"Point","coordinates":[-77.46138889,35.06416667]},"properties":{"id":"nwis-02092500","layer":"flow","title":"TRENT RIVER NEAR TRENTON, NC","detail":"USGS 02092500 · 13.3 ft³/s · stage 3.4 ft","severity":0,"value":"13.3 ft³/s","category":"Streamgage","url":"https://waterdata.usgs.gov/monitoring-location/02092500/"}},{"type":"Feature","geometry":{"type":"Point","coordinates":[-77.21888889,35.01]},"properties":{"id":"nwis-02092554","layer":"flow","title":"TRENT R AT POLLOCKSVILLE, NC","detail":"USGS 02092554 · 446 ft³/s · stage 2.0 ft","severity":0,"value":"446 ft³/s","category":"Streamgage","url":"https://waterdata.usgs.gov/monitoring-location/02092554/"}},{"type":"Feature","geometry":{"type":"Point","coordinates":[-77.5194444,34.84916667]},"properties":{"id":"nwis-02093000","layer":"flow","title":"NEW RIVER NEAR GUM BRANCH, NC","detail":"USGS 02093000 · 10 ft³/s · stage 2.1 ft","severity":0,"value":"10 ft³/s","category":"Streamgage","url":"https://waterdata.usgs.gov/monitoring-location/02093000/"}},{"type":"Feature","geometry":{"type":"Point","coordinates":[-79.9527778,36.1725]},"properties":{"id":"nwis-02093800","layer":"flow","title":"REEDY FORK NEAR OAK RIDGE, NC","detail":"USGS 02093800 · 0.52 ft³/s · stage 3.6 ft","severity":0,"value":"0.52 ft³/s","category":"Streamgage","url":"https://waterdata.usgs.gov/monitoring-location/02093800/"}},{"type":"Feature","geometry":{"type":"Point","coordinates":[-79.92388889,36.12805556]},"properties":{"id":"nwis-02093877","layer":"flow","title":"BRUSH CREEK AT MUIRFIELD RD AT GREENSBORO, NC","detail":"USGS 02093877 · 1.28 ft³/s · stage 1.7 ft","severity":0,"value":"1.28 ft³/s","category":"Streamgage","url":"https://waterdata.usgs.gov/monitoring-location/02093877/"}},{"type":"Feature","geometry":{"type":"Point","coordinates":[-79.86,36.13777778]},"properties":{"id":"nwis-0209399200","layer":"flow","title":"HORSEPEN CREEK AT US 220 NR GREENSBORO, NC","detail":"USGS 0209399200 · 0.79 ft³/s · stage 1.3 ft","severity":0,"value":"0.79 ft³/s","category":"Streamgage","url":"https://waterdata.usgs.gov/monitoring-location/0209399200/"}},{"type":"Feature","geometry":{"type":"Point","coordinates":[-79.6141667,36.17305556]},"properties":{"id":"nwis-02094500","layer":"flow","title":"REEDY FORK NEAR GIBSONVILLE, NC","detail":"USGS 02094500 · 1.59 ft³/s · stage 0.4 ft","severity":0,"value":"1.59 ft³/s","category":"Streamgage","url":"https://waterdata.usgs.gov/monitoring-location/02094500/"}},{"type":"Feature","geometry":{"type":"Point","coordinates":[-79.8552778,36.04944444]},"properties":{"id":"nwis-02094659","layer":"flow","title":"SOUTH BUFFALO CREEK NR POMONA, NC","detail":"USGS 02094659 · 0.29 ft³/s · stage 0.8 ft","severity":0,"value":"0.29 ft³/s","category":"Streamgage","url":"https://waterdata.usgs.gov/monitoring-location/02094659/"}},{"type":"Feature","geometry":{"type":"Point","coordinates":[-79.7997222,36.03805556]},"properties":{"id":"nwis-02094770","layer":"flow","title":"SOUTH BUFFALO CREEK AT US 220 AT GREENSBORO, NC","detail":"USGS 02094770 · 1.14 ft³/s · stage 1.9 ft","severity":0,"value":"1.14 ft³/s","category":"Streamgage","url":"https://waterdata.usgs.gov/monitoring-location/02094770/"}},{"type":"Feature","geometry":{"type":"Point","coordinates":[-79.7961111,36.0311111]},"properties":{"id":"nwis-02094775","layer":"flow","title":"RYAN CREEK BELOW US 220 AT GREENSBORO, NC","detail":"USGS 02094775 · 0.14 ft³/s · stage 1.0 ft","severity":0,"value":"0.14 ft³/s","category":"Streamgage","url":"https://waterdata.usgs.gov/monitoring-location/02094775/"}},{"type":"Feature","geometry":{"type":"Point","coordinates":[-79.7258333,36.06]},"properties":{"id":"nwis-02095000","layer":"flow","title":"SOUTH BUFFALO CR NEAR GREENSBORO, NC","detail":"USGS 02095000 · 1.65 ft³/s · stage 1.2 ft","severity":0,"value":"1.65 ft³/s","category":"Streamgage","url":"https://waterdata.usgs.gov/monitoring-location/02095000/"}},{"type":"Feature","geometry":{"type":"Point","coordinates":[-79.8127778,36.07916667]},"properties":{"id":"nwis-02095181","layer":"flow","title":"N BUFFALO CR AT WESTOVER TERRACE AT GREENSBORO, NC","detail":"USGS 02095181 · 1.23 ft³/s · stage 0.6 ft","severity":0,"value":"1.23 ft³/s","category":"Streamgage","url":"https://waterdata.usgs.gov/monitoring-location/02095181/"}},{"type":"Feature","geometry":{"type":"Point","coordinates":[-79.7825,36.09777778]},"properties":{"id":"nwis-02095271","layer":"flow","title":"NORTH BUFFALO CREEK AT CHURCH ST AT GREENSBORO, NC","detail":"USGS 02095271 · 2.11 ft³/s · stage 2.0 ft","severity":0,"value":"2.11 ft³/s","category":"Streamgage","url":"https://waterdata.usgs.gov/monitoring-location/02095271/"}},{"type":"Feature","geometry":{"type":"Point","coordinates":[-79.7080556,36.12055556]},"properties":{"id":"nwis-02095500","layer":"flow","title":"NORTH BUFFALO CREEK NEAR GREENSBORO, NC","detail":"USGS 02095500 · 3.83 ft³/s · stage 0.8 ft","severity":0,"value":"3.83 ft³/s","category":"Streamgage","url":"https://waterdata.usgs.gov/monitoring-location/02095500/"}},{"type":"Feature","geometry":{"type":"Point","coordinates":[-79.6616667,36.12805556]},"properties":{"id":"nwis-0209553650","layer":"flow","title":"BUFFALO CREEK AT SR2819 NR MCLEANSVILLE, NC","detail":"USGS 0209553650 · 42.9 ft³/s · stage 2.0 ft","severity":0,"value":"42.9 ft³/s","category":"Streamgage","url":"https://waterdata.usgs.gov/monitoring-location/0209553650/"}},{"type":"Feature","geometry":{"type":"Point","coordinates":[-79.3661111,36.0872222]},"properties":{"id":"nwis-02096500","layer":"flow","title":"HAW RIVER AT HAW RIVER, NC","detail":"USGS 02096500 · 75.4 ft³/s · stage 1.6 ft","severity":0,"value":"75.4 ft³/s","category":"Streamgage","url":"https://waterdata.usgs.gov/monitoring-location/02096500/"}},{"type":"Feature","geometry":{"type":"Point","coordinates":[-79.2061111,35.9872222]},"properties":{"id":"nwis-02096846","layer":"flow","title":"CANE CREEK NEAR ORANGE GROVE, NC","detail":"USGS 02096846 · 0.1 ft³/s · stage 0.8 ft","severity":0,"value":"0.1 ft³/s","category":"Streamgage","url":"https://waterdata.usgs.gov/monitoring-location/02096846/"}},{"type":"Feature","geometry":{"type":"Point","coordinates":[-79.1358333,35.76527778]},"properties":{"id":"nwis-02096960","layer":"flow","title":"HAW RIVER NEAR BYNUM, NC","detail":"USGS 02096960 · 134 ft³/s · stage 2.8 ft","severity":0,"value":"134 ft³/s","category":"Streamgage","url":"https://waterdata.usgs.gov/monitoring-location/02096960/"}},{"type":"Feature","geometry":{"type":"Point","coordinates":[-78.9568056,35.9832222]},"properties":{"id":"nwis-0209722970","layer":"flow","title":"SANDY CREEK AT CORNWALLIS RD NEAR DURHAM, NC","detail":"USGS 0209722970 · 0.61 ft³/s · stage 2.0 ft","severity":0,"value":"0.61 ft³/s","category":"Streamgage","url":"https://waterdata.usgs.gov/monitoring-location/0209722970/"}},{"type":"Feature","geometry":{"type":"Point","coordinates":[-78.9269417,35.95118056]},"properties":{"id":"nwis-0209725960","layer":"flow","title":"THIRD FORK CREEK AT M.L. KING PARKWAY AT DURHAM,NC","detail":"USGS 0209725960 · 1.26 ft³/s · stage 0.3 ft","severity":0,"value":"1.26 ft³/s","category":"Streamgage","url":"https://waterdata.usgs.gov/monitoring-location/0209725960/"}},{"type":"Feature","geometry":{"type":"Point","coordinates":[-78.9524167,35.92263889]},"properties":{"id":"nwis-02097280","layer":"flow","title":"THIRD FORK CR AT WOODCROFT PARKWAY NR BLANDS, NC","detail":"USGS 02097280 · 0.82 ft³/s · stage 1.3 ft","severity":0,"value":"0.82 ft³/s","category":"Streamgage","url":"https://waterdata.usgs.gov/monitoring-location/02097280/"}},{"type":"Feature","geometry":{"type":"Point","coordinates":[-78.9652778,35.885]},"properties":{"id":"nwis-02097314","layer":"flow","title":"NEW HOPE CREEK NEAR BLANDS, NC","detail":"USGS 02097314 · 13.7 ft³/s · stage 3.9 ft","severity":0,"value":"13.7 ft³/s","category":"Streamgage","url":"https://waterdata.usgs.gov/monitoring-location/02097314/"}},{"type":"Feature","geometry":{"type":"Point","coordinates":[-79.066,35.92230556]},"properties":{"id":"nwis-0209734440","layer":"flow","title":"BOLIN CREEK AT VILLAGE DRIVE AT CHAPEL HILL, NC","detail":"USGS 0209734440 · 0.22 ft³/s · stage 0.9 ft","severity":0,"value":"0.22 ft³/s","category":"Streamgage","url":"https://waterdata.usgs.gov/monitoring-location/0209734440/"}},{"type":"Feature","geometry":{"type":"Point","coordinates":[-79.0490333,35.9419972]},"properties":{"id":"nwis-02097386","layer":"flow","title":"BOOKER CREEK AT SR 1751 NEAR CHAPEL HILL, NC","detail":"USGS 02097386 · stage 3.8 ft","severity":0,"value":"stage 3.8 ft","category":"Streamgage","url":"https://waterdata.usgs.gov/monitoring-location/02097386/"}},{"type":"Feature","geometry":{"type":"Point","coordinates":[-78.9433611,35.87613889]},"properties":{"id":"nwis-0209741090","layer":"flow","title":"CROOKED CREEK AT SCOTT KING ROAD NEAR BLANDS, NC","detail":"USGS 0209741090 · 0.05 ft³/s · stage 1.8 ft","severity":0,"value":"0.05 ft³/s","category":"Streamgage","url":"https://waterdata.usgs.gov/monitoring-location/0209741090/"}},{"type":"Feature","geometry":{"type":"Point","coordinates":[-78.8935278,35.91538889]},"properties":{"id":"nwis-0209741387","layer":"flow","title":"NORTHEAST CREEK TRIB AT SR1182 NR LOWES GROVE, NC","detail":"USGS 0209741387 · stage 1.6 ft","severity":0,"value":"stage 1.6 ft","category":"Streamgage","url":"https://waterdata.usgs.gov/monitoring-location/0209741387/"}},{"type":"Feature","geometry":{"type":"Point","coordinates":[-78.9130556,35.8722222]},"properties":{"id":"nwis-0209741955","layer":"flow","title":"NORTHEAST CREEK AT SR1100 NR GENLEE, NC","detail":"USGS 0209741955 · 10.3 ft³/s · stage 3.9 ft","severity":0,"value":"10.3 ft³/s","category":"Streamgage","url":"https://waterdata.usgs.gov/monitoring-location/0209741955/"}},{"type":"Feature","geometry":{"type":"Point","coordinates":[-79.115,35.9236111]},"properties":{"id":"nwis-02097464","layer":"flow","title":"MORGAN CREEK NEAR WHITE CROSS, NC","detail":"USGS 02097464 · 0.21 ft³/s · stage 1.7 ft","severity":0,"value":"0.21 ft³/s","category":"Streamgage","url":"https://waterdata.usgs.gov/monitoring-location/02097464/"}},{"type":"Feature","geometry":{"type":"Point","coordinates":[-79.0197222,35.8933333]},"properties":{"id":"nwis-02097517","layer":"flow","title":"MORGAN CREEK NEAR CHAPEL HILL, NC","detail":"USGS 02097517 · 4.31 ft³/s · stage 4.4 ft","severity":0,"value":"4.31 ft³/s","category":"Streamgage","url":"https://waterdata.usgs.gov/monitoring-location/02097517/"}},{"type":"Feature","geometry":{"type":"Point","coordinates":[-78.9202778,35.76027778]},"properties":{"id":"nwis-0209782609","layer":"flow","title":"WHITE OAK CR AT MOUTH NEAR GREEN LEVEL, NC","detail":"USGS 0209782609 · 0.21 ft³/s · stage 2.1 ft","severity":0,"value":"0.21 ft³/s","category":"Streamgage","url":"https://waterdata.usgs.gov/monitoring-location/0209782609/"}},{"type":"Feature","geometry":{"type":"Point","coordinates":[-79.06,35.6322222]},"properties":{"id":"nwis-02098206","layer":"flow","title":"HAW RIVER NEAR MONCURE, NC","detail":"USGS 02098206 · 572 ft³/s · stage 2.2 ft","severity":0,"value":"572 ft³/s","category":"Streamgage","url":"https://waterdata.usgs.gov/monitoring-location/02098206/"}},{"type":"Feature","geometry":{"type":"Point","coordinates":[-79.9455556,36.0372222]},"properties":{"id":"nwis-02099000","layer":"flow","title":"EAST FORK DEEP RIVER NEAR HIGH POINT, NC","detail":"USGS 02099000 · 2.43 ft³/s · stage 2.0 ft","severity":0,"value":"2.43 ft³/s","category":"Streamgage","url":"https://waterdata.usgs.gov/monitoring-location/02099000/"}},{"type":"Feature","geometry":{"type":"Point","coordinates":[-79.6555556,35.72638889]},"properties":{"id":"nwis-02100500","layer":"flow","title":"DEEP RIVER AT RAMSEUR, NC","detail":"USGS 02100500 · 47.6 ft³/s · stage 0.8 ft","severity":0,"value":"47.6 ft³/s","category":"Streamgage","url":"https://waterdata.usgs.gov/monitoring-location/02100500/"}},{"type":"Feature","geometry":{"type":"Point","coordinates":[-79.5275,35.80694444]},"properties":{"id":"nwis-0210166029","layer":"flow","title":"ROCKY R AT SR1300 NR CRUTCHFIELD CROSSROADS, NC","detail":"USGS 0210166029 · stage 2.8 ft","severity":0,"value":"stage 2.8 ft","category":"Streamgage","url":"https://waterdata.usgs.gov/monitoring-location/0210166029/"}},{"type":"Feature","geometry":{"type":"Point","coordinates":[-79.4230754,35.73514055]},"properties":{"id":"nwis-02101726","layer":"flow","title":"ROCKY R AT US 64 NEAR SILER CITY, NC","detail":"USGS 02101726 · 1.65 ft³/s · stage 1.9 ft","severity":0,"value":"1.65 ft³/s","category":"Streamgage","url":"https://waterdata.usgs.gov/monitoring-location/02101726/"}},{"type":"Feature","geometry":{"type":"Point","coordinates":[-79.4016667,35.6597222]},"properties":{"id":"nwis-02101800","layer":"flow","title":"TICK CREEK NEAR MOUNT VERNON SPRINGS, NC","detail":"USGS 02101800 · 0 ft³/s · stage 1.5 ft","severity":0,"value":"0 ft³/s","category":"Streamgage","url":"https://waterdata.usgs.gov/monitoring-location/02101800/"}},{"type":"Feature","geometry":{"type":"Point","coordinates":[-79.1161111,35.62694444]},"properties":{"id":"nwis-02102000","layer":"flow","title":"DEEP RIVER AT MONCURE, NC","detail":"USGS 02102000 · 102 ft³/s · stage 1.2 ft","severity":0,"value":"102 ft³/s","category":"Streamgage","url":"https://waterdata.usgs.gov/monitoring-location/02102000/"}},{"type":"Feature","geometry":{"type":"Point","coordinates":[-78.9736111,35.5597222]},"properties":{"id":"nwis-02102192","layer":"flow","title":"BUCKHORN CREEK NR CORINTH, NC","detail":"USGS 02102192 · 0.05 ft³/s · stage 1.1 ft","severity":0,"value":"0.05 ft³/s","category":"Streamgage","url":"https://waterdata.usgs.gov/monitoring-location/02102192/"}},{"type":"Feature","geometry":{"type":"Point","coordinates":[-78.8133333,35.4061111]},"properties":{"id":"nwis-02102500","layer":"flow","title":"CAPE FEAR RIVER AT LILLINGTON, NC","detail":"USGS 02102500 · 584 ft³/s · stage 2.4 ft","severity":0,"value":"584 ft³/s","category":"Streamgage","url":"https://waterdata.usgs.gov/monitoring-location/02102500/"}},{"type":"Feature","geometry":{"type":"Point","coordinates":[-79.1839556,35.1924083]},"properties":{"id":"nwis-02102907","layer":"flow","title":"LITTLE RIVER NEAR MOUNT PLEASANT, NC","detail":"USGS 02102907 · 13.8 ft³/s · stage 2.6 ft","severity":0,"value":"13.8 ft³/s","category":"Streamgage","url":"https://waterdata.usgs.gov/monitoring-location/02102907/"}},{"type":"Feature","geometry":{"type":"Point","coordinates":[-79.1775,35.18277778]},"properties":{"id":"nwis-02102908","layer":"flow","title":"FLAT CREEK NEAR INVERNESS, NC","detail":"USGS 02102908 · 2.77 ft³/s · stage 0.6 ft","severity":0,"value":"2.77 ft³/s","category":"Streamgage","url":"https://waterdata.usgs.gov/monitoring-location/02102908/"}},{"type":"Feature","geometry":{"type":"Point","coordinates":[-78.9855556,35.1933333]},"properties":{"id":"nwis-02103000","layer":"flow","title":"LITTLE RIVER AT MANCHESTER, NC","detail":"USGS 02103000 · 51.7 ft³/s · stage 5.8 ft","severity":0,"value":"51.7 ft³/s","category":"Streamgage","url":"https://waterdata.usgs.gov/monitoring-location/02103000/"}},{"type":"Feature","geometry":{"type":"Point","coordinates":[-79.0208944,35.14665]},"properties":{"id":"nwis-0210307850","layer":"flow","title":"TANK CREEK AT LONGSTREET ROAD AT FORT BRAGG, NC","detail":"USGS 0210307850 · stage 1.4 ft","severity":0,"value":"stage 1.4 ft","category":"Streamgage","url":"https://waterdata.usgs.gov/monitoring-location/0210307850/"}},{"type":"Feature","geometry":{"type":"Point","coordinates":[-79.01128889,35.15730556]},"properties":{"id":"nwis-0210307868","layer":"flow","title":"TANK CREEK AT BUTNER ROAD AT FORT BRAGG, NC","detail":"USGS 0210307868 · stage 0.6 ft","severity":0,"value":"stage 0.6 ft","category":"Streamgage","url":"https://waterdata.usgs.gov/monitoring-location/0210307868/"}},{"type":"Feature","geometry":{"type":"Point","coordinates":[-79.0015194,35.1807111]},"properties":{"id":"nwis-0210307880","layer":"flow","title":"TANK CREEK AT REILLY ROAD AT FORT BRAGG, NC","detail":"USGS 0210307880 · 1.79 ft³/s · stage 2.8 ft","severity":0,"value":"1.79 ft³/s","category":"Streamgage","url":"https://waterdata.usgs.gov/monitoring-location/0210307880/"}},{"type":"Feature","geometry":{"type":"Point","coordinates":[-78.8882222,35.07980556]},"properties":{"id":"nwis-02103770","layer":"flow","title":"CROSS CREEK AT LANGDON STREET AT FAYETTEVILLE, NC","detail":"USGS 02103770 · 4.74 ft³/s · stage 2.7 ft","severity":0,"value":"4.74 ft³/s","category":"Streamgage","url":"https://waterdata.usgs.gov/monitoring-location/02103770/"}},{"type":"Feature","geometry":{"type":"Point","coordinates":[-78.8906778,35.06456389]},"properties":{"id":"nwis-0210382325","layer":"flow","title":"CROSS CREEK AT BLUE STREET AT FAYETTEVILLE, NC","detail":"USGS 0210382325 · 8.24 ft³/s · stage 3.7 ft","severity":0,"value":"8.24 ft³/s","category":"Streamgage","url":"https://waterdata.usgs.gov/monitoring-location/0210382325/"}},{"type":"Feature","geometry":{"type":"Point","coordinates":[-78.8901611,35.04430278]},"properties":{"id":"nwis-0210398250","layer":"flow","title":"BLOUNTS CREEK AT WINSLOW STREET AT FAYETTEVILLE NC","detail":"USGS 0210398250 · 4.01 ft³/s · stage 3.6 ft","severity":0,"value":"4.01 ft³/s","category":"Streamgage","url":"https://waterdata.usgs.gov/monitoring-location/0210398250/"}},{"type":"Feature","geometry":{"type":"Point","coordinates":[-78.85638889,35.0497222]},"properties":{"id":"nwis-02104000","layer":"flow","title":"CAPE FEAR RIVER AT FAYETTEVILLE, NC","detail":"USGS 02104000 · 541 ft³/s · stage 9.7 ft","severity":0,"value":"541 ft³/s","category":"Streamgage","url":"https://waterdata.usgs.gov/monitoring-location/02104000/"}},{"type":"Feature","geometry":{"type":"Point","coordinates":[-79.2147222,34.9997222]},"properties":{"id":"nwis-02104220","layer":"flow","title":"ROCKFISH CREEK AT RAEFORD, NC","detail":"USGS 02104220 · 39.3 ft³/s · stage 2.7 ft","severity":0,"value":"39.3 ft³/s","category":"Streamgage","url":"https://waterdata.usgs.gov/monitoring-location/02104220/"}},{"type":"Feature","geometry":{"type":"Point","coordinates":[-79.0161417,35.0106861]},"properties":{"id":"nwis-02104320","layer":"flow","title":"LITTLE ROCKFISH CREEK NEAR CUMBERLAND, NC","detail":"USGS 02104320 · 14.7 ft³/s · stage 5.0 ft","severity":0,"value":"14.7 ft³/s","category":"Streamgage","url":"https://waterdata.usgs.gov/monitoring-location/02104320/"}},{"type":"Feature","geometry":{"type":"Point","coordinates":[-78.9748306,35.12713056]},"properties":{"id":"nwis-0210433959","layer":"flow","title":"BEAVER CREEK AT GRUBER ROAD AT FORT BRAGG, NC","detail":"USGS 0210433959 · stage 6.8 ft","severity":0,"value":"stage 6.8 ft","category":"Streamgage","url":"https://waterdata.usgs.gov/monitoring-location/0210433959/"}},{"type":"Feature","geometry":{"type":"Point","coordinates":[-78.97503889,35.1122]},"properties":{"id":"nwis-0210433975","layer":"flow","title":"BEAVER CR AT ALL AMERICAN FREEWAY FORT BRAGG, NC","detail":"USGS 0210433975 · stage 2.5 ft","severity":0,"value":"stage 2.5 ft","category":"Streamgage","url":"https://waterdata.usgs.gov/monitoring-location/0210433975/"}},{"type":"Feature","geometry":{"type":"Point","coordinates":[-78.978575,35.00291944]},"properties":{"id":"nwis-02104380","layer":"flow","title":"BEAVER CREEK AT CUMBERLAND, NC","detail":"USGS 02104380 · stage 2.5 ft","severity":0,"value":"stage 2.5 ft","category":"Streamgage","url":"https://waterdata.usgs.gov/monitoring-location/02104380/"}},{"type":"Feature","geometry":{"type":"Point","coordinates":[-78.8236111,34.83555556]},"properties":{"id":"nwis-02105500","layer":"flow","title":"CAPE FEAR R AT WILM O HUSKE LOCK NR TARHEEL, NC","detail":"USGS 02105500 · 938 ft³/s · stage 1.3 ft","severity":0,"value":"938 ft³/s","category":"Streamgage","url":"https://waterdata.usgs.gov/monitoring-location/02105500/"}},{"type":"Feature","geometry":{"type":"Point","coordinates":[-78.2936111,34.40444444]},"properties":{"id":"nwis-02105769","layer":"flow","title":"CAPE FEAR R AT LOCK 1 NR KELLY, NC","detail":"USGS 02105769 · 904 ft³/s · stage 14.8 ft","severity":0,"value":"904 ft³/s","category":"Streamgage","url":"https://waterdata.usgs.gov/monitoring-location/02105769/"}},{"type":"Feature","geometry":{"type":"Point","coordinates":[-78.2886111,34.755]},"properties":{"id":"nwis-02106500","layer":"flow","title":"BLACK RIVER NEAR TOMAHAWK, NC","detail":"USGS 02106500 · 70.7 ft³/s · stage 2.1 ft","severity":0,"value":"70.7 ft³/s","category":"Streamgage","url":"https://waterdata.usgs.gov/monitoring-location/02106500/"}},{"type":"Feature","geometry":{"type":"Point","coordinates":[-77.8322222,34.82888889]},"properties":{"id":"nwis-02108000","layer":"flow","title":"NORTHEAST CAPE FEAR RIVER NEAR CHINQUAPIN, NC","detail":"USGS 02108000 · 8.9 ft³/s · stage 1.5 ft","severity":0,"value":"8.9 ft³/s","category":"Streamgage","url":"https://waterdata.usgs.gov/monitoring-location/02108000/"}},{"type":"Feature","geometry":{"type":"Point","coordinates":[-77.8752778,34.5983333]},"properties":{"id":"nwis-02108566","layer":"flow","title":"NORTHEAST CAPE FEAR R NR BURGAW, NC","detail":"USGS 02108566 · 998 ft³/s · stage 2.4 ft","severity":0,"value":"998 ft³/s","category":"Streamgage","url":"https://waterdata.usgs.gov/monitoring-location/02108566/"}},{"type":"Feature","geometry":{"type":"Point","coordinates":[-78.5483333,34.095]},"properties":{"id":"nwis-02109500","layer":"flow","title":"WACCAMAW RIVER AT FREELAND, NC","detail":"USGS 02109500 · 158 ft³/s · stage 5.2 ft","severity":0,"value":"158 ft³/s","category":"Streamgage","url":"https://waterdata.usgs.gov/monitoring-location/02109500/"}},{"type":"Feature","geometry":{"type":"Point","coordinates":[-81.5583333,35.9908333]},"properties":{"id":"nwis-02111000","layer":"flow","title":"YADKIN RIVER AT PATTERSON, NC","detail":"USGS 02111000 · 11.9 ft³/s · stage 0.9 ft","severity":0,"value":"11.9 ft³/s","category":"Streamgage","url":"https://waterdata.usgs.gov/monitoring-location/02111000/"}},{"type":"Feature","geometry":{"type":"Point","coordinates":[-81.4030556,36.07138889]},"properties":{"id":"nwis-02111180","layer":"flow","title":"ELK CREEK AT ELKVILLE, NC","detail":"USGS 02111180 · 22.7 ft³/s · stage 0.8 ft","severity":0,"value":"22.7 ft³/s","category":"Streamgage","url":"https://waterdata.usgs.gov/monitoring-location/02111180/"}},{"type":"Feature","geometry":{"type":"Point","coordinates":[-81.2233333,36.1361111]},"properties":{"id":"nwis-0211139110","layer":"flow","title":"YADKIN RIVER BL W KERR SCOTT DAM NEAR BUCK, NC","detail":"USGS 0211139110 · 269 ft³/s · stage 1.8 ft","severity":0,"value":"269 ft³/s","category":"Streamgage","url":"https://waterdata.usgs.gov/monitoring-location/0211139110/"}},{"type":"Feature","geometry":{"type":"Point","coordinates":[-81.16888889,36.175]},"properties":{"id":"nwis-02111500","layer":"flow","title":"REDDIES RIVER AT NORTH WILKESBORO, NC","detail":"USGS 02111500 · 43.8 ft³/s · stage 0.9 ft","severity":0,"value":"43.8 ft³/s","category":"Streamgage","url":"https://waterdata.usgs.gov/monitoring-location/02111500/"}},{"type":"Feature","geometry":{"type":"Point","coordinates":[-81.1455556,36.1525]},"properties":{"id":"nwis-02112000","layer":"flow","title":"YADKIN RIVER AT WILKESBORO, NC","detail":"USGS 02112000 · 328 ft³/s · stage 2.1 ft","severity":0,"value":"328 ft³/s","category":"Streamgage","url":"https://waterdata.usgs.gov/monitoring-location/02112000/"}},{"type":"Feature","geometry":{"type":"Point","coordinates":[-80.8491,36.24103889]},"properties":{"id":"nwis-02112250","layer":"flow","title":"YADKIN RIVER AT ELKIN, NC","detail":"USGS 02112250 · 478 ft³/s · stage 1.1 ft","severity":0,"value":"478 ft³/s","category":"Streamgage","url":"https://waterdata.usgs.gov/monitoring-location/02112250/"}},{"type":"Feature","geometry":{"type":"Point","coordinates":[-80.5616944,36.40438889]},"properties":{"id":"nwis-02113850","layer":"flow","title":"ARARAT RIVER AT ARARAT, NC","detail":"USGS 02113850 · 61.4 ft³/s · stage 0.7 ft","severity":0,"value":"61.4 ft³/s","category":"Streamgage","url":"https://waterdata.usgs.gov/monitoring-location/02113850/"}},{"type":"Feature","geometry":{"type":"Point","coordinates":[-80.4147222,36.29916667]},"properties":{"id":"nwis-02114450","layer":"flow","title":"LITTLE YADKIN RIVER AT DALTON, NC","detail":"USGS 02114450 · 2.38 ft³/s · stage 0.2 ft","severity":0,"value":"2.38 ft³/s","category":"Streamgage","url":"https://waterdata.usgs.gov/monitoring-location/02114450/"}},{"type":"Feature","geometry":{"type":"Point","coordinates":[-80.445275,36.1328861]},"properties":{"id":"nwis-02115360","layer":"flow","title":"YADKIN RIVER AT ENON, NC","detail":"USGS 02115360 · 656 ft³/s · stage 2.3 ft","severity":0,"value":"656 ft³/s","category":"Streamgage","url":"https://waterdata.usgs.gov/monitoring-location/02115360/"}},{"type":"Feature","geometry":{"type":"Point","coordinates":[-80.3869444,35.85666667]},"properties":{"id":"nwis-02116500","layer":"flow","title":"YADKIN RIVER AT YADKIN COLLEGE, NC","detail":"USGS 02116500 · 659 ft³/s · stage 0.4 ft","severity":0,"value":"659 ft³/s","category":"Streamgage","url":"https://waterdata.usgs.gov/monitoring-location/02116500/"}},{"type":"Feature","geometry":{"type":"Point","coordinates":[-80.65888889,35.845]},"properties":{"id":"nwis-02118000","layer":"flow","title":"SOUTH YADKIN RIVER NEAR MOCKSVILLE, NC","detail":"USGS 02118000 · 54.1 ft³/s · stage 1.6 ft","severity":0,"value":"54.1 ft³/s","category":"Streamgage","url":"https://waterdata.usgs.gov/monitoring-location/02118000/"}},{"type":"Feature","geometry":{"type":"Point","coordinates":[-80.7455556,36.00055556]},"properties":{"id":"nwis-02118500","layer":"flow","title":"HUNTING CREEK NEAR HARMONY, NC","detail":"USGS 02118500 · 38.7 ft³/s · stage 0.1 ft","severity":0,"value":"38.7 ft³/s","category":"Streamgage","url":"https://waterdata.usgs.gov/monitoring-location/02118500/"}},{"type":"Feature","geometry":{"type":"Point","coordinates":[-80.596075,35.7176083]},"properties":{"id":"nwis-02120780","layer":"flow","title":"SECOND CREEK NEAR BARBER, NC","detail":"USGS 02120780 · 18.1 ft³/s · stage 2.1 ft","severity":0,"value":"18.1 ft³/s","category":"Streamgage","url":"https://waterdata.usgs.gov/monitoring-location/02120780/"}},{"type":"Feature","geometry":{"type":"Point","coordinates":[-80.2347222,35.80694444]},"properties":{"id":"nwis-02121500","layer":"flow","title":"ABBOTTS CREEK AT LEXINGTON, NC","detail":"USGS 02121500 · 5.61 ft³/s · stage 3.2 ft","severity":0,"value":"5.61 ft³/s","category":"Streamgage","url":"https://waterdata.usgs.gov/monitoring-location/02121500/"}},{"type":"Feature","geometry":{"type":"Point","coordinates":[-80.01663889,35.43147778]},"properties":{"id":"nwis-02123500","layer":"flow","title":"UWHARRIE RIVER NEAR ELDORADO, NC","detail":"USGS 02123500 · 12.3 ft³/s · stage 1.8 ft","severity":0,"value":"12.3 ft³/s","category":"Streamgage","url":"https://waterdata.usgs.gov/monitoring-location/02123500/"}},{"type":"Feature","geometry":{"type":"Point","coordinates":[-80.1228806,35.4006083]},"properties":{"id":"nwis-02123629","layer":"flow","title":"LITTLE MOUNTAIN CREEK AT NC HWY 740 AT BADIN, NC","detail":"USGS 02123629 · 0.28 ft³/s · stage 1.7 ft","severity":0,"value":"0.28 ft³/s","category":"Streamgage","url":"https://waterdata.usgs.gov/monitoring-location/02123629/"}},{"type":"Feature","geometry":{"type":"Point","coordinates":[-80.0618056,35.20066667]},"properties":{"id":"nwis-0212378405","layer":"flow","title":"PEE DEE R AT HWY731 BL LK TILLERY NR NORWOOD, NC","detail":"USGS 0212378405 · 1,130 ft³/s · stage 4.1 ft","severity":0,"value":"1,130 ft³/s","category":"Streamgage","url":"https://waterdata.usgs.gov/monitoring-location/0212378405/"}},{"type":"Feature","geometry":{"type":"Point","coordinates":[-80.7902778,35.46777778]},"properties":{"id":"nwis-0212393300","layer":"flow","title":"W. BR ROCKY R B MTH OF S PRONG R NR CORNELIUS, NC","detail":"USGS 0212393300 · 3.71 ft³/s · stage 3.1 ft","severity":0,"value":"3.71 ft³/s","category":"Streamgage","url":"https://waterdata.usgs.gov/monitoring-location/0212393300/"}},{"type":"Feature","geometry":{"type":"Point","coordinates":[-80.7519444,35.41416667]},"properties":{"id":"nwis-02124080","layer":"flow","title":"CLARKE CREEK NEAR HARRISBURG, NC","detail":"USGS 02124080 · 9.14 ft³/s · stage 3.8 ft","severity":0,"value":"9.14 ft³/s","category":"Streamgage","url":"https://waterdata.usgs.gov/monitoring-location/02124080/"}},{"type":"Feature","geometry":{"type":"Point","coordinates":[-80.715833,35.332778]},"properties":{"id":"nwis-0212414900","layer":"flow","title":"MALLARD CR BL STONY CR NR HARRISBURG, NC","detail":"USGS 0212414900 · 4.27 ft³/s · stage 2.5 ft","severity":0,"value":"4.27 ft³/s","category":"Streamgage","url":"https://waterdata.usgs.gov/monitoring-location/0212414900/"}},{"type":"Feature","geometry":{"type":"Point","coordinates":[-80.73638889,35.50388889]},"properties":{"id":"nwis-0212419274","layer":"flow","title":"CODDLE CR AT SR 1612 NEAR DAVIDSON, NC","detail":"USGS 0212419274 · 1.42 ft³/s · stage 1.9 ft","severity":0,"value":"1.42 ft³/s","category":"Streamgage","url":"https://waterdata.usgs.gov/monitoring-location/0212419274/"}},{"type":"Feature","geometry":{"type":"Point","coordinates":[-80.6736111,35.30916667]},"properties":{"id":"nwis-02124269","layer":"flow","title":"BACK CR AT SR1173 NEAR HARRISBURG, NC","detail":"USGS 02124269 · 0.64 ft³/s · stage 2.3 ft","severity":0,"value":"0.64 ft³/s","category":"Streamgage","url":"https://waterdata.usgs.gov/monitoring-location/02124269/"}},{"type":"Feature","geometry":{"type":"Point","coordinates":[-80.7006944,35.25634444]},"properties":{"id":"nwis-0212427947","layer":"flow","title":"REEDY CREEK AT SR 2803 NR CHARLOTTE, NC","detail":"USGS 0212427947 · 0 ft³/s · stage 1.3 ft","severity":0,"value":"0 ft³/s","category":"Streamgage","url":"https://waterdata.usgs.gov/monitoring-location/0212427947/"}},{"type":"Feature","geometry":{"type":"Point","coordinates":[-80.6627778,35.2586111]},"properties":{"id":"nwis-0212430293","layer":"flow","title":"REEDY CREEK BELOW I-485 NR PINE RIDGE, NC","detail":"USGS 0212430293 · 2.62 ft³/s · stage 1.7 ft","severity":0,"value":"2.62 ft³/s","category":"Streamgage","url":"https://waterdata.usgs.gov/monitoring-location/0212430293/"}},{"type":"Feature","geometry":{"type":"Point","coordinates":[-80.6480556,35.25388889]},"properties":{"id":"nwis-0212430653","layer":"flow","title":"MCKEE CREEK AT SR2804 NR WILGROVE, NC","detail":"USGS 0212430653 · 1.14 ft³/s · stage 1.6 ft","severity":0,"value":"1.14 ft³/s","category":"Streamgage","url":"https://waterdata.usgs.gov/monitoring-location/0212430653/"}},{"type":"Feature","geometry":{"type":"Point","coordinates":[-80.5408333,35.32166667]},"properties":{"id":"nwis-0212433550","layer":"flow","title":"ROCKY R AB IRISH BUFFALO CR NR ROCKY RIVER, NC","detail":"USGS 0212433550 · 53.7 ft³/s · stage 1.1 ft","severity":0,"value":"53.7 ft³/s","category":"Streamgage","url":"https://waterdata.usgs.gov/monitoring-location/0212433550/"}},{"type":"Feature","geometry":{"type":"Point","coordinates":[-80.58,35.2083333]},"properties":{"id":"nwis-0212466000","layer":"flow","title":"CLEAR CREEK AT SR3181 NR MINT HILL, NC","detail":"USGS 0212466000 · 0.85 ft³/s · stage 0.9 ft","severity":0,"value":"0.85 ft³/s","category":"Streamgage","url":"https://waterdata.usgs.gov/monitoring-location/0212466000/"}},{"type":"Feature","geometry":{"type":"Point","coordinates":[-80.63225,35.13152778]},"properties":{"id":"nwis-0212467451","layer":"flow","title":"GOOSE CR AT SR1524 NEAR INDIAN TRAIL, NC","detail":"USGS 0212467451 · 0.15 ft³/s · stage 0.3 ft","severity":0,"value":"0.15 ft³/s","category":"Streamgage","url":"https://waterdata.usgs.gov/monitoring-location/0212467451/"}},{"type":"Feature","geometry":{"type":"Point","coordinates":[-80.6027778,35.125]},"properties":{"id":"nwis-0212467595","layer":"flow","title":"GOOSE CREEK AT SR1525 NR INDIAN TRAIL, NC","detail":"USGS 0212467595 · 0.36 ft³/s · stage 1.0 ft","severity":0,"value":"0.36 ft³/s","category":"Streamgage","url":"https://waterdata.usgs.gov/monitoring-location/0212467595/"}},{"type":"Feature","geometry":{"type":"Point","coordinates":[-80.1657722,35.1569972]},"properties":{"id":"nwis-02126000","layer":"flow","title":"ROCKY RIVER NEAR NORWOOD, NC","detail":"USGS 02126000 · 169 ft³/s · stage 3.9 ft","severity":0,"value":"169 ft³/s","category":"Streamgage","url":"https://waterdata.usgs.gov/monitoring-location/02126000/"}},{"type":"Feature","geometry":{"type":"Point","coordinates":[-80.0459333,35.10321667]},"properties":{"id":"nwis-02126375","layer":"flow","title":"PEE DEE R AT PEE DEE REFUGE NR ANSONVILLE, NC","detail":"USGS 02126375 · stage 4.3 ft","severity":0,"value":"stage 4.3 ft","category":"Streamgage","url":"https://waterdata.usgs.gov/monitoring-location/02126375/"}},{"type":"Feature","geometry":{"type":"Point","coordinates":[-79.83138889,35.3872222]},"properties":{"id":"nwis-02128000","layer":"flow","title":"LITTLE RIVER NEAR STAR, NC","detail":"USGS 02128000 · 3.25 ft³/s · stage 1.0 ft","severity":0,"value":"3.25 ft³/s","category":"Streamgage","url":"https://waterdata.usgs.gov/monitoring-location/02128000/"}},{"type":"Feature","geometry":{"type":"Point","coordinates":[-79.8775806,34.9834833]},"properties":{"id":"nwis-0212880025","layer":"flow","title":"PEE DEE RIVER BELOW POWERHOUSE DAM NR PEE DEE, NC","detail":"USGS 0212880025 · stage 4.3 ft","severity":0,"value":"stage 4.3 ft","category":"Streamgage","url":"https://waterdata.usgs.gov/monitoring-location/0212880025/"}},{"type":"Feature","geometry":{"type":"Point","coordinates":[-79.8697222,34.9458333]},"properties":{"id":"nwis-02129000","layer":"flow","title":"PEE DEE R NR ROCKINGHAM, NC","detail":"USGS 02129000 · 1,510 ft³/s · stage 2.1 ft","severity":0,"value":"1,510 ft³/s","category":"Streamgage","url":"https://waterdata.usgs.gov/monitoring-location/02129000/"}},{"type":"Feature","geometry":{"type":"Point","coordinates":[-79.878925,34.8662583]},"properties":{"id":"nwis-02129375","layer":"flow","title":"PEE DEE RIVER ABOVE JONES CREEK NEAR CORDOVA, NC","detail":"USGS 02129375 · stage 3.1 ft","severity":0,"value":"stage 3.1 ft","category":"Streamgage","url":"https://waterdata.usgs.gov/monitoring-location/02129375/"}},{"type":"Feature","geometry":{"type":"Point","coordinates":[-79.3866667,34.75055556]},"properties":{"id":"nwis-02132320","layer":"flow","title":"BIG SHOE HEEL CREEK NR LAURINBURG, NC","detail":"USGS 02132320 · 23.1 ft³/s · stage 1.2 ft","severity":0,"value":"23.1 ft³/s","category":"Streamgage","url":"https://waterdata.usgs.gov/monitoring-location/02132320/"}},{"type":"Feature","geometry":{"type":"Point","coordinates":[-79.49388889,35.0611111]},"properties":{"id":"nwis-02133500","layer":"flow","title":"DROWNING CREEK NEAR HOFFMAN, NC","detail":"USGS 02133500 · 10.9 ft³/s · stage 0.8 ft","severity":0,"value":"10.9 ft³/s","category":"Streamgage","url":"https://waterdata.usgs.gov/monitoring-location/02133500/"}},{"type":"Feature","geometry":{"type":"Point","coordinates":[-79.3319444,34.77277778]},"properties":{"id":"nwis-02133624","layer":"flow","title":"LUMBER RIVER NEAR MAXTON, NC","detail":"USGS 02133624 · 77.7 ft³/s · stage 6.3 ft","severity":0,"value":"77.7 ft³/s","category":"Streamgage","url":"https://waterdata.usgs.gov/monitoring-location/02133624/"}},{"type":"Feature","geometry":{"type":"Point","coordinates":[-79.0113,34.61796389]},"properties":{"id":"nwis-02134170","layer":"flow","title":"LUMBER RIVER AT LUMBERTON, NC","detail":"USGS 02134170 · 138 ft³/s · stage 7.0 ft","severity":0,"value":"138 ft³/s","category":"Streamgage","url":"https://waterdata.usgs.gov/monitoring-location/02134170/"}},{"type":"Feature","geometry":{"type":"Point","coordinates":[-78.83638889,34.71027778]},"properties":{"id":"nwis-02134480","layer":"flow","title":"BIG SWAMP NR TAR HEEL, NC","detail":"USGS 02134480 · 44.1 ft³/s · stage 5.3 ft","severity":0,"value":"44.1 ft³/s","category":"Streamgage","url":"https://waterdata.usgs.gov/monitoring-location/02134480/"}},{"type":"Feature","geometry":{"type":"Point","coordinates":[-78.9602778,34.4425]},"properties":{"id":"nwis-02134500","layer":"flow","title":"LUMBER RIVER AT BOARDMAN, NC","detail":"USGS 02134500 · 219 ft³/s · stage 2.5 ft","severity":0,"value":"219 ft³/s","category":"Streamgage","url":"https://waterdata.usgs.gov/monitoring-location/02134500/"}},{"type":"Feature","geometry":{"type":"Point","coordinates":[-82.0602778,35.6858333]},"properties":{"id":"nwis-02137727","layer":"flow","title":"CATAWBA R NR PLEASANT GARDENS, NC","detail":"USGS 02137727 · 88.7 ft³/s · stage 1.2 ft","severity":0,"value":"88.7 ft³/s","category":"Streamgage","url":"https://waterdata.usgs.gov/monitoring-location/02137727/"}},{"type":"Feature","geometry":{"type":"Point","coordinates":[-81.8911111,35.79555556]},"properties":{"id":"nwis-02138500","layer":"flow","title":"LINVILLE RIVER NEAR NEBO, NC","detail":"USGS 02138500 · 77.7 ft³/s · stage 2.2 ft","severity":0,"value":"77.7 ft³/s","category":"Streamgage","url":"https://waterdata.usgs.gov/monitoring-location/02138500/"}},{"type":"Feature","geometry":{"type":"Point","coordinates":[-81.8352528,35.74125]},"properties":{"id":"nwis-02138520","layer":"flow","title":"CATAWBA R AT SR1223 BL LK JAMES NR BRIDGEWATER, NC","detail":"USGS 02138520 · 110 ft³/s · stage 1.7 ft","severity":0,"value":"110 ft³/s","category":"Streamgage","url":"https://waterdata.usgs.gov/monitoring-location/02138520/"}},{"type":"Feature","geometry":{"type":"Point","coordinates":[-81.887375,35.7344861]},"properties":{"id":"nwis-02138816","layer":"flow","title":"OLD CATAWBA R BL CATAWBA DAM NEAR BRIDGEWATER, NC","detail":"USGS 02138816 · 39.9 ft³/s · stage 1.3 ft","severity":0,"value":"39.9 ft³/s","category":"Streamgage","url":"https://waterdata.usgs.gov/monitoring-location/02138816/"}},{"type":"Feature","geometry":{"type":"Point","coordinates":[-81.71591944,35.89888889]},"properties":{"id":"nwis-02140510","layer":"flow","title":"WILSON CREEK AT SECONDARY ROAD 1335 AT ADAKO, NC","detail":"USGS 02140510 · stage 3.0 ft","severity":0,"value":"stage 3.0 ft","category":"Streamgage","url":"https://waterdata.usgs.gov/monitoring-location/02140510/"}},{"type":"Feature","geometry":{"type":"Point","coordinates":[-81.7119444,35.8336111]},"properties":{"id":"nwis-02140991","layer":"flow","title":"JOHNS RIVER AT ARNEYS STORE, NC","detail":"USGS 02140991 · 110 ft³/s · stage 2.0 ft","severity":0,"value":"110 ft³/s","category":"Streamgage","url":"https://waterdata.usgs.gov/monitoring-location/02140991/"}},{"type":"Feature","geometry":{"type":"Point","coordinates":[-81.4306556,35.77262778]},"properties":{"id":"nwis-02141500","layer":"flow","title":"CATAWBA RIVER AT RHODHISS, NC","detail":"USGS 02141500 · stage 9.5 ft","severity":0,"value":"stage 9.5 ft","category":"Streamgage","url":"https://waterdata.usgs.gov/monitoring-location/02141500/"}},{"type":"Feature","geometry":{"type":"Point","coordinates":[-81.3613778,35.842025]},"properties":{"id":"nwis-0214183365","layer":"flow","title":"UPPER LITTLE R AT SR1740 AT PETRA MILLS, NC","detail":"USGS 0214183365 · 11.6 ft³/s · stage 1.7 ft","severity":0,"value":"11.6 ft³/s","category":"Streamgage","url":"https://waterdata.usgs.gov/monitoring-location/0214183365/"}},{"type":"Feature","geometry":{"type":"Point","coordinates":[-81.2794972,35.8447361]},"properties":{"id":"nwis-0214192500","layer":"flow","title":"MIDDLE LITTLE R AT MORETZ DAM NR BETHLEHEM, NC","detail":"USGS 0214192500 · 13.2 ft³/s · stage 4.3 ft","severity":0,"value":"13.2 ft³/s","category":"Streamgage","url":"https://waterdata.usgs.gov/monitoring-location/0214192500/"}},{"type":"Feature","geometry":{"type":"Point","coordinates":[-81.1903833,35.8218972]},"properties":{"id":"nwis-0214196125","layer":"flow","title":"CATAWBA RIVER AT NC HIGHWAY 16 NR MILLERSVILLE, NC","detail":"USGS 0214196125 · 146 ft³/s · stage 4.3 ft","severity":0,"value":"146 ft³/s","category":"Streamgage","url":"https://waterdata.usgs.gov/monitoring-location/0214196125/"}},{"type":"Feature","geometry":{"type":"Point","coordinates":[-81.2369444,35.94555556]},"properties":{"id":"nwis-02142000","layer":"flow","title":"LOWER LITTLE RIVER NR ALL HEALING SPRINGS, NC","detail":"USGS 02142000 · 6.36 ft³/s · stage 0.4 ft","severity":0,"value":"6.36 ft³/s","category":"Streamgage","url":"https://waterdata.usgs.gov/monitoring-location/02142000/"}},{"type":"Feature","geometry":{"type":"Point","coordinates":[-81.08915,35.75719444]},"properties":{"id":"nwis-0214244102","layer":"flow","title":"CATAWBA RIVER BL LOOKOUT SHOALS DAM NR SHARON, NC","detail":"USGS 0214244102 · 838 ft³/s · stage 9.7 ft","severity":0,"value":"838 ft³/s","category":"Streamgage","url":"https://waterdata.usgs.gov/monitoring-location/0214244102/"}},{"type":"Feature","geometry":{"type":"Point","coordinates":[-80.9573417,35.4277333]},"properties":{"id":"nwis-0214264790","layer":"flow","title":"CATAWBA R AT RR BRIDGE AB NC 73 AT COWANS FORD, NC","detail":"USGS 0214264790 · stage 3.0 ft","severity":0,"value":"stage 3.0 ft","category":"Streamgage","url":"https://waterdata.usgs.gov/monitoring-location/0214264790/"}},{"type":"Feature","geometry":{"type":"Point","coordinates":[-80.8905556,35.40694444]},"properties":{"id":"nwis-02142654","layer":"flow","title":"MCDOWELL CREEK NR HUNTERSVILLE, NC","detail":"USGS 02142654 · 0.69 ft³/s · stage 1.5 ft","severity":0,"value":"0.69 ft³/s","category":"Streamgage","url":"https://waterdata.usgs.gov/monitoring-location/02142654/"}},{"type":"Feature","geometry":{"type":"Point","coordinates":[-80.8827778,35.4036111]},"properties":{"id":"nwis-0214265808","layer":"flow","title":"TORRENCE CR AT BRADFORD HILL LN NR HUNTERSVLLE, NC","detail":"USGS 0214265808 · 1.03 ft³/s · stage 1.2 ft","severity":0,"value":"1.03 ft³/s","category":"Streamgage","url":"https://waterdata.usgs.gov/monitoring-location/0214265808/"}},{"type":"Feature","geometry":{"type":"Point","coordinates":[-80.9175194,35.40178889]},"properties":{"id":"nwis-0214265828","layer":"flow","title":"MCDOWELL CR TRIB AT SR2131 NR HICKS CROSSROADS, NC","detail":"USGS 0214265828 · 0.01 ft³/s · stage 1.1 ft","severity":0,"value":"0.01 ft³/s","category":"Streamgage","url":"https://waterdata.usgs.gov/monitoring-location/0214265828/"}},{"type":"Feature","geometry":{"type":"Point","coordinates":[-80.921,35.38971389]},"properties":{"id":"nwis-0214266000","layer":"flow","title":"MCDOWELL CREEK NR CHARLOTTE, NC CSW10","detail":"USGS 0214266000 · 2.77 ft³/s · stage 3.8 ft","severity":0,"value":"2.77 ft³/s","category":"Streamgage","url":"https://waterdata.usgs.gov/monitoring-location/0214266000/"}},{"type":"Feature","geometry":{"type":"Point","coordinates":[-80.8975,35.36138889]},"properties":{"id":"nwis-0214266080","layer":"flow","title":"GAR CREEK AT SR2074 NR CROFT, NC","detail":"USGS 0214266080 · 0 ft³/s · stage 1.0 ft","severity":0,"value":"0 ft³/s","category":"Streamgage","url":"https://waterdata.usgs.gov/monitoring-location/0214266080/"}},{"type":"Feature","geometry":{"type":"Point","coordinates":[-80.9864083,35.33400556]},"properties":{"id":"nwis-0214267602","layer":"flow","title":"CATAWBA RIVER DNSTRM DECK MTN IS DAM NR MTN IS, NC","detail":"USGS 0214267602 · stage 6.2 ft","severity":0,"value":"stage 6.2 ft","category":"Streamgage","url":"https://waterdata.usgs.gov/monitoring-location/0214267602/"}},{"type":"Feature","geometry":{"type":"Point","coordinates":[-81.03,35.43416667]},"properties":{"id":"nwis-0214269560","layer":"flow","title":"KILLIAN CREEK NEAR MARIPOSA, NC","detail":"USGS 0214269560 · 2.52 ft³/s · stage 2.7 ft","severity":0,"value":"2.52 ft³/s","category":"Streamgage","url":"https://waterdata.usgs.gov/monitoring-location/0214269560/"}},{"type":"Feature","geometry":{"type":"Point","coordinates":[-80.9097222,35.3286111]},"properties":{"id":"nwis-02142900","layer":"flow","title":"LONG CREEK NEAR PAW CREEK, NC","detail":"USGS 02142900 · 1.75 ft³/s · stage 1.1 ft","severity":0,"value":"1.75 ft³/s","category":"Streamgage","url":"https://waterdata.usgs.gov/monitoring-location/02142900/"}},{"type":"Feature","geometry":{"type":"Point","coordinates":[-80.94638889,35.29944444]},"properties":{"id":"nwis-02142914","layer":"flow","title":"GUM BRANCH NEAR THRIFT, NC","detail":"USGS 02142914 · 0.92 ft³/s · stage 1.7 ft","severity":0,"value":"0.92 ft³/s","category":"Streamgage","url":"https://waterdata.usgs.gov/monitoring-location/02142914/"}},{"type":"Feature","geometry":{"type":"Point","coordinates":[-80.9727778,35.30055556]},"properties":{"id":"nwis-0214291555","layer":"flow","title":"LONG CREEK NR RHYNE, NC","detail":"USGS 0214291555 · 5.5 ft³/s · stage 1.7 ft","severity":0,"value":"5.5 ft³/s","category":"Streamgage","url":"https://waterdata.usgs.gov/monitoring-location/0214291555/"}},{"type":"Feature","geometry":{"type":"Point","coordinates":[-80.9744444,35.24027778]},"properties":{"id":"nwis-0214295600","layer":"flow","title":"PAW CR AT WILKINSON BLVD NR CHARLOTTE, NC","detail":"USGS 0214295600 · 1.21 ft³/s · stage 1.1 ft","severity":0,"value":"1.21 ft³/s","category":"Streamgage","url":"https://waterdata.usgs.gov/monitoring-location/0214295600/"}},{"type":"Feature","geometry":{"type":"Point","coordinates":[-80.9877778,35.1697222]},"properties":{"id":"nwis-0214297160","layer":"flow","title":"BEAVERDAM CREEK AB WINDY GAP ROAD NR SHOPTON, NC","detail":"USGS 0214297160 · 1.17 ft³/s · stage 1.0 ft","severity":0,"value":"1.17 ft³/s","category":"Streamgage","url":"https://waterdata.usgs.gov/monitoring-location/0214297160/"}},{"type":"Feature","geometry":{"type":"Point","coordinates":[-81.4033333,35.68444444]},"properties":{"id":"nwis-02143000","layer":"flow","title":"HENRY FORK NEAR HENRY RIVER, NC","detail":"USGS 02143000 · 26.6 ft³/s · stage 1.1 ft","severity":0,"value":"26.6 ft³/s","category":"Streamgage","url":"https://waterdata.usgs.gov/monitoring-location/02143000/"}},{"type":"Feature","geometry":{"type":"Point","coordinates":[-81.5669444,35.59055556]},"properties":{"id":"nwis-02143040","layer":"flow","title":"JACOB FORK AT RAMSEY, NC","detail":"USGS 02143040 · 6.94 ft³/s · stage 1.6 ft","severity":0,"value":"6.94 ft³/s","category":"Streamgage","url":"https://waterdata.usgs.gov/monitoring-location/02143040/"}},{"type":"Feature","geometry":{"type":"Point","coordinates":[-81.2652778,35.42055556]},"properties":{"id":"nwis-02143500","layer":"flow","title":"INDIAN CREEK NEAR LABORATORY, NC","detail":"USGS 02143500 · 6.61 ft³/s · stage 0.7 ft","severity":0,"value":"6.61 ft³/s","category":"Streamgage","url":"https://waterdata.usgs.gov/monitoring-location/02143500/"}},{"type":"Feature","geometry":{"type":"Point","coordinates":[-81.2347222,35.30638889]},"properties":{"id":"nwis-02144000","layer":"flow","title":"LONG CREEK NEAR BESSEMER CITY, NC","detail":"USGS 02144000 · 1.83 ft³/s · stage 0.8 ft","severity":0,"value":"1.83 ft³/s","category":"Streamgage","url":"https://waterdata.usgs.gov/monitoring-location/02144000/"}},{"type":"Feature","geometry":{"type":"Point","coordinates":[-81.1011111,35.28527778]},"properties":{"id":"nwis-02145000","layer":"flow","title":"SOUTH FORK CATAWBA RIVER AT LOWELL, NC","detail":"USGS 02145000 · 129 ft³/s · stage 1.6 ft","severity":0,"value":"129 ft³/s","category":"Streamgage","url":"https://waterdata.usgs.gov/monitoring-location/02145000/"}},{"type":"Feature","geometry":{"type":"Point","coordinates":[-81.0976722,35.2475]},"properties":{"id":"nwis-02145268","layer":"flow","title":"DUHARTS CREEK AT SR 2439 NEAR CRAMERTON, NC","detail":"USGS 02145268 · 1.56 ft³/s · stage 0.8 ft","severity":0,"value":"1.56 ft³/s","category":"Streamgage","url":"https://waterdata.usgs.gov/monitoring-location/02145268/"}},{"type":"Feature","geometry":{"type":"Point","coordinates":[-81.170517,35.239025]},"properties":{"id":"nwis-02145506","layer":"flow","title":"CATAWBA CREEK AT BOOGERTOWN, NC","detail":"USGS 02145506 · stage 2.3 ft","severity":0,"value":"stage 2.3 ft","category":"Streamgage","url":"https://waterdata.usgs.gov/monitoring-location/02145506/"}},{"type":"Feature","geometry":{"type":"Point","coordinates":[-80.8369444,35.26194444]},"properties":{"id":"nwis-02146211","layer":"flow","title":"IRWIN CR AT STATESVILLE AVE AT CHARLOTTE, NC","detail":"USGS 02146211 · 0.64 ft³/s · stage 1.8 ft","severity":0,"value":"0.64 ft³/s","category":"Streamgage","url":"https://waterdata.usgs.gov/monitoring-location/02146211/"}},{"type":"Feature","geometry":{"type":"Point","coordinates":[-80.8683333,35.24027778]},"properties":{"id":"nwis-0214627970","layer":"flow","title":"STEWART CREEK AT STATE ST AT CHARLOTTE, NC","detail":"USGS 0214627970 · 14.2 ft³/s · stage 0.9 ft","severity":0,"value":"14.2 ft³/s","category":"Streamgage","url":"https://waterdata.usgs.gov/monitoring-location/0214627970/"}},{"type":"Feature","geometry":{"type":"Point","coordinates":[-80.8691667,35.2283333]},"properties":{"id":"nwis-02146285","layer":"flow","title":"STEWART CREEK AT WEST MOREHEAD ST AT CHARLOTTE, NC","detail":"USGS 02146285 · 13.8 ft³/s · stage 1.3 ft","severity":0,"value":"13.8 ft³/s","category":"Streamgage","url":"https://waterdata.usgs.gov/monitoring-location/02146285/"}},{"type":"Feature","geometry":{"type":"Point","coordinates":[-80.9044444,35.19777778]},"properties":{"id":"nwis-02146300","layer":"flow","title":"IRWIN CREEK NEAR CHARLOTTE, NC","detail":"USGS 02146300 · 20.8 ft³/s · stage 0.5 ft","severity":0,"value":"20.8 ft³/s","category":"Streamgage","url":"https://waterdata.usgs.gov/monitoring-location/02146300/"}},{"type":"Feature","geometry":{"type":"Point","coordinates":[-80.9219444,35.20666667]},"properties":{"id":"nwis-02146315","layer":"flow","title":"TAGGART CREEK AT WEST BOULEVARD NR CHARLOTTE, NC","detail":"USGS 02146315 · 0.43 ft³/s · stage 1.4 ft","severity":0,"value":"0.43 ft³/s","category":"Streamgage","url":"https://waterdata.usgs.gov/monitoring-location/02146315/"}},{"type":"Feature","geometry":{"type":"Point","coordinates":[-80.9111111,35.1397222]},"properties":{"id":"nwis-02146330","layer":"flow","title":"SUGAR CREEK AT ARROWOOD ROAD NEAR CHARLOTTE, NC","detail":"USGS 02146330 · stage 0.3 ft","severity":0,"value":"stage 0.3 ft","category":"Streamgage","url":"https://waterdata.usgs.gov/monitoring-location/02146330/"}},{"type":"Feature","geometry":{"type":"Point","coordinates":[-80.9269444,35.1458333]},"properties":{"id":"nwis-02146348","layer":"flow","title":"COFFEY CREEK NR CHARLOTTE, NC","detail":"USGS 02146348 · 3.76 ft³/s · stage 2.3 ft","severity":0,"value":"3.76 ft³/s","category":"Streamgage","url":"https://waterdata.usgs.gov/monitoring-location/02146348/"}},{"type":"Feature","geometry":{"type":"Point","coordinates":[-80.8994444,35.0908333]},"properties":{"id":"nwis-02146381","layer":"flow","title":"SUGAR CREEK AT NC 51 NEAR PINEVILLE, NC","detail":"USGS 02146381 · 38 ft³/s · stage 0.8 ft","severity":0,"value":"38 ft³/s","category":"Streamgage","url":"https://waterdata.usgs.gov/monitoring-location/02146381/"}},{"type":"Feature","geometry":{"type":"Point","coordinates":[-80.8083333,35.25027778]},"properties":{"id":"nwis-0214640410","layer":"flow","title":"LITTLE SUGAR CR BL 36TH STREET NEAR CHARLOTTE, NC","detail":"USGS 0214640410 · stage 0.3 ft","severity":0,"value":"stage 0.3 ft","category":"Streamgage","url":"https://waterdata.usgs.gov/monitoring-location/0214640410/"}},{"type":"Feature","geometry":{"type":"Point","coordinates":[-80.8369444,35.2036111]},"properties":{"id":"nwis-02146409","layer":"flow","title":"LTL SUGAR CR AT MEDICAL CENTER DR AT CHARLOTTE, NC","detail":"USGS 02146409 · 3.6 ft³/s · stage 1.9 ft","severity":0,"value":"3.6 ft³/s","category":"Streamgage","url":"https://waterdata.usgs.gov/monitoring-location/02146409/"}},{"type":"Feature","geometry":{"type":"Point","coordinates":[-80.84638889,35.17916667]},"properties":{"id":"nwis-02146420","layer":"flow","title":"LITTLE SUGAR CR AT HILLSIDE AVE, CHARLOTTE, NC","detail":"USGS 02146420 · stage 0.9 ft","severity":0,"value":"stage 0.9 ft","category":"Streamgage","url":"https://waterdata.usgs.gov/monitoring-location/02146420/"}},{"type":"Feature","geometry":{"type":"Point","coordinates":[-80.7711111,35.2361111]},"properties":{"id":"nwis-0214642825","layer":"flow","title":"BRIAR CREEK NEAR CHARLOTTE, NC","detail":"USGS 0214642825 · 0.74 ft³/s · stage 1.3 ft","severity":0,"value":"0.74 ft³/s","category":"Streamgage","url":"https://waterdata.usgs.gov/monitoring-location/0214642825/"}},{"type":"Feature","geometry":{"type":"Point","coordinates":[-80.8008333,35.2108333]},"properties":{"id":"nwis-0214643770","layer":"flow","title":"BRIAR CR AT INDEPENDENCE BLVD AT CHARLOTTE, NC","detail":"USGS 0214643770 · stage 0.6 ft","severity":0,"value":"stage 0.6 ft","category":"Streamgage","url":"https://waterdata.usgs.gov/monitoring-location/0214643770/"}},{"type":"Feature","geometry":{"type":"Point","coordinates":[-80.7722222,35.2033333]},"properties":{"id":"nwis-0214643820","layer":"flow","title":"EDWARDS BRANCH AT SHEFFIELD DR AT CHARLOTTE, NC","detail":"USGS 0214643820 · 0 ft³/s · stage 0.4 ft","severity":0,"value":"0 ft³/s","category":"Streamgage","url":"https://waterdata.usgs.gov/monitoring-location/0214643820/"}},{"type":"Feature","geometry":{"type":"Point","coordinates":[-80.8058333,35.2061111]},"properties":{"id":"nwis-0214643860","layer":"flow","title":"BRIAR CR BL EDWARDS BRANCH NEAR CHARLOTTE, NC","detail":"USGS 0214643860 · stage 0.9 ft","severity":0,"value":"stage 0.9 ft","category":"Streamgage","url":"https://waterdata.usgs.gov/monitoring-location/0214643860/"}},{"type":"Feature","geometry":{"type":"Point","coordinates":[-80.82,35.1825]},"properties":{"id":"nwis-02146449","layer":"flow","title":"BRIAR CREEK AT PROVIDENCE ROAD AT CHARLOTTE, NC","detail":"USGS 02146449 · stage 1.1 ft","severity":0,"value":"stage 1.1 ft","category":"Streamgage","url":"https://waterdata.usgs.gov/monitoring-location/02146449/"}},{"type":"Feature","geometry":{"type":"Point","coordinates":[-80.8308333,35.17527778]},"properties":{"id":"nwis-0214645022","layer":"flow","title":"BRIAR CR ABOVE COLONY RD AT CHARLOTTE, NC","detail":"USGS 0214645022 · 1.86 ft³/s · stage 2.0 ft","severity":0,"value":"1.86 ft³/s","category":"Streamgage","url":"https://waterdata.usgs.gov/monitoring-location/0214645022/"}},{"type":"Feature","geometry":{"type":"Point","coordinates":[-80.8530556,35.16444444]},"properties":{"id":"nwis-02146470","layer":"flow","title":"LITTLE HOPE CR AT SENECA PLACE AT CHARLOTTE, NC","detail":"USGS 02146470 · 0.07 ft³/s · stage 3.0 ft","severity":0,"value":"0.07 ft³/s","category":"Streamgage","url":"https://waterdata.usgs.gov/monitoring-location/02146470/"}},{"type":"Feature","geometry":{"type":"Point","coordinates":[-80.8577778,35.14805556]},"properties":{"id":"nwis-02146507","layer":"flow","title":"LITTLE SUGAR C AT ARCHDALE DR AT CHARLOTTE, NC","detail":"USGS 02146507 · 27.1 ft³/s · stage 2.3 ft","severity":0,"value":"27.1 ft³/s","category":"Streamgage","url":"https://waterdata.usgs.gov/monitoring-location/02146507/"}},{"type":"Feature","geometry":{"type":"Point","coordinates":[-80.8822222,35.08527778]},"properties":{"id":"nwis-02146530","layer":"flow","title":"LITTLE SUGAR CREEK AT PINEVILLE, NC","detail":"USGS 02146530 · 30.8 ft³/s · stage 1.6 ft","severity":0,"value":"30.8 ft³/s","category":"Streamgage","url":"https://waterdata.usgs.gov/monitoring-location/02146530/"}},{"type":"Feature","geometry":{"type":"Point","coordinates":[-80.7191667,35.1758333]},"properties":{"id":"nwis-0214655255","layer":"flow","title":"MCALPINE CREEK AT SR3150 NR IDLEWILD, NC","detail":"USGS 0214655255 · 0.41 ft³/s · stage 1.8 ft","severity":0,"value":"0.41 ft³/s","category":"Streamgage","url":"https://waterdata.usgs.gov/monitoring-location/0214655255/"}},{"type":"Feature","geometry":{"type":"Point","coordinates":[-80.7366667,35.18666667]},"properties":{"id":"nwis-02146562","layer":"flow","title":"CAMPBELL CREEK NR CHARLOTTE, NC","detail":"USGS 02146562 · 0.57 ft³/s · stage 1.0 ft","severity":0,"value":"0.57 ft³/s","category":"Streamgage","url":"https://waterdata.usgs.gov/monitoring-location/02146562/"}},{"type":"Feature","geometry":{"type":"Point","coordinates":[-80.7133333,35.1586111]},"properties":{"id":"nwis-0214657975","layer":"flow","title":"IRVINS CREEK AT SR3168 NR CHARLOTTE, NC","detail":"USGS 0214657975 · 0.06 ft³/s · stage 0.6 ft","severity":0,"value":"0.06 ft³/s","category":"Streamgage","url":"https://waterdata.usgs.gov/monitoring-location/0214657975/"}},{"type":"Feature","geometry":{"type":"Point","coordinates":[-80.7675,35.13777778]},"properties":{"id":"nwis-02146600","layer":"flow","title":"MCALPINE CR AT SARDIS ROAD NEAR CHARLOTTE, NC","detail":"USGS 02146600 · 0.77 ft³/s · stage 0.3 ft","severity":0,"value":"0.77 ft³/s","category":"Streamgage","url":"https://waterdata.usgs.gov/monitoring-location/02146600/"}},{"type":"Feature","geometry":{"type":"Point","coordinates":[-80.8066667,35.1183333]},"properties":{"id":"nwis-02146614","layer":"flow","title":"MCALPINE CR AT COLONY RD NEAR OLDE PROVIDENCE, NC","detail":"USGS 02146614 · stage 1.4 ft","severity":0,"value":"stage 1.4 ft","category":"Streamgage","url":"https://waterdata.usgs.gov/monitoring-location/02146614/"}},{"type":"Feature","geometry":{"type":"Point","coordinates":[-80.8225,35.07694444]},"properties":{"id":"nwis-02146670","layer":"flow","title":"FOUR MILE CREEK NEAR PINEVILLE, NC","detail":"USGS 02146670 · 2.12 ft³/s · stage 3.3 ft","severity":0,"value":"2.12 ft³/s","category":"Streamgage","url":"https://waterdata.usgs.gov/monitoring-location/02146670/"}},{"type":"Feature","geometry":{"type":"Point","coordinates":[-80.7855556,35.17027778]},"properties":{"id":"nwis-0214668150","layer":"flow","title":"MCMULLEN CR ABOVE LINCREST PLACE AT CHARLOTTE, NC","detail":"USGS 0214668150 · stage 0.9 ft","severity":0,"value":"stage 0.9 ft","category":"Streamgage","url":"https://waterdata.usgs.gov/monitoring-location/0214668150/"}},{"type":"Feature","geometry":{"type":"Point","coordinates":[-80.82,35.1408333]},"properties":{"id":"nwis-02146700","layer":"flow","title":"MCMULLEN CR AT SHARON VIEW RD NEAR CHARLOTTE, NC","detail":"USGS 02146700 · 0.44 ft³/s · stage 0.8 ft","severity":0,"value":"0.44 ft³/s","category":"Streamgage","url":"https://waterdata.usgs.gov/monitoring-location/02146700/"}},{"type":"Feature","geometry":{"type":"Point","coordinates":[-80.86985,35.0664972]},"properties":{"id":"nwis-02146750","layer":"flow","title":"MCALPINE CR BELOW MCMULLEN CR NR PINEVILLE, NC","detail":"USGS 02146750 · 2.6 ft³/s · stage 1.0 ft","severity":0,"value":"2.6 ft³/s","category":"Streamgage","url":"https://waterdata.usgs.gov/monitoring-location/02146750/"}},{"type":"Feature","geometry":{"type":"Point","coordinates":[-80.9536111,35.105]},"properties":{"id":"nwis-0214678175","layer":"flow","title":"STEELE CREEK AT SR1441 NR PINEVILLE, NC","detail":"USGS 0214678175 · 1.17 ft³/s · stage 0.9 ft","severity":0,"value":"1.17 ft³/s","category":"Streamgage","url":"https://waterdata.usgs.gov/monitoring-location/0214678175/"}},{"type":"Feature","geometry":{"type":"Point","coordinates":[-80.8285417,35.01035556]},"properties":{"id":"nwis-0214685800","layer":"flow","title":"SIX MILE CREEK NEAR PINEVILLE, NC","detail":"USGS 0214685800 · 6.22 ft³/s · stage 2.9 ft","severity":0,"value":"6.22 ft³/s","category":"Streamgage","url":"https://waterdata.usgs.gov/monitoring-location/0214685800/"}},{"type":"Feature","geometry":{"type":"Point","coordinates":[-82.1116667,35.4233333]},"properties":{"id":"nwis-02149000","layer":"flow","title":"COVE CREEK NEAR LAKE LURE, NC","detail":"USGS 02149000 · 40.6 ft³/s · stage 1.9 ft","severity":0,"value":"40.6 ft³/s","category":"Streamgage","url":"https://waterdata.usgs.gov/monitoring-location/02149000/"}},{"type":"Feature","geometry":{"type":"Point","coordinates":[-81.8725,35.40444444]},"properties":{"id":"nwis-02150495","layer":"flow","title":"SECOND BROAD RIVER NR LOGAN, NC","detail":"USGS 02150495 · 37.2 ft³/s · stage 1.5 ft","severity":0,"value":"37.2 ft³/s","category":"Streamgage","url":"https://waterdata.usgs.gov/monitoring-location/02150495/"}},{"type":"Feature","geometry":{"type":"Point","coordinates":[-81.69843056,35.21126667]},"properties":{"id":"nwis-02151500","layer":"flow","title":"BROAD RIVER NEAR BOILING SPRINGS, NC","detail":"USGS 02151500 · 341 ft³/s · stage 1.5 ft","severity":0,"value":"341 ft³/s","category":"Streamgage","url":"https://waterdata.usgs.gov/monitoring-location/02151500/"}},{"type":"Feature","geometry":{"type":"Point","coordinates":[-81.6822778,35.4929722]},"properties":{"id":"nwis-02152100","layer":"flow","title":"FIRST BROAD RIVER NEAR CASAR, NC","detail":"USGS 02152100 · 20.8 ft³/s · stage 0.5 ft","severity":0,"value":"20.8 ft³/s","category":"Streamgage","url":"https://waterdata.usgs.gov/monitoring-location/02152100/"}},{"type":"Feature","geometry":{"type":"Point","coordinates":[-81.5616667,35.41527778]},"properties":{"id":"nwis-02152474","layer":"flow","title":"FIRST BROAD RIVER AT LAWNDALE, NC","detail":"USGS 02152474 · 33.1 ft³/s · stage 0.4 ft","severity":0,"value":"33.1 ft³/s","category":"Streamgage","url":"https://waterdata.usgs.gov/monitoring-location/02152474/"}},{"type":"Feature","geometry":{"type":"Point","coordinates":[-81.45595,35.2753611]},"properties":{"id":"nwis-0215329875","layer":"flow","title":"BUFFALO CREEK BL MOSS LAKE DAM NR OAK GROVE, NC","detail":"USGS 0215329875 · 6.64 ft³/s · stage 3.7 ft","severity":0,"value":"6.64 ft³/s","category":"Streamgage","url":"https://waterdata.usgs.gov/monitoring-location/0215329875/"}},{"type":"Feature","geometry":{"type":"Point","coordinates":[-81.4069444,36.3933333]},"properties":{"id":"nwis-03161000","layer":"flow","title":"SOUTH FORK NEW RIVER NEAR JEFFERSON, NC","detail":"USGS 03161000 · 118 ft³/s · stage 1.7 ft","severity":0,"value":"118 ft³/s","category":"Streamgage","url":"https://waterdata.usgs.gov/monitoring-location/03161000/"}},{"type":"Feature","geometry":{"type":"Point","coordinates":[-82.8247222,35.1433333]},"properties":{"id":"nwis-03439000","layer":"flow","title":"FRENCH BROAD RIVER AT ROSMAN, NC","detail":"USGS 03439000 · 67.3 ft³/s · stage 1.9 ft","severity":0,"value":"67.3 ft³/s","category":"Streamgage","url":"https://waterdata.usgs.gov/monitoring-location/03439000/"}},{"type":"Feature","geometry":{"type":"Point","coordinates":[-82.7058333,35.27305556]},"properties":{"id":"nwis-03441000","layer":"flow","title":"DAVIDSON RIVER NEAR BREVARD, NC","detail":"USGS 03441000 · 27.5 ft³/s · stage 0.5 ft","severity":0,"value":"27.5 ft³/s","category":"Streamgage","url":"https://waterdata.usgs.gov/monitoring-location/03441000/"}},{"type":"Feature","geometry":{"type":"Point","coordinates":[-82.62388889,35.29916667]},"properties":{"id":"nwis-03443000","layer":"flow","title":"FRENCH BROAD RIVER AT BLANTYRE, NC","detail":"USGS 03443000 · 221 ft³/s · stage 4.3 ft","severity":0,"value":"221 ft³/s","category":"Streamgage","url":"https://waterdata.usgs.gov/monitoring-location/03443000/"}},{"type":"Feature","geometry":{"type":"Point","coordinates":[-82.595,35.39805556]},"properties":{"id":"nwis-03446000","layer":"flow","title":"MILLS RIVER NEAR MILLS RIVER, NC","detail":"USGS 03446000 · 42.1 ft³/s · stage 1.6 ft","severity":0,"value":"42.1 ft³/s","category":"Streamgage","url":"https://waterdata.usgs.gov/monitoring-location/03446000/"}},{"type":"Feature","geometry":{"type":"Point","coordinates":[-82.4636111,35.335]},"properties":{"id":"nwis-0344632850","layer":"flow","title":"MUD CREEK AT SECONDARY ROAD 1503 NEAR BALFOUR, NC","detail":"USGS 0344632850 · 31.4 ft³/s · stage 5.2 ft","severity":0,"value":"31.4 ft³/s","category":"Streamgage","url":"https://waterdata.usgs.gov/monitoring-location/0344632850/"}},{"type":"Feature","geometry":{"type":"Point","coordinates":[-82.5525,35.42916667]},"properties":{"id":"nwis-03447687","layer":"flow","title":"FRENCH BROAD RIVER NEAR FLETCHER, NC","detail":"USGS 03447687 · 362 ft³/s · stage 3.5 ft","severity":0,"value":"362 ft³/s","category":"Streamgage","url":"https://waterdata.usgs.gov/monitoring-location/03447687/"}},{"type":"Feature","geometry":{"type":"Point","coordinates":[-82.5969444,35.56138889]},"properties":{"id":"nwis-0344878100","layer":"flow","title":"HOMINY CREEK NR WEST ASHEVILLE, NC","detail":"USGS 0344878100 · 30.1 ft³/s · stage 0.9 ft","severity":0,"value":"30.1 ft³/s","category":"Streamgage","url":"https://waterdata.usgs.gov/monitoring-location/0344878100/"}},{"type":"Feature","geometry":{"type":"Point","coordinates":[-82.3324167,35.68569444]},"properties":{"id":"nwis-0344894205","layer":"flow","title":"NORTH FORK SWANNANOA RIVER NEAR WALKERTOWN, NC","detail":"USGS 0344894205 · 4.88 ft³/s · stage 7.7 ft","severity":0,"value":"4.88 ft³/s","category":"Streamgage","url":"https://waterdata.usgs.gov/monitoring-location/0344894205/"}},{"type":"Feature","geometry":{"type":"Point","coordinates":[-82.4052778,35.65305556]},"properties":{"id":"nwis-03450000","layer":"flow","title":"BEETREE CREEK NEAR SWANNANOA, NC","detail":"USGS 03450000 · 1.35 ft³/s · stage 1.4 ft","severity":0,"value":"1.35 ft³/s","category":"Streamgage","url":"https://waterdata.usgs.gov/monitoring-location/03450000/"}},{"type":"Feature","geometry":{"type":"Point","coordinates":[-82.5447222,35.5683333]},"properties":{"id":"nwis-03451000","layer":"flow","title":"SWANNANOA RIVER AT BILTMORE, NC","detail":"USGS 03451000 · 35.1 ft³/s · stage 1.3 ft","severity":0,"value":"35.1 ft³/s","category":"Streamgage","url":"https://waterdata.usgs.gov/monitoring-location/03451000/"}},{"type":"Feature","geometry":{"type":"Point","coordinates":[-82.5780556,35.60888889]},"properties":{"id":"nwis-03451500","layer":"flow","title":"FRENCH BROAD RIVER AT ASHEVILLE, NC","detail":"USGS 03451500 · 527 ft³/s · stage 0.8 ft","severity":0,"value":"527 ft³/s","category":"Streamgage","url":"https://waterdata.usgs.gov/monitoring-location/03451500/"}},{"type":"Feature","geometry":{"type":"Point","coordinates":[-82.6208333,35.7697222]},"properties":{"id":"nwis-03453000","layer":"flow","title":"IVY RIVER NEAR MARSHALL, NC","detail":"USGS 03453000 · 30.2 ft³/s · stage 1.9 ft","severity":0,"value":"30.2 ft³/s","category":"Streamgage","url":"https://waterdata.usgs.gov/monitoring-location/03453000/"}},{"type":"Feature","geometry":{"type":"Point","coordinates":[-82.6608333,35.78638889]},"properties":{"id":"nwis-03453500","layer":"flow","title":"FRENCH BROAD RIVER AT MARSHALL, NC","detail":"USGS 03453500 · 596 ft³/s · stage 1.0 ft","severity":0,"value":"596 ft³/s","category":"Streamgage","url":"https://waterdata.usgs.gov/monitoring-location/03453500/"}},{"type":"Feature","geometry":{"type":"Point","coordinates":[-82.821,35.88991667]},"properties":{"id":"nwis-03454500","layer":"flow","title":"FRENCH BROAD RIVER AT HOT SPRINGS, NC","detail":"USGS 03454500 · 531 ft³/s · stage 2.4 ft","severity":0,"value":"531 ft³/s","category":"Streamgage","url":"https://waterdata.usgs.gov/monitoring-location/03454500/"}},{"type":"Feature","geometry":{"type":"Point","coordinates":[-82.9375,35.3961111]},"properties":{"id":"nwis-03455500","layer":"flow","title":"W F PIGEON R ABOVE LAKE LOGAN NR HAZELWOOD, NC","detail":"USGS 03455500 · 18.5 ft³/s · stage 0.8 ft","severity":0,"value":"18.5 ft³/s","category":"Streamgage","url":"https://waterdata.usgs.gov/monitoring-location/03455500/"}},{"type":"Feature","geometry":{"type":"Point","coordinates":[-82.9,35.46388889]},"properties":{"id":"nwis-03456100","layer":"flow","title":"WEST FORK PIGEON RIVER AT BETHEL, NC","detail":"USGS 03456100 · 30.6 ft³/s · stage 0.0 ft","severity":0,"value":"30.6 ft³/s","category":"Streamgage","url":"https://waterdata.usgs.gov/monitoring-location/03456100/"}},{"type":"Feature","geometry":{"type":"Point","coordinates":[-82.8697222,35.46166667]},"properties":{"id":"nwis-03456500","layer":"flow","title":"EAST FORK PIGEON RIVER NEAR CANTON, NC","detail":"USGS 03456500 · 25.7 ft³/s · stage -0.4 ft","severity":0,"value":"25.7 ft³/s","category":"Streamgage","url":"https://waterdata.usgs.gov/monitoring-location/03456500/"}},{"type":"Feature","geometry":{"type":"Point","coordinates":[-82.8480556,35.52194444]},"properties":{"id":"nwis-03456991","layer":"flow","title":"PIGEON RIVER NEAR CANTON, NC","detail":"USGS 03456991 · 64.9 ft³/s · stage 1.3 ft","severity":0,"value":"64.9 ft³/s","category":"Streamgage","url":"https://waterdata.usgs.gov/monitoring-location/03456991/"}},{"type":"Feature","geometry":{"type":"Point","coordinates":[-82.99,35.635]},"properties":{"id":"nwis-03459500","layer":"flow","title":"PIGEON RIVER NEAR HEPCO, NC","detail":"USGS 03459500 · 116 ft³/s · stage 1.6 ft","severity":0,"value":"116 ft³/s","category":"Streamgage","url":"https://waterdata.usgs.gov/monitoring-location/03459500/"}},{"type":"Feature","geometry":{"type":"Point","coordinates":[-83.0727778,35.6672222]},"properties":{"id":"nwis-03460000","layer":"flow","title":"CATALOOCHEE CREEK NEAR CATALOOCHEE, NC","detail":"USGS 03460000 · 55.8 ft³/s · stage 2.2 ft","severity":0,"value":"55.8 ft³/s","category":"Streamgage","url":"https://waterdata.usgs.gov/monitoring-location/03460000/"}},{"type":"Feature","geometry":{"type":"Point","coordinates":[-83.1119444,35.7836111]},"properties":{"id":"nwis-03460795","layer":"flow","title":"PIGEON R BL POWER PLANT NR WATERVILLE, NC","detail":"USGS 03460795 · 124 ft³/s · stage 6.8 ft","severity":0,"value":"124 ft³/s","category":"Streamgage","url":"https://waterdata.usgs.gov/monitoring-location/03460795/"}},{"type":"Feature","geometry":{"type":"Point","coordinates":[-82.1841667,35.83138889]},"properties":{"id":"nwis-03463300","layer":"flow","title":"SOUTH TOE RIVER NEAR CELO, NC","detail":"USGS 03463300 · 29.8 ft³/s · stage 0.7 ft","severity":0,"value":"29.8 ft³/s","category":"Streamgage","url":"https://waterdata.usgs.gov/monitoring-location/03463300/"}},{"type":"Feature","geometry":{"type":"Point","coordinates":[-81.8222222,36.23916667]},"properties":{"id":"nwis-03479000","layer":"flow","title":"WATAUGA RIVER NEAR SUGAR GROVE, NC","detail":"USGS 03479000 · 39.1 ft³/s · stage 1.4 ft","severity":0,"value":"39.1 ft³/s","category":"Streamgage","url":"https://waterdata.usgs.gov/monitoring-location/03479000/"}},{"type":"Feature","geometry":{"type":"Point","coordinates":[-81.9081222,36.21742778]},"properties":{"id":"nwis-0347927162","layer":"flow","title":"BUCKEYE CR ABOVE BUCKEYE LAKE NEAR CANNON GAP, NC","detail":"USGS 0347927162 · 0.71 ft³/s · stage 1.3 ft","severity":0,"value":"0.71 ft³/s","category":"Streamgage","url":"https://waterdata.usgs.gov/monitoring-location/0347927162/"}},{"type":"Feature","geometry":{"type":"Point","coordinates":[-81.9076056,36.2200083]},"properties":{"id":"nwis-0347927164","layer":"flow","title":"BUCKEYE CR BELOW BUCKEYE LAKE NEAR CANNON GAP, NC","detail":"USGS 0347927164 · 0.31 ft³/s · stage 0.9 ft","severity":0,"value":"0.31 ft³/s","category":"Streamgage","url":"https://waterdata.usgs.gov/monitoring-location/0347927164/"}},{"type":"Feature","geometry":{"type":"Point","coordinates":[-83.3797222,35.15]},"properties":{"id":"nwis-03500000","layer":"flow","title":"LITTLE TENNESSEE RIVER NEAR PRENTISS, NC","detail":"USGS 03500000 · 88.8 ft³/s · stage 1.3 ft","severity":0,"value":"88.8 ft³/s","category":"Streamgage","url":"https://waterdata.usgs.gov/monitoring-location/03500000/"}},{"type":"Feature","geometry":{"type":"Point","coordinates":[-83.4243694,35.15776944]},"properties":{"id":"nwis-0350011450","layer":"flow","title":"CARTOOGECHAYE CREEK AT SR 1148 NEAR FRANKLIN, NC","detail":"USGS 0350011450 · 25.2 ft³/s · stage 0.1 ft","severity":0,"value":"25.2 ft³/s","category":"Streamgage","url":"https://waterdata.usgs.gov/monitoring-location/0350011450/"}},{"type":"Feature","geometry":{"type":"Point","coordinates":[-83.5269444,35.33638889]},"properties":{"id":"nwis-03503000","layer":"flow","title":"LITTLE TENNESSEE RIVER AT NEEDMORE, NC","detail":"USGS 03503000 · 232 ft³/s · stage 1.8 ft","severity":0,"value":"232 ft³/s","category":"Streamgage","url":"https://waterdata.usgs.gov/monitoring-location/03503000/"}},{"type":"Feature","geometry":{"type":"Point","coordinates":[-83.6186111,35.1275]},"properties":{"id":"nwis-03504000","layer":"flow","title":"NANTAHALA RIVER NEAR RAINBOW SPRINGS, NC","detail":"USGS 03504000 · 70.4 ft³/s · stage 0.8 ft","severity":0,"value":"70.4 ft³/s","category":"Streamgage","url":"https://waterdata.usgs.gov/monitoring-location/03504000/"}},{"type":"Feature","geometry":{"type":"Point","coordinates":[-83.6522222,35.305]},"properties":{"id":"nwis-03505550","layer":"flow","title":"NANTAHALA RIVER NEAR HEWITT, NC","detail":"USGS 03505550 · 67.4 ft³/s · stage 1.2 ft","severity":0,"value":"67.4 ft³/s","category":"Streamgage","url":"https://waterdata.usgs.gov/monitoring-location/03505550/"}},{"type":"Feature","geometry":{"type":"Point","coordinates":[-83.14388889,35.28777778]},"properties":{"id":"nwis-03508050","layer":"flow","title":"TUCKASEGEE RIVER AT SR 1172 NR CULLOWHEE, NC","detail":"USGS 03508050 · 38.2 ft³/s · stage 3.8 ft","severity":0,"value":"38.2 ft³/s","category":"Streamgage","url":"https://waterdata.usgs.gov/monitoring-location/03508050/"}},{"type":"Feature","geometry":{"type":"Point","coordinates":[-83.2916667,35.38444444]},"properties":{"id":"nwis-03510577","layer":"flow","title":"TUCKASEGEE RIVER AT BARKER'S CREEK, NC","detail":"USGS 03510577 · 160 ft³/s · stage 2.9 ft","severity":0,"value":"160 ft³/s","category":"Streamgage","url":"https://waterdata.usgs.gov/monitoring-location/03510577/"}},{"type":"Feature","geometry":{"type":"Point","coordinates":[-83.3536111,35.46138889]},"properties":{"id":"nwis-03512000","layer":"flow","title":"OCONALUFTEE RIVER AT BIRDTOWN, NC","detail":"USGS 03512000 · 157 ft³/s · stage 1.1 ft","severity":0,"value":"157 ft³/s","category":"Streamgage","url":"https://waterdata.usgs.gov/monitoring-location/03512000/"}},{"type":"Feature","geometry":{"type":"Point","coordinates":[-83.4469444,35.4275]},"properties":{"id":"nwis-03513000","layer":"flow","title":"TUCKASEGEE RIVER AT BRYSON CITY, NC","detail":"USGS 03513000 · 465 ft³/s · stage 1.8 ft","severity":0,"value":"465 ft³/s","category":"Streamgage","url":"https://waterdata.usgs.gov/monitoring-location/03513000/"}},{"type":"Feature","geometry":{"type":"Point","coordinates":[-83.91888889,35.4383333]},"properties":{"id":"nwis-0351706800","layer":"flow","title":"CHEOAH RIVER NR BEARPEN GAP NR TAPOCO, NC","detail":"USGS 0351706800 · 92.8 ft³/s · stage 2.7 ft","severity":0,"value":"92.8 ft³/s","category":"Streamgage","url":"https://waterdata.usgs.gov/monitoring-location/0351706800/"}},{"type":"Feature","geometry":{"type":"Point","coordinates":[-83.9805556,35.13888889]},"properties":{"id":"nwis-03550000","layer":"flow","title":"VALLEY RIVER AT TOMOTLA, NC","detail":"USGS 03550000 · 91 ft³/s · stage 1.9 ft","severity":0,"value":"91 ft³/s","category":"Streamgage","url":"https://waterdata.usgs.gov/monitoring-location/03550000/"}}]}