{"type":"FeatureCollection","generated":1788139713090,"features":[{"type":"Feature","geometry":{"type":"Point","coordinates":[-80.234722222222,35.806944444444]},"properties":{"id":"nwps-ABBN7","layer":"gauge","title":"Abbotts Creek near Lexington","detail":"Observation only — no NWM forecast at this gauge","severity":0,"value":"3.2 ft","category":"Below flood stage","url":"https://water.noaa.gov/gauges/ABBN7","time":1788136200000}},{"type":"Feature","geometry":{"type":"Point","coordinates":[-79.4305,35.1322]},"properties":{"id":"nwps-ACSN7","layer":"gauge","title":"Aberdeen Cr at W South St","detail":"Observation only — no NWM forecast at this gauge","severity":0,"value":"2.7 ft","category":"Below flood stage","url":"https://water.noaa.gov/gauges/ACSN7","time":1788137400000}},{"type":"Feature","geometry":{"type":"Point","coordinates":[-78.6341667,35.821111]},"properties":{"id":"nwps-ADRN7","layer":"gauge","title":"Crabtree Creek at Anderson Drive","detail":"Observation only — no NWM forecast at this gauge","severity":-1,"value":"no reading","category":"Gauge offline","url":"https://water.noaa.gov/gauges/ADRN7","time":-62135596800000}},{"type":"Feature","geometry":{"type":"Point","coordinates":[-76.9994444444444,36.2802777777778]},"properties":{"id":"nwps-AHSN7","layer":"gauge","title":"Ahoskie Creek at Ahoskie","detail":"Observation only — no NWM forecast at this gauge","severity":0,"value":"1.4 ft","category":"Below flood stage","url":"https://water.noaa.gov/gauges/AHSN7","time":1788136200000}},{"type":"Feature","geometry":{"type":"Point","coordinates":[-81.654166666667,36.438333333333]},"properties":{"id":"nwps-ALDN7","layer":"gauge","title":"North Fork New River at Ashland","detail":"Observation only — no NWM forecast at this gauge","severity":0,"value":"1.1 ft","category":"Below flood stage","url":"https://water.noaa.gov/gauges/ALDN7","time":1788136500000}},{"type":"Feature","geometry":{"type":"Point","coordinates":[-76.1934,35.7215]},"properties":{"id":"nwps-ALIN7","layer":"gauge","title":"North Fork Alligator River at Gum Neck (in MLLW)","detail":"Observation only — no NWM forecast at this gauge","severity":0,"value":"0.7 ft","category":"Below flood stage","url":"https://water.noaa.gov/gauges/ALIN7","time":1788136200000}},{"type":"Feature","geometry":{"type":"Point","coordinates":[-83.817777777778,35.205833333333]},"properties":{"id":"nwps-ANVN7","layer":"gauge","title":"Valley River at Andrews","detail":"Observation only — no NWM forecast at this gauge","severity":-1,"value":"0.6 ft","category":"Gauge offline","url":"https://water.noaa.gov/gauges/ANVN7","time":1788136500000}},{"type":"Feature","geometry":{"type":"Point","coordinates":[-78.7525,35.718611111111]},"properties":{"id":"nwps-APSN7","layer":"gauge","title":"Swift Creek near Apex","detail":"Observation only — no NWM forecast at this gauge","severity":0,"value":"1.4 ft","category":"Below flood stage","url":"https://water.noaa.gov/gauges/APSN7","time":1788136800000}},{"type":"Feature","geometry":{"type":"Point","coordinates":[-80.592032,36.510885]},"properties":{"id":"nwps-ARLN7","layer":"gauge","title":"Ararat River at Mt Airy","detail":"Observation only — no NWM forecast at this gauge","severity":0,"value":"12.7 ft","category":"Below flood stage","url":"https://water.noaa.gov/gauges/ARLN7","time":1788137100000}},{"type":"Feature","geometry":{"type":"Point","coordinates":[-76.749,35.3773]},"properties":{"id":"nwps-ARON7","layer":"gauge","title":"Pamlico River at Aurora","detail":"Observation only — no NWM forecast at this gauge","severity":-1,"value":"no reading","category":"Gauge offline","url":"https://water.noaa.gov/gauges/ARON7","time":-62135596800000}},{"type":"Feature","geometry":{"type":"Point","coordinates":[-80.5619444444445,36.4044444444444]},"properties":{"id":"nwps-ARRN7","layer":"gauge","title":"Ararat River at Ararat","detail":"Observation only — no NWM forecast at this gauge","severity":0,"value":"0.9 ft","category":"Below flood stage","url":"https://water.noaa.gov/gauges/ARRN7","time":1788135300000}},{"type":"Feature","geometry":{"type":"Point","coordinates":[-82.578056,35.608889]},"properties":{"id":"nwps-AVLN7","layer":"gauge","title":"French Broad River at Pearson Bridge Rd, 2 NW Asheville","detail":"Forecast 1.1 ft, Below flood stage","severity":0,"value":"1.1 ft","category":"Below flood stage","url":"https://water.noaa.gov/gauges/AVLN7","time":1788136200000}},{"type":"Feature","geometry":{"type":"Point","coordinates":[-75.51232,35.34731]},"properties":{"id":"nwps-AVNN7","layer":"gauge","title":"Pamlico Sound at Avon Harbor (in MLLW)","detail":"Observation only — no NWM forecast at this gauge","severity":0,"value":"0.1 ft","category":"Below flood stage","url":"https://water.noaa.gov/gauges/AVNN7","time":1788137400000}},{"type":"Feature","geometry":{"type":"Point","coordinates":[-75.5119,35.3257]},"properties":{"id":"nwps-AVON7","layer":"gauge","title":"Pamlico Sound at Avon (in MLLW)","detail":"Observation only — no NWM forecast at this gauge","severity":0,"value":"0.1 ft","category":"Below flood stage","url":"https://water.noaa.gov/gauges/AVON7","time":1788137400000}},{"type":"Feature","geometry":{"type":"Point","coordinates":[-80.911111,35.139722]},"properties":{"id":"nwps-AWRN7","layer":"gauge","title":"Sugar Creek above W Arrowood Rd, 2 W Starmount","detail":"Observation only — no NWM forecast at this gauge","severity":0,"value":"0.5 ft","category":"Below flood stage","url":"https://water.noaa.gov/gauges/AWRN7","time":1788137100000}},{"type":"Feature","geometry":{"type":"Point","coordinates":[-77.4854,35.4565]},"properties":{"id":"nwps-AYDN7","layer":"gauge","title":"Little Contentnea Creek near Ayden","detail":"Observation only — no NWM forecast at this gauge","severity":0,"value":"7.3 ft","category":"Below flood stage","url":"https://water.noaa.gov/gauges/AYDN7","time":1788137100000}},{"type":"Feature","geometry":{"type":"Point","coordinates":[-80.09255,35.41959]},"properties":{"id":"nwps-BADN7","layer":"gauge","title":"Yadkin River at Badin Lake","detail":"Observation only — no NWM forecast at this gauge","severity":0,"value":"539.1 ft","category":"Below flood stage","url":"https://water.noaa.gov/gauges/BADN7","time":1788134400000}},{"type":"Feature","geometry":{"type":"Point","coordinates":[-78.82861111111113,36.14861111111111]},"properties":{"id":"nwps-BAHN7","layer":"gauge","title":"Flat River below Lake Mitchie","detail":"Observation only — no NWM forecast at this gauge","severity":0,"value":"0.5 ft","category":"Below flood stage","url":"https://water.noaa.gov/gauges/BAHN7","time":1788133500000}},{"type":"Feature","geometry":{"type":"Point","coordinates":[-77.0302,35.5036]},"properties":{"id":"nwps-BASN7","layer":"gauge","title":"Chocowinity Bay at Bayside Shores","detail":"Observation only — no NWM forecast at this gauge","severity":-1,"value":"0.6 ft","category":"Gauge offline","url":"https://water.noaa.gov/gauges/BASN7","time":1788137400000}},{"type":"Feature","geometry":{"type":"Point","coordinates":[-76.8169,35.4774]},"properties":{"id":"nwps-BATN7","layer":"gauge","title":"Bath Creek at Bath (in MLLW)","detail":"Observation only — no NWM forecast at this gauge","severity":0,"value":"1.3 ft","category":"Below flood stage","url":"https://water.noaa.gov/gauges/BATN7","time":1788136800000}},{"type":"Feature","geometry":{"type":"Point","coordinates":[-83.072777777778,35.241388888889]},"properties":{"id":"nwps-BCDN7","layer":"gauge","title":"Bear Creek at BEAR CREEK DAM","detail":"Observation only — no NWM forecast at this gauge","severity":0,"value":"86.6 ft","category":"Below flood stage","url":"https://water.noaa.gov/gauges/BCDN7","time":1788130800000}},{"type":"Feature","geometry":{"type":"Point","coordinates":[-78.890172,35.044521]},"properties":{"id":"nwps-BCFN7","layer":"gauge","title":"Blounts Creek at Winslow St at Fayetteville","detail":"Observation only — no NWM forecast at this gauge","severity":0,"value":"3.7 ft","category":"Below flood stage","url":"https://water.noaa.gov/gauges/BCFN7","time":1788134400000}},{"type":"Feature","geometry":{"type":"Point","coordinates":[-78.9748306,35.12713056]},"properties":{"id":"nwps-BCGN7","layer":"gauge","title":"Beaver Creek at Gruber Road at Fort Bragg","detail":"Observation only — no NWM forecast at this gauge","severity":0,"value":"6.9 ft","category":"Below flood stage","url":"https://water.noaa.gov/gauges/BCGN7","time":1788134400000}},{"type":"Feature","geometry":{"type":"Point","coordinates":[-80.830833333333,35.175277777778]},"properties":{"id":"nwps-BCLN7","layer":"gauge","title":"Briar Creek at Colony Road","detail":"Observation only — no NWM forecast at this gauge","severity":0,"value":"2.2 ft","category":"Below flood stage","url":"https://water.noaa.gov/gauges/BCLN7","time":1788137100000}},{"type":"Feature","geometry":{"type":"Point","coordinates":[-79.6616667,36.12805556]},"properties":{"id":"nwps-BCMN7","layer":"gauge","title":"North Buffalo Creek at SR2819 near McCleansville","detail":"Observation only — no NWM forecast at this gauge","severity":0,"value":"2.0 ft","category":"Below flood stage","url":"https://water.noaa.gov/gauges/BCMN7","time":1788136200000}},{"type":"Feature","geometry":{"type":"Point","coordinates":[-78.14416666666666,34.4313888888889]},"properties":{"id":"nwps-BCUN7","layer":"gauge","title":"Black River near Currie","detail":"Observation only — no NWM forecast at this gauge","severity":-1,"value":"1.2 ft","category":"Gauge offline","url":"https://water.noaa.gov/gauges/BCUN7","time":1788136800000}},{"type":"Feature","geometry":{"type":"Point","coordinates":[-82.287222222222,35.451388888889]},"properties":{"id":"nwps-BCVN7","layer":"gauge","title":"Rocky Broad River at Bat Cave","detail":"Observation only — no NWM forecast at this gauge","severity":-1,"value":"no reading","category":"Gauge offline","url":"https://water.noaa.gov/gauges/BCVN7","time":-62135596800000}},{"type":"Feature","geometry":{"type":"Point","coordinates":[-77.0366,35.1028]},"properties":{"id":"nwps-BERN7","layer":"gauge","title":"Trent River at New Bern (in MLLW)","detail":"Observation only — no NWM forecast at this gauge","severity":0,"value":"0.6 ft","category":"Below flood stage","url":"https://water.noaa.gov/gauges/BERN7","time":1788137100000}},{"type":"Feature","geometry":{"type":"Point","coordinates":[-81.234722222222,35.306388888889]},"properties":{"id":"nwps-BESN7","layer":"gauge","title":"Long Creek near Bessemer City 3 NE","detail":"Observation only — no NWM forecast at this gauge","severity":0,"value":"0.9 ft","category":"Below flood stage","url":"https://water.noaa.gov/gauges/BESN7","time":1788136500000}},{"type":"Feature","geometry":{"type":"Point","coordinates":[-77.8596,34.9368]},"properties":{"id":"nwps-BEUN7","layer":"gauge","title":"N.E. Cape Fear River near Beulaville","detail":"Observation only — no NWM forecast at this gauge","severity":0,"value":"6.6 ft","category":"Below flood stage","url":"https://water.noaa.gov/gauges/BEUN7","time":1788137100000}},{"type":"Feature","geometry":{"type":"Point","coordinates":[-82.435277777778,35.311944444444]},"properties":{"id":"nwps-BFCN7","layer":"gauge","title":"Bat Fork Creek near Hendersonville","detail":"Observation only — no NWM forecast at this gauge","severity":-1,"value":"no reading","category":"Gauge offline","url":"https://water.noaa.gov/gauges/BFCN7","time":-62135596800000}},{"type":"Feature","geometry":{"type":"Point","coordinates":[-76.673118,34.718417]},"properties":{"id":"nwps-BFTN7","layer":"gauge","title":"Atlantic Coast at Beaufort Marine Lab (in MLLW)","detail":"Forecast 4.0 ft, Below flood stage","severity":0,"value":"3.4 ft","category":"Below flood stage","url":"https://water.noaa.gov/gauges/BFTN7","time":1788136560000}},{"type":"Feature","geometry":{"type":"Point","coordinates":[-77.9221,34.5639]},"properties":{"id":"nwps-BGKN7","layer":"gauge","title":"Burgaw Creek at US Route 117 near Burgaw","detail":"Observation only — no NWM forecast at this gauge","severity":-1,"value":"5.4 ft","category":"Gauge offline","url":"https://water.noaa.gov/gauges/BGKN7","time":1788137100000}},{"type":"Feature","geometry":{"type":"Point","coordinates":[-78.836388888889,34.710277777778]},"properties":{"id":"nwps-BGSN7","layer":"gauge","title":"Big Swamp near Tarheel","detail":"Observation only — no NWM forecast at this gauge","severity":0,"value":"8.1 ft","category":"Below flood stage","url":"https://water.noaa.gov/gauges/BGSN7","time":1788134400000}},{"type":"Feature","geometry":{"type":"Point","coordinates":[-77.875277777778,34.598333333333]},"properties":{"id":"nwps-BGWN7","layer":"gauge","title":"N.E. Cape Fear River near Burgaw","detail":"Observation only — no NWM forecast at this gauge","severity":0,"value":"2.3 ft","category":"Below flood stage","url":"https://water.noaa.gov/gauges/BGWN7","time":1788136200000}},{"type":"Feature","geometry":{"type":"Point","coordinates":[-81.510524,36.497826]},"properties":{"id":"nwps-BHLN7","layer":"gauge","title":"Big Horse Creek at Lansing","detail":"Observation only — no NWM forecast at this gauge","severity":0,"value":"4.2 ft","category":"Below flood stage","url":"https://water.noaa.gov/gauges/BHLN7","time":1788137100000}},{"type":"Feature","geometry":{"type":"Point","coordinates":[-76.6224,35.5377]},"properties":{"id":"nwps-BHVN7","layer":"gauge","title":"Pungo River at Water Street in Belhaven","detail":"Observation only — no NWM forecast at this gauge","severity":-1,"value":"0.5 ft","category":"Gauge offline","url":"https://water.noaa.gov/gauges/BHVN7","time":1788137400000}},{"type":"Feature","geometry":{"type":"Point","coordinates":[-76.3998,35.43518]},"properties":{"id":"nwps-BIPN7","layer":"gauge","title":"Pamlico Sound at Bell Island Pier (in MLLW)","detail":"Observation only — no NWM forecast at this gauge","severity":0,"value":"0.8 ft","category":"Below flood stage","url":"https://water.noaa.gov/gauges/BIPN7","time":1788130200000}},{"type":"Feature","geometry":{"type":"Point","coordinates":[-83.353611,35.461389]},"properties":{"id":"nwps-BIRN7","layer":"gauge","title":"Oconaluftee River below Contesky Dr, in Birdtown","detail":"Observation only — no NWM forecast at this gauge","severity":0,"value":"1.4 ft","category":"Below flood stage","url":"https://water.noaa.gov/gauges/BIRN7","time":1788134400000}},{"type":"Feature","geometry":{"type":"Point","coordinates":[-80.673611,35.309167]},"properties":{"id":"nwps-BKCN7","layer":"gauge","title":"Back Creek at Caldwell Rd near Harrisburg","detail":"Observation only — no NWM forecast at this gauge","severity":0,"value":"2.5 ft","category":"Below flood stage","url":"https://water.noaa.gov/gauges/BKCN7","time":1788135300000}},{"type":"Feature","geometry":{"type":"Point","coordinates":[-78.7369528,35.77295]},"properties":{"id":"nwps-BKJN7","layer":"gauge","title":"Walnut Creek (NC) at Buck Jones Road","detail":"Observation only — no NWM forecast at this gauge","severity":0,"value":"0.9 ft","category":"Below flood stage","url":"https://water.noaa.gov/gauges/BKJN7","time":1788136800000}},{"type":"Feature","geometry":{"type":"Point","coordinates":[-82.623889,35.299167]},"properties":{"id":"nwps-BLAN7","layer":"gauge","title":"French Broad River at Grove Bridge Rd, in Blantyre","detail":"Forecast 4.8 ft, Below flood stage","severity":0,"value":"4.9 ft","category":"Below flood stage","url":"https://water.noaa.gov/gauges/BLAN7","time":1788136200000}},{"type":"Feature","geometry":{"type":"Point","coordinates":[-79.87777777777778,34.98277777777778]},"properties":{"id":"nwps-BLFN7","layer":"gauge","title":"Pee Dee River at Blewett Falls Lake","detail":"Observation only — no NWM forecast at this gauge","severity":0,"value":"176.4 ft","category":"Below flood stage","url":"https://water.noaa.gov/gauges/BLFN7","time":1788130800000}},{"type":"Feature","geometry":{"type":"Point","coordinates":[-76.622777777778,35.537222222222]},"properties":{"id":"nwps-BLHN7","layer":"gauge","title":"Pungo River at Belhaven (in MLLW)","detail":"Observation only — no NWM forecast at this gauge","severity":0,"value":"0.7 ft","category":"Below flood stage","url":"https://water.noaa.gov/gauges/BLHN7","time":1788135840000}},{"type":"Feature","geometry":{"type":"Point","coordinates":[-75.9652,36.4226]},"properties":{"id":"nwps-BLIN7","layer":"gauge","title":"Currituck Sound at Bells Island Campground near Maple","detail":"Observation only — no NWM forecast at this gauge","severity":-1,"value":"0.4 ft","category":"Gauge offline","url":"https://water.noaa.gov/gauges/BLIN7","time":1788137400000}},{"type":"Feature","geometry":{"type":"Point","coordinates":[-82.544722,35.568333]},"properties":{"id":"nwps-BLTN7","layer":"gauge","title":"Swannanoa River below Hendersonville Rd (NC 81), in Biltmore Village (2 S Asheville)","detail":"Forecast 1.4 ft, Below flood stage","severity":0,"value":"1.4 ft","category":"Below flood stage","url":"https://water.noaa.gov/gauges/BLTN7","time":1788134400000}},{"type":"Feature","geometry":{"type":"Point","coordinates":[-78.878333333333,36.1825]},"properties":{"id":"nwps-BMAN7","layer":"gauge","title":"Flat River at Bahama","detail":"Observation only — no NWM forecast at this gauge","severity":0,"value":"0.9 ft","category":"Below flood stage","url":"https://water.noaa.gov/gauges/BMAN7","time":1788133500000}},{"type":"Feature","geometry":{"type":"Point","coordinates":[-82.334444444444,35.6075]},"properties":{"id":"nwps-BMPN7","layer":"gauge","title":"Swannanoa River at Black Mountain Park","detail":"Observation only — no NWM forecast at this gauge","severity":-1,"value":"no reading","category":"Gauge offline","url":"https://water.noaa.gov/gauges/BMPN7","time":-62135596800000}},{"type":"Feature","geometry":{"type":"Point","coordinates":[-78.7986,36.1277]},"properties":{"id":"nwps-BNRN7","layer":"gauge","title":"Knap of the Reeds Creek neat Butner, NC","detail":"Observation only — no NWM forecast at this gauge","severity":0,"value":"1.9 ft","category":"Below flood stage","url":"https://water.noaa.gov/gauges/BNRN7","time":1788134400000}},{"type":"Feature","geometry":{"type":"Point","coordinates":[-79.0658,35.9222]},"properties":{"id":"nwps-BOCN7","layer":"gauge","title":"Bolin Creek at Village Drive","detail":"Observation only — no NWM forecast at this gauge","severity":0,"value":"1.0 ft","category":"Below flood stage","url":"https://water.noaa.gov/gauges/BOCN7","time":1788135300000}},{"type":"Feature","geometry":{"type":"Point","coordinates":[-78.646,35.312]},"properties":{"id":"nwps-BRAN7","layer":"gauge","title":"Black River at Antioch Church Rd","detail":"Observation only — no NWM forecast at this gauge","severity":0,"value":"0.7 ft","category":"Below flood stage","url":"https://water.noaa.gov/gauges/BRAN7","time":1788136800000}},{"type":"Feature","geometry":{"type":"Point","coordinates":[-80.595833333333,35.717777777778]},"properties":{"id":"nwps-BRBN7","layer":"gauge","title":"N Second Creek above Statesville Blvd (US 70) 4 S Woodleaf","detail":"Observation only — no NWM forecast at this gauge","severity":0,"value":"2.3 ft","category":"Below flood stage","url":"https://water.noaa.gov/gauges/BRBN7","time":1788134400000}},{"type":"Feature","geometry":{"type":"Point","coordinates":[-78.960277777778,34.4425]},"properties":{"id":"nwps-BRDN7","layer":"gauge","title":"Lumber River at Boardman","detail":"Observation only — no NWM forecast at this gauge","severity":-1,"value":"3.5 ft","category":"Gauge offline","url":"https://water.noaa.gov/gauges/BRDN7","time":1788134400000}},{"type":"Feature","geometry":{"type":"Point","coordinates":[-80.805833333333,35.206111111111]},"properties":{"id":"nwps-BRIN7","layer":"gauge","title":"Briar Creek below Edward's Branch","detail":"Observation only — no NWM forecast at this gauge","severity":0,"value":"1.1 ft","category":"Below flood stage","url":"https://water.noaa.gov/gauges/BRIN7","time":1788137100000}},{"type":"Feature","geometry":{"type":"Point","coordinates":[-78.77716,35.7811]},"properties":{"id":"nwps-BRMN7","layer":"gauge","title":"Walnut Creek (NC) at Byrum St in Cary","detail":"Observation only — no NWM forecast at this gauge","severity":0,"value":"0.8 ft","category":"Below flood stage","url":"https://water.noaa.gov/gauges/BRMN7","time":1788135000000}},{"type":"Feature","geometry":{"type":"Point","coordinates":[-80.82,35.1825]},"properties":{"id":"nwps-BRPN7","layer":"gauge","title":"Briar Creek at Providence road","detail":"Observation only — no NWM forecast at this gauge","severity":0,"value":"1.2 ft","category":"Below flood stage","url":"https://water.noaa.gov/gauges/BRPN7","time":1788137100000}},{"type":"Feature","geometry":{"type":"Point","coordinates":[-79.923888888889,36.128055555556]},"properties":{"id":"nwps-BRSN7","layer":"gauge","title":"Brush Creek at Muirfield Rd in Greensboro","detail":"Observation only — no NWM forecast at this gauge","severity":0,"value":"1.6 ft","category":"Below flood stage","url":"https://water.noaa.gov/gauges/BRSN7","time":1788136200000}},{"type":"Feature","geometry":{"type":"Point","coordinates":[-78.2545,34.5534]},"properties":{"id":"nwps-BRTN7","layer":"gauge","title":"Black River at Beattys Bridge Road","detail":"Observation only — no NWM forecast at this gauge","severity":-1,"value":"no reading","category":"Gauge offline","url":"https://water.noaa.gov/gauges/BRTN7","time":-62135596800000}},{"type":"Feature","geometry":{"type":"Point","coordinates":[-81.8362,35.7427]},"properties":{"id":"nwps-BRWN7","layer":"gauge","title":"Catawba River at Lake James/Linville Dam","detail":"Observation only — no NWM forecast at this gauge","severity":0,"value":"97.7 ft","category":"Below flood stage","url":"https://water.noaa.gov/gauges/BRWN7","time":1788130800000}},{"type":"Feature","geometry":{"type":"Point","coordinates":[-83.374444444444,35.445833333333]},"properties":{"id":"nwps-BRYN7","layer":"gauge","title":"Oconaluftee River at Bryson Dam (Lake Ela)","detail":"Observation only — no NWM forecast at this gauge","severity":-1,"value":"no reading","category":"Gauge offline","url":"https://water.noaa.gov/gauges/BRYN7","time":-62135596800000}},{"type":"Feature","geometry":{"type":"Point","coordinates":[-78.8329,34.6477]},"properties":{"id":"nwps-BSAN7","layer":"gauge","title":"Big Swamp at NC Highway 41","detail":"Observation only — no NWM forecast at this gauge","severity":-1,"value":"7.3 ft","category":"Gauge offline","url":"https://water.noaa.gov/gauges/BSAN7","time":1788136500000}},{"type":"Feature","geometry":{"type":"Point","coordinates":[-78.0949,34.1346]},"properties":{"id":"nwps-BSBN7","layer":"gauge","title":"Bell Swamp at US Highway 17","detail":"Observation only — no NWM forecast at this gauge","severity":-1,"value":"8.3 ft","category":"Gauge offline","url":"https://water.noaa.gov/gauges/BSBN7","time":1788137400000}},{"type":"Feature","geometry":{"type":"Point","coordinates":[-79.386666666667,34.750277777778]},"properties":{"id":"nwps-BSHN7","layer":"gauge","title":"Big Shoe Heel Creek near Laurinburg","detail":"Observation only — no NWM forecast at this gauge","severity":0,"value":"3.5 ft","category":"Below flood stage","url":"https://water.noaa.gov/gauges/BSHN7","time":1788137100000}},{"type":"Feature","geometry":{"type":"Point","coordinates":[-81.6975,35.210833]},"properties":{"id":"nwps-BSPN7","layer":"gauge","title":"Broad River above Sandy Run Ck, 3 SSW Boiling Springs","detail":"Forecast 1.6 ft, Below flood stage","severity":0,"value":"1.5 ft","category":"Below flood stage","url":"https://water.noaa.gov/gauges/BSPN7","time":1788135300000}},{"type":"Feature","geometry":{"type":"Point","coordinates":[-78.7871,34.5399]},"properties":{"id":"nwps-BSWN7","layer":"gauge","title":"Bryant Swamp at North Main Street","detail":"Observation only — no NWM forecast at this gauge","severity":-1,"value":"6.4 ft","category":"Gauge offline","url":"https://water.noaa.gov/gauges/BSWN7","time":1788137100000}},{"type":"Feature","geometry":{"type":"Point","coordinates":[-78.8725,36.540555555556]},"properties":{"id":"nwps-BTHN7","layer":"gauge","title":"Mayo Creek at Bethel Hill","detail":"Observation only — no NWM forecast at this gauge","severity":0,"value":"2.0 ft","category":"Below flood stage","url":"https://water.noaa.gov/gauges/BTHN7","time":1788137100000}},{"type":"Feature","geometry":{"type":"Point","coordinates":[-78.973611111111,35.559444444444]},"properties":{"id":"nwps-BUCN7","layer":"gauge","title":"Buckhorn Creek (NC) near Corinth","detail":"Observation only — no NWM forecast at this gauge","severity":0,"value":"1.2 ft","category":"Below flood stage","url":"https://water.noaa.gov/gauges/BUCN7","time":1788136200000}},{"type":"Feature","geometry":{"type":"Point","coordinates":[-81.526666666667,36.0775]},"properties":{"id":"nwps-BUFN7","layer":"gauge","title":"Buffalo Creek (NC) near Headwaters","detail":"Observation only — no NWM forecast at this gauge","severity":-1,"value":"no reading","category":"Gauge offline","url":"https://water.noaa.gov/gauges/BUFN7","time":-62135596800000}},{"type":"Feature","geometry":{"type":"Point","coordinates":[-78.9767,35.0738]},"properties":{"id":"nwps-BVCN7","layer":"gauge","title":"Beaver Creek (NC) at Morganton Rd","detail":"Observation only — no NWM forecast at this gauge","severity":0,"value":"8.7 ft","category":"Below flood stage","url":"https://water.noaa.gov/gauges/BVCN7","time":1788137100000}},{"type":"Feature","geometry":{"type":"Point","coordinates":[-78.9785,35.0029]},"properties":{"id":"nwps-BVFN7","layer":"gauge","title":"Beaver Creek (NC) at Cumberland","detail":"Observation only — no NWM forecast at this gauge","severity":0,"value":"3.0 ft","category":"Below flood stage","url":"https://water.noaa.gov/gauges/BVFN7","time":1788133500000}},{"type":"Feature","geometry":{"type":"Point","coordinates":[-78.894812,35.72995]},"properties":{"id":"nwps-BVKN7","layer":"gauge","title":"Beaver Creek (NC) at Kelly Rd","detail":"Observation only — no NWM forecast at this gauge","severity":0,"value":"1.4 ft","category":"Below flood stage","url":"https://water.noaa.gov/gauges/BVKN7","time":1788137100000}},{"type":"Feature","geometry":{"type":"Point","coordinates":[-80.983333333333,35.172222222222]},"properties":{"id":"nwps-BVRN7","layer":"gauge","title":"Beaverdam Creek above Windy Gap Rd","detail":"Observation only — no NWM forecast at this gauge","severity":0,"value":"-0.1 ft","category":"Below flood stage","url":"https://water.noaa.gov/gauges/BVRN7","time":1788137100000}},{"type":"Feature","geometry":{"type":"Point","coordinates":[-80.218,36.1]},"properties":{"id":"nwps-BWSN7","layer":"gauge","title":"Brushy Fork (NC) at E 5th St","detail":"Observation only — no NWM forecast at this gauge","severity":0,"value":"1.6 ft","category":"Below flood stage","url":"https://water.noaa.gov/gauges/BWSN7","time":1788137100000}},{"type":"Feature","geometry":{"type":"Point","coordinates":[-76.7651,35.141]},"properties":{"id":"nwps-BYBN7","layer":"gauge","title":"Bay River at Bayboro (in MLLW)","detail":"Observation only — no NWM forecast at this gauge","severity":0,"value":"0.6 ft","category":"Below flood stage","url":"https://water.noaa.gov/gauges/BYBN7","time":1788137100000}},{"type":"Feature","geometry":{"type":"Point","coordinates":[-79.13583,35.76528]},"properties":{"id":"nwps-BYNN7","layer":"gauge","title":"Haw River near Bynum","detail":"Forecast 3.1 ft, Below flood stage","severity":0,"value":"3.0 ft","category":"Below flood stage","url":"https://water.noaa.gov/gauges/BYNN7","time":1788133500000}},{"type":"Feature","geometry":{"type":"Point","coordinates":[-82.154722222222,36.012222222222]},"properties":{"id":"nwps-CACN7","layer":"gauge","title":"Cane Creek near Bakersville","detail":"Observation only — no NWM forecast at this gauge","severity":-1,"value":"2.5 ft","category":"Gauge offline","url":"https://water.noaa.gov/gauges/CACN7","time":1788136800000}},{"type":"Feature","geometry":{"type":"Point","coordinates":[-80.736666666667,35.186666666667]},"properties":{"id":"nwps-CAMN7","layer":"gauge","title":"Campbell Creek (NC) at Idlewild road","detail":"Observation only — no NWM forecast at this gauge","severity":0,"value":"1.1 ft","category":"Below flood stage","url":"https://water.noaa.gov/gauges/CAMN7","time":1788137100000}},{"type":"Feature","geometry":{"type":"Point","coordinates":[-79.206388888889,35.986944444444]},"properties":{"id":"nwps-CANN7","layer":"gauge","title":"Cane Creek near Carrboro","detail":"Observation only — no NWM forecast at this gauge","severity":0,"value":"0.9 ft","category":"Below flood stage","url":"https://water.noaa.gov/gauges/CANN7","time":1788133500000}},{"type":"Feature","geometry":{"type":"Point","coordinates":[-83.4243694,35.15776944]},"properties":{"id":"nwps-CARN7","layer":"gauge","title":"Cartoogechaye Creek near Franklin","detail":"Observation only — no NWM forecast at this gauge","severity":0,"value":"0.2 ft","category":"Below flood stage","url":"https://water.noaa.gov/gauges/CARN7","time":1788136200000}},{"type":"Feature","geometry":{"type":"Point","coordinates":[-77.8891,34.0451]},"properties":{"id":"nwps-CBCN7","layer":"gauge","title":"Atlantic Coast at Myrtle Grove Sound at Carolina Beach (Canal Drive)","detail":"Observation only — no NWM forecast at this gauge","severity":-1,"value":"1.2 ft","category":"Gauge offline","url":"https://water.noaa.gov/gauges/CBCN7","time":1788136800000}},{"type":"Feature","geometry":{"type":"Point","coordinates":[-76.8107,34.9378]},"properties":{"id":"nwps-CBFN7","layer":"gauge","title":"Neuse River at Cherry Branch Ferry Terminal","detail":"Observation only — no NWM forecast at this gauge","severity":-1,"value":"0.2 ft","category":"Gauge offline","url":"https://water.noaa.gov/gauges/CBFN7","time":1788137100000}},{"type":"Feature","geometry":{"type":"Point","coordinates":[-78.5495,33.8893]},"properties":{"id":"nwps-CBHN7","layer":"gauge","title":"Calabash River at Calabash","detail":"Observation only — no NWM forecast at this gauge","severity":-1,"value":"2.0 ft","category":"Gauge offline","url":"https://water.noaa.gov/gauges/CBHN7","time":1788137400000}},{"type":"Feature","geometry":{"type":"Point","coordinates":[-75.9459,36.3592]},"properties":{"id":"nwps-CBRN7","layer":"gauge","title":"Currituck Sound at Coinjock Boat Ramp","detail":"Observation only — no NWM forecast at this gauge","severity":-1,"value":"0.8 ft","category":"Gauge offline","url":"https://water.noaa.gov/gauges/CBRN7","time":1788137400000}},{"type":"Feature","geometry":{"type":"Point","coordinates":[-78.8905,35.0644]},"properties":{"id":"nwps-CCBN7","layer":"gauge","title":"Cross Creek NC at Blue Street at Fayetteville","detail":"Observation only — no NWM forecast at this gauge","severity":0,"value":"3.9 ft","category":"Below flood stage","url":"https://water.noaa.gov/gauges/CCBN7","time":1788137100000}},{"type":"Feature","geometry":{"type":"Point","coordinates":[-82.489166666667,35.435833333333]},"properties":{"id":"nwps-CCFN7","layer":"gauge","title":"Cane River (NC) at Mills Gap rd near Fletcher","detail":"Observation only — no NWM forecast at this gauge","severity":-1,"value":"no reading","category":"Gauge offline","url":"https://water.noaa.gov/gauges/CCFN7","time":-62135596800000}},{"type":"Feature","geometry":{"type":"Point","coordinates":[-81.16395,35.23737]},"properties":{"id":"nwps-CCGN7","layer":"gauge","title":"Catawba Creek (NC) at E Hudson Blvd 2 SW Gastonia","detail":"Observation only — no NWM forecast at this gauge","severity":0,"value":"1.2 ft","category":"Below flood stage","url":"https://water.noaa.gov/gauges/CCGN7","time":1788136800000}},{"type":"Feature","geometry":{"type":"Point","coordinates":[-78.885,35.058]},"properties":{"id":"nwps-CCHN7","layer":"gauge","title":"Cross Creek NC at Hillsboro St","detail":"Observation only — no NWM forecast at this gauge","severity":0,"value":"1.2 ft","category":"Below flood stage","url":"https://water.noaa.gov/gauges/CCHN7","time":1788136500000}},{"type":"Feature","geometry":{"type":"Point","coordinates":[-75.6875,36.015]},"properties":{"id":"nwps-CCIN7","layer":"gauge","title":"Colington Creek at Colington","detail":"Observation only — no NWM forecast at this gauge","severity":-1,"value":"no reading","category":"Gauge offline","url":"https://water.noaa.gov/gauges/CCIN7","time":-62135596800000}},{"type":"Feature","geometry":{"type":"Point","coordinates":[-79.5275,35.806944444444]},"properties":{"id":"nwps-CCRN7","layer":"gauge","title":"Rocky River NC at SR1300 near Crutchfield","detail":"Observation only — no NWM forecast at this gauge","severity":0,"value":"2.1 ft","category":"Below flood stage","url":"https://water.noaa.gov/gauges/CCRN7","time":1788136200000}},{"type":"Feature","geometry":{"type":"Point","coordinates":[-78.5779,33.955]},"properties":{"id":"nwps-CCSN7","layer":"gauge","title":"Cawcaw Swamp near Carolina Shores","detail":"Observation only — no NWM forecast at this gauge","severity":-1,"value":"5.1 ft","category":"Gauge offline","url":"https://water.noaa.gov/gauges/CCSN7","time":1788137100000}},{"type":"Feature","geometry":{"type":"Point","coordinates":[-78.77405,35.78512]},"properties":{"id":"nwps-CDPN7","layer":"gauge","title":"Walnut Creek (NC) at Downstream Side of E Park","detail":"Observation only — no NWM forecast at this gauge","severity":-1,"value":"1.0 ft","category":"Gauge offline","url":"https://water.noaa.gov/gauges/CDPN7","time":1788137400000}},{"type":"Feature","geometry":{"type":"Point","coordinates":[-82.869722222222,35.461666666667]},"properties":{"id":"nwps-CEPN7","layer":"gauge","title":"East Fork Pigeon River above Canton","detail":"Observation only — no NWM forecast at this gauge","severity":0,"value":"-0.2 ft","category":"Below flood stage","url":"https://water.noaa.gov/gauges/CEPN7","time":1788137100000}},{"type":"Feature","geometry":{"type":"Point","coordinates":[-77.8719,34.6463]},"properties":{"id":"nwps-CFCN7","layer":"gauge","title":"NE Cape Fear River at Croomsbridge Road","detail":"Observation only — no NWM forecast at this gauge","severity":-1,"value":"1.8 ft","category":"Gauge offline","url":"https://water.noaa.gov/gauges/CFCN7","time":1788137400000}},{"type":"Feature","geometry":{"type":"Point","coordinates":[-78.3688,34.4741]},"properties":{"id":"nwps-CFEN7","layer":"gauge","title":"Cape Fear River at Elwell Ferry","detail":"Observation only — no NWM forecast at this gauge","severity":-1,"value":"11.6 ft","category":"Gauge offline","url":"https://water.noaa.gov/gauges/CFEN7","time":1788137400000}},{"type":"Feature","geometry":{"type":"Point","coordinates":[-76.0137,36.4492]},"properties":{"id":"nwps-CFYN7","layer":"gauge","title":"Currituck Ferry","detail":"Observation only — no NWM forecast at this gauge","severity":-1,"value":"0.6 ft","category":"Gauge offline","url":"https://water.noaa.gov/gauges/CFYN7","time":1788137400000}},{"type":"Feature","geometry":{"type":"Point","coordinates":[-83.790833333333,35.019722222222]},"properties":{"id":"nwps-CHAN7","layer":"gauge","title":"Hiwassee River above Chatuge Dam near Hayesville","detail":"Forecast 1922.8 ft, steady","severity":-1,"value":"1922.8 ft","category":"Gauge offline","url":"https://water.noaa.gov/gauges/CHAN7","time":1788134400000}},{"type":"Feature","geometry":{"type":"Point","coordinates":[-79.0257,35.9371]},"properties":{"id":"nwps-CHBN7","layer":"gauge","title":"Booker Creek near Chapel Hill","detail":"Observation only — no NWM forecast at this gauge","severity":-1,"value":"no reading","category":"Gauge offline","url":"https://water.noaa.gov/gauges/CHBN7","time":-62135596800000}},{"type":"Feature","geometry":{"type":"Point","coordinates":[-77.633,36.419]},"properties":{"id":"nwps-CHCN7","layer":"gauge","title":"Chockoyette Creek above Chockoyette Creek at I-95","detail":"Observation only — no NWM forecast at this gauge","severity":0,"value":"2.1 ft","category":"Below flood stage","url":"https://water.noaa.gov/gauges/CHCN7","time":1788137400000}},{"type":"Feature","geometry":{"type":"Point","coordinates":[-83.938888888889,35.447777777778]},"properties":{"id":"nwps-CHEN7","layer":"gauge","title":"Little Tennessee River at Cheoah Dam","detail":"Observation only — no NWM forecast at this gauge","severity":0,"value":"1151.1 ft","category":"Below flood stage","url":"https://water.noaa.gov/gauges/CHEN7","time":1788134400000}},{"type":"Feature","geometry":{"type":"Point","coordinates":[-77.832222222222,34.828888888889]},"properties":{"id":"nwps-CHIN7","layer":"gauge","title":"N.E. Cape Fear River near Chinquapin","detail":"Observation only — no NWM forecast at this gauge","severity":0,"value":"2.6 ft","category":"Below flood stage","url":"https://water.noaa.gov/gauges/CHIN7","time":1788136200000}},{"type":"Feature","geometry":{"type":"Point","coordinates":[-79.049,35.9419]},"properties":{"id":"nwps-CHUN7","layer":"gauge","title":"Booker Creek at SR 1751 near Chapel Hill","detail":"Observation only — no NWM forecast at this gauge","severity":0,"value":"3.9 ft","category":"Below flood stage","url":"https://water.noaa.gov/gauges/CHUN7","time":1788134400000}},{"type":"Feature","geometry":{"type":"Point","coordinates":[-80.751944444444,35.414166666667]},"properties":{"id":"nwps-CKCN7","layer":"gauge","title":"Clarke Creek NC near HARRISBURG","detail":"Observation only — no NWM forecast at this gauge","severity":0,"value":"3.8 ft","category":"Below flood stage","url":"https://water.noaa.gov/gauges/CKCN7","time":1788135600000}},{"type":"Feature","geometry":{"type":"Point","coordinates":[-78.7778,35.7248]},"properties":{"id":"nwps-CKPN7","layer":"gauge","title":"Swift Creek Upstream of Kildaire Farm Rd","detail":"Observation only — no NWM forecast at this gauge","severity":0,"value":"1.1 ft","category":"Below flood stage","url":"https://water.noaa.gov/gauges/CKPN7","time":1788137100000}},{"type":"Feature","geometry":{"type":"Point","coordinates":[-80.58,35.208333333333]},"properties":{"id":"nwps-CLCN7","layer":"gauge","title":"Clear Creek (NC) at SR3181","detail":"Observation only — no NWM forecast at this gauge","severity":0,"value":"1.1 ft","category":"Below flood stage","url":"https://water.noaa.gov/gauges/CLCN7","time":1788136800000}},{"type":"Feature","geometry":{"type":"Point","coordinates":[-81.560555555556,36.457777777778]},"properties":{"id":"nwps-CLFN7","layer":"gauge","title":"North Fork New River at Clifton","detail":"Observation only — no NWM forecast at this gauge","severity":0,"value":"1.1 ft","category":"Below flood stage","url":"https://water.noaa.gov/gauges/CLFN7","time":1788136500000}},{"type":"Feature","geometry":{"type":"Point","coordinates":[-75.72728,36.01783]},"properties":{"id":"nwps-CLGN7","layer":"gauge","title":"Albemarle Sound at Colington Harbor (in MLLW)","detail":"Observation only — no NWM forecast at this gauge","severity":0,"value":"0.3 ft","category":"Below flood stage","url":"https://water.noaa.gov/gauges/CLGN7","time":1788137400000}},{"type":"Feature","geometry":{"type":"Point","coordinates":[-78.4061111111111,35.6472222222222]},"properties":{"id":"nwps-CLYN7","layer":"gauge","title":"Neuse River near Clayton","detail":"Forecast 1.4 ft, Below flood stage","severity":0,"value":"1.2 ft","category":"Below flood stage","url":"https://water.noaa.gov/gauges/CLYN7","time":1788135300000}},{"type":"Feature","geometry":{"type":"Point","coordinates":[-77.9655,35.701]},"properties":{"id":"nwps-CNWN7","layer":"gauge","title":"Contentnea Creek at US 301","detail":"Observation only — no NWM forecast at this gauge","severity":0,"value":"4.5 ft","category":"Below flood stage","url":"https://water.noaa.gov/gauges/CNWN7","time":1788136500000}},{"type":"Feature","geometry":{"type":"Point","coordinates":[-76.742,35.859]},"properties":{"id":"nwps-COBN7","layer":"gauge","title":"Conaby Creek at Plymouth","detail":"Observation only — no NWM forecast at this gauge","severity":-1,"value":"no reading","category":"Gauge offline","url":"https://water.noaa.gov/gauges/COBN7","time":-62135596800000}},{"type":"Feature","geometry":{"type":"Point","coordinates":[-80.736388888889,35.503888888889]},"properties":{"id":"nwps-CODN7","layer":"gauge","title":"Coddle Creek at SR 1612 NR DAVIDSON","detail":"Observation only — no NWM forecast at this gauge","severity":0,"value":"2.0 ft","category":"Below flood stage","url":"https://water.noaa.gov/gauges/CODN7","time":1788134400000}},{"type":"Feature","geometry":{"type":"Point","coordinates":[-80.926944,35.145833]},"properties":{"id":"nwps-COFN7","layer":"gauge","title":"Coffee Creek at S Tryon St (NC 49), 3 ENE Steele Creek","detail":"Observation only — no NWM forecast at this gauge","severity":0,"value":"2.1 ft","category":"Below flood stage","url":"https://water.noaa.gov/gauges/COFN7","time":1788137100000}},{"type":"Feature","geometry":{"type":"Point","coordinates":[-76.254444444444,35.9175]},"properties":{"id":"nwps-COLN7","layer":"gauge","title":"Scuppernong River at Columbia (in MLLW)","detail":"Observation only — no NWM forecast at this gauge","severity":-1,"value":"-0.4 ft","category":"Gauge offline","url":"https://water.noaa.gov/gauges/COLN7","time":1785679500000}},{"type":"Feature","geometry":{"type":"Point","coordinates":[-82.111666666667,35.423333333333]},"properties":{"id":"nwps-COVN7","layer":"gauge","title":"Cove Creek at Highway 64","detail":"Observation only — no NWM forecast at this gauge","severity":0,"value":"1.9 ft","category":"Below flood stage","url":"https://water.noaa.gov/gauges/COVN7","time":1788136200000}},{"type":"Feature","geometry":{"type":"Point","coordinates":[-76.409722222222,36.548055555556]},"properties":{"id":"nwps-CPDN7","layer":"gauge","title":"Harvester Canal at Western on Pocosin Lakes NWR","detail":"Observation only — no NWM forecast at this gauge","severity":-1,"value":"no reading","category":"Gauge offline","url":"https://water.noaa.gov/gauges/CPDN7","time":-62135596800000}},{"type":"Feature","geometry":{"type":"Point","coordinates":[-78.77405,35.78512]},"properties":{"id":"nwps-CPEN7","layer":"gauge","title":"Walnut Creek (NC) at East Park St in Cary","detail":"Observation only — no NWM forecast at this gauge","severity":0,"value":"0.6 ft","category":"Below flood stage","url":"https://water.noaa.gov/gauges/CPEN7","time":1788137400000}},{"type":"Feature","geometry":{"type":"Point","coordinates":[-78.293611111111,34.404444444444]},"properties":{"id":"nwps-CPFN7","layer":"gauge","title":"Cape Fear River at Lock 1","detail":"Forecast 15.6 ft, Below flood stage","severity":0,"value":"15.7 ft","category":"Below flood stage","url":"https://water.noaa.gov/gauges/CPFN7","time":1788133500000}},{"type":"Feature","geometry":{"type":"Point","coordinates":[-78.795993,35.756072]},"properties":{"id":"nwps-CPYN7","layer":"gauge","title":"Swift Creek Upstream of SW Cary Pkwy","detail":"Observation only — no NWM forecast at this gauge","severity":0,"value":"0.1 ft","category":"Below flood stage","url":"https://water.noaa.gov/gauges/CPYN7","time":1788137100000}},{"type":"Feature","geometry":{"type":"Point","coordinates":[-78.611944444444,35.811111111111]},"properties":{"id":"nwps-CRBN7","layer":"gauge","title":"Crabtree Creek at Capitol Blvd (US Rt 1)","detail":"Observation only — no NWM forecast at this gauge","severity":0,"value":"-0.1 ft","category":"Below flood stage","url":"https://water.noaa.gov/gauges/CRBN7","time":1788136800000}},{"type":"Feature","geometry":{"type":"Point","coordinates":[-78.686388888889,36.0225]},"properties":{"id":"nwps-CRDN7","layer":"gauge","title":"Beaverdam Creek (NC) near Creedmore","detail":"Observation only — no NWM forecast at this gauge","severity":0,"value":"248.9 ft","category":"Below flood stage","url":"https://water.noaa.gov/gauges/CRDN7","time":1788136800000}},{"type":"Feature","geometry":{"type":"Point","coordinates":[-80.8975,35.361388888889]},"properties":{"id":"nwps-CRFN7","layer":"gauge","title":"Gar Creek at SR 2074 NR CROFT #6531","detail":"Observation only — no NWM forecast at this gauge","severity":0,"value":"1.0 ft","category":"Below flood stage","url":"https://water.noaa.gov/gauges/CRFN7","time":1788137100000}},{"type":"Feature","geometry":{"type":"Point","coordinates":[-82.032933,35.707513]},"properties":{"id":"nwps-CRMN7","layer":"gauge","title":"Catawba River at N Main St (US 221 Business) 2 NW Marion","detail":"Observation only — no NWM forecast at this gauge","severity":0,"value":"12.1 ft","category":"Below flood stage","url":"https://water.noaa.gov/gauges/CRMN7","time":1788137100000}},{"type":"Feature","geometry":{"type":"Point","coordinates":[-82.319444444444,35.873888888889]},"properties":{"id":"nwps-CRVN7","layer":"gauge","title":"Cane River (NC) near Burnsville","detail":"Observation only — no NWM forecast at this gauge","severity":-1,"value":"no reading","category":"Gauge offline","url":"https://water.noaa.gov/gauges/CRVN7","time":-62135596800000}},{"type":"Feature","geometry":{"type":"Point","coordinates":[-78.943361,35.87613889]},"properties":{"id":"nwps-CSKN7","layer":"gauge","title":"Crooked Creek at Scott King Road Near Blands","detail":"Observation only — no NWM forecast at this gauge","severity":-1,"value":"1.9 ft","category":"Gauge offline","url":"https://water.noaa.gov/gauges/CSKN7","time":1788136200000}},{"type":"Feature","geometry":{"type":"Point","coordinates":[-81.682222222222,35.493055555556]},"properties":{"id":"nwps-CSRN7","layer":"gauge","title":"First Broad River near Casar","detail":"Observation only — no NWM forecast at this gauge","severity":0,"value":"0.6 ft","category":"Below flood stage","url":"https://water.noaa.gov/gauges/CSRN7","time":1788136200000}},{"type":"Feature","geometry":{"type":"Point","coordinates":[-77.9088,35.6684]},"properties":{"id":"nwps-CTBN7","layer":"gauge","title":"Contentnea Creek near Black Creek","detail":"Observation only — no NWM forecast at this gauge","severity":0,"value":"6.9 ft","category":"Below flood stage","url":"https://water.noaa.gov/gauges/CTBN7","time":1788137100000}},{"type":"Feature","geometry":{"type":"Point","coordinates":[-83.261388888889,35.577777777778]},"properties":{"id":"nwps-CTFN7","layer":"gauge","title":"Raven Fork Creek at EBCI Trout Farm","detail":"Observation only — no NWM forecast at this gauge","severity":-1,"value":"no reading","category":"Gauge offline","url":"https://water.noaa.gov/gauges/CTFN7","time":-62135596800000}},{"type":"Feature","geometry":{"type":"Point","coordinates":[-76.314444444444,35.018333333333]},"properties":{"id":"nwps-CTIN7","layer":"gauge","title":"Pamlico Sound at Cedar Island (in MLLW)","detail":"Observation only — no NWM forecast at this gauge","severity":0,"value":"0.4 ft","category":"Below flood stage","url":"https://water.noaa.gov/gauges/CTIN7","time":1788135840000}},{"type":"Feature","geometry":{"type":"Point","coordinates":[-82.848056,35.521944]},"properties":{"id":"nwps-CTPN7","layer":"gauge","title":"Pigeon River above Old River Rd (NC 215), 1 SW Canton","detail":"Forecast 1.5 ft, Below flood stage","severity":0,"value":"1.4 ft","category":"Below flood stage","url":"https://water.noaa.gov/gauges/CTPN7","time":1788137100000}},{"type":"Feature","geometry":{"type":"Point","coordinates":[-83.181388888889,35.288611111111]},"properties":{"id":"nwps-CUCN7","layer":"gauge","title":"Cullowhee Creek near Cullowhee","detail":"Observation only — no NWM forecast at this gauge","severity":-1,"value":"no reading","category":"Gauge offline","url":"https://water.noaa.gov/gauges/CUCN7","time":-62135596800000}},{"type":"Feature","geometry":{"type":"Point","coordinates":[-83.294166666667,35.141944444444]},"properties":{"id":"nwps-CUSN7","layer":"gauge","title":"Cullasaja River at Peaceful Cove Rd (above Cullasaja River RV Park), 6 SE Franklin","detail":"Observation only — no NWM forecast at this gauge","severity":0,"value":"2.1 ft","category":"Below flood stage","url":"https://water.noaa.gov/gauges/CUSN7","time":1788136800000}},{"type":"Feature","geometry":{"type":"Point","coordinates":[-75.69988,36.00924]},"properties":{"id":"nwps-CUTN7","layer":"gauge","title":"Colington Creek at Colington Cut","detail":"Observation only — no NWM forecast at this gauge","severity":0,"value":"0.0 ft","category":"Below flood stage","url":"https://water.noaa.gov/gauges/CUTN7","time":1788137400000}},{"type":"Feature","geometry":{"type":"Point","coordinates":[-80.958333,35.434722]},"properties":{"id":"nwps-CWAN7","layer":"gauge","title":"Catawba River at Lake Norman/Cowans Ford Dam","detail":"Observation only — no NWM forecast at this gauge","severity":0,"value":"97.2 ft","category":"Below flood stage","url":"https://water.noaa.gov/gauges/CWAN7","time":1788130800000}},{"type":"Feature","geometry":{"type":"Point","coordinates":[-77.0625,35.4448]},"properties":{"id":"nwps-CWIN7","layer":"gauge","title":"Chocowinity Creek near Chocowinity","detail":"Observation only — no NWM forecast at this gauge","severity":-1,"value":"no reading","category":"Gauge offline","url":"https://water.noaa.gov/gauges/CWIN7","time":-62135596800000}},{"type":"Feature","geometry":{"type":"Point","coordinates":[-82.9,35.463888888889]},"properties":{"id":"nwps-CWPN7","layer":"gauge","title":"West Fork Pigeon River near Bethel","detail":"Observation only — no NWM forecast at this gauge","severity":0,"value":"0.2 ft","category":"Below flood stage","url":"https://water.noaa.gov/gauges/CWPN7","time":1788137100000}},{"type":"Feature","geometry":{"type":"Point","coordinates":[-80.431388888889,36.298888888889]},"properties":{"id":"nwps-DALN7","layer":"gauge","title":"Little Yadkin River near Dalton","detail":"Observation only — no NWM forecast at this gauge","severity":0,"value":"0.3 ft","category":"Below flood stage","url":"https://water.noaa.gov/gauges/DALN7","time":1788135300000}},{"type":"Feature","geometry":{"type":"Point","coordinates":[-82.705833333333,35.273055555556]},"properties":{"id":"nwps-DAVN7","layer":"gauge","title":"Davidson River near hwy 276 near Pisgah Forest","detail":"Observation only — no NWM forecast at this gauge","severity":0,"value":"0.6 ft","category":"Below flood stage","url":"https://water.noaa.gov/gauges/DAVN7","time":1788136200000}},{"type":"Feature","geometry":{"type":"Point","coordinates":[-83.438055555556,35.456944444444]},"properties":{"id":"nwps-DCSN7","layer":"gauge","title":"Deep Creek (NC) at Deep Creek road near Bryson City","detail":"Observation only — no NWM forecast at this gauge","severity":0,"value":"2.4 ft","category":"Below flood stage","url":"https://water.noaa.gov/gauges/DCSN7","time":1788136800000}},{"type":"Feature","geometry":{"type":"Point","coordinates":[-79.7627,36.4849]},"properties":{"id":"nwps-DEDN7","layer":"gauge","title":"Dan River above Dan River at Old St. Hwy 87 in Eden","detail":"Observation only — no NWM forecast at this gauge","severity":-1,"value":"no reading","category":"Gauge offline","url":"https://water.noaa.gov/gauges/DEDN7","time":-62135596800000}},{"type":"Feature","geometry":{"type":"Point","coordinates":[-83.291666666667,35.384444444444]},"properties":{"id":"nwps-DILN7","layer":"gauge","title":"Tuckasegee River at Barkers creek nr Dillsboro","detail":"Observation only — no NWM forecast at this gauge","severity":0,"value":"3.5 ft","category":"Below flood stage","url":"https://water.noaa.gov/gauges/DILN7","time":1788135300000}},{"type":"Feature","geometry":{"type":"Point","coordinates":[-75.7555,36.1652]},"properties":{"id":"nwps-DKBN7","layer":"gauge","title":"Currituck Sound at Duck Town Boardwalk (in MLLW)","detail":"Observation only — no NWM forecast at this gauge","severity":0,"value":"0.6 ft","category":"Below flood stage","url":"https://water.noaa.gov/gauges/DKBN7","time":1788136800000}},{"type":"Feature","geometry":{"type":"Point","coordinates":[-78.6426,35.7939]},"properties":{"id":"nwps-DRCN7","layer":"gauge","title":"Pigeon House Creek at Dortch St at Raleigh","detail":"Observation only — no NWM forecast at this gauge","severity":-1,"value":"no reading","category":"Gauge offline","url":"https://water.noaa.gov/gauges/DRCN7","time":-62135596800000}},{"type":"Feature","geometry":{"type":"Point","coordinates":[-75.75,36.183333333333]},"properties":{"id":"nwps-DUKN7","layer":"gauge","title":"Atlantic Coast at Duck (in MLLW)","detail":"Forecast 4.5 ft, Below flood stage","severity":0,"value":"3.6 ft","category":"Below flood stage","url":"https://water.noaa.gov/gauges/DUKN7","time":1788136560000}},{"type":"Feature","geometry":{"type":"Point","coordinates":[-78.724722222222,35.845277777778]},"properties":{"id":"nwps-EBNN7","layer":"gauge","title":"Crabtree Creek at Ebenezer Church Rd","detail":"Observation only — no NWM forecast at this gauge","severity":0,"value":"3.6 ft","category":"Below flood stage","url":"https://water.noaa.gov/gauges/EBNN7","time":1788136800000}},{"type":"Feature","geometry":{"type":"Point","coordinates":[-80.772222222222,35.203333333333]},"properties":{"id":"nwps-EBSN7","layer":"gauge","title":"Edwards Branch at Sheffield drive","detail":"Observation only — no NWM forecast at this gauge","severity":0,"value":"0.7 ft","category":"Below flood stage","url":"https://water.noaa.gov/gauges/EBSN7","time":1788137100000}},{"type":"Feature","geometry":{"type":"Point","coordinates":[-78.89472222222223,36.019444444444446]},"properties":{"id":"nwps-ECRN7","layer":"gauge","title":"Ellerbe Creek (NC) at Club Blvd in Durham","detail":"Observation only — no NWM forecast at this gauge","severity":-1,"value":"no reading","category":"Gauge offline","url":"https://water.noaa.gov/gauges/ECRN7","time":-62135596800000}},{"type":"Feature","geometry":{"type":"Point","coordinates":[-79.765555555556,36.525555555556]},"properties":{"id":"nwps-EDSN7","layer":"gauge","title":"Smith River at Eden","detail":"Observation only — no NWM forecast at this gauge","severity":-1,"value":"no reading","category":"Gauge offline","url":"https://water.noaa.gov/gauges/EDSN7","time":-62135596800000}},{"type":"Feature","geometry":{"type":"Point","coordinates":[-77.693055555556,36.150833333333]},"properties":{"id":"nwps-EFDN7","layer":"gauge","title":"Fishing Creek near Enfield","detail":"Forecast 2.4 ft, Below flood stage","severity":0,"value":"2.4 ft","category":"Below flood stage","url":"https://water.noaa.gov/gauges/EFDN7","time":1788134400000}},{"type":"Feature","geometry":{"type":"Point","coordinates":[-82.787222222222,35.131111111111]},"properties":{"id":"nwps-EFFN7","layer":"gauge","title":"East Fork French Broad River below Rosman","detail":"Observation only — no NWM forecast at this gauge","severity":-1,"value":"2.3 ft","category":"Gauge offline","url":"https://water.noaa.gov/gauges/EFFN7","time":1788136500000}},{"type":"Feature","geometry":{"type":"Point","coordinates":[-83.006111111111,35.213333333333]},"properties":{"id":"nwps-EFKN7","layer":"gauge","title":"Tanasee Creek at EAST FORK DAM ","detail":"Observation only — no NWM forecast at this gauge","severity":0,"value":"84.8 ft","category":"Below flood stage","url":"https://water.noaa.gov/gauges/EFKN7","time":1788130800000}},{"type":"Feature","geometry":{"type":"Point","coordinates":[-82.3994,35.23358]},"properties":{"id":"nwps-EFLN7","layer":"gauge","title":"Green River (NC) at Lake Summit Dam","detail":"Observation only — no NWM forecast at this gauge","severity":0,"value":"100.4 ft","category":"Below flood stage","url":"https://water.noaa.gov/gauges/EFLN7","time":1788136440000}},{"type":"Feature","geometry":{"type":"Point","coordinates":[-75.9969,35.5089]},"properties":{"id":"nwps-EGHN7","layer":"gauge","title":"Far Creek at Engelhard (in MLLW)","detail":"Observation only — no NWM forecast at this gauge","severity":0,"value":"1.3 ft","category":"Below flood stage","url":"https://water.noaa.gov/gauges/EGHN7","time":1788136200000}},{"type":"Feature","geometry":{"type":"Point","coordinates":[-81.7743,36.0014]},"properties":{"id":"nwps-EGMN7","layer":"gauge","title":"Wilson Creek (NC) near Edgemont","detail":"Observation only — no NWM forecast at this gauge","severity":-1,"value":"no reading","category":"Gauge offline","url":"https://water.noaa.gov/gauges/EGMN7","time":-62135596800000}},{"type":"Feature","geometry":{"type":"Point","coordinates":[-77.0066,34.6711]},"properties":{"id":"nwps-EILN7","layer":"gauge","title":"Bogue Sound at Emerald Isle NCWRC Boat Ramp","detail":"Observation only — no NWM forecast at this gauge","severity":-1,"value":"no reading","category":"Gauge offline","url":"https://water.noaa.gov/gauges/EILN7","time":-62135596800000}},{"type":"Feature","geometry":{"type":"Point","coordinates":[-81.403056,36.071389]},"properties":{"id":"nwps-EKVN7","layer":"gauge","title":"Elk Creek (NC) at Elkville","detail":"Observation only — no NWM forecast at this gauge","severity":0,"value":"0.9 ft","category":"Below flood stage","url":"https://water.noaa.gov/gauges/EKVN7","time":1788133500000}},{"type":"Feature","geometry":{"type":"Point","coordinates":[-80.849166666667,36.240555555556]},"properties":{"id":"nwps-ELKN7","layer":"gauge","title":"Yadkin River at Elkin","detail":"Forecast 1.3 ft, Below flood stage","severity":0,"value":"1.4 ft","category":"Below flood stage","url":"https://water.noaa.gov/gauges/ELKN7","time":1788134400000}},{"type":"Feature","geometry":{"type":"Point","coordinates":[-81.236944444444,35.945555555556]},"properties":{"id":"nwps-ELLN7","layer":"gauge","title":"Lower Little River near Ellendale","detail":"Observation only — no NWM forecast at this gauge","severity":0,"value":"0.5 ft","category":"Below flood stage","url":"https://water.noaa.gov/gauges/ELLN7","time":1788136200000}},{"type":"Feature","geometry":{"type":"Point","coordinates":[-78.578333333333,34.626666666667]},"properties":{"id":"nwps-ELZN7","layer":"gauge","title":"Cape Fear River at Elizabethtown","detail":"Forecast 11.6 ft, Below flood stage","severity":0,"value":"11.7 ft","category":"Below flood stage","url":"https://water.noaa.gov/gauges/ELZN7","time":1788137100000}},{"type":"Feature","geometry":{"type":"Point","coordinates":[-77.0634,34.6677]},"properties":{"id":"nwps-EMDN7","layer":"gauge","title":"Bogue Sound at Emerald Isle (in MLLW)","detail":"Observation only — no NWM forecast at this gauge","severity":0,"value":"0.3 ft","category":"Below flood stage","url":"https://water.noaa.gov/gauges/EMDN7","time":1788137400000}},{"type":"Feature","geometry":{"type":"Point","coordinates":[-83.370555555556,35.219444444444]},"properties":{"id":"nwps-EMRN7","layer":"gauge","title":"Little Tennessee River at Lake Emory Dam","detail":"Observation only — no NWM forecast at this gauge","severity":0,"value":"99.6 ft","category":"Below flood stage","url":"https://water.noaa.gov/gauges/EMRN7","time":1788136320000}},{"type":"Feature","geometry":{"type":"Point","coordinates":[-76.218611111111,36.298611111111]},"properties":{"id":"nwps-EMWN7","layer":"gauge","title":"Pasquotank River near Mariners Wharf Park at Elizabeth City","detail":"Observation only — no NWM forecast at this gauge","severity":-1,"value":"no reading","category":"Gauge offline","url":"https://water.noaa.gov/gauges/EMWN7","time":-62135596800000}},{"type":"Feature","geometry":{"type":"Point","coordinates":[-80.444166666667,36.131944444444]},"properties":{"id":"nwps-ENNN7","layer":"gauge","title":"Yadkin River at Enon","detail":"Observation only — no NWM forecast at this gauge","severity":0,"value":"2.6 ft","category":"Below flood stage","url":"https://water.noaa.gov/gauges/ENNN7","time":1788134400000}},{"type":"Feature","geometry":{"type":"Point","coordinates":[-78.907777777778,36.072222222222]},"properties":{"id":"nwps-ENON7","layer":"gauge","title":"Eno River at Durham","detail":"Forecast 2.1 ft, Below flood stage","severity":0,"value":"2.1 ft","category":"Below flood stage","url":"https://water.noaa.gov/gauges/ENON7","time":1788136500000}},{"type":"Feature","geometry":{"type":"Point","coordinates":[-76.610555555556,36.056388888889]},"properties":{"id":"nwps-EWPN7","layer":"gauge","title":"Chowan River near Waterfront Park at Edenton","detail":"Observation only — no NWM forecast at this gauge","severity":0,"value":"0.6 ft","category":"Below flood stage","url":"https://water.noaa.gov/gauges/EWPN7","time":1788135900000}},{"type":"Feature","geometry":{"type":"Point","coordinates":[-78.85805,35.04722]},"properties":{"id":"nwps-FAYN7","layer":"gauge","title":"Cape Fear River at Fayetteville","detail":"Forecast 10.6 ft, Below flood stage","severity":0,"value":"10.6 ft","category":"Below flood stage","url":"https://water.noaa.gov/gauges/FAYN7","time":1788134400000}},{"type":"Feature","geometry":{"type":"Point","coordinates":[-79.03833333333333,34.31333333333333]},"properties":{"id":"nwps-FBLN7","layer":"gauge","title":"Lumber River at Fairbluff","detail":"Observation only — no NWM forecast at this gauge","severity":-1,"value":"3.7 ft","category":"Gauge offline","url":"https://water.noaa.gov/gauges/FBLN7","time":1788135900000}},{"type":"Feature","geometry":{"type":"Point","coordinates":[-78.8882,35.0798]},"properties":{"id":"nwps-FCLN7","layer":"gauge","title":"Cross Creek at Langdon St","detail":"Observation only — no NWM forecast at this gauge","severity":0,"value":"2.9 ft","category":"Below flood stage","url":"https://water.noaa.gov/gauges/FCLN7","time":1788137100000}},{"type":"Feature","geometry":{"type":"Point","coordinates":[-82.312222222222,35.637222222222]},"properties":{"id":"nwps-FCMN7","layer":"gauge","title":"Flat Creek (NC) above Flat Creek Rd. 1 SW Montreat","detail":"Observation only — no NWM forecast at this gauge","severity":-1,"value":"no reading","category":"Gauge offline","url":"https://water.noaa.gov/gauges/FCMN7","time":-62135596800000}},{"type":"Feature","geometry":{"type":"Point","coordinates":[-78.167548,36.37613]},"properties":{"id":"nwps-FCWN7","layer":"gauge","title":"Fishing Creek at US-401 Near Warrenton","detail":"Observation only — no NWM forecast at this gauge","severity":-1,"value":"no reading","category":"Gauge offline","url":"https://water.noaa.gov/gauges/FCWN7","time":-62135596800000}},{"type":"Feature","geometry":{"type":"Point","coordinates":[-75.5218,35.2676]},"properties":{"id":"nwps-FESN7","layer":"gauge","title":"Cape Creek at Fessenden Center in Buxton (in MLLW)","detail":"Observation only — no NWM forecast at this gauge","severity":0,"value":"0.6 ft","category":"Below flood stage","url":"https://water.noaa.gov/gauges/FESN7","time":1788136200000}},{"type":"Feature","geometry":{"type":"Point","coordinates":[-82.5525,35.429167]},"properties":{"id":"nwps-FLCN7","layer":"gauge","title":"French Broad River at Old Fanning Bridge Rd, 3 W Fletcher","detail":"Forecast 4.0 ft, Below flood stage","severity":0,"value":"4.0 ft","category":"Below flood stage","url":"https://water.noaa.gov/gauges/FLCN7","time":1788136200000}},{"type":"Feature","geometry":{"type":"Point","coordinates":[-80.8225,35.076944444444]},"properties":{"id":"nwps-FMCN7","layer":"gauge","title":"Fourmile Creek (NC) at Elm Lane","detail":"Observation only — no NWM forecast at this gauge","severity":0,"value":"3.3 ft","category":"Below flood stage","url":"https://water.noaa.gov/gauges/FMCN7","time":1788137100000}},{"type":"Feature","geometry":{"type":"Point","coordinates":[-83.805555555556,35.450555555556]},"properties":{"id":"nwps-FONN7","layer":"gauge","title":"Little Tennessee River at FONTANA DAM TVA","detail":"Forecast 1698.4 ft, Below flood stage","severity":0,"value":"1698.5 ft","category":"Below flood stage","url":"https://water.noaa.gov/gauges/FONN7","time":1788134400000}},{"type":"Feature","geometry":{"type":"Point","coordinates":[-81.745,36.173611111111]},"properties":{"id":"nwps-FOSN7","layer":"gauge","title":"Watauga River near Foscoe","detail":"Observation only — no NWM forecast at this gauge","severity":0,"value":"3.9 ft","category":"Below flood stage","url":"https://water.noaa.gov/gauges/FOSN7","time":1788136500000}},{"type":"Feature","geometry":{"type":"Point","coordinates":[-78.548333333333,34.095]},"properties":{"id":"nwps-FREN7","layer":"gauge","title":"Waccamaw River at Freeland","detail":"Forecast 4.7 ft, Below flood stage","severity":0,"value":"4.5 ft","category":"Below flood stage","url":"https://water.noaa.gov/gauges/FREN7","time":1788136200000}},{"type":"Feature","geometry":{"type":"Point","coordinates":[-75.60133,35.25242]},"properties":{"id":"nwps-FRIN7","layer":"gauge","title":"Pamlico Sound at Frisco (in MLLW)","detail":"Observation only — no NWM forecast at this gauge","severity":0,"value":"0.7 ft","category":"Below flood stage","url":"https://water.noaa.gov/gauges/FRIN7","time":1788137400000}},{"type":"Feature","geometry":{"type":"Point","coordinates":[-77.5747,35.6067]},"properties":{"id":"nwps-FRMN7","layer":"gauge","title":"Little Contentnea Creek at Farmville","detail":"Observation only — no NWM forecast at this gauge","severity":0,"value":"6.2 ft","category":"Below flood stage","url":"https://water.noaa.gov/gauges/FRMN7","time":1788136500000}},{"type":"Feature","geometry":{"type":"Point","coordinates":[-80.303055555556,36.515]},"properties":{"id":"nwps-FRNN7","layer":"gauge","title":"Dan River near Francisco","detail":"Observation only — no NWM forecast at this gauge","severity":0,"value":"1.4 ft","category":"Below flood stage","url":"https://water.noaa.gov/gauges/FRNN7","time":1788136200000}},{"type":"Feature","geometry":{"type":"Point","coordinates":[-77.302777777778,35.313888888889]},"properties":{"id":"nwps-FTBN7","layer":"gauge","title":"Neuse River at Fort Barnwell","detail":"Observation only — no NWM forecast at this gauge","severity":0,"value":"2.6 ft","category":"Below flood stage","url":"https://water.noaa.gov/gauges/FTBN7","time":1788136200000}},{"type":"Feature","geometry":{"type":"Point","coordinates":[-78.859,36.113]},"properties":{"id":"nwps-FTHN7","layer":"gauge","title":"Little River below Tributary at Fairntosh","detail":"Observation only — no NWM forecast at this gauge","severity":0,"value":"2.5 ft","category":"Below flood stage","url":"https://water.noaa.gov/gauges/FTHN7","time":1788133500000}},{"type":"Feature","geometry":{"type":"Point","coordinates":[-75.7088,35.9399]},"properties":{"id":"nwps-FTRN7","layer":"gauge","title":"Roanoke Sound at Fort Raleigh near Manteo","detail":"Observation only — no NWM forecast at this gauge","severity":-1,"value":"0.0 ft","category":"Gauge offline","url":"https://water.noaa.gov/gauges/FTRN7","time":1788137400000}},{"type":"Feature","geometry":{"type":"Point","coordinates":[-77.811944444444,36.501111111111]},"properties":{"id":"nwps-GASN7","layer":"gauge","title":"Roanoke River at Lake Gaston","detail":"Observation only — no NWM forecast at this gauge","severity":-1,"value":"no reading","category":"Gauge offline","url":"https://water.noaa.gov/gauges/GASN7","time":-62135596800000}},{"type":"Feature","geometry":{"type":"Point","coordinates":[-80.946388888889,35.299444444444]},"properties":{"id":"nwps-GBRN7","layer":"gauge","title":"Gum Branch at Gum Branch road","detail":"Observation only — no NWM forecast at this gauge","severity":0,"value":"1.8 ft","category":"Below flood stage","url":"https://water.noaa.gov/gauges/GBRN7","time":1788137100000}},{"type":"Feature","geometry":{"type":"Point","coordinates":[-77.423055555556,35.645277777778]},"properties":{"id":"nwps-GBYN7","layer":"gauge","title":"Tar River at Rock Springs","detail":"Observation only — no NWM forecast at this gauge","severity":0,"value":"3.2 ft","category":"Below flood stage","url":"https://water.noaa.gov/gauges/GBYN7","time":1788135600000}},{"type":"Feature","geometry":{"type":"Point","coordinates":[-80.631388888889,35.130277777778]},"properties":{"id":"nwps-GCKN7","layer":"gauge","title":"Goose Creek at Hwy 1524 nr Indian Trail","detail":"Observation only — no NWM forecast at this gauge","severity":0,"value":"0.3 ft","category":"Below flood stage","url":"https://water.noaa.gov/gauges/GCKN7","time":1788135300000}},{"type":"Feature","geometry":{"type":"Point","coordinates":[-79.61417,36.17306]},"properties":{"id":"nwps-GIBN7","layer":"gauge","title":"Reedy Creek near Gibsonville","detail":"Observation only — no NWM forecast at this gauge","severity":0,"value":"0.3 ft","category":"Below flood stage","url":"https://water.noaa.gov/gauges/GIBN7","time":1788136200000}},{"type":"Feature","geometry":{"type":"Point","coordinates":[-77.9975,35.3375]},"properties":{"id":"nwps-GLDN7","layer":"gauge","title":"Neuse River near Goldsboro","detail":"Forecast 3.0 ft, Below flood stage","severity":0,"value":"2.5 ft","category":"Below flood stage","url":"https://water.noaa.gov/gauges/GLDN7","time":1788135300000}},{"type":"Feature","geometry":{"type":"Point","coordinates":[-78.92028,35.76028]},"properties":{"id":"nwps-GLVN7","layer":"gauge","title":"White Oak Creek at Green Level","detail":"Observation only — no NWM forecast at this gauge","severity":0,"value":"2.2 ft","category":"Below flood stage","url":"https://water.noaa.gov/gauges/GLVN7","time":1788133500000}},{"type":"Feature","geometry":{"type":"Point","coordinates":[-78.83277777777778,36.05916666666667]},"properties":{"id":"nwps-GORN7","layer":"gauge","title":"Ellerbe Creek (NC) near Gorman","detail":"Observation only — no NWM forecast at this gauge","severity":0,"value":"1.3 ft","category":"Below flood stage","url":"https://water.noaa.gov/gauges/GORN7","time":1788134400000}},{"type":"Feature","geometry":{"type":"Point","coordinates":[-77.3458,35.6959]},"properties":{"id":"nwps-GRIN7","layer":"gauge","title":"Grindle Creek near Stokes","detail":"Observation only — no NWM forecast at this gauge","severity":-1,"value":"no reading","category":"Gauge offline","url":"https://water.noaa.gov/gauges/GRIN7","time":-62135596800000}},{"type":"Feature","geometry":{"type":"Point","coordinates":[-77.175833333333,35.573888888889]},"properties":{"id":"nwps-GRMN7","layer":"gauge","title":"Tar River at Grimesland","detail":"Observation only — no NWM forecast at this gauge","severity":0,"value":"1.1 ft","category":"Below flood stage","url":"https://water.noaa.gov/gauges/GRMN7","time":1788135600000}},{"type":"Feature","geometry":{"type":"Point","coordinates":[-82.057777777778,35.8825]},"properties":{"id":"nwps-GRSN7","layer":"gauge","title":"Grassy Creek at NC 226 at Grassy Creek","detail":"Observation only — no NWM forecast at this gauge","severity":-1,"value":"1.2 ft","category":"Gauge offline","url":"https://water.noaa.gov/gauges/GRSN7","time":1788136800000}},{"type":"Feature","geometry":{"type":"Point","coordinates":[-77.445956,35.37011]},"properties":{"id":"nwps-GTNN7","layer":"gauge","title":"Contentnea Creek at Grifton","detail":"Observation only — no NWM forecast at this gauge","severity":0,"value":"5.9 ft","category":"Below flood stage","url":"https://water.noaa.gov/gauges/GTNN7","time":1788136200000}},{"type":"Feature","geometry":{"type":"Point","coordinates":[-77.519444444444,34.849166666667]},"properties":{"id":"nwps-GUMN7","layer":"gauge","title":"New River near Gum Branch","detail":"Observation only — no NWM forecast at this gauge","severity":0,"value":"2.4 ft","category":"Below flood stage","url":"https://water.noaa.gov/gauges/GUMN7","time":1788137100000}},{"type":"Feature","geometry":{"type":"Point","coordinates":[-77.3682,35.6005]},"properties":{"id":"nwps-GVLN7","layer":"gauge","title":"Green Mill Run at 14th St in Greenville","detail":"Observation only — no NWM forecast at this gauge","severity":0,"value":"0.7 ft","category":"Below flood stage","url":"https://water.noaa.gov/gauges/GVLN7","time":1788137100000}},{"type":"Feature","geometry":{"type":"Point","coordinates":[-79.366,36.087]},"properties":{"id":"nwps-HAWN7","layer":"gauge","title":"Haw River at Haw River","detail":"Forecast 1.7 ft, Below flood stage","severity":0,"value":"1.7 ft","category":"Below flood stage","url":"https://water.noaa.gov/gauges/HAWN7","time":1788133500000}},{"type":"Feature","geometry":{"type":"Point","coordinates":[-76.5917,35.2449]},"properties":{"id":"nwps-HBKN7","layer":"gauge","title":"Pamlico Sound near Hobucken (in MLLW)","detail":"Observation only — no NWM forecast at this gauge","severity":0,"value":"0.6 ft","category":"Below flood stage","url":"https://water.noaa.gov/gauges/HBKN7","time":1788136560000}},{"type":"Feature","geometry":{"type":"Point","coordinates":[-78.978055555556,36.059166666667]},"properties":{"id":"nwps-HBSN7","layer":"gauge","title":"Eno River near Huckleberry Springs","detail":"Observation only — no NWM forecast at this gauge","severity":0,"value":"1.9 ft","category":"Below flood stage","url":"https://water.noaa.gov/gauges/HBSN7","time":1788136500000}},{"type":"Feature","geometry":{"type":"Point","coordinates":[-75.703055555556,35.208055555556]},"properties":{"id":"nwps-HCGN7","layer":"gauge","title":"Pamlico Sound at Coast Guard Hatteras (in MLLW)","detail":"Forecast 1.1 ft, Below flood stage","severity":0,"value":"0.7 ft","category":"Below flood stage","url":"https://water.noaa.gov/gauges/HCGN7","time":1788136560000}},{"type":"Feature","geometry":{"type":"Point","coordinates":[-79.7722,34.9487]},"properties":{"id":"nwps-HCRN7","layer":"gauge","title":"Hitchcock Creek at Steele St","detail":"Observation only — no NWM forecast at this gauge","severity":0,"value":"0.3 ft","category":"Below flood stage","url":"https://water.noaa.gov/gauges/HCRN7","time":1788136500000}},{"type":"Feature","geometry":{"type":"Point","coordinates":[-82.990278,35.635278]},"properties":{"id":"nwps-HEPN7","layer":"gauge","title":"Pigeon River below Jonathans Ck, 4 NW Crabtree","detail":"Observation only — no NWM forecast at this gauge","severity":0,"value":"2.1 ft","category":"Below flood stage","url":"https://water.noaa.gov/gauges/HEPN7","time":1788136200000}},{"type":"Feature","geometry":{"type":"Point","coordinates":[-83.652222222222,35.305]},"properties":{"id":"nwps-HEWN7","layer":"gauge","title":"Nantahala River near Hewitt","detail":"Observation only — no NWM forecast at this gauge","severity":0,"value":"1.4 ft","category":"Below flood stage","url":"https://water.noaa.gov/gauges/HEWN7","time":1788135300000}},{"type":"Feature","geometry":{"type":"Point","coordinates":[-76.4658,36.1839]},"properties":{"id":"nwps-HFDN7","layer":"gauge","title":"Perquimans River at Raccoon Creek at Church St Near Hertford","detail":"Observation only — no NWM forecast at this gauge","severity":-1,"value":"0.2 ft","category":"Gauge offline","url":"https://water.noaa.gov/gauges/HFDN7","time":1788137400000}},{"type":"Feature","geometry":{"type":"Point","coordinates":[-77.58028,36.33111]},"properties":{"id":"nwps-HFXN7","layer":"gauge","title":"Roanoke River at Halifax","detail":"Observation only — no NWM forecast at this gauge","severity":0,"value":"17.7 ft","category":"Below flood stage","url":"https://water.noaa.gov/gauges/HFXN7","time":1788135300000}},{"type":"Feature","geometry":{"type":"Point","coordinates":[-80.235,35.60055555555557]},"properties":{"id":"nwps-HGRN7","layer":"gauge","title":"Yadkin River at High Rock Lake","detail":"Observation only — no NWM forecast at this gauge","severity":0,"value":"653.0 ft","category":"Below flood stage","url":"https://water.noaa.gov/gauges/HGRN7","time":1788134400000}},{"type":"Feature","geometry":{"type":"Point","coordinates":[-79.945555555556,36.037222222222]},"properties":{"id":"nwps-HIPN7","layer":"gauge","title":"East Fork of Deep River near High Point","detail":"Observation only — no NWM forecast at this gauge","severity":0,"value":"2.0 ft","category":"Below flood stage","url":"https://water.noaa.gov/gauges/HIPN7","time":1788136200000}},{"type":"Feature","geometry":{"type":"Point","coordinates":[-84.178608,35.150797]},"properties":{"id":"nwps-HIWN7","layer":"gauge","title":"Hiwassee River above Hiwassee Dam","detail":"Forecast 1511.9 ft, steady","severity":-1,"value":"1511.6 ft","category":"Gauge offline","url":"https://water.noaa.gov/gauges/HIWN7","time":1788134400000}},{"type":"Feature","geometry":{"type":"Point","coordinates":[-78.2694,33.9159]},"properties":{"id":"nwps-HLHN7","layer":"gauge","title":"Intracoastal Waterway at Holden Beach","detail":"Observation only — no NWM forecast at this gauge","severity":-1,"value":"1.6 ft","category":"Gauge offline","url":"https://water.noaa.gov/gauges/HLHN7","time":1788137400000}},{"type":"Feature","geometry":{"type":"Point","coordinates":[-76.923,34.891]},"properties":{"id":"nwps-HLKN7","layer":"gauge","title":"Slocum Creek at Havelock (in MLLW)","detail":"Observation only — no NWM forecast at this gauge","severity":-1,"value":"0.3 ft","category":"Gauge offline","url":"https://water.noaa.gov/gauges/HLKN7","time":1788136800000}},{"type":"Feature","geometry":{"type":"Point","coordinates":[-79.096944444444,36.071666666667]},"properties":{"id":"nwps-HLSN7","layer":"gauge","title":"Eno River at Hillsborough","detail":"Observation only — no NWM forecast at this gauge","severity":0,"value":"1.5 ft","category":"Below flood stage","url":"https://water.noaa.gov/gauges/HLSN7","time":1788137100000}},{"type":"Feature","geometry":{"type":"Point","coordinates":[-77.1433,34.6696]},"properties":{"id":"nwps-HMKN7","layer":"gauge","title":"Intracoastal Waterway at Hammocks Beach State Park","detail":"Observation only — no NWM forecast at this gauge","severity":-1,"value":"0.4 ft","category":"Gauge offline","url":"https://water.noaa.gov/gauges/HMKN7","time":1788137400000}},{"type":"Feature","geometry":{"type":"Point","coordinates":[-77.2025,35.9475]},"properties":{"id":"nwps-HMLN7","layer":"gauge","title":"Roanoke River at Hamilton","detail":"Observation only — no NWM forecast at this gauge","severity":0,"value":"3.2 ft","category":"Below flood stage","url":"https://water.noaa.gov/gauges/HMLN7","time":1788136200000}},{"type":"Feature","geometry":{"type":"Point","coordinates":[-81.403333333333,35.684444444444]},"properties":{"id":"nwps-HNRN7","layer":"gauge","title":"South Fork Catawba River near HENRY FORK","detail":"Observation only — no NWM forecast at this gauge","severity":0,"value":"1.2 ft","category":"Below flood stage","url":"https://water.noaa.gov/gauges/HNRN7","time":1788136200000}},{"type":"Feature","geometry":{"type":"Point","coordinates":[-81.678973,35.73941]},"properties":{"id":"nwps-HNTN7","layer":"gauge","title":"Hunting Creek at Morganton","detail":"Observation only — no NWM forecast at this gauge","severity":0,"value":"1.8 ft","category":"Below flood stage","url":"https://water.noaa.gov/gauges/HNTN7","time":1788136500000}},{"type":"Feature","geometry":{"type":"Point","coordinates":[-79.494166666667,35.060555555556]},"properties":{"id":"nwps-HOFN7","layer":"gauge","title":"Drowning Creek at Hoffman","detail":"Observation only — no NWM forecast at this gauge","severity":0,"value":"1.8 ft","category":"Below flood stage","url":"https://water.noaa.gov/gauges/HOFN7","time":1788134400000}},{"type":"Feature","geometry":{"type":"Point","coordinates":[-77.5825,35.428888888889]},"properties":{"id":"nwps-HOKN7","layer":"gauge","title":"Contentnea Creek at Hookerton","detail":"Observation only — no NWM forecast at this gauge","severity":0,"value":"5.2 ft","category":"Below flood stage","url":"https://water.noaa.gov/gauges/HOKN7","time":1788134400000}},{"type":"Feature","geometry":{"type":"Point","coordinates":[-79.86,36.13778]},"properties":{"id":"nwps-HPNN7","layer":"gauge","title":"Horsepen Creek at US-220 Near Greensboro","detail":"Observation only — no NWM forecast at this gauge","severity":0,"value":"1.4 ft","category":"Below flood stage","url":"https://water.noaa.gov/gauges/HPNN7","time":1788137100000}},{"type":"Feature","geometry":{"type":"Point","coordinates":[-79.060833333333,35.632222222222]},"properties":{"id":"nwps-HRMN7","layer":"gauge","title":"Haw River near Moncure","detail":"Observation only — no NWM forecast at this gauge","severity":0,"value":"2.3 ft","category":"Below flood stage","url":"https://water.noaa.gov/gauges/HRMN7","time":1788137100000}},{"type":"Feature","geometry":{"type":"Point","coordinates":[-82.821,35.889717]},"properties":{"id":"nwps-HSPN7","layer":"gauge","title":"French Broad River above Silver Mine Ck, in Hot Springs","detail":"Observation only — no NWM forecast at this gauge","severity":0,"value":"2.7 ft","category":"Below flood stage","url":"https://water.noaa.gov/gauges/HSPN7","time":1788135300000}},{"type":"Feature","geometry":{"type":"Point","coordinates":[-77.9201,35.7198]},"properties":{"id":"nwps-HSWN7","layer":"gauge","title":"Hominy Swamp at Wilson","detail":"Observation only — no NWM forecast at this gauge","severity":0,"value":"3.4 ft","category":"Below flood stage","url":"https://water.noaa.gov/gauges/HSWN7","time":1788135900000}},{"type":"Feature","geometry":{"type":"Point","coordinates":[-76.4663,36.1941]},"properties":{"id":"nwps-HTFN7","layer":"gauge","title":"Perquimans River at Hertford","detail":"Observation only — no NWM forecast at this gauge","severity":-1,"value":"no reading","category":"Gauge offline","url":"https://water.noaa.gov/gauges/HTFN7","time":-62135596800000}},{"type":"Feature","geometry":{"type":"Point","coordinates":[-80.745555555556,36.000555555556]},"properties":{"id":"nwps-HUNN7","layer":"gauge","title":"Hunting Creek below E Houstonville Rd. 3 NNE Harmony","detail":"Observation only — no NWM forecast at this gauge","severity":0,"value":"0.3 ft","category":"Below flood stage","url":"https://water.noaa.gov/gauges/HUNN7","time":1788136200000}},{"type":"Feature","geometry":{"type":"Point","coordinates":[-79.426323,36.136069]},"properties":{"id":"nwps-HWBN7","layer":"gauge","title":"Haw River at NC-62","detail":"Observation only — no NWM forecast at this gauge","severity":0,"value":"1.6 ft","category":"Below flood stage","url":"https://water.noaa.gov/gauges/HWBN7","time":1788138300000}},{"type":"Feature","geometry":{"type":"Point","coordinates":[-83.81608,35.05544]},"properties":{"id":"nwps-HYVN7","layer":"gauge","title":"Hiwassee River at Hayesville","detail":"Observation only — no NWM forecast at this gauge","severity":-1,"value":"7.7 ft","category":"Gauge offline","url":"https://water.noaa.gov/gauges/HYVN7","time":1788137400000}},{"type":"Feature","geometry":{"type":"Point","coordinates":[-80.540833333333,35.321666666667]},"properties":{"id":"nwps-IBFN7","layer":"gauge","title":"Rocky River NC near ROCKY RIVER/ ABV IRISH BUFFALO CK","detail":"Observation only — no NWM forecast at this gauge","severity":0,"value":"1.5 ft","category":"Below flood stage","url":"https://water.noaa.gov/gauges/IBFN7","time":1788135300000}},{"type":"Feature","geometry":{"type":"Point","coordinates":[-80.800833333333,35.210833333333]},"properties":{"id":"nwps-IBRN7","layer":"gauge","title":"Briar Creek at Independence Blvd","detail":"Observation only — no NWM forecast at this gauge","severity":0,"value":"0.8 ft","category":"Below flood stage","url":"https://water.noaa.gov/gauges/IBRN7","time":1788138000000}},{"type":"Feature","geometry":{"type":"Point","coordinates":[-80.602777777778,35.125]},"properties":{"id":"nwps-INDN7","layer":"gauge","title":"Goose Creek at SR1525 nr Indian Trail","detail":"Observation only — no NWM forecast at this gauge","severity":0,"value":"1.1 ft","category":"Below flood stage","url":"https://water.noaa.gov/gauges/INDN7","time":1788136200000}},{"type":"Feature","geometry":{"type":"Point","coordinates":[-82.993055555556,35.200555555556]},"properties":{"id":"nwps-IRBN7","layer":"gauge","title":"Tuckasegee River at Rock Bridge","detail":"Observation only — no NWM forecast at this gauge","severity":-1,"value":"no reading","category":"Gauge offline","url":"https://water.noaa.gov/gauges/IRBN7","time":-62135596800000}},{"type":"Feature","geometry":{"type":"Point","coordinates":[-83.063055555556,35.186666666667]},"properties":{"id":"nwps-IRCN7","layer":"gauge","title":"Robinson Creek (NC) at Great Falls Dr","detail":"Observation only — no NWM forecast at this gauge","severity":-1,"value":"no reading","category":"Gauge offline","url":"https://water.noaa.gov/gauges/IRCN7","time":-62135596800000}},{"type":"Feature","geometry":{"type":"Point","coordinates":[-80.836944444444,35.261944444444]},"properties":{"id":"nwps-IRSN7","layer":"gauge","title":"Irwin Creek at Statesville Ave, in Lincoln Heights","detail":"Observation only — no NWM forecast at this gauge","severity":0,"value":"1.8 ft","category":"Below flood stage","url":"https://water.noaa.gov/gauges/IRSN7","time":1788138000000}},{"type":"Feature","geometry":{"type":"Point","coordinates":[-80.904444,35.197778]},"properties":{"id":"nwps-IRWN7","layer":"gauge","title":"Irwin Creek at Charlotte Water Treatment Plant, 1 S Reid Park","detail":"Observation only — no NWM forecast at this gauge","severity":0,"value":"0.5 ft","category":"Below flood stage","url":"https://water.noaa.gov/gauges/IRWN7","time":1788138000000}},{"type":"Feature","geometry":{"type":"Point","coordinates":[-77.8175,34.3385]},"properties":{"id":"nwps-ISCN7","layer":"gauge","title":"Island Creek Creek at Sidbury Road","detail":"Observation only — no NWM forecast at this gauge","severity":-1,"value":"3.7 ft","category":"Gauge offline","url":"https://water.noaa.gov/gauges/ISCN7","time":1788138300000}},{"type":"Feature","geometry":{"type":"Point","coordinates":[-80.713333333333,35.158611111111]},"properties":{"id":"nwps-ISNN7","layer":"gauge","title":"Irvins Creek at Sam Newell Road","detail":"Observation only — no NWM forecast at this gauge","severity":0,"value":"0.7 ft","category":"Below flood stage","url":"https://water.noaa.gov/gauges/ISNN7","time":1788138000000}},{"type":"Feature","geometry":{"type":"Point","coordinates":[-82.943055555556,35.257777777778]},"properties":{"id":"nwps-ITCN7","layer":"gauge","title":"Tanasee Creek at TANASEE CREEK DAM","detail":"Observation only — no NWM forecast at this gauge","severity":-1,"value":"no reading","category":"Gauge offline","url":"https://water.noaa.gov/gauges/ITCN7","time":-62135596800000}},{"type":"Feature","geometry":{"type":"Point","coordinates":[-82.459444444444,35.7775]},"properties":{"id":"nwps-IVRN7","layer":"gauge","title":"Ivy River near Barnardsville","detail":"Observation only — no NWM forecast at this gauge","severity":-1,"value":"2.1 ft","category":"Gauge offline","url":"https://water.noaa.gov/gauges/IVRN7","time":1788138300000}},{"type":"Feature","geometry":{"type":"Point","coordinates":[-82.620833333333,35.769722222222]},"properties":{"id":"nwps-IVYN7","layer":"gauge","title":"Ivy River near Marshall","detail":"Observation only — no NWM forecast at this gauge","severity":0,"value":"2.2 ft","category":"Below flood stage","url":"https://water.noaa.gov/gauges/IVYN7","time":1788136200000}},{"type":"Feature","geometry":{"type":"Point","coordinates":[-82.970277777778,35.269722222222]},"properties":{"id":"nwps-IWCN7","layer":"gauge","title":"Wolf Creek (NC) near Balsam Lake","detail":"Observation only — no NWM forecast at this gauge","severity":-1,"value":"no reading","category":"Gauge offline","url":"https://water.noaa.gov/gauges/IWCN7","time":-62135596800000}},{"type":"Feature","geometry":{"type":"Point","coordinates":[-76.892777777778,35.813055555556]},"properties":{"id":"nwps-JAMN7","layer":"gauge","title":"Roanoke River at Jamesville","detail":"Observation only — no NWM forecast at this gauge","severity":-1,"value":"1.8 ft","category":"Gauge offline","url":"https://water.noaa.gov/gauges/JAMN7","time":1788134400000}},{"type":"Feature","geometry":{"type":"Point","coordinates":[-77.43425,34.751175]},"properties":{"id":"nwps-JCKN7","layer":"gauge","title":"New River at Jacksonville (in MLLW)","detail":"Observation only — no NWM forecast at this gauge","severity":0,"value":"0.3 ft","category":"Below flood stage","url":"https://water.noaa.gov/gauges/JCKN7","time":1788135900000}},{"type":"Feature","geometry":{"type":"Point","coordinates":[-79.00607,34.58718]},"properties":{"id":"nwps-JCSN7","layer":"gauge","title":"Jacob Swamp at Alamac Road near Lumberton","detail":"Observation only — no NWM forecast at this gauge","severity":-1,"value":"6.6 ft","category":"Gauge offline","url":"https://water.noaa.gov/gauges/JCSN7","time":1788138300000}},{"type":"Feature","geometry":{"type":"Point","coordinates":[-81.495833333333,36.421666666667]},"properties":{"id":"nwps-JEFN7","layer":"gauge","title":"Little Buffalo Creek near Jefferson","detail":"Observation only — no NWM forecast at this gauge","severity":0,"value":"1.5 ft","category":"Below flood stage","url":"https://water.noaa.gov/gauges/JEFN7","time":1788136800000}},{"type":"Feature","geometry":{"type":"Point","coordinates":[-81.566944444444,35.590555555556]},"properties":{"id":"nwps-JFON7","layer":"gauge","title":"Jacob Fork below Old NC 18 in Shoups Ford","detail":"Observation only — no NWM forecast at this gauge","severity":0,"value":"1.8 ft","category":"Below flood stage","url":"https://water.noaa.gov/gauges/JFON7","time":1788136200000}},{"type":"Feature","geometry":{"type":"Point","coordinates":[-81.406944444444,36.393333333333]},"properties":{"id":"nwps-JFRN7","layer":"gauge","title":"South Fork New River near Jefferson","detail":"Observation only — no NWM forecast at this gauge","severity":0,"value":"1.9 ft","category":"Below flood stage","url":"https://water.noaa.gov/gauges/JFRN7","time":1788136200000}},{"type":"Feature","geometry":{"type":"Point","coordinates":[-78.70558,35.762718]},"properties":{"id":"nwps-JHSN7","layer":"gauge","title":"Walnut Creek (NC) above Lake Johnson Dam","detail":"Observation only — no NWM forecast at this gauge","severity":-1,"value":"343.3 ft","category":"Gauge offline","url":"https://water.noaa.gov/gauges/JHSN7","time":1788137700000}},{"type":"Feature","geometry":{"type":"Point","coordinates":[-77.4076,35.657]},"properties":{"id":"nwps-JMLN7","layer":"gauge","title":"Johnsons Mill Run near Greenville","detail":"Observation only — no NWM forecast at this gauge","severity":0,"value":"5.8 ft","category":"Below flood stage","url":"https://water.noaa.gov/gauges/JMLN7","time":1788137100000}},{"type":"Feature","geometry":{"type":"Point","coordinates":[-77.786688,34.213404]},"properties":{"id":"nwps-JMPN7","layer":"gauge","title":"Atlantic Coast at Johnnie Mercers Pier at Wrightsville Beach (MLLW)","detail":"Forecast 5.1 ft, Below flood stage","severity":0,"value":"4.7 ft","category":"Below flood stage","url":"https://water.noaa.gov/gauges/JMPN7","time":1788138000000}},{"type":"Feature","geometry":{"type":"Point","coordinates":[-81.711944,35.833611]},"properties":{"id":"nwps-JOHN7","layer":"gauge","title":"Johns River at Corpening Bridge Rd, 6 NNW Morganton","detail":"Observation only — no NWM forecast at this gauge","severity":0,"value":"2.1 ft","category":"Below flood stage","url":"https://water.noaa.gov/gauges/JOHN7","time":1788138000000}},{"type":"Feature","geometry":{"type":"Point","coordinates":[-77.0602,35.12]},"properties":{"id":"nwps-JSMN7","layer":"gauge","title":"Jack Smith Creek at New Bern","detail":"Observation only — no NWM forecast at this gauge","severity":-1,"value":"1.8 ft","category":"Gauge offline","url":"https://water.noaa.gov/gauges/JSMN7","time":1788135600000}},{"type":"Feature","geometry":{"type":"Point","coordinates":[-76.2938,36.4469]},"properties":{"id":"nwps-JYCN7","layer":"gauge","title":"Pasquotank River at Joyce Creek at Old Swamp Rd","detail":"Observation only — no NWM forecast at this gauge","severity":-1,"value":"0.6 ft","category":"Gauge offline","url":"https://water.noaa.gov/gauges/JYCN7","time":1788136200000}},{"type":"Feature","geometry":{"type":"Point","coordinates":[-81.03,35.434166666667]},"properties":{"id":"nwps-KILN7","layer":"gauge","title":"Killian Creek near MARIPOSA","detail":"Observation only — no NWM forecast at this gauge","severity":0,"value":"2.7 ft","category":"Below flood stage","url":"https://water.noaa.gov/gauges/KILN7","time":1788135300000}},{"type":"Feature","geometry":{"type":"Point","coordinates":[-77.585555555556,35.257777777778]},"properties":{"id":"nwps-KINN7","layer":"gauge","title":"Neuse River at Kinston","detail":"Observation only — no NWM forecast at this gauge","severity":0,"value":"3.0 ft","category":"Below flood stage","url":"https://water.noaa.gov/gauges/KINN7","time":1788135300000}},{"type":"Feature","geometry":{"type":"Point","coordinates":[-75.699941,36.06071]},"properties":{"id":"nwps-KITN7","layer":"gauge","title":"Albemarle Sound at Kitty Hawk (in MLLW)","detail":"Observation only — no NWM forecast at this gauge","severity":0,"value":"0.5 ft","category":"Below flood stage","url":"https://water.noaa.gov/gauges/KITN7","time":1788137400000}},{"type":"Feature","geometry":{"type":"Point","coordinates":[-75.69006,36.04289]},"properties":{"id":"nwps-KLLN7","layer":"gauge","title":"Kitty Hawk Bay at Kill Devil Hills (in MLLW)","detail":"Observation only — no NWM forecast at this gauge","severity":-1,"value":"0.3 ft","category":"Gauge offline","url":"https://water.noaa.gov/gauges/KLLN7","time":1788137400000}},{"type":"Feature","geometry":{"type":"Point","coordinates":[-81.265277777778,35.420555555556]},"properties":{"id":"nwps-LABN7","layer":"gauge","title":"South Fork Catawba River near Laboratory","detail":"Observation only — no NWM forecast at this gauge","severity":0,"value":"0.7 ft","category":"Below flood stage","url":"https://water.noaa.gov/gauges/LABN7","time":1788138000000}},{"type":"Feature","geometry":{"type":"Point","coordinates":[-79.409,36.045]},"properties":{"id":"nwps-LACN7","layer":"gauge","title":"Little Alamance Creek at Graham","detail":"Observation only — no NWM forecast at this gauge","severity":0,"value":"1.7 ft","category":"Below flood stage","url":"https://water.noaa.gov/gauges/LACN7","time":1788138300000}},{"type":"Feature","geometry":{"type":"Point","coordinates":[-79.4517,36.0822]},"properties":{"id":"nwps-LAON7","layer":"gauge","title":"Little Alamance Creek at Overbrook Dr","detail":"Observation only — no NWM forecast at this gauge","severity":0,"value":"1.5 ft","category":"Below flood stage","url":"https://water.noaa.gov/gauges/LAON7","time":1788128700000}},{"type":"Feature","geometry":{"type":"Point","coordinates":[-78.767507,35.755129]},"properties":{"id":"nwps-LBMN7","layer":"gauge","title":"Lynn Branch at MacDonald Woods Park","detail":"Observation only — no NWM forecast at this gauge","severity":0,"value":"2.6 ft","category":"Below flood stage","url":"https://water.noaa.gov/gauges/LBMN7","time":1788138000000}},{"type":"Feature","geometry":{"type":"Point","coordinates":[-79.037777777778,34.633611111111]},"properties":{"id":"nwps-LBRN7","layer":"gauge","title":"Lumber River at Lumberton","detail":"Forecast 9.8 ft, Below flood stage","severity":0,"value":"9.4 ft","category":"Below flood stage","url":"https://water.noaa.gov/gauges/LBRN7","time":1788138300000}},{"type":"Feature","geometry":{"type":"Point","coordinates":[-81.021117,36.542853]},"properties":{"id":"nwps-LBXN7","layer":"gauge","title":"Little River at NC18 near Blevins Crossroads","detail":"Observation only — no NWM forecast at this gauge","severity":-1,"value":"2.6 ft","category":"Gauge offline","url":"https://water.noaa.gov/gauges/LBXN7","time":1788138300000}},{"type":"Feature","geometry":{"type":"Point","coordinates":[-81.244858,35.727383]},"properties":{"id":"nwps-LCCN7","layer":"gauge","title":"Lyle Creek at Section House Rd 2 NW Conover","detail":"Observation only — no NWM forecast at this gauge","severity":0,"value":"0.2 ft","category":"Below flood stage","url":"https://water.noaa.gov/gauges/LCCN7","time":1788137700000}},{"type":"Feature","geometry":{"type":"Point","coordinates":[-78.2161,34.3248]},"properties":{"id":"nwps-LCDN7","layer":"gauge","title":"Livingston Creek at NC Route 87","detail":"Observation only — no NWM forecast at this gauge","severity":-1,"value":"1.7 ft","category":"Gauge offline","url":"https://water.noaa.gov/gauges/LCDN7","time":1788138300000}},{"type":"Feature","geometry":{"type":"Point","coordinates":[-78.0259,34.4391]},"properties":{"id":"nwps-LCHN7","layer":"gauge","title":"Long Creek at NC Highway 210","detail":"Observation only — no NWM forecast at this gauge","severity":-1,"value":"-1.2 ft","category":"Gauge offline","url":"https://water.noaa.gov/gauges/LCHN7","time":1788138300000}},{"type":"Feature","geometry":{"type":"Point","coordinates":[-81.5329,35.90584]},"properties":{"id":"nwps-LCLN7","layer":"gauge","title":"Lower Creek at Lenoir","detail":"Observation only — no NWM forecast at this gauge","severity":0,"value":"1.8 ft","category":"Below flood stage","url":"https://water.noaa.gov/gauges/LCLN7","time":1788135000000}},{"type":"Feature","geometry":{"type":"Point","coordinates":[-78.782222222222,35.838888888889]},"properties":{"id":"nwps-LCPN7","layer":"gauge","title":"Lake Crabtree above Dam near Interstate 40","detail":"Observation only — no NWM forecast at this gauge","severity":-1,"value":"275.4 ft","category":"Gauge offline","url":"https://water.noaa.gov/gauges/LCPN7","time":1788137700000}},{"type":"Feature","geometry":{"type":"Point","coordinates":[-78.824444444444,35.982222222222]},"properties":{"id":"nwps-LCRN7","layer":"gauge","title":"Little Lick Creek at Oak Grove","detail":"Observation only — no NWM forecast at this gauge","severity":0,"value":"1.2 ft","category":"Below flood stage","url":"https://water.noaa.gov/gauges/LCRN7","time":1788137700000}},{"type":"Feature","geometry":{"type":"Point","coordinates":[-79.4493,34.7695]},"properties":{"id":"nwps-LCSN7","layer":"gauge","title":"Leith Creek above East Church St","detail":"Observation only — no NWM forecast at this gauge","severity":0,"value":"5.1 ft","category":"Below flood stage","url":"https://water.noaa.gov/gauges/LCSN7","time":1788138300000}},{"type":"Feature","geometry":{"type":"Point","coordinates":[-78.125277777778,34.278611111111]},"properties":{"id":"nwps-LELN7","layer":"gauge","title":"Hood Creek at U.S. 74 near Leland","detail":"Observation only — no NWM forecast at this gauge","severity":-1,"value":"no reading","category":"Gauge offline","url":"https://water.noaa.gov/gauges/LELN7","time":-62135596800000}},{"type":"Feature","geometry":{"type":"Point","coordinates":[-78.2634,34.0109]},"properties":{"id":"nwps-LFRN7","layer":"gauge","title":"Lockwood Folly River at SR 211","detail":"Observation only — no NWM forecast at this gauge","severity":-1,"value":"no reading","category":"Gauge offline","url":"https://water.noaa.gov/gauges/LFRN7","time":-62135596800000}},{"type":"Feature","geometry":{"type":"Point","coordinates":[-77.9267,34.2552]},"properties":{"id":"nwps-LGBN7","layer":"gauge","title":"Burnt Mill Creek at Love Grove Bridge","detail":"Observation only — no NWM forecast at this gauge","severity":-1,"value":"-0.7 ft","category":"Gauge offline","url":"https://water.noaa.gov/gauges/LGBN7","time":1788135600000}},{"type":"Feature","geometry":{"type":"Point","coordinates":[-80.853056,35.164444]},"properties":{"id":"nwps-LHCN7","layer":"gauge","title":"Little Hope Creek above Seneca Pl, in Madison Park","detail":"Observation only — no NWM forecast at this gauge","severity":0,"value":"3.1 ft","category":"Below flood stage","url":"https://water.noaa.gov/gauges/LHCN7","time":1788138000000}},{"type":"Feature","geometry":{"type":"Point","coordinates":[-78.9453,34.9722]},"properties":{"id":"nwps-LHMN7","layer":"gauge","title":"Little Rockfish Creek at Lakeview Rd near Hope Mills","detail":"Observation only — no NWM forecast at this gauge","severity":0,"value":"2.8 ft","category":"Below flood stage","url":"https://water.noaa.gov/gauges/LHMN7","time":1788138300000}},{"type":"Feature","geometry":{"type":"Point","coordinates":[-79.83138,35.38722]},"properties":{"id":"nwps-LITN7","layer":"gauge","title":"Little River (North Carolina) near Star/Troy","detail":"Observation only — no NWM forecast at this gauge","severity":0,"value":"1.4 ft","category":"Below flood stage","url":"https://water.noaa.gov/gauges/LITN7","time":1788136200000}},{"type":"Feature","geometry":{"type":"Point","coordinates":[-81.089201,35.757739]},"properties":{"id":"nwps-LKSN7","layer":"gauge","title":"Catawba River at Lookout Shoals Lake and Dam","detail":"Observation only — no NWM forecast at this gauge","severity":0,"value":"96.0 ft","category":"Below flood stage","url":"https://water.noaa.gov/gauges/LKSN7","time":1788134400000}},{"type":"Feature","geometry":{"type":"Point","coordinates":[-82.241111111111,35.4375]},"properties":{"id":"nwps-LLBN7","layer":"gauge","title":"Broad River at highway 9 near Chimney Rock","detail":"Observation only — no NWM forecast at this gauge","severity":0,"value":"0.5 ft","category":"Below flood stage","url":"https://water.noaa.gov/gauges/LLBN7","time":1788136800000}},{"type":"Feature","geometry":{"type":"Point","coordinates":[-82.9375,35.396111111111]},"properties":{"id":"nwps-LLGN7","layer":"gauge","title":"Pigeon River (NC) above (W Fork) Abv Lake Logan","detail":"Observation only — no NWM forecast at this gauge","severity":0,"value":"0.9 ft","category":"Below flood stage","url":"https://water.noaa.gov/gauges/LLGN7","time":1788138000000}},{"type":"Feature","geometry":{"type":"Point","coordinates":[-78.813333333333,35.406111111111]},"properties":{"id":"nwps-LLLN7","layer":"gauge","title":"Cape Fear River at Lillington","detail":"Forecast 2.5 ft, Below flood stage","severity":0,"value":"2.4 ft","category":"Below flood stage","url":"https://water.noaa.gov/gauges/LLLN7","time":1788136080000}},{"type":"Feature","geometry":{"type":"Point","coordinates":[-78.7746,35.729]},"properties":{"id":"nwps-LLMN7","layer":"gauge","title":"Little Lochmere Lake Stream","detail":"Observation only — no NWM forecast at this gauge","severity":0,"value":"0.0 ft","category":"Below flood stage","url":"https://water.noaa.gov/gauges/LLMN7","time":1788138000000}},{"type":"Feature","geometry":{"type":"Point","coordinates":[-79.0549,34.6247]},"properties":{"id":"nwps-LMBN7","layer":"gauge","title":"Lumber River at NC 72 in Lumberton","detail":"Observation only — no NWM forecast at this gauge","severity":-1,"value":"3.8 ft","category":"Gauge offline","url":"https://water.noaa.gov/gauges/LMBN7","time":1788136800000}},{"type":"Feature","geometry":{"type":"Point","coordinates":[-79.1838,35.1922]},"properties":{"id":"nwps-LMPN7","layer":"gauge","title":"Little River (NC) near Mount Pleasant","detail":"Observation only — no NWM forecast at this gauge","severity":0,"value":"3.5 ft","category":"Below flood stage","url":"https://water.noaa.gov/gauges/LMPN7","time":1788136200000}},{"type":"Feature","geometry":{"type":"Point","coordinates":[-81.5608,35.415315]},"properties":{"id":"nwps-LNDN7","layer":"gauge","title":"First Broad River at Lawndale","detail":"Observation only — no NWM forecast at this gauge","severity":0,"value":"0.7 ft","category":"Below flood stage","url":"https://water.noaa.gov/gauges/LNDN7","time":1788135300000}},{"type":"Feature","geometry":{"type":"Point","coordinates":[-81.8725,35.404444444444]},"properties":{"id":"nwps-LOGN7","layer":"gauge","title":"Second Broad River near Logan","detail":"Observation only — no NWM forecast at this gauge","severity":0,"value":"1.6 ft","category":"Below flood stage","url":"https://water.noaa.gov/gauges/LOGN7","time":1788137100000}},{"type":"Feature","geometry":{"type":"Point","coordinates":[-76.5312,34.613]},"properties":{"id":"nwps-LOKN7","layer":"gauge","title":"Cape Lookout Bight at Cape Lookout","detail":"Observation only — no NWM forecast at this gauge","severity":-1,"value":"no reading","category":"Gauge offline","url":"https://water.noaa.gov/gauges/LOKN7","time":-62135596800000}},{"type":"Feature","geometry":{"type":"Point","coordinates":[-80.909722222222,35.328611111111]},"properties":{"id":"nwps-LONN7","layer":"gauge","title":"Long Creek at PAW CREEK","detail":"Observation only — no NWM forecast at this gauge","severity":0,"value":"1.3 ft","category":"Below flood stage","url":"https://water.noaa.gov/gauges/LONN7","time":1788137700000}},{"type":"Feature","geometry":{"type":"Point","coordinates":[-78.296111111111,36.093055555556]},"properties":{"id":"nwps-LOUN7","layer":"gauge","title":"Tar River at Louisburg","detail":"Forecast 3.4 ft, Below flood stage","severity":0,"value":"3.4 ft","category":"Below flood stage","url":"https://water.noaa.gov/gauges/LOUN7","time":1788137100000}},{"type":"Feature","geometry":{"type":"Point","coordinates":[-81.101111,35.285278]},"properties":{"id":"nwps-LOWN7","layer":"gauge","title":"SF Catawba River below George Poston Park, 1 N Lowell","detail":"Forecast 2.1 ft, Below flood stage","severity":0,"value":"1.5 ft","category":"Below flood stage","url":"https://water.noaa.gov/gauges/LOWN7","time":1788135300000}},{"type":"Feature","geometry":{"type":"Point","coordinates":[-82.178611111111,35.424444444444]},"properties":{"id":"nwps-LRBN7","layer":"gauge","title":"Broad River in NC/SC below Lake Lure Dam","detail":"Observation only — no NWM forecast at this gauge","severity":-1,"value":"no reading","category":"Gauge offline","url":"https://water.noaa.gov/gauges/LRBN7","time":-62135596800000}},{"type":"Feature","geometry":{"type":"Point","coordinates":[-82.184166666667,35.425]},"properties":{"id":"nwps-LRDN7","layer":"gauge","title":"Broad River in NC/SC at Lake Lure Dam","detail":"Observation only — no NWM forecast at this gauge","severity":0,"value":"989.9 ft","category":"Below flood stage","url":"https://water.noaa.gov/gauges/LRDN7","time":1788138300000}},{"type":"Feature","geometry":{"type":"Point","coordinates":[-79.359036,35.263952]},"properties":{"id":"nwps-LRTN7","layer":"gauge","title":"Little River (NC) at Niagara Carthage Rd","detail":"Observation only — no NWM forecast at this gauge","severity":0,"value":"2.4 ft","category":"Below flood stage","url":"https://water.noaa.gov/gauges/LRTN7","time":1788138300000}},{"type":"Feature","geometry":{"type":"Point","coordinates":[-82.6372,35.2379]},"properties":{"id":"nwps-LRVN7","layer":"gauge","title":"Little River at Merrill Ln, 3 S Penrose","detail":"Observation only — no NWM forecast at this gauge","severity":-1,"value":"no reading","category":"Gauge offline","url":"https://water.noaa.gov/gauges/LRVN7","time":-62135596800000}},{"type":"Feature","geometry":{"type":"Point","coordinates":[-80.972777777778,35.300555555556]},"properties":{"id":"nwps-LRYN7","layer":"gauge","title":"Long Creek at Rhyne NC","detail":"Observation only — no NWM forecast at this gauge","severity":0,"value":"1.8 ft","category":"Below flood stage","url":"https://water.noaa.gov/gauges/LRYN7","time":1788138000000}},{"type":"Feature","geometry":{"type":"Point","coordinates":[-78.352,35.822]},"properties":{"id":"nwps-LRZN7","layer":"gauge","title":"Little River (NC) near Zebulon","detail":"Observation only — no NWM forecast at this gauge","severity":0,"value":"1.5 ft","category":"Below flood stage","url":"https://water.noaa.gov/gauges/LRZN7","time":1788135300000}},{"type":"Feature","geometry":{"type":"Point","coordinates":[-80.857777777778,35.148055555556]},"properties":{"id":"nwps-LSAN7","layer":"gauge","title":"Little Sugar Creek (NC) at Archdale Drive","detail":"Observation only — no NWM forecast at this gauge","severity":0,"value":"2.4 ft","category":"Below flood stage","url":"https://water.noaa.gov/gauges/LSAN7","time":1788138000000}},{"type":"Feature","geometry":{"type":"Point","coordinates":[-79.196666666667,36.397777777778]},"properties":{"id":"nwps-LSBN7","layer":"gauge","title":"Hyco Creek near Leasburg","detail":"Observation only — no NWM forecast at this gauge","severity":-1,"value":"22.9 ft","category":"Gauge offline","url":"https://water.noaa.gov/gauges/LSBN7","time":1788137100000}},{"type":"Feature","geometry":{"type":"Point","coordinates":[-78.0336,34.2411]},"properties":{"id":"nwps-LSCN7","layer":"gauge","title":"Sturgeon Creek at U.S. Highway 74 ","detail":"Observation only — no NWM forecast at this gauge","severity":-1,"value":"0.6 ft","category":"Gauge offline","url":"https://water.noaa.gov/gauges/LSCN7","time":1788138300000}},{"type":"Feature","geometry":{"type":"Point","coordinates":[-80.846389,35.179167]},"properties":{"id":"nwps-LSHN7","layer":"gauge","title":"Little Sugar Creek above Hillside Ave, in Myers Park","detail":"Observation only — no NWM forecast at this gauge","severity":0,"value":"1.0 ft","category":"Below flood stage","url":"https://water.noaa.gov/gauges/LSHN7","time":1788138000000}},{"type":"Feature","geometry":{"type":"Point","coordinates":[-80.836944,35.203611]},"properties":{"id":"nwps-LSMN7","layer":"gauge","title":"Little Sugar Creek above Medical Center Dr, 1 SSW Cherry","detail":"Observation only — no NWM forecast at this gauge","severity":0,"value":"1.9 ft","category":"Below flood stage","url":"https://water.noaa.gov/gauges/LSMN7","time":1788138000000}},{"type":"Feature","geometry":{"type":"Point","coordinates":[-80.808333,35.250278]},"properties":{"id":"nwps-LSTN7","layer":"gauge","title":"Little Sugar Creek below E 36th St, in North Davidson (NoDa)","detail":"Observation only — no NWM forecast at this gauge","severity":0,"value":"0.4 ft","category":"Below flood stage","url":"https://water.noaa.gov/gauges/LSTN7","time":1788138000000}},{"type":"Feature","geometry":{"type":"Point","coordinates":[-83.391388888889,35.232777777778]},"properties":{"id":"nwps-LTIN7","layer":"gauge","title":"Little Tennessee River near IOTLA","detail":"Observation only — no NWM forecast at this gauge","severity":-1,"value":"no reading","category":"Gauge offline","url":"https://water.noaa.gov/gauges/LTIN7","time":-62135596800000}},{"type":"Feature","geometry":{"type":"Point","coordinates":[-78.919444444444,36.141666666667]},"properties":{"id":"nwps-LTLN7","layer":"gauge","title":"Little River (NC) near Orange Factory","detail":"Observation only — no NWM forecast at this gauge","severity":0,"value":"0.1 ft","category":"Below flood stage","url":"https://water.noaa.gov/gauges/LTLN7","time":1788135300000}},{"type":"Feature","geometry":{"type":"Point","coordinates":[-78.10972,35.691111]},"properties":{"id":"nwps-LUCN7","layer":"gauge","title":"Contentnea Creek near Lucama","detail":"Observation only — no NWM forecast at this gauge","severity":0,"value":"2.2 ft","category":"Below flood stage","url":"https://water.noaa.gov/gauges/LUCN7","time":1788135300000}},{"type":"Feature","geometry":{"type":"Point","coordinates":[-79.010833333333,34.62]},"properties":{"id":"nwps-LUMN7","layer":"gauge","title":"Lumber River at Lumberton West 5th Street","detail":"Observation only — no NWM forecast at this gauge","severity":0,"value":"9.1 ft","category":"Below flood stage","url":"https://water.noaa.gov/gauges/LUMN7","time":1788137100000}},{"type":"Feature","geometry":{"type":"Point","coordinates":[-77.884444444444,35.899722222222]},"properties":{"id":"nwps-LXRN7","layer":"gauge","title":"Tar River near Langley Crossroads","detail":"Observation only — no NWM forecast at this gauge","severity":0,"value":"0.4 ft","category":"Below flood stage","url":"https://water.noaa.gov/gauges/LXRN7","time":1788135300000}},{"type":"Feature","geometry":{"type":"Point","coordinates":[-75.9723,36.5402]},"properties":{"id":"nwps-MACN7","layer":"gauge","title":"Currituck Sound at Marsh Causeway @ NC 615","detail":"Observation only — no NWM forecast at this gauge","severity":0,"value":"0.5 ft","category":"Below flood stage","url":"https://water.noaa.gov/gauges/MACN7","time":1788138300000}},{"type":"Feature","geometry":{"type":"Point","coordinates":[-80.7675,35.137777777778]},"properties":{"id":"nwps-MALN7","layer":"gauge","title":"McAlpine Creek below Sardis Road","detail":"Observation only — no NWM forecast at this gauge","severity":0,"value":"0.6 ft","category":"Below flood stage","url":"https://water.noaa.gov/gauges/MALN7","time":1788138000000}},{"type":"Feature","geometry":{"type":"Point","coordinates":[-78.985555555556,35.193611111111]},"properties":{"id":"nwps-MANN7","layer":"gauge","title":"Little River at Manchester","detail":"Forecast 6.8 ft, Below flood stage","severity":0,"value":"7.2 ft","category":"Below flood stage","url":"https://water.noaa.gov/gauges/MANN7","time":1788136200000}},{"type":"Feature","geometry":{"type":"Point","coordinates":[-82.660833,35.786389]},"properties":{"id":"nwps-MARN7","layer":"gauge","title":"French Broad River above Rollins Rd, 1 SE Marshall","detail":"Forecast 1.3 ft, Below flood stage","severity":0,"value":"1.3 ft","category":"Below flood stage","url":"https://water.noaa.gov/gauges/MARN7","time":1788134400000}},{"type":"Feature","geometry":{"type":"Point","coordinates":[-79.331944444444,34.772777777778]},"properties":{"id":"nwps-MAXN7","layer":"gauge","title":"Lumber River near Maxton","detail":"Observation only — no NWM forecast at this gauge","severity":-1,"value":"7.3 ft","category":"Gauge offline","url":"https://water.noaa.gov/gauges/MAXN7","time":1788134400000}},{"type":"Feature","geometry":{"type":"Point","coordinates":[-78.896666666667,36.149722222222]},"properties":{"id":"nwps-MBHN7","layer":"gauge","title":"Mountain Creek at SR1617 Nr Bahama","detail":"Observation only — no NWM forecast at this gauge","severity":0,"value":"3.7 ft","category":"Below flood stage","url":"https://water.noaa.gov/gauges/MBHN7","time":1788135300000}},{"type":"Feature","geometry":{"type":"Point","coordinates":[-80.806666666667,35.118333333333]},"properties":{"id":"nwps-MCCN7","layer":"gauge","title":"McAlpine Creek at Colony Rd","detail":"Observation only — no NWM forecast at this gauge","severity":0,"value":"1.6 ft","category":"Below flood stage","url":"https://water.noaa.gov/gauges/MCCN7","time":1788138000000}},{"type":"Feature","geometry":{"type":"Point","coordinates":[-80.921111111111,35.389722222222]},"properties":{"id":"nwps-MCDN7","layer":"gauge","title":"McDowell Creek at Beatties Ford Rd.","detail":"Observation only — no NWM forecast at this gauge","severity":0,"value":"4.0 ft","category":"Below flood stage","url":"https://water.noaa.gov/gauges/MCDN7","time":1788137700000}},{"type":"Feature","geometry":{"type":"Point","coordinates":[-80.3665,36.0475]},"properties":{"id":"nwps-MCFN7","layer":"gauge","title":"Muddy Creek  at I-40 nr Clemmons","detail":"Observation only — no NWM forecast at this gauge","severity":-1,"value":"1.5 ft","category":"Gauge offline","url":"https://water.noaa.gov/gauges/MCFN7","time":1788138300000}},{"type":"Feature","geometry":{"type":"Point","coordinates":[-78.7948,35.742]},"properties":{"id":"nwps-MCGN7","layer":"gauge","title":"MacGregor Downs Lake Upstream of SW Maynard Rd","detail":"Observation only — no NWM forecast at this gauge","severity":0,"value":"-0.8 ft","category":"Below flood stage","url":"https://water.noaa.gov/gauges/MCGN7","time":1788138000000}},{"type":"Feature","geometry":{"type":"Point","coordinates":[-80.719166666667,35.175833333333]},"properties":{"id":"nwps-MCIN7","layer":"gauge","title":"McAlpine Creek at Idlewild","detail":"Observation only — no NWM forecast at this gauge","severity":0,"value":"1.9 ft","category":"Below flood stage","url":"https://water.noaa.gov/gauges/MCIN7","time":1788138000000}},{"type":"Feature","geometry":{"type":"Point","coordinates":[-80.658889,35.845]},"properties":{"id":"nwps-MCKN7","layer":"gauge","title":"S Yadkin River below Foster Rd, 6 SW Mocksville","detail":"Forecast 1.7 ft, Below flood stage","severity":0,"value":"1.8 ft","category":"Below flood stage","url":"https://water.noaa.gov/gauges/MCKN7","time":1788138000000}},{"type":"Feature","geometry":{"type":"Point","coordinates":[-80.715833333333,35.332777777778]},"properties":{"id":"nwps-MCLN7","layer":"gauge","title":"Mallard Creek below Stony Creek nr Harrisburg","detail":"Observation only — no NWM forecast at this gauge","severity":0,"value":"2.7 ft","category":"Below flood stage","url":"https://water.noaa.gov/gauges/MCLN7","time":1788138000000}},{"type":"Feature","geometry":{"type":"Point","coordinates":[-80.82,35.140833333333]},"properties":{"id":"nwps-MCMN7","layer":"gauge","title":"McMullen Creek at Sharon View","detail":"Observation only — no NWM forecast at this gauge","severity":0,"value":"0.9 ft","category":"Below flood stage","url":"https://water.noaa.gov/gauges/MCMN7","time":1788138000000}},{"type":"Feature","geometry":{"type":"Point","coordinates":[-80.869722222222,35.066388888889]},"properties":{"id":"nwps-MCPN7","layer":"gauge","title":"McAlpine Creek at Waste Water Treatment Plant","detail":"Observation only — no NWM forecast at this gauge","severity":0,"value":"1.3 ft","category":"Below flood stage","url":"https://water.noaa.gov/gauges/MCPN7","time":1788138000000}},{"type":"Feature","geometry":{"type":"Point","coordinates":[-81.175987,36.141417]},"properties":{"id":"nwps-MCWN7","layer":"gauge","title":"Moravian Creek at Wilkesboro","detail":"Observation only — no NWM forecast at this gauge","severity":0,"value":"8.4 ft","category":"Below flood stage","url":"https://water.noaa.gov/gauges/MCWN7","time":1788138300000}},{"type":"Feature","geometry":{"type":"Point","coordinates":[-80.890555555556,35.406944444444]},"properties":{"id":"nwps-MDHN7","layer":"gauge","title":"McDowell Creek near HUNTERSVILLE","detail":"Observation only — no NWM forecast at this gauge","severity":0,"value":"1.7 ft","category":"Below flood stage","url":"https://water.noaa.gov/gauges/MDHN7","time":1788135900000}},{"type":"Feature","geometry":{"type":"Point","coordinates":[-80.3498,36.1186]},"properties":{"id":"nwps-MDRN7","layer":"gauge","title":"Muddy Creek at Robinhood Rd","detail":"Observation only — no NWM forecast at this gauge","severity":0,"value":"1.5 ft","category":"Below flood stage","url":"https://water.noaa.gov/gauges/MDRN7","time":1788138300000}},{"type":"Feature","geometry":{"type":"Point","coordinates":[-79.019444444444,35.893333333333]},"properties":{"id":"nwps-MGCN7","layer":"gauge","title":"Morgan Creek near Chapel Hill","detail":"Observation only — no NWM forecast at this gauge","severity":0,"value":"4.8 ft","category":"Below flood stage","url":"https://water.noaa.gov/gauges/MGCN7","time":1788137100000}},{"type":"Feature","geometry":{"type":"Point","coordinates":[-79.115555555556,35.923611111111]},"properties":{"id":"nwps-MGNN7","layer":"gauge","title":"Morgan Creek near White Cross","detail":"Observation only — no NWM forecast at this gauge","severity":0,"value":"1.8 ft","category":"Below flood stage","url":"https://water.noaa.gov/gauges/MGNN7","time":1788137100000}},{"type":"Feature","geometry":{"type":"Point","coordinates":[-83.106388888889,35.520277777778]},"properties":{"id":"nwps-MGYN7","layer":"gauge","title":"Jonathan Creek above Maggie Valley","detail":"Observation only — no NWM forecast at this gauge","severity":0,"value":"4.2 ft","category":"Below flood stage","url":"https://water.noaa.gov/gauges/MGYN7","time":1788138300000}},{"type":"Feature","geometry":{"type":"Point","coordinates":[-82.188289,35.634772]},"properties":{"id":"nwps-MICN7","layer":"gauge","title":"Mill Creek at Orchard St, in Old Fort","detail":"Observation only — no NWM forecast at this gauge","severity":0,"value":"1.0 ft","category":"Below flood stage","url":"https://water.noaa.gov/gauges/MICN7","time":1788138300000}},{"type":"Feature","geometry":{"type":"Point","coordinates":[-78.59056,35.57083]},"properties":{"id":"nwps-MIDN7","layer":"gauge","title":"Middle Creek near Clayton","detail":"Observation only — no NWM forecast at this gauge","severity":0,"value":"1.8 ft","category":"Below flood stage","url":"https://water.noaa.gov/gauges/MIDN7","time":1788134400000}},{"type":"Feature","geometry":{"type":"Point","coordinates":[-75.9902,36.527123]},"properties":{"id":"nwps-MINN7","layer":"gauge","title":"Currituck Sound at Mackay's Island","detail":"Observation only — no NWM forecast at this gauge","severity":0,"value":"-0.0 ft","category":"Below flood stage","url":"https://water.noaa.gov/gauges/MINN7","time":1788136560000}},{"type":"Feature","geometry":{"type":"Point","coordinates":[-80.648055555556,35.253888888889]},"properties":{"id":"nwps-MKCN7","layer":"gauge","title":"McKee Creek near Wilgrove","detail":"Observation only — no NWM forecast at this gauge","severity":0,"value":"1.6 ft","category":"Below flood stage","url":"https://water.noaa.gov/gauges/MKCN7","time":1788136500000}},{"type":"Feature","geometry":{"type":"Point","coordinates":[-80.785555555556,35.170277777778]},"properties":{"id":"nwps-MLIN7","layer":"gauge","title":"McMullen Creek above Lincrest Place","detail":"Observation only — no NWM forecast at this gauge","severity":0,"value":"1.0 ft","category":"Below flood stage","url":"https://water.noaa.gov/gauges/MLIN7","time":1788138000000}},{"type":"Feature","geometry":{"type":"Point","coordinates":[-77.0539,35.1773]},"properties":{"id":"nwps-MLLN7","layer":"gauge","title":"Mills Branch above Bridgeton","detail":"Observation only — no NWM forecast at this gauge","severity":0,"value":"8.5 ft","category":"Below flood stage","url":"https://water.noaa.gov/gauges/MLLN7","time":1788138300000}},{"type":"Feature","geometry":{"type":"Point","coordinates":[-82.463611,35.335]},"properties":{"id":"nwps-MNMN7","layer":"gauge","title":"Mud Creek (NC) at N Main St 1 N Hendersonville","detail":"Observation only — no NWM forecast at this gauge","severity":0,"value":"5.6 ft","category":"Below flood stage","url":"https://water.noaa.gov/gauges/MNMN7","time":1788136200000}},{"type":"Feature","geometry":{"type":"Point","coordinates":[-79.116111111111,35.627222222222]},"properties":{"id":"nwps-MONN7","layer":"gauge","title":"Deep River near Moncure","detail":"Forecast 1.7 ft, Below flood stage","severity":0,"value":"2.0 ft","category":"Below flood stage","url":"https://water.noaa.gov/gauges/MONN7","time":1788137100000}},{"type":"Feature","geometry":{"type":"Point","coordinates":[-80.9868,35.3338]},"properties":{"id":"nwps-MOUN7","layer":"gauge","title":"Catawba River at Mountain Island Lake and Dam","detail":"Observation only — no NWM forecast at this gauge","severity":0,"value":"96.2 ft","category":"Below flood stage","url":"https://water.noaa.gov/gauges/MOUN7","time":1788134400000}},{"type":"Feature","geometry":{"type":"Point","coordinates":[-82.595,35.398055555556]},"properties":{"id":"nwps-MRSN7","layer":"gauge","title":"Mills River near Mills River","detail":"Observation only — no NWM forecast at this gauge","severity":0,"value":"1.7 ft","category":"Below flood stage","url":"https://water.noaa.gov/gauges/MRSN7","time":1788136200000}},{"type":"Feature","geometry":{"type":"Point","coordinates":[-78.82,35.823]},"properties":{"id":"nwps-MRVN7","layer":"gauge","title":"Crabtree Creek at Crabtree Creek Greenway at Morrisville","detail":"Observation only — no NWM forecast at this gauge","severity":0,"value":"2.2 ft","category":"Below flood stage","url":"https://water.noaa.gov/gauges/MRVN7","time":1788138300000}},{"type":"Feature","geometry":{"type":"Point","coordinates":[-78.593611111111,35.816388888889]},"properties":{"id":"nwps-MSHN7","layer":"gauge","title":"Marsh Creek (NC) at New Hope","detail":"Observation only — no NWM forecast at this gauge","severity":0,"value":"2.8 ft","category":"Below flood stage","url":"https://water.noaa.gov/gauges/MSHN7","time":1788137700000}},{"type":"Feature","geometry":{"type":"Point","coordinates":[-76.1841,35.5061]},"properties":{"id":"nwps-MSKN7","layer":"gauge","title":"Lake Mattamuskeet near Fairfield","detail":"Observation only — no NWM forecast at this gauge","severity":-1,"value":"2.2 ft","category":"Gauge offline","url":"https://water.noaa.gov/gauges/MSKN7","time":1788135300000}},{"type":"Feature","geometry":{"type":"Point","coordinates":[-78.1609,33.9176]},"properties":{"id":"nwps-MSON7","layer":"gauge","title":"Montgomery Slough at EF Middleton Blvd","detail":"Observation only — no NWM forecast at this gauge","severity":-1,"value":"0.7 ft","category":"Gauge offline","url":"https://water.noaa.gov/gauges/MSON7","time":1788136800000}},{"type":"Feature","geometry":{"type":"Point","coordinates":[-83.9257,35.0648]},"properties":{"id":"nwps-MSSN7","layer":"gauge","title":"Hiwassee River above Mission Dam at Brasstown","detail":"Observation only — no NWM forecast at this gauge","severity":-1,"value":"99.5 ft","category":"Gauge offline","url":"https://water.noaa.gov/gauges/MSSN7","time":1788137400000}},{"type":"Feature","geometry":{"type":"Point","coordinates":[-80.06561,35.20681]},"properties":{"id":"nwps-MTGN7","layer":"gauge","title":"Pee Dee River at Lake Tillery","detail":"Observation only — no NWM forecast at this gauge","severity":0,"value":"277.5 ft","category":"Below flood stage","url":"https://water.noaa.gov/gauges/MTGN7","time":1788134400000}},{"type":"Feature","geometry":{"type":"Point","coordinates":[-81.660277777778,35.928611111111]},"properties":{"id":"nwps-MUBN7","layer":"gauge","title":"Mulberry Creek at Collettsville","detail":"Observation only — no NWM forecast at this gauge","severity":0,"value":"2.2 ft","category":"Below flood stage","url":"https://water.noaa.gov/gauges/MUBN7","time":1788128100000}},{"type":"Feature","geometry":{"type":"Point","coordinates":[-82.4625,35.2975]},"properties":{"id":"nwps-MUCN7","layer":"gauge","title":"Mud Creek (NC) at Erkwood Dr. 1 S Hendersonville","detail":"Observation only — no NWM forecast at this gauge","severity":-1,"value":"no reading","category":"Gauge offline","url":"https://water.noaa.gov/gauges/MUCN7","time":-62135596800000}},{"type":"Feature","geometry":{"type":"Point","coordinates":[-79.402222222222,35.660277777778]},"properties":{"id":"nwps-MVSN7","layer":"gauge","title":"Tick Creek Nr Mount Vernon Springs","detail":"Observation only — no NWM forecast at this gauge","severity":0,"value":"1.9 ft","category":"Below flood stage","url":"https://water.noaa.gov/gauges/MVSN7","time":1788137100000}},{"type":"Feature","geometry":{"type":"Point","coordinates":[-75.62156,35.93394]},"properties":{"id":"nwps-NAGN7","layer":"gauge","title":"Roanoke Sound at Nags Head (in MLLW)","detail":"Observation only — no NWM forecast at this gauge","severity":0,"value":"-0.3 ft","category":"Below flood stage","url":"https://water.noaa.gov/gauges/NAGN7","time":1788138300000}},{"type":"Feature","geometry":{"type":"Point","coordinates":[-77.806111111111,35.488888888889]},"properties":{"id":"nwps-NAHN7","layer":"gauge","title":"Nahunta Swamp near Shine","detail":"Observation only — no NWM forecast at this gauge","severity":0,"value":"2.9 ft","category":"Below flood stage","url":"https://water.noaa.gov/gauges/NAHN7","time":1788137100000}},{"type":"Feature","geometry":{"type":"Point","coordinates":[-83.653055555556,35.199722222222]},"properties":{"id":"nwps-NANN7","layer":"gauge","title":"Nantahala River at Nantahala Dam","detail":"Observation only — no NWM forecast at this gauge","severity":0,"value":"93.1 ft","category":"Below flood stage","url":"https://water.noaa.gov/gauges/NANN7","time":1788134400000}},{"type":"Feature","geometry":{"type":"Point","coordinates":[-79.708333333333,36.120277777778]},"properties":{"id":"nwps-NBCN7","layer":"gauge","title":"North Buffalo Creek at Greensboro","detail":"Observation only — no NWM forecast at this gauge","severity":0,"value":"0.8 ft","category":"Below flood stage","url":"https://water.noaa.gov/gauges/NBCN7","time":1788136200000}},{"type":"Feature","geometry":{"type":"Point","coordinates":[-79.781944444444,36.097777777778]},"properties":{"id":"nwps-NBUN7","layer":"gauge","title":"North Buffalo Creek at Church St in Greensboro","detail":"Observation only — no NWM forecast at this gauge","severity":0,"value":"2.1 ft","category":"Below flood stage","url":"https://water.noaa.gov/gauges/NBUN7","time":1788138000000}},{"type":"Feature","geometry":{"type":"Point","coordinates":[-79.813333333333,36.079166666667]},"properties":{"id":"nwps-NBWN7","layer":"gauge","title":"North Buffalo Creek at Westover Terrace","detail":"Observation only — no NWM forecast at this gauge","severity":0,"value":"0.5 ft","category":"Below flood stage","url":"https://water.noaa.gov/gauges/NBWN7","time":1788137100000}},{"type":"Feature","geometry":{"type":"Point","coordinates":[-84.114722222222,35.027777777778]},"properties":{"id":"nwps-NCBN7","layer":"gauge","title":"Nottely River at Nottely River/Cook Bridge","detail":"Observation only — no NWM forecast at this gauge","severity":-1,"value":"6.3 ft","category":"Gauge offline","url":"https://water.noaa.gov/gauges/NCBN7","time":1788138300000}},{"type":"Feature","geometry":{"type":"Point","coordinates":[-77.950149,34.2517]},"properties":{"id":"nwps-NCRN7","layer":"gauge","title":"N.E. Cape Fear River at Wilmington","detail":"Observation only — no NWM forecast at this gauge","severity":-1,"value":"no reading","category":"Gauge offline","url":"https://water.noaa.gov/gauges/NCRN7","time":-62135596800000}},{"type":"Feature","geometry":{"type":"Point","coordinates":[-81.89,35.794722222222]},"properties":{"id":"nwps-NEBN7","layer":"gauge","title":"Linville River near Nebo","detail":"Observation only — no NWM forecast at this gauge","severity":0,"value":"2.1 ft","category":"Below flood stage","url":"https://water.noaa.gov/gauges/NEBN7","time":1788137100000}},{"type":"Feature","geometry":{"type":"Point","coordinates":[-78.913611111111,35.872222222222]},"properties":{"id":"nwps-NECN7","layer":"gauge","title":"Northeast Creek (NC) near Genlee","detail":"Observation only — no NWM forecast at this gauge","severity":0,"value":"4.0 ft","category":"Below flood stage","url":"https://water.noaa.gov/gauges/NECN7","time":1788137100000}},{"type":"Feature","geometry":{"type":"Point","coordinates":[-78.893333333333,35.915277777778]},"properties":{"id":"nwps-NEDN7","layer":"gauge","title":"Northeast Creek (NC) at SS1182 near Lowes Grove","detail":"Observation only — no NWM forecast at this gauge","severity":0,"value":"2.0 ft","category":"Below flood stage","url":"https://water.noaa.gov/gauges/NEDN7","time":1788137100000}},{"type":"Feature","geometry":{"type":"Point","coordinates":[-83.526944444444,35.336388888889]},"properties":{"id":"nwps-NEEN7","layer":"gauge","title":"Little Tennessee River near NEEDMORE","detail":"Observation only — no NWM forecast at this gauge","severity":0,"value":"1.9 ft","category":"Below flood stage","url":"https://water.noaa.gov/gauges/NEEN7","time":1788135300000}},{"type":"Feature","geometry":{"type":"Point","coordinates":[-77.8336,34.4432]},"properties":{"id":"nwps-NELN7","layer":"gauge","title":"NE Cape Fear River at NC Highway 210 ","detail":"Observation only — no NWM forecast at this gauge","severity":-1,"value":"-0.1 ft","category":"Gauge offline","url":"https://water.noaa.gov/gauges/NELN7","time":1788138300000}},{"type":"Feature","geometry":{"type":"Point","coordinates":[-81.649444444444,36.204444444444]},"properties":{"id":"nwps-NERN7","layer":"gauge","title":"Middle Fork New River at Boone","detail":"Observation only — no NWM forecast at this gauge","severity":-1,"value":"no reading","category":"Gauge offline","url":"https://water.noaa.gov/gauges/NERN7","time":-62135596800000}},{"type":"Feature","geometry":{"type":"Point","coordinates":[-78.575555555556,35.94]},"properties":{"id":"nwps-NEUN7","layer":"gauge","title":"Neuse River Below Falls Dam","detail":"Observation only — no NWM forecast at this gauge","severity":0,"value":"1.0 ft","category":"Below flood stage","url":"https://water.noaa.gov/gauges/NEUN7","time":1788137100000}},{"type":"Feature","geometry":{"type":"Point","coordinates":[-81.9425,35.875555555556]},"properties":{"id":"nwps-NFKN7","layer":"gauge","title":"N Fork Catawba River at Highway 221","detail":"Observation only — no NWM forecast at this gauge","severity":-1,"value":"no reading","category":"Gauge offline","url":"https://water.noaa.gov/gauges/NFKN7","time":-62135596800000}},{"type":"Feature","geometry":{"type":"Point","coordinates":[-78.966111111111,35.884722222222]},"properties":{"id":"nwps-NHCN7","layer":"gauge","title":"New Hope Creek near Blands","detail":"Observation only — no NWM forecast at this gauge","severity":0,"value":"4.0 ft","category":"Below flood stage","url":"https://water.noaa.gov/gauges/NHCN7","time":1788137100000}},{"type":"Feature","geometry":{"type":"Point","coordinates":[-79.068333333333,35.654444444444]},"properties":{"id":"nwps-NHPN7","layer":"gauge","title":"Haw River at Jordan Lake","detail":"Observation only — no NWM forecast at this gauge","severity":0,"value":"216.0 ft","category":"Below flood stage","url":"https://water.noaa.gov/gauges/NHPN7","time":1788137100000}},{"type":"Feature","geometry":{"type":"Point","coordinates":[-77.6167,34.9188]},"properties":{"id":"nwps-NNRN7","layer":"gauge","title":"New River near Richlands","detail":"Observation only — no NWM forecast at this gauge","severity":0,"value":"3.6 ft","category":"Below flood stage","url":"https://water.noaa.gov/gauges/NNRN7","time":1788138300000}},{"type":"Feature","geometry":{"type":"Point","coordinates":[-79.7641,34.9356]},"properties":{"id":"nwps-NPRN7","layer":"gauge","title":"North Prong Falling Creek at Rockingham Rd","detail":"Observation only — no NWM forecast at this gauge","severity":0,"value":"1.8 ft","category":"Below flood stage","url":"https://water.noaa.gov/gauges/NPRN7","time":1788138300000}},{"type":"Feature","geometry":{"type":"Point","coordinates":[-80.165556,35.156944]},"properties":{"id":"nwps-NRWN7","layer":"gauge","title":"Rocky River NC near Norwood","detail":"Forecast 4.8 ft, Below flood stage","severity":0,"value":"4.8 ft","category":"Below flood stage","url":"https://water.noaa.gov/gauges/NRWN7","time":1788138000000}},{"type":"Feature","geometry":{"type":"Point","coordinates":[-81.640069,36.220754]},"properties":{"id":"nwps-NSFN7","layer":"gauge","title":"South Fork New River at US Hwy 221","detail":"Observation only — no NWM forecast at this gauge","severity":0,"value":"6.8 ft","category":"Below flood stage","url":"https://water.noaa.gov/gauges/NSFN7","time":1788138300000}},{"type":"Feature","geometry":{"type":"Point","coordinates":[-78.97066,35.916764]},"properties":{"id":"nwps-NSPN7","layer":"gauge","title":"New Hope Creek at NC-54","detail":"Observation only — no NWM forecast at this gauge","severity":0,"value":"3.5 ft","category":"Below flood stage","url":"https://water.noaa.gov/gauges/NSPN7","time":1788138300000}},{"type":"Feature","geometry":{"type":"Point","coordinates":[-77.84627,35.229375]},"properties":{"id":"nwps-NSSN7","layer":"gauge","title":"Neuse River at Main St in Seven Springs","detail":"Observation only — no NWM forecast at this gauge","severity":0,"value":"2.3 ft","category":"Below flood stage","url":"https://water.noaa.gov/gauges/NSSN7","time":1788136800000}},{"type":"Feature","geometry":{"type":"Point","coordinates":[-77.4133,34.4977]},"properties":{"id":"nwps-NTAN7","layer":"gauge","title":"Alligator Bay near North Topsail Beach","detail":"Observation only — no NWM forecast at this gauge","severity":-1,"value":"-0.2 ft","category":"Gauge offline","url":"https://water.noaa.gov/gauges/NTAN7","time":1788138300000}},{"type":"Feature","geometry":{"type":"Point","coordinates":[-82.022222222222,36.0575]},"properties":{"id":"nwps-NTFN7","layer":"gauge","title":"North Toe River near Plumtree and Frank","detail":"Observation only — no NWM forecast at this gauge","severity":-1,"value":"no reading","category":"Gauge offline","url":"https://water.noaa.gov/gauges/NTFN7","time":-62135596800000}},{"type":"Feature","geometry":{"type":"Point","coordinates":[-81.928611111111,36.083333333333]},"properties":{"id":"nwps-NTNN7","layer":"gauge","title":"North Toe River below Newland","detail":"Observation only — no NWM forecast at this gauge","severity":-1,"value":"0.7 ft","category":"Gauge offline","url":"https://water.noaa.gov/gauges/NTNN7","time":1788129000000}},{"type":"Feature","geometry":{"type":"Point","coordinates":[-78.583333333333,35.941111111111]},"properties":{"id":"nwps-NUDN7","layer":"gauge","title":"Neuse River at Falls Lake","detail":"Observation only — no NWM forecast at this gauge","severity":0,"value":"248.3 ft","category":"Below flood stage","url":"https://water.noaa.gov/gauges/NUDN7","time":1788137100000}},{"type":"Feature","geometry":{"type":"Point","coordinates":[-76.8596,34.7809]},"properties":{"id":"nwps-NWPN7","layer":"gauge","title":"Newport River at Newport (in MLLW)","detail":"Observation only — no NWM forecast at this gauge","severity":0,"value":"1.9 ft","category":"Below flood stage","url":"https://water.noaa.gov/gauges/NWPN7","time":1788136800000}},{"type":"Feature","geometry":{"type":"Point","coordinates":[-75.834444444444,36.374444444444]},"properties":{"id":"nwps-OBCN7","layer":"gauge","title":"Currituck Sound near OUTER BANK CENTER FOR WILDLIFE EDUCATION IN COROLLA","detail":"Observation only — no NWM forecast at this gauge","severity":0,"value":"0.4 ft","category":"Below flood stage","url":"https://water.noaa.gov/gauges/OBCN7","time":1788137100000}},{"type":"Feature","geometry":{"type":"Point","coordinates":[-75.987222222222,35.115277777778]},"properties":{"id":"nwps-OCAN7","layer":"gauge","title":"Pamlico Sound at Ocracoke (in MLLW)","detail":"Forecast 1.5 ft, Below flood stage","severity":0,"value":"1.2 ft","category":"Below flood stage","url":"https://water.noaa.gov/gauges/OCAN7","time":1788135900000}},{"type":"Feature","geometry":{"type":"Point","coordinates":[-77.4978,36.4101]},"properties":{"id":"nwps-OCCN7","layer":"gauge","title":"Roanoke River above Occoneechee Creek at NC158","detail":"Observation only — no NWM forecast at this gauge","severity":-1,"value":"1.6 ft","category":"Gauge offline","url":"https://water.noaa.gov/gauges/OCCN7","time":1788138300000}},{"type":"Feature","geometry":{"type":"Point","coordinates":[-78.435,33.8955]},"properties":{"id":"nwps-OIBN7","layer":"gauge","title":"Intracoastal Waterway at Ocean Isle Beach","detail":"Observation only — no NWM forecast at this gauge","severity":-1,"value":"1.7 ft","category":"Gauge offline","url":"https://water.noaa.gov/gauges/OIBN7","time":1788138300000}},{"type":"Feature","geometry":{"type":"Point","coordinates":[-79.9533333333333,36.1727777777778]},"properties":{"id":"nwps-OKRN7","layer":"gauge","title":"Reedy Creek at NC2128 Nr Oak Ridge","detail":"Observation only — no NWM forecast at this gauge","severity":0,"value":"3.6 ft","category":"Below flood stage","url":"https://water.noaa.gov/gauges/OKRN7","time":1788138000000}},{"type":"Feature","geometry":{"type":"Point","coordinates":[-78.3411,35.0082]},"properties":{"id":"nwps-OMBN7","layer":"gauge","title":"Williams Old Mill Branch at US 421","detail":"Observation only — no NWM forecast at this gauge","severity":0,"value":"6.5 ft","category":"Below flood stage","url":"https://water.noaa.gov/gauges/OMBN7","time":1788138000000}},{"type":"Feature","geometry":{"type":"Point","coordinates":[-75.549722222222,35.796388888889]},"properties":{"id":"nwps-ORIN7","layer":"gauge","title":"Pamlico Sound at Oregon Inlet Marina (in MLLW)","detail":"Forecast 1.6 ft, Below flood stage","severity":0,"value":"1.4 ft","category":"Below flood stage","url":"https://water.noaa.gov/gauges/ORIN7","time":1788138000000}},{"type":"Feature","geometry":{"type":"Point","coordinates":[-76.691944444444,35.024444444444]},"properties":{"id":"nwps-ORLN7","layer":"gauge","title":"Neuse River at Oriental (in MLLW)","detail":"Observation only — no NWM forecast at this gauge","severity":0,"value":"0.5 ft","category":"Below flood stage","url":"https://water.noaa.gov/gauges/ORLN7","time":1788135840000}},{"type":"Feature","geometry":{"type":"Point","coordinates":[-83.385833333333,35.057777777778]},"properties":{"id":"nwps-OTTN7","layer":"gauge","title":"Little Tennessee River near Otto","detail":"Observation only — no NWM forecast at this gauge","severity":-1,"value":"no reading","category":"Gauge offline","url":"https://water.noaa.gov/gauges/OTTN7","time":-62135596800000}},{"type":"Feature","geometry":{"type":"Point","coordinates":[-76.574,34.7808]},"properties":{"id":"nwps-OTWN7","layer":"gauge","title":"Ward Creek at Otway (in MLLW)","detail":"Observation only — no NWM forecast at this gauge","severity":0,"value":"1.4 ft","category":"Below flood stage","url":"https://water.noaa.gov/gauges/OTWN7","time":1788136800000}},{"type":"Feature","geometry":{"type":"Point","coordinates":[-78.625833333333,35.815833333333]},"properties":{"id":"nwps-OWFN7","layer":"gauge","title":"Crabtree Creek at Old Wake Forest Road","detail":"Observation only — no NWM forecast at this gauge","severity":0,"value":"1.2 ft","category":"Below flood stage","url":"https://water.noaa.gov/gauges/OWFN7","time":1788138000000}},{"type":"Feature","geometry":{"type":"Point","coordinates":[-81.19244,35.821289]},"properties":{"id":"nwps-OXFN7","layer":"gauge","title":"Catawba River at Lake Hickory/Oxford Dam","detail":"Observation only — no NWM forecast at this gauge","severity":0,"value":"97.4 ft","category":"Below flood stage","url":"https://water.noaa.gov/gauges/OXFN7","time":1788134400000}},{"type":"Feature","geometry":{"type":"Point","coordinates":[-77.061944444444,35.543333333333]},"properties":{"id":"nwps-PAMN7","layer":"gauge","title":"Pamlico River at Washington (in MLLW)","detail":"Observation only — no NWM forecast at this gauge","severity":0,"value":"2.6 ft","category":"Below flood stage","url":"https://water.noaa.gov/gauges/PAMN7","time":1788134400000}},{"type":"Feature","geometry":{"type":"Point","coordinates":[-81.558333333333,35.990833333333]},"properties":{"id":"nwps-PATN7","layer":"gauge","title":"Yadkin River at Patterson","detail":"Observation only — no NWM forecast at this gauge","severity":0,"value":"1.0 ft","category":"Below flood stage","url":"https://water.noaa.gov/gauges/PATN7","time":1788137100000}},{"type":"Feature","geometry":{"type":"Point","coordinates":[-80.974444444444,35.240277777778]},"properties":{"id":"nwps-PAWN7","layer":"gauge","title":"Paw Creek at Wilkinson Blvd","detail":"Observation only — no NWM forecast at this gauge","severity":0,"value":"1.1 ft","category":"Below flood stage","url":"https://water.noaa.gov/gauges/PAWN7","time":1788138000000}},{"type":"Feature","geometry":{"type":"Point","coordinates":[-77.7945,34.2814]},"properties":{"id":"nwps-PCKN7","layer":"gauge","title":"Pages Creek at Bayshore Drive ","detail":"Observation only — no NWM forecast at this gauge","severity":-1,"value":"-0.2 ft","category":"Gauge offline","url":"https://water.noaa.gov/gauges/PCKN7","time":1788138300000}},{"type":"Feature","geometry":{"type":"Point","coordinates":[-80.061667,35.200555555556]},"properties":{"id":"nwps-PDTN7","layer":"gauge","title":"Pee Dee River at NC730 below Lake Tillery","detail":"Observation only — no NWM forecast at this gauge","severity":-1,"value":"4.2 ft","category":"Gauge offline","url":"https://water.noaa.gov/gauges/PDTN7","time":1788138000000}},{"type":"Feature","geometry":{"type":"Point","coordinates":[-76.953787,36.437166]},"properties":{"id":"nwps-PFMN7","layer":"gauge","title":"Parker's Ferry at Meherrin River","detail":"Observation only — no NWM forecast at this gauge","severity":-1,"value":"0.9 ft","category":"Gauge offline","url":"https://water.noaa.gov/gauges/PFMN7","time":1788137700000}},{"type":"Feature","geometry":{"type":"Point","coordinates":[-77.8728,34.339]},"properties":{"id":"nwps-PGBN7","layer":"gauge","title":"Prince George Creek at Blue Clay Road","detail":"Observation only — no NWM forecast at this gauge","severity":-1,"value":"9.8 ft","category":"Gauge offline","url":"https://water.noaa.gov/gauges/PGBN7","time":1788138300000}},{"type":"Feature","geometry":{"type":"Point","coordinates":[-77.8932,34.3389]},"properties":{"id":"nwps-PGCN7","layer":"gauge","title":"Prince George Creek at Highway 117 ","detail":"Observation only — no NWM forecast at this gauge","severity":-1,"value":"5.9 ft","category":"Gauge offline","url":"https://water.noaa.gov/gauges/PGCN7","time":1788138300000}},{"type":"Feature","geometry":{"type":"Point","coordinates":[-77.9034,34.3444]},"properties":{"id":"nwps-PGHN7","layer":"gauge","title":"Prince George Creek at NC Highway 133","detail":"Observation only — no NWM forecast at this gauge","severity":-1,"value":"2.3 ft","category":"Gauge offline","url":"https://water.noaa.gov/gauges/PGHN7","time":1788138300000}},{"type":"Feature","geometry":{"type":"Point","coordinates":[-78.1931,34.0641]},"properties":{"id":"nwps-PGKN7","layer":"gauge","title":"Pinch Gut Creek at U.S. Highway 17","detail":"Observation only — no NWM forecast at this gauge","severity":-1,"value":"no reading","category":"Gauge offline","url":"https://water.noaa.gov/gauges/PGKN7","time":-62135596800000}},{"type":"Feature","geometry":{"type":"Point","coordinates":[-77.372777777778,35.616666666667]},"properties":{"id":"nwps-PGVN7","layer":"gauge","title":"Tar River at Greenville","detail":"Observation only — no NWM forecast at this gauge","severity":0,"value":"4.7 ft","category":"Below flood stage","url":"https://water.noaa.gov/gauges/PGVN7","time":1788138000000}},{"type":"Feature","geometry":{"type":"Point","coordinates":[-78.6202,35.8029]},"properties":{"id":"nwps-PHFN7","layer":"gauge","title":"Pigeon House Creek at Fenton St","detail":"Observation only — no NWM forecast at this gauge","severity":0,"value":"3.9 ft","category":"Below flood stage","url":"https://water.noaa.gov/gauges/PHFN7","time":1788138000000}},{"type":"Feature","geometry":{"type":"Point","coordinates":[-78.654722222222,35.787222222222]},"properties":{"id":"nwps-PIGN7","layer":"gauge","title":"Pigeon House Creek at Cameron Village","detail":"Observation only — no NWM forecast at this gauge","severity":0,"value":"1.4 ft","category":"Below flood stage","url":"https://water.noaa.gov/gauges/PIGN7","time":1788138000000}},{"type":"Feature","geometry":{"type":"Point","coordinates":[-80.882222222222,35.085277777778]},"properties":{"id":"nwps-PINN7","layer":"gauge","title":"Little Sugar Creek (NC) at NC51 Pineville","detail":"Observation only — no NWM forecast at this gauge","severity":0,"value":"1.7 ft","category":"Below flood stage","url":"https://water.noaa.gov/gauges/PINN7","time":1788138000000}},{"type":"Feature","geometry":{"type":"Point","coordinates":[-77.3456,35.6443]},"properties":{"id":"nwps-PKCN7","layer":"gauge","title":"Parker Creek above Greenville","detail":"Observation only — no NWM forecast at this gauge","severity":0,"value":"5.2 ft","category":"Below flood stage","url":"https://water.noaa.gov/gauges/PKCN7","time":1788138300000}},{"type":"Feature","geometry":{"type":"Point","coordinates":[-82.060277777778,35.685833333333]},"properties":{"id":"nwps-PLGN7","layer":"gauge","title":"Catawba River near Pleasant Gardens","detail":"Observation only — no NWM forecast at this gauge","severity":0,"value":"1.2 ft","category":"Below flood stage","url":"https://water.noaa.gov/gauges/PLGN7","time":1788137100000}},{"type":"Feature","geometry":{"type":"Point","coordinates":[-77.21889,35.01]},"properties":{"id":"nwps-PLLN7","layer":"gauge","title":"Trent River at Pollocksville","detail":"Observation only — no NWM forecast at this gauge","severity":0,"value":"1.9 ft","category":"Below flood stage","url":"https://water.noaa.gov/gauges/PLLN7","time":1788135300000}},{"type":"Feature","geometry":{"type":"Point","coordinates":[-79.235833333333,34.68]},"properties":{"id":"nwps-PMBN7","layer":"gauge","title":"Lumber River near Pembroke","detail":"Observation only — no NWM forecast at this gauge","severity":0,"value":"5.5 ft","category":"Below flood stage","url":"https://water.noaa.gov/gauges/PMBN7","time":1788135600000}},{"type":"Feature","geometry":{"type":"Point","coordinates":[-76.4856,35.5852]},"properties":{"id":"nwps-PNGN7","layer":"gauge","title":"Pungo River near Fairfield (in MLLW)","detail":"Observation only — no NWM forecast at this gauge","severity":-1,"value":"1.1 ft","category":"Gauge offline","url":"https://water.noaa.gov/gauges/PNGN7","time":1788136200000}},{"type":"Feature","geometry":{"type":"Point","coordinates":[-80.0500424,36.31930349]},"properties":{"id":"nwps-PNHN7","layer":"gauge","title":"Dan River at Pine Hall","detail":"Observation only — no NWM forecast at this gauge","severity":0,"value":"1.6 ft","category":"Below flood stage","url":"https://water.noaa.gov/gauges/PNHN7","time":1788135300000}},{"type":"Feature","geometry":{"type":"Point","coordinates":[-78.160555555556,35.511111111111]},"properties":{"id":"nwps-PNTN7","layer":"gauge","title":"Little River near Princeton","detail":"Observation only — no NWM forecast at this gauge","severity":0,"value":"0.5 ft","category":"Below flood stage","url":"https://water.noaa.gov/gauges/PNTN7","time":1788136200000}},{"type":"Feature","geometry":{"type":"Point","coordinates":[-80.899444,35.090833]},"properties":{"id":"nwps-PNVN7","layer":"gauge","title":"Sugar Creek at Rock Hill-Pineville Rd (NC 51), 1 WNW Pineville","detail":"Observation only — no NWM forecast at this gauge","severity":0,"value":"1.0 ft","category":"Below flood stage","url":"https://water.noaa.gov/gauges/PNVN7","time":1788138000000}},{"type":"Feature","geometry":{"type":"Point","coordinates":[-75.61539,35.89872]},"properties":{"id":"nwps-POIN7","layer":"gauge","title":"Roanoke Sound at Pond Island","detail":"Observation only — no NWM forecast at this gauge","severity":0,"value":"0.7 ft","category":"Below flood stage","url":"https://water.noaa.gov/gauges/POIN7","time":1788138300000}},{"type":"Feature","geometry":{"type":"Point","coordinates":[-77.0255555555556,36.3708333333333]},"properties":{"id":"nwps-POTN7","layer":"gauge","title":"Potecasi Creek near Union","detail":"Observation only — no NWM forecast at this gauge","severity":-1,"value":"2.7 ft","category":"Gauge offline","url":"https://water.noaa.gov/gauges/POTN7","time":1788134400000}},{"type":"Feature","geometry":{"type":"Point","coordinates":[-79.991388888889,36.533888888889]},"properties":{"id":"nwps-PRIN7","layer":"gauge","title":"Mayo River near Price","detail":"Observation only — no NWM forecast at this gauge","severity":0,"value":"0.8 ft","category":"Below flood stage","url":"https://water.noaa.gov/gauges/PRIN7","time":1788137100000}},{"type":"Feature","geometry":{"type":"Point","coordinates":[-83.379722222222,35.15]},"properties":{"id":"nwps-PRTN7","layer":"gauge","title":"Little Tennessee River near Prentiss","detail":"Observation only — no NWM forecast at this gauge","severity":0,"value":"1.5 ft","category":"Below flood stage","url":"https://water.noaa.gov/gauges/PRTN7","time":1788136200000}},{"type":"Feature","geometry":{"type":"Point","coordinates":[-76.3425,36.421388888889]},"properties":{"id":"nwps-PSQN7","layer":"gauge","title":"Pasquotank River near South Mills","detail":"Observation only — no NWM forecast at this gauge","severity":-1,"value":"6.5 ft","category":"Gauge offline","url":"https://water.noaa.gov/gauges/PSQN7","time":1788135300000}},{"type":"Feature","geometry":{"type":"Point","coordinates":[-75.768344,36.0867]},"properties":{"id":"nwps-PTHN7","layer":"gauge","title":"Currituck Sound at US 158 Near Point Harbor","detail":"Observation only — no NWM forecast at this gauge","severity":-1,"value":"no reading","category":"Gauge offline","url":"https://water.noaa.gov/gauges/PTHN7","time":-62135596800000}},{"type":"Feature","geometry":{"type":"Point","coordinates":[-80.064166666667,35.109444444444]},"properties":{"id":"nwps-PWRN7","layer":"gauge","title":"Pee Dee River near Ansonville","detail":"Observation only — no NWM forecast at this gauge","severity":0,"value":"4.9 ft","category":"Below flood stage","url":"https://water.noaa.gov/gauges/PWRN7","time":1788135300000}},{"type":"Feature","geometry":{"type":"Point","coordinates":[-83.6563888,35.2755555]},"properties":{"id":"nwps-QCDN7","layer":"gauge","title":"Queen Creek at QUEENS CREEK DAM","detail":"Observation only — no NWM forecast at this gauge","severity":0,"value":"92.9 ft","category":"Below flood stage","url":"https://water.noaa.gov/gauges/QCDN7","time":1788134400000}},{"type":"Feature","geometry":{"type":"Point","coordinates":[-77.22242,34.71287]},"properties":{"id":"nwps-QUCN7","layer":"gauge","title":"Queen Creek near Hubert","detail":"Observation only — no NWM forecast at this gauge","severity":-1,"value":"0.1 ft","category":"Gauge offline","url":"https://water.noaa.gov/gauges/QUCN7","time":1788138300000}},{"type":"Feature","geometry":{"type":"Point","coordinates":[-83.618611111111,35.1275]},"properties":{"id":"nwps-RAIN7","layer":"gauge","title":"Nantahala River near Rainbow Springs","detail":"Observation only — no NWM forecast at this gauge","severity":0,"value":"1.0 ft","category":"Below flood stage","url":"https://water.noaa.gov/gauges/RAIN7","time":1788136200000}},{"type":"Feature","geometry":{"type":"Point","coordinates":[-77.658611111111,36.486111111111]},"properties":{"id":"nwps-RAPN7","layer":"gauge","title":"Roanoke River above Roanoke Rapids Dam","detail":"Observation only — no NWM forecast at this gauge","severity":0,"value":"129.9 ft","category":"Below flood stage","url":"https://water.noaa.gov/gauges/RAPN7","time":1788091200000}},{"type":"Feature","geometry":{"type":"Point","coordinates":[-77.1346,35.0693]},"properties":{"id":"nwps-RBDN7","layer":"gauge","title":"Trent River near River Bend (in MLLW)","detail":"Observation only — no NWM forecast at this gauge","severity":0,"value":"0.5 ft","category":"Below flood stage","url":"https://water.noaa.gov/gauges/RBDN7","time":1788138300000}},{"type":"Feature","geometry":{"type":"Point","coordinates":[-78.666388888889,35.78]},"properties":{"id":"nwps-RBRN7","layer":"gauge","title":"Rocky Branch at Pullen Park in Raleigh","detail":"Observation only — no NWM forecast at this gauge","severity":0,"value":"4.7 ft","category":"Below flood stage","url":"https://water.noaa.gov/gauges/RBRN7","time":1788138000000}},{"type":"Feature","geometry":{"type":"Point","coordinates":[-79.0161,35.0107]},"properties":{"id":"nwps-RCCN7","layer":"gauge","title":"Little Rockfish Creek at Strickland Bridge Rd","detail":"Observation only — no NWM forecast at this gauge","severity":0,"value":"5.7 ft","category":"Below flood stage","url":"https://water.noaa.gov/gauges/RCCN7","time":1788138000000}},{"type":"Feature","geometry":{"type":"Point","coordinates":[-79.869722222222,34.945833333333]},"properties":{"id":"nwps-RCKN7","layer":"gauge","title":"Pee Dee River near Rockingham","detail":"Observation only — no NWM forecast at this gauge","severity":0,"value":"2.4 ft","category":"Below flood stage","url":"https://water.noaa.gov/gauges/RCKN7","time":1788137100000}},{"type":"Feature","geometry":{"type":"Point","coordinates":[-77.539,34.907]},"properties":{"id":"nwps-RCLN7","layer":"gauge","title":"Mill Swamp at Richlands","detail":"Observation only — no NWM forecast at this gauge","severity":0,"value":"3.6 ft","category":"Below flood stage","url":"https://water.noaa.gov/gauges/RCLN7","time":1788138300000}},{"type":"Feature","geometry":{"type":"Point","coordinates":[-82.040555555556,36.086944444444]},"properties":{"id":"nwps-RCSN7","layer":"gauge","title":"Roaring Creek (NC) at Roaring Creek rd near Valley","detail":"Observation only — no NWM forecast at this gauge","severity":-1,"value":"no reading","category":"Gauge offline","url":"https://water.noaa.gov/gauges/RCSN7","time":-62135596800000}},{"type":"Feature","geometry":{"type":"Point","coordinates":[-82.471944444444,35.631388888889]},"properties":{"id":"nwps-RCVN7","layer":"gauge","title":"Bull Creek (NC) at Riceville road near Riceville","detail":"Observation only — no NWM forecast at this gauge","severity":-1,"value":"no reading","category":"Gauge offline","url":"https://water.noaa.gov/gauges/RCVN7","time":-62135596800000}},{"type":"Feature","geometry":{"type":"Point","coordinates":[-80.662777777778,35.258611111111]},"properties":{"id":"nwps-RDCN7","layer":"gauge","title":"Reedy Creek below I-485 nr Pine Ridge","detail":"Observation only — no NWM forecast at this gauge","severity":0,"value":"1.8 ft","category":"Below flood stage","url":"https://water.noaa.gov/gauges/RDCN7","time":1788138000000}},{"type":"Feature","geometry":{"type":"Point","coordinates":[-75.46106,35.58506]},"properties":{"id":"nwps-RDPN7","layer":"gauge","title":"Atlantic Coast at Rodanthe Pier","detail":"Observation only — no NWM forecast at this gauge","severity":-1,"value":"no reading","category":"Gauge offline","url":"https://water.noaa.gov/gauges/RDPN7","time":-62135596800000}},{"type":"Feature","geometry":{"type":"Point","coordinates":[-81.168888888889,36.175]},"properties":{"id":"nwps-REDN7","layer":"gauge","title":"Reddies River at N. Wilkesboro","detail":"Observation only — no NWM forecast at this gauge","severity":0,"value":"1.0 ft","category":"Below flood stage","url":"https://water.noaa.gov/gauges/REDN7","time":1788134400000}},{"type":"Feature","geometry":{"type":"Point","coordinates":[-79.5104,36.1729]},"properties":{"id":"nwps-REFN7","layer":"gauge","title":"Reedy Fork at Old NC-87","detail":"Observation only — no NWM forecast at this gauge","severity":-1,"value":"1.2 ft","category":"Gauge offline","url":"https://water.noaa.gov/gauges/REFN7","time":1788138300000}},{"type":"Feature","geometry":{"type":"Point","coordinates":[-80.700555555556,35.256388888889]},"properties":{"id":"nwps-REYN7","layer":"gauge","title":"Reedy Creek at SR 2803","detail":"Observation only — no NWM forecast at this gauge","severity":0,"value":"1.6 ft","category":"Below flood stage","url":"https://water.noaa.gov/gauges/REYN7","time":1788135300000}},{"type":"Feature","geometry":{"type":"Point","coordinates":[-77.9814,34.7405]},"properties":{"id":"nwps-RFCN7","layer":"gauge","title":"Little Rockfish Creek at Wallace","detail":"Observation only — no NWM forecast at this gauge","severity":0,"value":"0.8 ft","category":"Below flood stage","url":"https://water.noaa.gov/gauges/RFCN7","time":1788138300000}},{"type":"Feature","geometry":{"type":"Point","coordinates":[-79.215277777778,34.998611111111]},"properties":{"id":"nwps-RFDN7","layer":"gauge","title":"Rockfish Creek near Raeford","detail":"Observation only — no NWM forecast at this gauge","severity":0,"value":"4.6 ft","category":"Below flood stage","url":"https://water.noaa.gov/gauges/RFDN7","time":1788135300000}},{"type":"Feature","geometry":{"type":"Point","coordinates":[-77.989,34.7168]},"properties":{"id":"nwps-RFWN7","layer":"gauge","title":"Rockfish Creek at Willard Railroad Street","detail":"Observation only — no NWM forecast at this gauge","severity":-1,"value":"6.9 ft","category":"Gauge offline","url":"https://water.noaa.gov/gauges/RFWN7","time":1788138300000}},{"type":"Feature","geometry":{"type":"Point","coordinates":[-78.899607,34.961029]},"properties":{"id":"nwps-RFYN7","layer":"gauge","title":"Rockfish Creek at Research Dr near Fayetteville","detail":"Observation only — no NWM forecast at this gauge","severity":0,"value":"3.1 ft","category":"Below flood stage","url":"https://water.noaa.gov/gauges/RFYN7","time":1788138300000}},{"type":"Feature","geometry":{"type":"Point","coordinates":[-81.438092,35.773282]},"properties":{"id":"nwps-RHON7","layer":"gauge","title":"Catawba River at Lake Rhodhiss Dam","detail":"Observation only — no NWM forecast at this gauge","severity":0,"value":"96.5 ft","category":"Below flood stage","url":"https://water.noaa.gov/gauges/RHON7","time":1788134400000}},{"type":"Feature","geometry":{"type":"Point","coordinates":[-83.011862,35.46108]},"properties":{"id":"nwps-RLAN7","layer":"gauge","title":"Richland Creek (NC) at Autumn Care","detail":"Observation only — no NWM forecast at this gauge","severity":0,"value":"3.9 ft","category":"Below flood stage","url":"https://water.noaa.gov/gauges/RLAN7","time":1788136200000}},{"type":"Feature","geometry":{"type":"Point","coordinates":[-82.999166666667,35.489166666667]},"properties":{"id":"nwps-RLCN7","layer":"gauge","title":"Richland Creek (NC) at Waynesville","detail":"Observation only — no NWM forecast at this gauge","severity":-1,"value":"no reading","category":"Gauge offline","url":"https://water.noaa.gov/gauges/RLCN7","time":-62135596800000}},{"type":"Feature","geometry":{"type":"Point","coordinates":[-78.673888888889,35.8375]},"properties":{"id":"nwps-RLHN7","layer":"gauge","title":"Crabtree Creek at Glenwood Ave","detail":"Observation only — no NWM forecast at this gauge","severity":0,"value":"4.6 ft","category":"Below flood stage","url":"https://water.noaa.gov/gauges/RLHN7","time":1788137700000}},{"type":"Feature","geometry":{"type":"Point","coordinates":[-77.830555555556,35.925]},"properties":{"id":"nwps-RMBN7","layer":"gauge","title":"Tar River at US301 Bypass at Rocky Mount","detail":"Observation only — no NWM forecast at this gauge","severity":0,"value":"1.6 ft","category":"Below flood stage","url":"https://water.noaa.gov/gauges/RMBN7","time":1788135600000}},{"type":"Feature","geometry":{"type":"Point","coordinates":[-75.669072,35.910822]},"properties":{"id":"nwps-RMLN7","layer":"gauge","title":"Shallowbag Bay at Manteo (in MLLW)","detail":"Observation only — no NWM forecast at this gauge","severity":0,"value":"0.9 ft","category":"Below flood stage","url":"https://water.noaa.gov/gauges/RMLN7","time":1788138300000}},{"type":"Feature","geometry":{"type":"Point","coordinates":[-79.655555555556,35.726111111111]},"properties":{"id":"nwps-RMSN7","layer":"gauge","title":"Deep River at Ramseur","detail":"Observation only — no NWM forecast at this gauge","severity":0,"value":"1.1 ft","category":"Below flood stage","url":"https://water.noaa.gov/gauges/RMSN7","time":1788137100000}},{"type":"Feature","geometry":{"type":"Point","coordinates":[-77.87611,36.18333]},"properties":{"id":"nwps-RNGN7","layer":"gauge","title":"Little Fishing Creek near Ringwood","detail":"Observation only — no NWM forecast at this gauge","severity":0,"value":"1.3 ft","category":"Below flood stage","url":"https://water.noaa.gov/gauges/RNGN7","time":1788134400000}},{"type":"Feature","geometry":{"type":"Point","coordinates":[-75.470031,35.595547]},"properties":{"id":"nwps-ROFN7","layer":"gauge","title":"Pamlico Sound at Rodanthe Ferry Terminal (in MLLW)","detail":"Observation only — no NWM forecast at this gauge","severity":0,"value":"0.7 ft","category":"Below flood stage","url":"https://water.noaa.gov/gauges/ROFN7","time":1788135840000}},{"type":"Feature","geometry":{"type":"Point","coordinates":[-77.7875,35.954166666667]},"properties":{"id":"nwps-ROKN7","layer":"gauge","title":"Tar River at NC97 In Rocky Mount","detail":"Forecast 3.1 ft, Below flood stage","severity":0,"value":"3.0 ft","category":"Below flood stage","url":"https://water.noaa.gov/gauges/ROKN7","time":1788137100000}},{"type":"Feature","geometry":{"type":"Point","coordinates":[-76.6181,35.8758]},"properties":{"id":"nwps-ROPN7","layer":"gauge","title":"Kendrick Creek at Roper","detail":"Observation only — no NWM forecast at this gauge","severity":0,"value":"0.4 ft","category":"Below flood stage","url":"https://water.noaa.gov/gauges/ROPN7","time":1788138300000}},{"type":"Feature","geometry":{"type":"Point","coordinates":[-82.824166666667,35.142222222222]},"properties":{"id":"nwps-ROSN7","layer":"gauge","title":"French Broad River at Rosman","detail":"Observation only — no NWM forecast at this gauge","severity":0,"value":"2.0 ft","category":"Below flood stage","url":"https://water.noaa.gov/gauges/ROSN7","time":1788135300000}},{"type":"Feature","geometry":{"type":"Point","coordinates":[-82.294166666667,35.438333333333]},"properties":{"id":"nwps-RPTN7","layer":"gauge","title":"Reedy Patch Creek near Bat Cave","detail":"Observation only — no NWM forecast at this gauge","severity":-1,"value":"no reading","category":"Gauge offline","url":"https://water.noaa.gov/gauges/RPTN7","time":-62135596800000}},{"type":"Feature","geometry":{"type":"Point","coordinates":[-77.634444444444,36.460277777778]},"properties":{"id":"nwps-RRDN7","layer":"gauge","title":"Roanoke River at Roanoke Rapids","detail":"Observation only — no NWM forecast at this gauge","severity":0,"value":"3.0 ft","category":"Below flood stage","url":"https://water.noaa.gov/gauges/RRDN7","time":1788137100000}},{"type":"Feature","geometry":{"type":"Point","coordinates":[-79.180723,34.823975]},"properties":{"id":"nwps-RSPN7","layer":"gauge","title":"Little Raft Swamp at Red Springs","detail":"Observation only — no NWM forecast at this gauge","severity":-1,"value":"6.1 ft","category":"Gauge offline","url":"https://water.noaa.gov/gauges/RSPN7","time":1788138300000}},{"type":"Feature","geometry":{"type":"Point","coordinates":[-79.0927,34.77]},"properties":{"id":"nwps-RSRN7","layer":"gauge","title":"Raft Creek at SR 1318 McQueen Road","detail":"Observation only — no NWM forecast at this gauge","severity":-1,"value":"4.3 ft","category":"Gauge offline","url":"https://water.noaa.gov/gauges/RSRN7","time":1788138300000}},{"type":"Feature","geometry":{"type":"Point","coordinates":[-82.919722222222,35.426666666667]},"properties":{"id":"nwps-RTRN7","layer":"gauge","title":"Pigeon River (NC) near (W Fork) nr Retreat","detail":"Observation only — no NWM forecast at this gauge","severity":-1,"value":"no reading","category":"Gauge offline","url":"https://water.noaa.gov/gauges/RTRN7","time":-62135596800000}},{"type":"Feature","geometry":{"type":"Point","coordinates":[-79.79611,36.03111]},"properties":{"id":"nwps-RYAN7","layer":"gauge","title":"Ryan Creek below US220 at Greensboro","detail":"Observation only — no NWM forecast at this gauge","severity":0,"value":"1.0 ft","category":"Below flood stage","url":"https://water.noaa.gov/gauges/RYAN7","time":1788138000000}},{"type":"Feature","geometry":{"type":"Point","coordinates":[-75.7725,36.2233]},"properties":{"id":"nwps-SAAN7","layer":"gauge","title":"Currituck Sound at Sanderling Resort","detail":"Observation only — no NWM forecast at this gauge","severity":-1,"value":"0.6 ft","category":"Gauge offline","url":"https://water.noaa.gov/gauges/SAAN7","time":1788138300000}},{"type":"Feature","geometry":{"type":"Point","coordinates":[-79.725555555556,36.06]},"properties":{"id":"nwps-SBCN7","layer":"gauge","title":"South Buffalo Creek at McConnell Rd Nr Greensboro","detail":"Observation only — no NWM forecast at this gauge","severity":0,"value":"10.6 ft","category":"Below flood stage","url":"https://water.noaa.gov/gauges/SBCN7","time":1788136200000}},{"type":"Feature","geometry":{"type":"Point","coordinates":[-79.800277777778,36.037777777778]},"properties":{"id":"nwps-SBHN7","layer":"gauge","title":"South Buffalo Creek at US220 Nr Greensboro","detail":"Observation only — no NWM forecast at this gauge","severity":0,"value":"1.9 ft","category":"Below flood stage","url":"https://water.noaa.gov/gauges/SBHN7","time":1788138000000}},{"type":"Feature","geometry":{"type":"Point","coordinates":[-78.5112,33.8813]},"properties":{"id":"nwps-SBNN7","layer":"gauge","title":"Atlantic Intracoastal Waterway at Sunset Blvd Bridge ","detail":"Observation only — no NWM forecast at this gauge","severity":-1,"value":"1.9 ft","category":"Gauge offline","url":"https://water.noaa.gov/gauges/SBNN7","time":1788138300000}},{"type":"Feature","geometry":{"type":"Point","coordinates":[-79.856111111111,36.049722222222]},"properties":{"id":"nwps-SBPN7","layer":"gauge","title":"South Buffalo Creek near Pomona","detail":"Observation only — no NWM forecast at this gauge","severity":0,"value":"0.8 ft","category":"Below flood stage","url":"https://water.noaa.gov/gauges/SBPN7","time":1788138000000}},{"type":"Feature","geometry":{"type":"Point","coordinates":[-83.885555555556,35.296944444444]},"properties":{"id":"nwps-SBRN7","layer":"gauge","title":"Snowbird Creek near Milltown","detail":"Observation only — no NWM forecast at this gauge","severity":-1,"value":"no reading","category":"Gauge offline","url":"https://water.noaa.gov/gauges/SBRN7","time":-62135596800000}},{"type":"Feature","geometry":{"type":"Point","coordinates":[-83.235555555556,35.465]},"properties":{"id":"nwps-SCCN7","layer":"gauge","title":"Soco Creek at Wolfetown Road","detail":"Observation only — no NWM forecast at this gauge","severity":-1,"value":"8.6 ft","category":"Gauge offline","url":"https://water.noaa.gov/gauges/SCCN7","time":1788138300000}},{"type":"Feature","geometry":{"type":"Point","coordinates":[-77.96,35.376]},"properties":{"id":"nwps-SCGN7","layer":"gauge","title":"Stony Creek at Bus US 70","detail":"Observation only — no NWM forecast at this gauge","severity":0,"value":"2.7 ft","category":"Below flood stage","url":"https://water.noaa.gov/gauges/SCGN7","time":1788138300000}},{"type":"Feature","geometry":{"type":"Point","coordinates":[-83.188333333333,35.393611111111]},"properties":{"id":"nwps-SCKN7","layer":"gauge","title":"Scotts Creek near Beta","detail":"Observation only — no NWM forecast at this gauge","severity":0,"value":"2.9 ft","category":"Below flood stage","url":"https://water.noaa.gov/gauges/SCKN7","time":1788129600000}},{"type":"Feature","geometry":{"type":"Point","coordinates":[-77.383888888889,36.209166666667]},"properties":{"id":"nwps-SCON7","layer":"gauge","title":"Roanoke River near Scotland Neck","detail":"Observation only — no NWM forecast at this gauge","severity":0,"value":"5.2 ft","category":"Below flood stage","url":"https://water.noaa.gov/gauges/SCON7","time":1788134400000}},{"type":"Feature","geometry":{"type":"Point","coordinates":[-76.3374,35.8778]},"properties":{"id":"nwps-SCPN7","layer":"gauge","title":"Scuppernong River near Woodley","detail":"Observation only — no NWM forecast at this gauge","severity":-1,"value":"0.5 ft","category":"Gauge offline","url":"https://water.noaa.gov/gauges/SCPN7","time":1788137100000}},{"type":"Feature","geometry":{"type":"Point","coordinates":[-78.794474,35.752421]},"properties":{"id":"nwps-SCQN7","layer":"gauge","title":"Swift Creek Upstream of Queensferry Rd","detail":"Observation only — no NWM forecast at this gauge","severity":0,"value":"0.6 ft","category":"Below flood stage","url":"https://water.noaa.gov/gauges/SCQN7","time":1788138000000}},{"type":"Feature","geometry":{"type":"Point","coordinates":[-78.956666666667,35.983333333333334]},"properties":{"id":"nwps-SCRN7","layer":"gauge","title":"Sandy Creek at Cornwallis Rd","detail":"Observation only — no NWM forecast at this gauge","severity":0,"value":"1.9 ft","category":"Below flood stage","url":"https://water.noaa.gov/gauges/SCRN7","time":1788137100000}},{"type":"Feature","geometry":{"type":"Point","coordinates":[-83.253888888889,35.366666666667]},"properties":{"id":"nwps-SCTN7","layer":"gauge","title":"Tuckasegee River near Scott's Creek inflow","detail":"Observation only — no NWM forecast at this gauge","severity":0,"value":"10.1 ft","category":"Below flood stage","url":"https://water.noaa.gov/gauges/SCTN7","time":1788137700000}},{"type":"Feature","geometry":{"type":"Point","coordinates":[-78.76389,35.7873]},"properties":{"id":"nwps-SEDN7","layer":"gauge","title":"Walnut Creek (NC) below Maynard St in Cary","detail":"Observation only — no NWM forecast at this gauge","severity":0,"value":"1.4 ft","category":"Below flood stage","url":"https://water.noaa.gov/gauges/SEDN7","time":1788138300000}},{"type":"Feature","geometry":{"type":"Point","coordinates":[-78.76439,35.78749]},"properties":{"id":"nwps-SEMN7","layer":"gauge","title":"Walnut Creek (NC) above Maynard St in Cary","detail":"Observation only — no NWM forecast at this gauge","severity":-1,"value":"no reading","category":"Gauge offline","url":"https://water.noaa.gov/gauges/SEMN7","time":-62135596800000}},{"type":"Feature","geometry":{"type":"Point","coordinates":[-81.5521,36.2764]},"properties":{"id":"nwps-SFBN7","layer":"gauge","title":"South Fork New River at SR 1100 near Brownwood","detail":"Observation only — no NWM forecast at this gauge","severity":0,"value":"3.5 ft","category":"Below flood stage","url":"https://water.noaa.gov/gauges/SFBN7","time":1788138300000}},{"type":"Feature","geometry":{"type":"Point","coordinates":[-78.4986,35.575]},"properties":{"id":"nwps-SFCN7","layer":"gauge","title":"Swift Creek at SR1555 Nr Clayton","detail":"Observation only — no NWM forecast at this gauge","severity":0,"value":"1.4 ft","category":"Below flood stage","url":"https://water.noaa.gov/gauges/SFCN7","time":1788135300000}},{"type":"Feature","geometry":{"type":"Point","coordinates":[-83.242777777778,35.578888888889]},"properties":{"id":"nwps-SFKN7","layer":"gauge","title":"Straight Fork Creek near the Tribal Hatchery","detail":"Observation only — no NWM forecast at this gauge","severity":-1,"value":"no reading","category":"Gauge offline","url":"https://water.noaa.gov/gauges/SFKN7","time":-62135596800000}},{"type":"Feature","geometry":{"type":"Point","coordinates":[-78.69222,35.69361]},"properties":{"id":"nwps-SFTN7","layer":"gauge","title":"Swift Creek above McCuller's Crossroads","detail":"Observation only — no NWM forecast at this gauge","severity":0,"value":"1.7 ft","category":"Below flood stage","url":"https://water.noaa.gov/gauges/SFTN7","time":1788137100000}},{"type":"Feature","geometry":{"type":"Point","coordinates":[-81.822327,36.239028]},"properties":{"id":"nwps-SGWN7","layer":"gauge","title":"Watauga River near Sugar Grove","detail":"Observation only — no NWM forecast at this gauge","severity":0,"value":"1.5 ft","category":"Below flood stage","url":"https://water.noaa.gov/gauges/SGWN7","time":1788136200000}},{"type":"Feature","geometry":{"type":"Point","coordinates":[-77.8057,34.6125]},"properties":{"id":"nwps-SHKN7","layer":"gauge","title":"Shelter Creek at Shaw Highway","detail":"Observation only — no NWM forecast at this gauge","severity":-1,"value":"1.7 ft","category":"Gauge offline","url":"https://water.noaa.gov/gauges/SHKN7","time":1788138300000}},{"type":"Feature","geometry":{"type":"Point","coordinates":[-77.7259,35.5066]},"properties":{"id":"nwps-SHPN7","layer":"gauge","title":"Contentnea Creek at Sheppard Ferry","detail":"Observation only — no NWM forecast at this gauge","severity":0,"value":"6.8 ft","category":"Below flood stage","url":"https://water.noaa.gov/gauges/SHPN7","time":1788138300000}},{"type":"Feature","geometry":{"type":"Point","coordinates":[-78.5972,33.9278]},"properties":{"id":"nwps-SHSN7","layer":"gauge","title":"Shingletree Swamp near Calabash","detail":"Observation only — no NWM forecast at this gauge","severity":-1,"value":"8.4 ft","category":"Gauge offline","url":"https://water.noaa.gov/gauges/SHSN7","time":1788138000000}},{"type":"Feature","geometry":{"type":"Point","coordinates":[-80.828611111111,35.010277777778]},"properties":{"id":"nwps-SIXN7","layer":"gauge","title":"Sixmile Creek (NC) near PINEVILLE #6512","detail":"Observation only — no NWM forecast at this gauge","severity":-1,"value":"no reading","category":"Gauge offline","url":"https://water.noaa.gov/gauges/SIXN7","time":-62135596800000}},{"type":"Feature","geometry":{"type":"Point","coordinates":[-79.42307,35.73514]},"properties":{"id":"nwps-SLCN7","layer":"gauge","title":"Rocky River  at Siler City","detail":"Observation only — no NWM forecast at this gauge","severity":0,"value":"2.5 ft","category":"Below flood stage","url":"https://water.noaa.gov/gauges/SLCN7","time":1788136200000}},{"type":"Feature","geometry":{"type":"Point","coordinates":[-76.0692,36.4532]},"properties":{"id":"nwps-SLGN7","layer":"gauge","title":"Currituck Sound near Buckskin Creek at NC 168 near Sligo","detail":"Observation only — no NWM forecast at this gauge","severity":0,"value":"0.7 ft","category":"Below flood stage","url":"https://water.noaa.gov/gauges/SLGN7","time":1788138300000}},{"type":"Feature","geometry":{"type":"Point","coordinates":[-79.0742,35.8998]},"properties":{"id":"nwps-SLRN7","layer":"gauge","title":"Morgan Creek at Smith Level Rd in Chapel Hill","detail":"Observation only — no NWM forecast at this gauge","severity":-1,"value":"2.3 ft","category":"Gauge offline","url":"https://water.noaa.gov/gauges/SLRN7","time":1788138300000}},{"type":"Feature","geometry":{"type":"Point","coordinates":[-75.68978,35.21803]},"properties":{"id":"nwps-SLSN7","layer":"gauge","title":"Slash Creek at Hatteras Village (in MLLW)","detail":"Observation only — no NWM forecast at this gauge","severity":0,"value":"0.2 ft","category":"Below flood stage","url":"https://water.noaa.gov/gauges/SLSN7","time":1788138300000}},{"type":"Feature","geometry":{"type":"Point","coordinates":[-78.703408,35.768783]},"properties":{"id":"nwps-SMBN7","layer":"gauge","title":"Simmons Branch at Lail Court near Raleigh, NC","detail":"Observation only — no NWM forecast at this gauge","severity":-1,"value":"no reading","category":"Gauge offline","url":"https://water.noaa.gov/gauges/SMBN7","time":-62135596800000}},{"type":"Feature","geometry":{"type":"Point","coordinates":[-78.35,35.512777777778]},"properties":{"id":"nwps-SMFN7","layer":"gauge","title":"Neuse River at Smithfield","detail":"Forecast 4.9 ft, Below flood stage","severity":0,"value":"5.0 ft","category":"Below flood stage","url":"https://water.noaa.gov/gauges/SMFN7","time":1788135300000}},{"type":"Feature","geometry":{"type":"Point","coordinates":[-76.325,36.4394]},"properties":{"id":"nwps-SMLN7","layer":"gauge","title":"Great Dismal Swamp Canal near Joyce Creek near South Mills","detail":"Observation only — no NWM forecast at this gauge","severity":-1,"value":"1.0 ft","category":"Gauge offline","url":"https://water.noaa.gov/gauges/SMLN7","time":1788136200000}},{"type":"Feature","geometry":{"type":"Point","coordinates":[-80.869167,35.228333]},"properties":{"id":"nwps-SMON7","layer":"gauge","title":"Stewart Creek at W Morehead St (US 29), in Wesley Heights","detail":"Observation only — no NWM forecast at this gauge","severity":0,"value":"1.3 ft","category":"Below flood stage","url":"https://water.noaa.gov/gauges/SMON7","time":1788138000000}},{"type":"Feature","geometry":{"type":"Point","coordinates":[-80.771111111111,35.236111111111]},"properties":{"id":"nwps-SMRN7","layer":"gauge","title":"Briar Creek at Shamrock Drive","detail":"Observation only — no NWM forecast at this gauge","severity":0,"value":"1.3 ft","category":"Below flood stage","url":"https://water.noaa.gov/gauges/SMRN7","time":1788138000000}},{"type":"Feature","geometry":{"type":"Point","coordinates":[-75.79005,36.080329]},"properties":{"id":"nwps-SNDN7","layer":"gauge","title":"Currituck Sound at Currituck Sound at NC 158","detail":"Observation only — no NWM forecast at this gauge","severity":0,"value":"0.3 ft","category":"Below flood stage","url":"https://water.noaa.gov/gauges/SNDN7","time":1788137100000}},{"type":"Feature","geometry":{"type":"Point","coordinates":[-77.67,35.4568]},"properties":{"id":"nwps-SNHN7","layer":"gauge","title":"Contentnea Creek at Snow Hill","detail":"Observation only — no NWM forecast at this gauge","severity":0,"value":"7.1 ft","category":"Below flood stage","url":"https://water.noaa.gov/gauges/SNHN7","time":1788138000000}},{"type":"Feature","geometry":{"type":"Point","coordinates":[-78.506666666667,33.865]},"properties":{"id":"nwps-SNSN7","layer":"gauge","title":"Atlantic Coast at Sunset Beach","detail":"Observation only — no NWM forecast at this gauge","severity":-1,"value":"no reading","category":"Gauge offline","url":"https://water.noaa.gov/gauges/SNSN7","time":-62135596800000}},{"type":"Feature","geometry":{"type":"Point","coordinates":[-83.883333333333,35.383333333333]},"properties":{"id":"nwps-SNTN7","layer":"gauge","title":"Cheoah river above SANTEETLAH DAM","detail":"Observation only — no NWM forecast at this gauge","severity":0,"value":"1814.8 ft","category":"Below flood stage","url":"https://water.noaa.gov/gauges/SNTN7","time":1788134400000}},{"type":"Feature","geometry":{"type":"Point","coordinates":[-78.646,34.999]},"properties":{"id":"nwps-SORN7","layer":"gauge","title":"South River at NC 24 at Autryville","detail":"Observation only — no NWM forecast at this gauge","severity":-1,"value":"2.3 ft","category":"Gauge offline","url":"https://water.noaa.gov/gauges/SORN7","time":1788138300000}},{"type":"Feature","geometry":{"type":"Point","coordinates":[-75.7433,36.1268]},"properties":{"id":"nwps-SOSN7","layer":"gauge","title":"Currituck Sound at Southern Shores","detail":"Observation only — no NWM forecast at this gauge","severity":-1,"value":"0.3 ft","category":"Gauge offline","url":"https://water.noaa.gov/gauges/SOSN7","time":1788138300000}},{"type":"Feature","geometry":{"type":"Point","coordinates":[-82.067222222222,35.914444444444]},"properties":{"id":"nwps-SOTN7","layer":"gauge","title":"North Toe River at Spruce Pine","detail":"Observation only — no NWM forecast at this gauge","severity":-1,"value":"no reading","category":"Gauge offline","url":"https://water.noaa.gov/gauges/SOTN7","time":-62135596800000}},{"type":"Feature","geometry":{"type":"Point","coordinates":[-77.48028,34.7056]},"properties":{"id":"nwps-SOWN7","layer":"gauge","title":"Southwest Creek near Jacksonville","detail":"Observation only — no NWM forecast at this gauge","severity":-1,"value":"no reading","category":"Gauge offline","url":"https://water.noaa.gov/gauges/SOWN7","time":-62135596800000}},{"type":"Feature","geometry":{"type":"Point","coordinates":[-81.167777777778,36.460277777778]},"properties":{"id":"nwps-SPAN7","layer":"gauge","title":"Little River near Sparta","detail":"Observation only — no NWM forecast at this gauge","severity":0,"value":"1.6 ft","category":"Below flood stage","url":"https://water.noaa.gov/gauges/SPAN7","time":1788136800000}},{"type":"Feature","geometry":{"type":"Point","coordinates":[-77.75134,35.5546]},"properties":{"id":"nwps-SPBN7","layer":"gauge","title":"Contentnea Creek at Speights Bridge","detail":"Observation only — no NWM forecast at this gauge","severity":0,"value":"5.4 ft","category":"Below flood stage","url":"https://water.noaa.gov/gauges/SPBN7","time":1788138300000}},{"type":"Feature","geometry":{"type":"Point","coordinates":[-78.752644,35.737965]},"properties":{"id":"nwps-SPCN7","layer":"gauge","title":"Speight Branch Upstream of SE Cary Pkwy","detail":"Observation only — no NWM forecast at this gauge","severity":0,"value":"0.1 ft","category":"Below flood stage","url":"https://water.noaa.gov/gauges/SPCN7","time":1788138000000}},{"type":"Feature","geometry":{"type":"Point","coordinates":[-77.4518,35.9739]},"properties":{"id":"nwps-SPDN7","layer":"gauge","title":"Deep Creek at Dickens Rd","detail":"Observation only — no NWM forecast at this gauge","severity":0,"value":"2.9 ft","category":"Below flood stage","url":"https://water.noaa.gov/gauges/SPDN7","time":1788138300000}},{"type":"Feature","geometry":{"type":"Point","coordinates":[-78.08953,35.88209]},"properties":{"id":"nwps-SPHN7","layer":"gauge","title":"Tar River at NC581 Nr Spring Hope","detail":"Observation only — no NWM forecast at this gauge","severity":0,"value":"1.9 ft","category":"Below flood stage","url":"https://water.noaa.gov/gauges/SPHN7","time":1788135300000}},{"type":"Feature","geometry":{"type":"Point","coordinates":[-78.8007,35.7269]},"properties":{"id":"nwps-SPYN7","layer":"gauge","title":"Symphony Lake near Cary","detail":"Observation only — no NWM forecast at this gauge","severity":0,"value":"0.1 ft","category":"Below flood stage","url":"https://water.noaa.gov/gauges/SPYN7","time":1788138300000}},{"type":"Feature","geometry":{"type":"Point","coordinates":[-78.259,34.845]},"properties":{"id":"nwps-SRCN7","layer":"gauge","title":"Six Runs Creek at US 421","detail":"Observation only — no NWM forecast at this gauge","severity":0,"value":"5.7 ft","category":"Below flood stage","url":"https://water.noaa.gov/gauges/SRCN7","time":1788136800000}},{"type":"Feature","geometry":{"type":"Point","coordinates":[-77.548828,34.426904]},"properties":{"id":"nwps-SRFN7","layer":"gauge","title":"Atlantic Intracoastal Waterway at Surf City Bridge","detail":"Observation only — no NWM forecast at this gauge","severity":-1,"value":"-0.1 ft","category":"Gauge offline","url":"https://water.noaa.gov/gauges/SRFN7","time":1788138300000}},{"type":"Feature","geometry":{"type":"Point","coordinates":[-78.790131,35.729989]},"properties":{"id":"nwps-SRPN7","layer":"gauge","title":"Swift Creek Upstream of Regency Pkwy","detail":"Observation only — no NWM forecast at this gauge","severity":0,"value":"0.6 ft","category":"Below flood stage","url":"https://water.noaa.gov/gauges/SRPN7","time":1788138000000}},{"type":"Feature","geometry":{"type":"Point","coordinates":[-78.3865,33.9724]},"properties":{"id":"nwps-SRSN7","layer":"gauge","title":"Shallotte River at Shallotte","detail":"Observation only — no NWM forecast at this gauge","severity":-1,"value":"0.9 ft","category":"Gauge offline","url":"https://water.noaa.gov/gauges/SRSN7","time":1788138300000}},{"type":"Feature","geometry":{"type":"Point","coordinates":[-76.81754,35.91122]},"properties":{"id":"nwps-SSFN7","layer":"gauge","title":"Cashie River at Sans Souci Ferry","detail":"Observation only — no NWM forecast at this gauge","severity":-1,"value":"0.3 ft","category":"Gauge offline","url":"https://water.noaa.gov/gauges/SSFN7","time":1788137700000}},{"type":"Feature","geometry":{"type":"Point","coordinates":[-78.7441,34.3041]},"properties":{"id":"nwps-SSSN7","layer":"gauge","title":"Soules Swamp at Slippery Log Road","detail":"Observation only — no NWM forecast at this gauge","severity":-1,"value":"3.4 ft","category":"Gauge offline","url":"https://water.noaa.gov/gauges/SSSN7","time":1788138300000}},{"type":"Feature","geometry":{"type":"Point","coordinates":[-80.868333,35.240278]},"properties":{"id":"nwps-STEN7","layer":"gauge","title":"Stewart Creek at State St.","detail":"Observation only — no NWM forecast at this gauge","severity":0,"value":"0.9 ft","category":"Below flood stage","url":"https://water.noaa.gov/gauges/STEN7","time":1788138000000}},{"type":"Feature","geometry":{"type":"Point","coordinates":[-78.0119,33.9169]},"properties":{"id":"nwps-STHN7","layer":"gauge","title":"Cape Fear River at Southport","detail":"Observation only — no NWM forecast at this gauge","severity":-1,"value":"1.9 ft","category":"Gauge offline","url":"https://water.noaa.gov/gauges/STHN7","time":1788138300000}},{"type":"Feature","geometry":{"type":"Point","coordinates":[-77.2051,35.7031]},"properties":{"id":"nwps-STKN7","layer":"gauge","title":"Meadow Branch near Stokes","detail":"Observation only — no NWM forecast at this gauge","severity":-1,"value":"no reading","category":"Gauge offline","url":"https://water.noaa.gov/gauges/STKN7","time":-62135596800000}},{"type":"Feature","geometry":{"type":"Point","coordinates":[-77.8115,35.5861]},"properties":{"id":"nwps-STNN7","layer":"gauge","title":"Contentnea Creek near Stantonsburg","detail":"Observation only — no NWM forecast at this gauge","severity":-1,"value":"6.3 ft","category":"Gauge offline","url":"https://water.noaa.gov/gauges/STNN7","time":1788138300000}},{"type":"Feature","geometry":{"type":"Point","coordinates":[-77.849722222222,35.968333333333]},"properties":{"id":"nwps-STON7","layer":"gauge","title":"Stony Creek near Rocky Mount","detail":"Observation only — no NWM forecast at this gauge","severity":0,"value":"4.0 ft","category":"Below flood stage","url":"https://water.noaa.gov/gauges/STON7","time":1788135600000}},{"type":"Feature","geometry":{"type":"Point","coordinates":[-78.824166666667,34.834722222222]},"properties":{"id":"nwps-STPN7","layer":"gauge","title":"Cape Fear River at W.O. Huske Lock","detail":"Forecast 34.1 ft, Below flood stage","severity":0,"value":"34.1 ft","category":"Below flood stage","url":"https://water.noaa.gov/gauges/STPN7","time":1788134400000}},{"type":"Feature","geometry":{"type":"Point","coordinates":[-82.184167,35.831389]},"properties":{"id":"nwps-STRN7","layer":"gauge","title":"S Toe River below Whiteoak Ck, 2 SSE Celo","detail":"Observation only — no NWM forecast at this gauge","severity":0,"value":"0.7 ft","category":"Below flood stage","url":"https://water.noaa.gov/gauges/STRN7","time":1788136200000}},{"type":"Feature","geometry":{"type":"Point","coordinates":[-80.953611111111,35.105]},"properties":{"id":"nwps-STSN7","layer":"gauge","title":"Steele Creek at Carowinds Blvd, 2.5 SSE Steele Creek","detail":"Observation only — no NWM forecast at this gauge","severity":0,"value":"1.1 ft","category":"Below flood stage","url":"https://water.noaa.gov/gauges/STSN7","time":1788138000000}},{"type":"Feature","geometry":{"type":"Point","coordinates":[-75.77022,35.69881]},"properties":{"id":"nwps-STUN7","layer":"gauge","title":"Pamlico Sound at Stumpy Point (in MLLW)","detail":"Observation only — no NWM forecast at this gauge","severity":0,"value":"0.7 ft","category":"Below flood stage","url":"https://water.noaa.gov/gauges/STUN7","time":1788138300000}},{"type":"Feature","geometry":{"type":"Point","coordinates":[-77.9725,35.9782]},"properties":{"id":"nwps-STYN7","layer":"gauge","title":"Stony Creek at Nashville","detail":"Observation only — no NWM forecast at this gauge","severity":0,"value":"2.4 ft","category":"Below flood stage","url":"https://water.noaa.gov/gauges/STYN7","time":1788135900000}},{"type":"Feature","geometry":{"type":"Point","coordinates":[-77.11579,34.68594]},"properties":{"id":"nwps-SWBN7","layer":"gauge","title":"White Oak River at Swansboro (in MLLW)","detail":"Observation only — no NWM forecast at this gauge","severity":-1,"value":"1.5 ft","category":"Gauge offline","url":"https://water.noaa.gov/gauges/SWBN7","time":1788138300000}},{"type":"Feature","geometry":{"type":"Point","coordinates":[-77.113888888889,35.230833333333]},"properties":{"id":"nwps-SWFN7","layer":"gauge","title":"Swift Creek above Streets Ferry","detail":"Observation only — no NWM forecast at this gauge","severity":0,"value":"2.1 ft","category":"Below flood stage","url":"https://water.noaa.gov/gauges/SWFN7","time":1788135300000}},{"type":"Feature","geometry":{"type":"Point","coordinates":[-83.235556,35.4652]},"properties":{"id":"nwps-SWTN7","layer":"gauge","title":"Soco Creek at Wolfetown Rd (US 19), 5 E Cherokee","detail":"Observation only — no NWM forecast at this gauge","severity":-1,"value":"0.9 ft","category":"Gauge offline","url":"https://water.noaa.gov/gauges/SWTN7","time":1788119100000}},{"type":"Feature","geometry":{"type":"Point","coordinates":[-83.918888888889,35.438333333333]},"properties":{"id":"nwps-TAPN7","layer":"gauge","title":"Cheoah river near Tapoco","detail":"Observation only — no NWM forecast at this gauge","severity":0,"value":"2.8 ft","category":"Below flood stage","url":"https://water.noaa.gov/gauges/TAPN7","time":1788134400000}},{"type":"Feature","geometry":{"type":"Point","coordinates":[-77.533055555556,35.894166666667]},"properties":{"id":"nwps-TARN7","layer":"gauge","title":"Tar River at Tarboro","detail":"Forecast 1.4 ft, Below flood stage","severity":0,"value":"1.4 ft","category":"Below flood stage","url":"https://water.noaa.gov/gauges/TARN7","time":1788135300000}},{"type":"Feature","geometry":{"type":"Point","coordinates":[-79.01128889,35.15730556]},"properties":{"id":"nwps-TCBN7","layer":"gauge","title":"Tank Creek at Butner Rd at Ft Bragg","detail":"Observation only — no NWM forecast at this gauge","severity":-1,"value":"0.7 ft","category":"Gauge offline","url":"https://water.noaa.gov/gauges/TCBN7","time":1788138000000}},{"type":"Feature","geometry":{"type":"Point","coordinates":[-77.9878,34.1369]},"properties":{"id":"nwps-TCLN7","layer":"gauge","title":"Town Creek at NC Route 133","detail":"Observation only — no NWM forecast at this gauge","severity":-1,"value":"0.4 ft","category":"Gauge offline","url":"https://water.noaa.gov/gauges/TCLN7","time":1788138300000}},{"type":"Feature","geometry":{"type":"Point","coordinates":[-79.0015194,35.1807111]},"properties":{"id":"nwps-TCRN7","layer":"gauge","title":"Tank Creek at Reilly Rd at Ft Bragg","detail":"Observation only — no NWM forecast at this gauge","severity":-1,"value":"2.6 ft","category":"Gauge offline","url":"https://water.noaa.gov/gauges/TCRN7","time":1788134400000}},{"type":"Feature","geometry":{"type":"Point","coordinates":[-78.0921,34.1566]},"properties":{"id":"nwps-TCVN7","layer":"gauge","title":"Town Creek at U.S. Highway 17","detail":"Observation only — no NWM forecast at this gauge","severity":-1,"value":"0.9 ft","category":"Gauge offline","url":"https://water.noaa.gov/gauges/TCVN7","time":1788138300000}},{"type":"Feature","geometry":{"type":"Point","coordinates":[-78.9269,35.9511]},"properties":{"id":"nwps-TFMN7","layer":"gauge","title":"Third Fork Creek at ML King Pkwy in Durham","detail":"Observation only — no NWM forecast at this gauge","severity":0,"value":"0.3 ft","category":"Below flood stage","url":"https://water.noaa.gov/gauges/TFMN7","time":1788137400000}},{"type":"Feature","geometry":{"type":"Point","coordinates":[-78.952222222222,35.9225]},"properties":{"id":"nwps-TFRN7","layer":"gauge","title":"Third Fork Creek at Woodcroft Park","detail":"Observation only — no NWM forecast at this gauge","severity":0,"value":"1.3 ft","category":"Below flood stage","url":"https://water.noaa.gov/gauges/TFRN7","time":1788134400000}},{"type":"Feature","geometry":{"type":"Point","coordinates":[-83.152777777778,35.196666666667]},"properties":{"id":"nwps-THPN7","layer":"gauge","title":"West Fork Tuckasegee River at Thorpe Dam","detail":"Observation only — no NWM forecast at this gauge","severity":0,"value":"93.1 ft","category":"Below flood stage","url":"https://water.noaa.gov/gauges/THPN7","time":1788134400000}},{"type":"Feature","geometry":{"type":"Point","coordinates":[-83.143888888889,35.287777777778]},"properties":{"id":"nwps-TKRN7","layer":"gauge","title":"Tuckasegee River at sr1172 nr Cullowhee","detail":"Observation only — no NWM forecast at this gauge","severity":0,"value":"4.0 ft","category":"Below flood stage","url":"https://water.noaa.gov/gauges/TKRN7","time":1788135300000}},{"type":"Feature","geometry":{"type":"Point","coordinates":[-83.446944,35.4275]},"properties":{"id":"nwps-TKSN7","layer":"gauge","title":"Tuckasegee River below Everett St, in Bryson City","detail":"Forecast 2.0 ft, Below flood stage","severity":0,"value":"2.3 ft","category":"Below flood stage","url":"https://water.noaa.gov/gauges/TKSN7","time":1788138060000}},{"type":"Feature","geometry":{"type":"Point","coordinates":[-76.0839,36.4968]},"properties":{"id":"nwps-TLCN7","layer":"gauge","title":"Currituck Sound at Tulls Creek near Sligo","detail":"Observation only — no NWM forecast at this gauge","severity":-1,"value":"no reading","category":"Gauge offline","url":"https://water.noaa.gov/gauges/TLCN7","time":-62135596800000}},{"type":"Feature","geometry":{"type":"Point","coordinates":[-83.980555555556,35.138888888889]},"properties":{"id":"nwps-TMVN7","layer":"gauge","title":"Valley River at Tomotla","detail":"Observation only — no NWM forecast at this gauge","severity":0,"value":"2.0 ft","category":"Below flood stage","url":"https://water.noaa.gov/gauges/TMVN7","time":1788136200000}},{"type":"Feature","geometry":{"type":"Point","coordinates":[-77.461388888889,35.064166666667]},"properties":{"id":"nwps-TNTN7","layer":"gauge","title":"Trent River  West of Trenton","detail":"Observation only — no NWM forecast at this gauge","severity":0,"value":"3.0 ft","category":"Below flood stage","url":"https://water.noaa.gov/gauges/TNTN7","time":1788137100000}},{"type":"Feature","geometry":{"type":"Point","coordinates":[-78.289166666667,34.754722222222]},"properties":{"id":"nwps-TOMN7","layer":"gauge","title":"Black River near Tomahawk","detail":"Forecast 7.5 ft, Below flood stage","severity":0,"value":"7.2 ft","category":"Below flood stage","url":"https://water.noaa.gov/gauges/TOMN7","time":1788138000000}},{"type":"Feature","geometry":{"type":"Point","coordinates":[-80.882777777778,35.403611111111]},"properties":{"id":"nwps-TORN7","layer":"gauge","title":"Torrence Creek near Huntersville","detail":"Observation only — no NWM forecast at this gauge","severity":0,"value":"1.2 ft","category":"Below flood stage","url":"https://water.noaa.gov/gauges/TORN7","time":1788136800000}},{"type":"Feature","geometry":{"type":"Point","coordinates":[-77.4278,34.4966]},"properties":{"id":"nwps-TPBN7","layer":"gauge","title":"Intracoastal Waterway at North Topsail Beach (in MLLW)","detail":"Observation only — no NWM forecast at this gauge","severity":-1,"value":"0.5 ft","category":"Gauge offline","url":"https://water.noaa.gov/gauges/TPBN7","time":1788131700000}},{"type":"Feature","geometry":{"type":"Point","coordinates":[-83.782222222222,35.075833333333]},"properties":{"id":"nwps-TQCN7","layer":"gauge","title":"Tusquittee Creek near Hayesville","detail":"Observation only — no NWM forecast at this gauge","severity":0,"value":"3.3 ft","category":"Below flood stage","url":"https://water.noaa.gov/gauges/TQCN7","time":1788128400000}},{"type":"Feature","geometry":{"type":"Point","coordinates":[-77.086111111111,35.563055555556]},"properties":{"id":"nwps-TRAN7","layer":"gauge","title":"Tranters Creek above Washington","detail":"Observation only — no NWM forecast at this gauge","severity":0,"value":"0.7 ft","category":"Below flood stage","url":"https://water.noaa.gov/gauges/TRAN7","time":1788135600000}},{"type":"Feature","geometry":{"type":"Point","coordinates":[-78.69111111111,35.76833333333333]},"properties":{"id":"nwps-TRLN7","layer":"gauge","title":"Walnut Creek at Trailwood Drive","detail":"Observation only — no NWM forecast at this gauge","severity":0,"value":"4.0 ft","category":"Below flood stage","url":"https://water.noaa.gov/gauges/TRLN7","time":1788137700000}},{"type":"Feature","geometry":{"type":"Point","coordinates":[-77.351111111111,35.065]},"properties":{"id":"nwps-TRTN7","layer":"gauge","title":"Trent River at Trenton","detail":"Observation only — no NWM forecast at this gauge","severity":0,"value":"0.7 ft","category":"Below flood stage","url":"https://water.noaa.gov/gauges/TRTN7","time":1788135600000}},{"type":"Feature","geometry":{"type":"Point","coordinates":[-78.583333333333,36.194722222222]},"properties":{"id":"nwps-TRVN7","layer":"gauge","title":"Tar River near Tar River","detail":"Observation only — no NWM forecast at this gauge","severity":0,"value":"1.3 ft","category":"Below flood stage","url":"https://water.noaa.gov/gauges/TRVN7","time":1788136200000}},{"type":"Feature","geometry":{"type":"Point","coordinates":[-77.632,34.3656]},"properties":{"id":"nwps-TSBN7","layer":"gauge","title":"Banks Channel at Topsail Beach","detail":"Observation only — no NWM forecast at this gauge","severity":-1,"value":"1.7 ft","category":"Gauge offline","url":"https://water.noaa.gov/gauges/TSBN7","time":1788138300000}},{"type":"Feature","geometry":{"type":"Point","coordinates":[-83.124722222222,35.240277777778]},"properties":{"id":"nwps-TUKN7","layer":"gauge","title":"Tuckasegee River at TUCKASEGEE DAM","detail":"Observation only — no NWM forecast at this gauge","severity":0,"value":"99.3 ft","category":"Below flood stage","url":"https://water.noaa.gov/gauges/TUKN7","time":1788134400000}},{"type":"Feature","geometry":{"type":"Point","coordinates":[-83.800555555556,35.324722222222]},"properties":{"id":"nwps-TULN7","layer":"gauge","title":"Tulula Creek at Robbinsville","detail":"Observation only — no NWM forecast at this gauge","severity":-1,"value":"no reading","category":"Gauge offline","url":"https://water.noaa.gov/gauges/TULN7","time":-62135596800000}},{"type":"Feature","geometry":{"type":"Point","coordinates":[-78.7502,35.7466]},"properties":{"id":"nwps-TYLN7","layer":"gauge","title":"Tryon Lake","detail":"Observation only — no NWM forecast at this gauge","severity":-1,"value":"no reading","category":"Gauge offline","url":"https://water.noaa.gov/gauges/TYLN7","time":-62135596800000}},{"type":"Feature","geometry":{"type":"Point","coordinates":[-78.75269,35.77956]},"properties":{"id":"nwps-UCTN7","layer":"gauge","title":"Walnut Creek above Cary Towne","detail":"Observation only — no NWM forecast at this gauge","severity":-1,"value":"0.0 ft","category":"Gauge offline","url":"https://water.noaa.gov/gauges/UCTN7","time":1788138000000}},{"type":"Feature","geometry":{"type":"Point","coordinates":[-78.770444,35.78792]},"properties":{"id":"nwps-UPCN7","layer":"gauge","title":"Walnut Creek at Clay St","detail":"Observation only — no NWM forecast at this gauge","severity":-1,"value":"no reading","category":"Gauge offline","url":"https://water.noaa.gov/gauges/UPCN7","time":-62135596800000}},{"type":"Feature","geometry":{"type":"Point","coordinates":[-77.1491,35.2969]},"properties":{"id":"nwps-VAAN7","layer":"gauge","title":"Swift Creek at Vanceboro","detail":"Observation only — no NWM forecast at this gauge","severity":0,"value":"6.0 ft","category":"Below flood stage","url":"https://water.noaa.gov/gauges/VAAN7","time":1788138300000}},{"type":"Feature","geometry":{"type":"Point","coordinates":[-76.746111111111,35.730833333333]},"properties":{"id":"nwps-VANN7","layer":"gauge","title":"Van Swamp near Hoke","detail":"Observation only — no NWM forecast at this gauge","severity":-1,"value":"2.2 ft","category":"Gauge offline","url":"https://water.noaa.gov/gauges/VANN7","time":1788136200000}},{"type":"Feature","geometry":{"type":"Point","coordinates":[-79.177777777778,35.181666666667]},"properties":{"id":"nwps-VASN7","layer":"gauge","title":"Flat Creek near Iverness","detail":"Observation only — no NWM forecast at this gauge","severity":0,"value":"0.7 ft","category":"Below flood stage","url":"https://water.noaa.gov/gauges/VASN7","time":1788137100000}},{"type":"Feature","geometry":{"type":"Point","coordinates":[-77.149779,35.219075]},"properties":{"id":"nwps-VNCN7","layer":"gauge","title":"Neuse River at Spring Garden","detail":"Observation only — no NWM forecast at this gauge","severity":-1,"value":"no reading","category":"Gauge offline","url":"https://water.noaa.gov/gauges/VNCN7","time":-62135596800000}},{"type":"Feature","geometry":{"type":"Point","coordinates":[-78.58277777777778,35.75833333333333]},"properties":{"id":"nwps-WALN7","layer":"gauge","title":"Walnut Creek at Sunnybrook Dr in Raleigh","detail":"Observation only — no NWM forecast at this gauge","severity":0,"value":"2.3 ft","category":"Below flood stage","url":"https://water.noaa.gov/gauges/WALN7","time":1788137700000}},{"type":"Feature","geometry":{"type":"Point","coordinates":[-78.64067,35.756939]},"properties":{"id":"nwps-WAWN7","layer":"gauge","title":"Walnut Creek at S. Wilmington St.","detail":"Observation only — no NWM forecast at this gauge","severity":0,"value":"0.8 ft","category":"Below flood stage","url":"https://water.noaa.gov/gauges/WAWN7","time":1788137400000}},{"type":"Feature","geometry":{"type":"Point","coordinates":[-77.793578,34.216388]},"properties":{"id":"nwps-WBCN7","layer":"gauge","title":"Atlantic Coast at Banks Channel Wrightsville Beach","detail":"Observation only — no NWM forecast at this gauge","severity":-1,"value":"no reading","category":"Gauge offline","url":"https://water.noaa.gov/gauges/WBCN7","time":-62135596800000}},{"type":"Feature","geometry":{"type":"Point","coordinates":[-80.790277777778,35.467777777778]},"properties":{"id":"nwps-WBRN7","layer":"gauge","title":"West Branch Rocky River NC below mouth of South Prong River","detail":"Observation only — no NWM forecast at this gauge","severity":0,"value":"3.0 ft","category":"Below flood stage","url":"https://water.noaa.gov/gauges/WBRN7","time":1788136500000}},{"type":"Feature","geometry":{"type":"Point","coordinates":[-81.715919,35.898888]},"properties":{"id":"nwps-WCAN7","layer":"gauge","title":"Wilson Creek (NC) at Adako Rd 3 SW Collettsville","detail":"Observation only — no NWM forecast at this gauge","severity":0,"value":"3.0 ft","category":"Below flood stage","url":"https://water.noaa.gov/gauges/WCAN7","time":1788137100000}},{"type":"Feature","geometry":{"type":"Point","coordinates":[-78.805522,35.738722]},"properties":{"id":"nwps-WCCN7","layer":"gauge","title":"Williams Creek Upstream of Gregson Dr","detail":"Observation only — no NWM forecast at this gauge","severity":0,"value":"0.3 ft","category":"Below flood stage","url":"https://water.noaa.gov/gauges/WCCN7","time":1788138300000}},{"type":"Feature","geometry":{"type":"Point","coordinates":[-83,35.221666666667]},"properties":{"id":"nwps-WCDN7","layer":"gauge","title":"Wolf Creek (NC) at WOLF CREEK DAM","detail":"Observation only — no NWM forecast at this gauge","severity":0,"value":"86.5 ft","category":"Below flood stage","url":"https://water.noaa.gov/gauges/WCDN7","time":1788134400000}},{"type":"Feature","geometry":{"type":"Point","coordinates":[-78.7413,35.7718]},"properties":{"id":"nwps-WCIN7","layer":"gauge","title":"Walnut Creek Upstream of I-40","detail":"Observation only — no NWM forecast at this gauge","severity":0,"value":"0.1 ft","category":"Below flood stage","url":"https://water.noaa.gov/gauges/WCIN7","time":1788138000000}},{"type":"Feature","geometry":{"type":"Point","coordinates":[-76.3246,36.2404]},"properties":{"id":"nwps-WDVN7","layer":"gauge","title":"Little  River near old US17 in Woodville","detail":"Observation only — no NWM forecast at this gauge","severity":-1,"value":"0.5 ft","category":"Gauge offline","url":"https://water.noaa.gov/gauges/WDVN7","time":1788136200000}},{"type":"Feature","geometry":{"type":"Point","coordinates":[-79.826111111111,36.4125]},"properties":{"id":"nwps-WENN7","layer":"gauge","title":"Dan River near Wentworth","detail":"Forecast 1.2 ft, Below flood stage","severity":0,"value":"1.0 ft","category":"Below flood stage","url":"https://water.noaa.gov/gauges/WENN7","time":1788137100000}},{"type":"Feature","geometry":{"type":"Point","coordinates":[-76.722777777778,35.915]},"properties":{"id":"nwps-WESN7","layer":"gauge","title":"Roanoke River near Westover","detail":"Observation only — no NWM forecast at this gauge","severity":-1,"value":"1.7 ft","category":"Gauge offline","url":"https://water.noaa.gov/gauges/WESN7","time":1788137100000}},{"type":"Feature","geometry":{"type":"Point","coordinates":[-78.70611111111111,34.316944444444445]},"properties":{"id":"nwps-WHSN7","layer":"gauge","title":"Soules Swamp below Whiteville","detail":"Observation only — no NWM forecast at this gauge","severity":-1,"value":"2.2 ft","category":"Gauge offline","url":"https://water.noaa.gov/gauges/WHSN7","time":1788138000000}},{"type":"Feature","geometry":{"type":"Point","coordinates":[-81.6646,36.2014]},"properties":{"id":"nwps-WKLN7","layer":"gauge","title":"Winkler Creek at Meadowview Drive in Boone","detail":"Observation only — no NWM forecast at this gauge","severity":0,"value":"2.1 ft","category":"Below flood stage","url":"https://water.noaa.gov/gauges/WKLN7","time":1788136800000}},{"type":"Feature","geometry":{"type":"Point","coordinates":[-81.145555555556,36.1525]},"properties":{"id":"nwps-WKSN7","layer":"gauge","title":"Yadkin River at Wilkesboro","detail":"Forecast 2.3 ft, Below flood stage","severity":0,"value":"2.3 ft","category":"Below flood stage","url":"https://water.noaa.gov/gauges/WKSN7","time":1788137100000}},{"type":"Feature","geometry":{"type":"Point","coordinates":[-81.226666666667,36.133611111111]},"properties":{"id":"nwps-WLKN7","layer":"gauge","title":"Yadkin River at W. Kerr Scott Reservoir","detail":"Observation only — no NWM forecast at this gauge","severity":-1,"value":"1030.3 ft","category":"Gauge offline","url":"https://water.noaa.gov/gauges/WLKN7","time":1788137220000}},{"type":"Feature","geometry":{"type":"Point","coordinates":[-77.040277777778,35.859722222222]},"properties":{"id":"nwps-WLLN7","layer":"gauge","title":"Roanoke River at Williamston","detail":"Observation only — no NWM forecast at this gauge","severity":0,"value":"4.9 ft","category":"Below flood stage","url":"https://water.noaa.gov/gauges/WLLN7","time":1788134400000}},{"type":"Feature","geometry":{"type":"Point","coordinates":[-77.953333333333,34.226666666667]},"properties":{"id":"nwps-WLON7","layer":"gauge","title":"Cape Fear River at Wilmington (IN MLLW)","detail":"Forecast to rise into Action stage (5.1 ft)","severity":1,"value":"3.3 ft","category":"Action stage","url":"https://water.noaa.gov/gauges/WLON7","time":1788138000000}},{"type":"Feature","geometry":{"type":"Point","coordinates":[-78.6713,34.3496]},"properties":{"id":"nwps-WMWN7","layer":"gauge","title":"White Marsh at U.S. 74 near Whiteville","detail":"Observation only — no NWM forecast at this gauge","severity":-1,"value":"7.5 ft","category":"Gauge offline","url":"https://water.noaa.gov/gauges/WMWN7","time":1788138300000}},{"type":"Feature","geometry":{"type":"Point","coordinates":[-76.984166666667,36.048055555556]},"properties":{"id":"nwps-WNDN7","layer":"gauge","title":"Cashie River near Windsor","detail":"Forecast 4.1 ft, Below flood stage","severity":0,"value":"4.2 ft","category":"Below flood stage","url":"https://water.noaa.gov/gauges/WNDN7","time":1788135300000}},{"type":"Feature","geometry":{"type":"Point","coordinates":[-76.9425,35.9939]},"properties":{"id":"nwps-WNRN7","layer":"gauge","title":"Cashie River at Windsor at S. King St","detail":"Observation only — no NWM forecast at this gauge","severity":-1,"value":"-0.8 ft","category":"Gauge offline","url":"https://water.noaa.gov/gauges/WNRN7","time":1788137400000}},{"type":"Feature","geometry":{"type":"Point","coordinates":[-78.5714,34.1584]},"properties":{"id":"nwps-WODN7","layer":"gauge","title":"Waccamaw River at Dock Road","detail":"Observation only — no NWM forecast at this gauge","severity":-1,"value":"no reading","category":"Gauge offline","url":"https://water.noaa.gov/gauges/WODN7","time":-62135596800000}},{"type":"Feature","geometry":{"type":"Point","coordinates":[-76.9344,36.4025]},"properties":{"id":"nwps-WONN7","layer":"gauge","title":"Chowan River near Winton @ US 13","detail":"Observation only — no NWM forecast at this gauge","severity":-1,"value":"3.0 ft","category":"Gauge offline","url":"https://water.noaa.gov/gauges/WONN7","time":1788138300000}},{"type":"Feature","geometry":{"type":"Point","coordinates":[-78.600081,35.76025]},"properties":{"id":"nwps-WRLN7","layer":"gauge","title":"Walnut Creek at Rose Ln in Raleigh","detail":"Observation only — no NWM forecast at this gauge","severity":0,"value":"4.0 ft","category":"Below flood stage","url":"https://water.noaa.gov/gauges/WRLN7","time":1788137700000}},{"type":"Feature","geometry":{"type":"Point","coordinates":[-82.443888888889,35.6075]},"properties":{"id":"nwps-WRNN7","layer":"gauge","title":"Swannanoa River at Warren Wilson","detail":"Observation only — no NWM forecast at this gauge","severity":-1,"value":"no reading","category":"Gauge offline","url":"https://water.noaa.gov/gauges/WRNN7","time":-62135596800000}},{"type":"Feature","geometry":{"type":"Point","coordinates":[-78.6315,34.0152]},"properties":{"id":"nwps-WRPN7","layer":"gauge","title":"Waccamaw River at Highway 904 near Pireway","detail":"Observation only — no NWM forecast at this gauge","severity":-1,"value":"15.4 ft","category":"Gauge offline","url":"https://water.noaa.gov/gauges/WRPN7","time":1788138300000}},{"type":"Feature","geometry":{"type":"Point","coordinates":[-77.952222222222,35.742222222222]},"properties":{"id":"nwps-WSNN7","layer":"gauge","title":"Hominy Swamp at Forest Hills Rd near Wilson","detail":"Observation only — no NWM forecast at this gauge","severity":0,"value":"1.9 ft","category":"Below flood stage","url":"https://water.noaa.gov/gauges/WSNN7","time":1788135600000}},{"type":"Feature","geometry":{"type":"Point","coordinates":[-78.623826,35.757912]},"properties":{"id":"nwps-WSSN7","layer":"gauge","title":"Walnut Creek (NC) at S. State St.","detail":"Observation only — no NWM forecast at this gauge","severity":0,"value":"1.6 ft","category":"Below flood stage","url":"https://water.noaa.gov/gauges/WSSN7","time":1788138000000}},{"type":"Feature","geometry":{"type":"Point","coordinates":[-80.921944,35.206667]},"properties":{"id":"nwps-WSTN7","layer":"gauge","title":"Taggart Creek at West Blvd (NC 160), 1 WSW Reid Park","detail":"Observation only — no NWM forecast at this gauge","severity":0,"value":"1.4 ft","category":"Below flood stage","url":"https://water.noaa.gov/gauges/WSTN7","time":1788138000000}},{"type":"Feature","geometry":{"type":"Point","coordinates":[-75.8663,36.2455]},"properties":{"id":"nwps-WTIN7","layer":"gauge","title":"Currituck Sound at Walnut Island near Grandy","detail":"Observation only — no NWM forecast at this gauge","severity":-1,"value":"1.1 ft","category":"Gauge offline","url":"https://water.noaa.gov/gauges/WTIN7","time":1788138300000}},{"type":"Feature","geometry":{"type":"Point","coordinates":[-80.38694,35.85667]},"properties":{"id":"nwps-YADN7","layer":"gauge","title":"Yadkin River at Yadkin College","detail":"Forecast 0.8 ft, Below flood stage","severity":0,"value":"0.9 ft","category":"Below flood stage","url":"https://water.noaa.gov/gauges/YADN7","time":1788134400000}},{"type":"Feature","geometry":{"type":"Point","coordinates":[-77.935,33.954722222222]},"properties":{"id":"nwps-ZBQN7","layer":"gauge","title":"Atlantic Coast at Zeeks Basin","detail":"Observation only — no NWM forecast at this gauge","severity":-1,"value":"no reading","category":"Gauge offline","url":"https://water.noaa.gov/gauges/ZBQN7","time":-62135596800000}}]}